Date,STRDCLUCON,STRDCLUCONH,STRDCLUCONL,STRDCLUCV
2000-01-04,0.03,,,
2000-01-05,0.02,,,
2000-01-06,0.02,,,
2000-01-07,0.02,,,
2000-01-11,0.02,,,
2000-01-12,0.02,,,
2000-01-13,0.02,,,
2000-01-14,0.02,,,
2000-01-17,0.02,,,
2000-01-18,0.02,,,
2000-01-19,0.02,,,
2000-01-20,0.02,,,
2000-01-21,0.02,,,
2000-01-24,0.02,,,
2000-01-25,0.02,,,
2000-01-26,0.02,,,
2000-01-27,0.02,,,
2000-01-28,0.02,,,
2000-01-31,0.02,,,
2000-02-01,0.02,,,
2000-02-02,0.02,,,
2000-02-03,0.02,,,
2000-02-04,0.02,,,
2000-02-07,0.02,,,
2000-02-08,0.02,,,
2000-02-09,0.02,,,
2000-02-10,0.02,,,
2000-02-14,0.02,,,
2000-02-15,0.02,,,
2000-02-16,0.02,,,
2000-02-17,0.02,,,
2000-02-18,0.02,,,
2000-02-21,0.02,,,
2000-02-22,0.02,,,
2000-02-23,0.02,,,
2000-02-24,0.02,,,
2000-02-25,0.02,,,
2000-02-28,0.28,,,
2000-02-29,0.05,,,
2000-03-01,0.02,,,
2000-03-02,0.02,,,
2000-03-03,0.02,,,
2000-03-06,0.02,,,
2000-03-07,0.02,,,
2000-03-08,0.02,,,
2000-03-09,0.02,,,
2000-03-10,0.02,,,
2000-03-13,0.02,,,
2000-03-14,0.02,,,
2000-03-15,0.02,,,
2000-03-16,0.02,,,
2000-03-17,0.02,,,
2000-03-21,0.03,,,
2000-03-22,0.02,,,
2000-03-23,0.02,,,
2000-03-24,0.02,,,
2000-03-27,0.02,,,
2000-03-28,0.02,,,
2000-03-29,0.02,,,
2000-03-30,0.02,,,
2000-03-31,0.04,,,
2000-04-03,0.02,,,
2000-04-04,0.02,,,
2000-04-05,0.02,,,
2000-04-06,0.02,,,
2000-04-07,0.02,,,
2000-04-10,0.02,,,
2000-04-11,0.02,,,
2000-04-12,0.02,,,
2000-04-13,0.02,,,
2000-04-14,0.02,,,
2000-04-17,0.02,,,
2000-04-18,0.02,,,
2000-04-19,0.02,,,
2000-04-20,0.02,,,
2000-04-21,0.02,,,
2000-04-24,0.02,,,
2000-04-25,0.02,,,
2000-04-26,0.02,,,
2000-04-27,0.02,,,
2000-04-28,0.02,,,
2000-05-01,0.02,,,
2000-05-02,0.02,,,
2000-05-08,0.03,,,
2000-05-09,0.02,,,
2000-05-10,0.02,,,
2000-05-11,0.02,,,
2000-05-12,0.02,,,
2000-05-15,0.02,,,
2000-05-16,0.02,,,
2000-05-17,0.02,,,
2000-05-18,0.02,,,
2000-05-19,0.02,,,
2000-05-22,0.02,,,
2000-05-23,0.02,,,
2000-05-24,0.02,,,
2000-05-25,0.02,,,
2000-05-26,0.02,,,
2000-05-29,0.02,,,
2000-05-30,0.02,,,
2000-05-31,0.03,,,
2000-06-01,0.03,,,
2000-06-02,0.02,,,
2000-06-05,0.02,,,
2000-06-06,0.02,,,
2000-06-07,0.02,,,
2000-06-08,0.02,,,
2000-06-09,0.02,,,
2000-06-12,0.02,,,
2000-06-13,0.02,,,
2000-06-14,0.02,,,
2000-06-15,0.02,,,
2000-06-16,0.02,,,
2000-06-19,0.02,,,
2000-06-20,0.02,,,
2000-06-21,0.02,,,
2000-06-22,0.02,,,
2000-06-23,0.02,,,
2000-06-26,0.02,,,
2000-06-27,0.02,,,
2000-06-28,0.02,,,
2000-06-29,0.02,,,
2000-06-30,0.03,,,
2000-07-03,0.02,,,
2000-07-04,0.02,,,
2000-07-05,0.02,,,
2000-07-06,0.02,,,
2000-07-07,0.02,,,
2000-07-10,0.02,,,
2000-07-11,0.02,,,
2000-07-12,0.02,,,
2000-07-13,0.02,,,
2000-07-14,0.03,,,
2000-07-17,0.02,,,
2000-07-18,0.03,,,
2000-07-19,0.02,,,
2000-07-21,0.02,,,
2000-07-24,0.02,,,
2000-07-25,0.02,,,
2000-07-26,0.02,,,
2000-07-27,0.02,,,
2000-07-28,0.02,,,
2000-07-31,0.02,,,
2000-08-01,0.02,,,
2000-08-02,0.02,,,
2000-08-03,0.02,,,
2000-08-04,0.02,,,
2000-08-07,0.02,,,
2000-08-08,0.02,,,
2000-08-09,0.02,,,
2000-08-10,0.03,,,
2000-08-11,0.04,,,
2000-08-14,0.1,,,
2000-08-15,0.22,,,
2000-08-16,0.27,,,
2000-08-17,0.28,,,
2000-08-18,0.24,,,
2000-08-21,0.25,,,
2000-08-22,0.24,,,
2000-08-23,0.25,,,
2000-08-24,0.25,,,
2000-08-25,0.25,,,
2000-08-28,0.26,,,
2000-08-29,0.25,,,
2000-08-30,0.25,,,
2000-08-31,0.25,,,
2000-09-01,0.24,,,
2000-09-04,0.25,,,
2000-09-05,0.25,,,
2000-09-06,0.24,,,
2000-09-07,0.25,,,
2000-09-08,0.25,,,
2000-09-11,0.25,,,
2000-09-12,0.25,,,
2000-09-13,0.25,,,
2000-09-14,0.24,,,
2000-09-18,0.26,,,
2000-09-19,0.25,,,
2000-09-20,0.25,,,
2000-09-21,0.25,,,
2000-09-22,0.25,,,
2000-09-25,0.25,,,
2000-09-26,0.24,,,
2000-09-27,0.24,,,
2000-09-28,0.25,,,
2000-09-29,0.28,,,
2000-10-02,0.25,,,
2000-10-03,0.24,,,
2000-10-04,0.24,,,
2000-10-05,0.25,,,
2000-10-06,0.24,,,
2000-10-10,0.25,,,
2000-10-11,0.25,,,
2000-10-12,0.25,,,
2000-10-13,0.23,,,
2000-10-16,0.26,,,
2000-10-17,0.25,,,
2000-10-18,0.25,,,
2000-10-19,0.25,,,
2000-10-20,0.25,,,
2000-10-23,0.26,,,
2000-10-24,0.25,,,
2000-10-25,0.24,,,
2000-10-26,0.25,,,
2000-10-27,0.24,,,
2000-10-30,0.25,,,
2000-10-31,0.25,,,
2000-11-01,0.25,,,
2000-11-02,0.24,,,
2000-11-06,0.25,,,
2000-11-07,0.24,,,
2000-11-08,0.25,,,
2000-11-09,0.25,,,
2000-11-10,0.24,,,
2000-11-13,0.25,,,
2000-11-14,0.24,,,
2000-11-15,0.23,,,
2000-11-16,0.25,,,
2000-11-17,0.25,,,
2000-11-20,0.25,,,
2000-11-21,0.25,,,
2000-11-22,0.25,,,
2000-11-24,0.25,,,
2000-11-27,0.25,,,
2000-11-28,0.25,,,
2000-11-29,0.25,,,
2000-11-30,0.26,,,
2000-12-01,0.25,,,
2000-12-04,0.24,,,
2000-12-05,0.25,,,
2000-12-06,0.25,,,
2000-12-07,0.25,,,
2000-12-08,0.25,,,
2000-12-11,0.25,,,
2000-12-12,0.25,,,
2000-12-13,0.24,,,
2000-12-14,0.25,,,
2000-12-15,0.25,,,
2000-12-18,0.25,,,
2000-12-19,0.22,,,
2000-12-20,0.25,,,
2000-12-21,0.24,,,
2000-12-22,0.23,,,
2000-12-25,0.24,,,
2000-12-26,0.23,,,
2000-12-27,0.23,,,
2000-12-28,0.25,,,
2000-12-29,0.2,,,
2001-01-04,0.25,,,
2001-01-05,0.25,,,
2001-01-09,0.21,,,
2001-01-10,0.24,,,
2001-01-11,0.24,,,
2001-01-12,0.25,,,
2001-01-15,0.28,,,
2001-01-16,0.25,,,
2001-01-17,0.25,,,
2001-01-18,0.24,,,
2001-01-19,0.25,,,
2001-01-22,0.28,,,
2001-01-23,0.25,,,
2001-01-24,0.25,,,
2001-01-25,0.24,,,
2001-01-26,0.24,,,
2001-01-29,0.26,,,
2001-01-30,0.25,,,
2001-01-31,0.25,,,
2001-02-01,0.24,,,
2001-02-02,0.23,,,
2001-02-05,0.25,,,
2001-02-06,0.24,,,
2001-02-07,0.24,,,
2001-02-08,0.25,,,
2001-02-09,0.25,,,
2001-02-13,0.28,,,
2001-02-14,0.24,,,
2001-02-15,0.26,,,
2001-02-16,0.24,,,
2001-02-19,0.25,,,
2001-02-20,0.25,,,
2001-02-21,0.25,,,
2001-02-22,0.25,,,
2001-02-23,0.24,,,
2001-02-26,0.25,,,
2001-02-27,0.25,,,
2001-02-28,0.26,,,
2001-03-01,0.15,,,
2001-03-02,0.14,,,
2001-03-05,0.15,,,
2001-03-06,0.14,,,
2001-03-07,0.15,,,
2001-03-08,0.15,,,
2001-03-09,0.15,,,
2001-03-12,0.16,,,
2001-03-13,0.14,,,
2001-03-14,0.14,,,
2001-03-15,0.15,,,
2001-03-16,0.14,,,
2001-03-19,0.13,,,
2001-03-21,0.06,,,
2001-03-22,0.04,,,
2001-03-23,0.03,,,
2001-03-26,0.03,,,
2001-03-27,0.03,,,
2001-03-28,0.02,,,
2001-03-29,0.02,,,
2001-03-30,0.12,,,
2001-04-02,0.07,,,
2001-04-03,0.03,,,
2001-04-04,0.03,,,
2001-04-05,0.02,,,
2001-04-06,0.02,,,
2001-04-09,0.02,,,
2001-04-10,0.02,,,
2001-04-11,0.02,,,
2001-04-12,0.01,,,
2001-04-13,0.01,,,
2001-04-16,0.02,,,
2001-04-17,0.02,,,
2001-04-18,0.02,,,
2001-04-19,0.02,,,
2001-04-20,0.01,,,
2001-04-23,0.01,,,
2001-04-24,0.01,,,
2001-04-25,0.01,,,
2001-04-26,0.01,,,
2001-04-27,0.02,,,
2001-05-01,0.01,,,
2001-05-02,0.01,,,
2001-05-07,0.01,,,
2001-05-08,0.01,,,
2001-05-09,0.01,,,
2001-05-10,0.01,,,
2001-05-11,0.01,,,
2001-05-14,0.02,,,
2001-05-15,0.16,,,
2001-05-16,0.01,,,
2001-05-17,0.01,,,
2001-05-18,0.01,,,
2001-05-21,0.01,,,
2001-05-22,0.01,,,
2001-05-23,0.01,,,
2001-05-24,0.01,,,
2001-05-25,0.01,,,
2001-05-28,0.01,,,
2001-05-29,0.01,,,
2001-05-30,0.01,,,
2001-05-31,0.03,,,
2001-06-01,0.01,,,
2001-06-04,0.01,,,
2001-06-05,0.01,,,
2001-06-06,0.01,,,
2001-06-07,0.01,,,
2001-06-08,0.01,,,
2001-06-11,0.01,,,
2001-06-12,0.01,,,
2001-06-13,0.01,,,
2001-06-14,0.01,,,
2001-06-15,0.01,,,
2001-06-18,0.01,,,
2001-06-19,0.01,,,
2001-06-20,0.02,,,
2001-06-21,0.02,,,
2001-06-22,0.03,,,
2001-06-25,0.03,,,
2001-06-26,0.02,,,
2001-06-27,0.02,,,
2001-06-28,0.04,,,
2001-06-29,0.06,,,
2001-07-02,0.02,,,
2001-07-03,0.02,,,
2001-07-04,0.01,,,
2001-07-05,0.01,,,
2001-07-06,0.01,,,
2001-07-09,0.01,,,
2001-07-10,0.01,,,
2001-07-11,0.01,,,
2001-07-12,0.01,,,
2001-07-13,0.01,,,
2001-07-16,0.02,,,
2001-07-17,0.02,,,
2001-07-18,0.01,,,
2001-07-19,0.01,,,
2001-07-23,0.02,,,
2001-07-24,0.01,,,
2001-07-25,0.01,,,
2001-07-26,0.01,,,
2001-07-27,0.01,,,
2001-07-30,0.01,,,
2001-07-31,0.02,,,
2001-08-01,0.01,,,
2001-08-02,0.01,,,
2001-08-03,0.01,,,
2001-08-06,0.01,,,
2001-08-07,0.01,,,
2001-08-08,0.01,,,
2001-08-09,0.01,,,
2001-08-10,0.01,,,
2001-08-13,0.01,,,
2001-08-14,0.01,,,
2001-08-15,0.01,,,
2001-08-16,0.01,,,
2001-08-17,0.01,,,
2001-08-20,0.01,,,
2001-08-21,0.01,,,
2001-08-22,0.01,,,
2001-08-23,0.01,,,
2001-08-24,0.01,,,
2001-08-27,0.01,,,
2001-08-28,0.01,,,
2001-08-29,0.01,,,
2001-08-30,0.01,,,
2001-08-31,0.01,,,
2001-09-03,0.01,,,
2001-09-04,0.01,,,
2001-09-05,0.01,,,
2001-09-06,0.002,,,
2001-09-07,0.002,,,
2001-09-10,0.002,,,
2001-09-11,0.003,,,
2001-09-12,0.031,,,
2001-09-13,0.003,,,
2001-09-14,0.002,,,
2001-09-17,0.003,,,
2001-09-18,0.002,,,
2001-09-19,0.002,,,
2001-09-20,0.003,,,
2001-09-21,0.002,,,
2001-09-25,0.002,,,
2001-09-26,0.002,,,
2001-09-27,0.002,,,
2001-09-28,0.003,,,
2001-10-01,0.002,,,
2001-10-02,0.001,,,
2001-10-03,0.001,,,
2001-10-04,0.001,,,
2001-10-05,0.001,,,
2001-10-09,0.003,,,
2001-10-10,0.019,,,
2001-10-11,0.009,,,
2001-10-12,0.002,,,
2001-10-15,0.002,,,
2001-10-16,0.002,,,
2001-10-17,0.002,,,
2001-10-18,0.002,,,
2001-10-19,0.002,,,
2001-10-22,0.002,,,
2001-10-23,0.002,,,
2001-10-24,0.002,,,
2001-10-25,0.002,,,
2001-10-26,0.003,,,
2001-10-29,0.003,,,
2001-10-30,0.003,,,
2001-10-31,0.003,,,
2001-11-01,0.002,,,
2001-11-02,0.002,,,
2001-11-05,0.002,,,
2001-11-06,0.002,,,
2001-11-07,0.002,,,
2001-11-08,0.002,,,
2001-11-09,0.003,,,
2001-11-12,0.004,,,
2001-11-13,0.003,,,
2001-11-14,0.003,,,
2001-11-15,0.002,,,
2001-11-16,0.002,,,
2001-11-19,0.002,,,
2001-11-20,0.002,,,
2001-11-21,0.002,,,
2001-11-22,0.002,,,
2001-11-26,0.003,,,
2001-11-27,0.003,,,
2001-11-28,0.002,,,
2001-11-29,0.003,,,
2001-11-30,0.003,,,
2001-12-03,0.002,,,
2001-12-04,0.002,,,
2001-12-05,0.002,,,
2001-12-06,0.002,,,
2001-12-07,0.002,,,
2001-12-10,0.003,,,
2001-12-11,0.002,,,
2001-12-12,0.002,,,
2001-12-13,0.002,,,
2001-12-14,0.001,,,
2001-12-17,0.002,,,
2001-12-18,0.002,,,
2001-12-19,0.002,,,
2001-12-20,0.002,,,
2001-12-21,0.002,,,
2001-12-25,0.001,,,
2001-12-26,0.001,,,
2001-12-27,0.001,,,
2001-12-28,0.002,,,
2002-01-04,0.002,,,
2002-01-07,0.001,,,
2002-01-08,0.001,,,
2002-01-09,0.001,,,
2002-01-10,0.001,,,
2002-01-11,0.002,,,
2002-01-15,0.001,,,
2002-01-16,0.001,,,
2002-01-17,0.001,,,
2002-01-18,0.001,,,
2002-01-21,0.001,,,
2002-01-22,0.001,,,
2002-01-23,0.001,,,
2002-01-24,0.001,,,
2002-01-25,0.001,,,
2002-01-28,0.001,,,
2002-01-29,0.001,,,
2002-01-30,0.001,,,
2002-01-31,0.001,,,
2002-02-01,0.001,,,
2002-02-04,0.001,,,
2002-02-05,0.001,,,
2002-02-06,0.001,,,
2002-02-07,0.001,,,
2002-02-08,0.001,,,
2002-02-12,0.001,,,
2002-02-13,0.001,,,
2002-02-14,0.001,,,
2002-02-15,0.001,,,
2002-02-18,0.001,,,
2002-02-19,0.001,,,
2002-02-20,0.001,,,
2002-02-21,0.001,,,
2002-02-22,0.001,,,
2002-02-25,0.001,,,
2002-02-26,0.001,,,
2002-02-27,0.001,,,
2002-02-28,0.001,,,
2002-03-01,0.001,,,
2002-03-04,0.001,,,
2002-03-05,0.001,,,
2002-03-06,0.002,,,
2002-03-07,0.002,,,
2002-03-08,0.002,,,
2002-03-11,0.002,,,
2002-03-12,0.002,,,
2002-03-13,0.002,,,
2002-03-14,0.002,,,
2002-03-15,0.002,,,
2002-03-18,0.002,,,
2002-03-19,0.002,,,
2002-03-20,0.001,,,
2002-03-22,0.001,,,
2002-03-25,0.001,,,
2002-03-26,0.001,,,
2002-03-27,0.001,,,
2002-03-28,0.001,,,
2002-03-29,0.012,,,
2002-04-01,0.002,,,
2002-04-02,0.001,,,
2002-04-03,0.001,,,
2002-04-04,0.001,,,
2002-04-05,0.001,,,
2002-04-08,0.002,,,
2002-04-09,0.002,,,
2002-04-10,0.003,,,
2002-04-11,0.002,,,
2002-04-12,0.001,,,
2002-04-15,0.001,,,
2002-04-16,0.001,,,
2002-04-17,0.001,,,
2002-04-18,0.001,,,
2002-04-19,0.001,,,
2002-04-22,0.001,,,
2002-04-23,0.001,,,
2002-04-24,0.002,,,
2002-04-25,0.002,,,
2002-04-26,0.002,,,
2002-04-30,0.002,,,
2002-05-01,0.002,,,
2002-05-02,0.001,,,
2002-05-07,0.002,,,
2002-05-08,0.002,,,
2002-05-09,0.002,,,
2002-05-10,0.001,,,
2002-05-13,0.002,,,
2002-05-14,0.001,,,
2002-05-15,0.001,,,
2002-05-16,0.001,,,
2002-05-17,0.001,,,
2002-05-20,0.002,,,
2002-05-21,0.001,,,
2002-05-22,0.001,,,
2002-05-23,0.001,,,
2002-05-24,0.001,,,
2002-05-27,0.002,,,
2002-05-28,0.001,,,
2002-05-29,0.001,,,
2002-05-30,0.001,,,
2002-05-31,0.002,,,
2002-06-03,0.002,,,
2002-06-04,0.002,,,
2002-06-05,0.001,,,
2002-06-06,0.002,,,
2002-06-07,0.001,,,
2002-06-10,0.001,,,
2002-06-11,0.001,,,
2002-06-12,0.001,,,
2002-06-13,0.001,,,
2002-06-14,0.001,,,
2002-06-17,0.002,,,
2002-06-18,0.001,,,
2002-06-19,0.002,,,
2002-06-20,0.002,,,
2002-06-21,0.002,,,
2002-06-24,0.001,,,
2002-06-25,0.001,,,
2002-06-26,0.001,,,
2002-06-27,0.001,,,
2002-06-28,0.002,,,
2002-07-01,0.001,,,
2002-07-02,0.002,,,
2002-07-03,0.001,,,
2002-07-04,0.002,,,
2002-07-05,0.001,,,
2002-07-08,0.002,,,
2002-07-09,0.002,,,
2002-07-10,0.002,,,
2002-07-11,0.002,,,
2002-07-12,0.002,,,
2002-07-15,0.002,,,
2002-07-16,0.001,,,
2002-07-17,0.002,,,
2002-07-18,0.002,,,
2002-07-19,0.002,,,
2002-07-22,0.002,,,
2002-07-23,0.002,,,
2002-07-24,0.002,,,
2002-07-25,0.002,,,
2002-07-26,0.002,,,
2002-07-29,0.002,,,
2002-07-30,0.002,,,
2002-07-31,0.001,,,
2002-08-01,0.002,,,
2002-08-02,0.001,,,
2002-08-05,0.002,,,
2002-08-06,0.002,,,
2002-08-07,0.002,,,
2002-08-08,0.002,,,
2002-08-09,0.002,,,
2002-08-12,0.002,,,
2002-08-13,0.001,,,
2002-08-14,0.001,,,
2002-08-15,0.002,,,
2002-08-16,0.002,,,
2002-08-19,0.002,,,
2002-08-20,0.002,,,
2002-08-21,0.002,,,
2002-08-22,0.002,,,
2002-08-23,0.002,,,
2002-08-26,0.002,,,
2002-08-27,0.002,,,
2002-08-28,0.002,,,
2002-08-29,0.002,,,
2002-08-30,0.002,,,
2002-09-02,0.002,,,
2002-09-03,0.001,,,
2002-09-04,0.002,,,
2002-09-05,0.002,,,
2002-09-06,0.002,,,
2002-09-09,0.002,,,
2002-09-10,0.002,,,
2002-09-11,0.002,,,
2002-09-12,0.002,,,
2002-09-13,0.002,,,
2002-09-17,0.002,,,
2002-09-18,0.002,,,
2002-09-19,0.001,,,
2002-09-20,0.002,,,
2002-09-24,0.002,,,
2002-09-25,0.001,,,
2002-09-26,0.002,,,
2002-09-27,0.002,,,
2002-09-30,0.067,,,
2002-10-01,0.002,,,
2002-10-02,0.002,,,
2002-10-03,0.002,,,
2002-10-04,0.002,,,
2002-10-07,0.002,,,
2002-10-08,0.002,,,
2002-10-09,0.002,,,
2002-10-10,0.002,,,
2002-10-11,0.002,,,
2002-10-15,0.002,,,
2002-10-16,0.002,,,
2002-10-17,0.002,,,
2002-10-18,0.002,,,
2002-10-21,0.001,,,
2002-10-22,0.002,,,
2002-10-23,0.002,,,
2002-10-24,0.002,,,
2002-10-25,0.002,,,
2002-10-28,0.001,,,
2002-10-29,0.002,,,
2002-10-30,0.002,,,
2002-10-31,0.002,,,
2002-11-01,0.002,,,
2002-11-05,0.002,,,
2002-11-06,0.002,,,
2002-11-07,0.002,,,
2002-11-08,0.002,,,
2002-11-11,0.002,,,
2002-11-12,0.002,,,
2002-11-13,0.002,,,
2002-11-14,0.002,,,
2002-11-15,0.002,,,
2002-11-18,0.002,,,
2002-11-19,0.002,,,
2002-11-20,0.002,,,
2002-11-21,0.002,,,
2002-11-22,0.002,,,
2002-11-25,0.002,,,
2002-11-26,0.002,,,
2002-11-27,0.001,,,
2002-11-28,0.002,,,
2002-11-29,0.002,,,
2002-12-02,0.002,,,
2002-12-03,0.002,,,
2002-12-04,0.002,,,
2002-12-05,0.002,,,
2002-12-06,0.002,,,
2002-12-09,0.002,,,
2002-12-10,0.002,,,
2002-12-11,0.002,,,
2002-12-12,0.002,,,
2002-12-13,0.002,,,
2002-12-16,0.002,,,
2002-12-17,0.002,,,
2002-12-18,0.002,,,
2002-12-19,0.002,,,
2002-12-20,0.002,,,
2002-12-24,0.002,,,
2002-12-25,0.002,,,
2002-12-26,0.002,,,
2002-12-27,0.001,,,
2002-12-30,0.002,,,
2003-01-06,0.002,,,
2003-01-07,0.002,,,
2003-01-08,0.002,,,
2003-01-09,0.002,,,
2003-01-10,0.002,,,
2003-01-14,0.002,,,
2003-01-15,0.002,,,
2003-01-16,0.002,,,
2003-01-17,0.002,,,
2003-01-20,0.002,,,
2003-01-21,0.002,,,
2003-01-22,0.002,,,
2003-01-23,0.001,,,
2003-01-24,0.001,,,
2003-01-27,0.001,,,
2003-01-28,0.001,,,
2003-01-29,0.002,,,
2003-01-30,0.001,,,
2003-01-31,0.001,,,
2003-02-03,0.001,,,
2003-02-04,0.001,,,
2003-02-05,0.001,,,
2003-02-06,0.001,,,
2003-02-07,0.001,,,
2003-02-10,0.002,,,
2003-02-12,0.001,,,
2003-02-13,0.001,,,
2003-02-14,0.001,,,
2003-02-17,0.002,,,
2003-02-18,0.001,,,
2003-02-19,0.001,,,
2003-02-20,0.001,,,
2003-02-21,0.001,,,
2003-02-24,0.001,,,
2003-02-25,0.001,,,
2003-02-26,0.001,,,
2003-02-27,0.001,,,
2003-02-28,0.001,,,
2003-03-03,0.001,,,
2003-03-04,0.001,,,
2003-03-05,0.001,,,
2003-03-06,0.001,,,
2003-03-07,0.001,,,
2003-03-10,0.001,,,
2003-03-11,0.001,,,
2003-03-12,0.001,,,
2003-03-13,0.002,,,
2003-03-14,0.001,,,
2003-03-17,0.001,,,
2003-03-18,0.001,,,
2003-03-19,0.002,,,
2003-03-20,0.002,,,
2003-03-24,0.001,,,
2003-03-25,0.001,,,
2003-03-26,0.001,,,
2003-03-27,0.001,,,
2003-03-28,0.001,,,
2003-03-31,0.021,,,
2003-04-01,0.001,,,
2003-04-02,0.001,,,
2003-04-03,0.001,,,
2003-04-04,0.001,,,
2003-04-07,0.001,,,
2003-04-08,0.001,,,
2003-04-09,0.001,,,
2003-04-10,0.001,,,
2003-04-11,0.001,,,
2003-04-14,0.001,,,
2003-04-15,0.002,,,
2003-04-16,0.001,,,
2003-04-17,0.001,,,
2003-04-18,0.001,,,
2003-04-21,0.002,,,
2003-04-22,0.002,,,
2003-04-23,0.001,,,
2003-04-24,0.001,,,
2003-04-25,0.001,,,
2003-04-28,0.002,,,
2003-04-30,0.002,,,
2003-05-01,0.002,,,
2003-05-02,0.001,,,
2003-05-06,0.002,,,
2003-05-07,0.001,,,
2003-05-08,0.001,,,
2003-05-09,0.002,,,
2003-05-12,0.001,,,
2003-05-13,0.001,,,
2003-05-14,0.002,,,
2003-05-15,0.001,,,
2003-05-16,0.001,,,
2003-05-19,0.002,,,
2003-05-20,0.001,,,
2003-05-21,0.001,,,
2003-05-22,0.001,,,
2003-05-23,0.002,,,
2003-05-26,0.002,,,
2003-05-27,0.001,,,
2003-05-28,0.002,,,
2003-05-29,0.002,,,
2003-05-30,0.002,,,
2003-06-02,0.002,,,
2003-06-03,0.002,,,
2003-06-04,0.002,,,
2003-06-05,0.001,,,
2003-06-06,0.002,,,
2003-06-09,0,,,
2003-06-10,0,,,
2003-06-11,0.001,,,
2003-06-12,0.001,,,
2003-06-13,0.001,,,
2003-06-16,0.001,,,
2003-06-17,0.001,,,
2003-06-18,0.001,,,
2003-06-19,0.001,,,
2003-06-20,0.002,,,
2003-06-23,0.001,,,
2003-06-24,0.002,,,
2003-06-25,-0.001,,,
2003-06-26,0,,,
2003-06-27,-0.004,,,
2003-06-30,0.001,,,
2003-07-01,0.002,,,
2003-07-02,0.001,,,
2003-07-03,0.002,,,
2003-07-04,0.002,,,
2003-07-07,0.001,,,
2003-07-08,0.001,,,
2003-07-09,0.001,,,
2003-07-10,0.002,,,
2003-07-11,0.002,,,
2003-07-14,0.001,,,
2003-07-15,0.002,,,
2003-07-16,0.002,,,
2003-07-17,0.002,,,
2003-07-18,0.002,,,
2003-07-22,0.002,,,
2003-07-23,0.002,,,
2003-07-24,0.002,,,
2003-07-25,0.002,,,
2003-07-28,0.002,,,
2003-07-29,0.001,,,
2003-07-30,0.002,,,
2003-07-31,0.002,,,
2003-08-01,0.001,,,
2003-08-04,0.001,,,
2003-08-05,0.001,,,
2003-08-06,0.001,,,
2003-08-07,0.001,,,
2003-08-08,0.001,,,
2003-08-11,0.001,,,
2003-08-12,0.001,,,
2003-08-13,0.001,,,
2003-08-14,0.001,,,
2003-08-15,0.001,,,
2003-08-18,0.001,,,
2003-08-19,0.001,,,
2003-08-20,0.002,,,
2003-08-21,0.002,,,
2003-08-22,0.001,,,
2003-08-25,0.002,,,
2003-08-26,0.001,,,
2003-08-27,0.001,,,
2003-08-28,0.001,,,
2003-08-29,0.001,,,
2003-09-01,0.001,,,
2003-09-02,0.001,,,
2003-09-03,0.001,,,
2003-09-04,0.001,,,
2003-09-05,0.001,,,
2003-09-08,0.002,,,
2003-09-09,0.002,,,
2003-09-10,0.002,,,
2003-09-11,0.001,,,
2003-09-12,0.001,,,
2003-09-16,0.001,,,
2003-09-17,0.001,,,
2003-09-18,0.002,,,
2003-09-19,0.001,,,
2003-09-22,0.002,,,
2003-09-24,0.002,,,
2003-09-25,0.001,,,
2003-09-26,0.001,,,
2003-09-29,0.001,,,
2003-09-30,0.013,,,
2003-10-01,0.001,,,
2003-10-02,0.001,,,
2003-10-03,0.001,,,
2003-10-06,0.001,,,
2003-10-07,0.001,,,
2003-10-08,0.001,,,
2003-10-09,0,,,
2003-10-10,0.001,,,
2003-10-14,-0.003,,,
2003-10-15,0.002,,,
2003-10-16,0.002,,,
2003-10-17,0.001,,,
2003-10-20,0.001,,,
2003-10-21,0.002,,,
2003-10-22,0.001,,,
2003-10-23,0.002,,,
2003-10-24,0.002,,,
2003-10-27,0.001,,,
2003-10-28,0.002,,,
2003-10-29,0.001,,,
2003-10-30,0.002,,,
2003-10-31,0.002,,,
2003-11-04,0.001,,,
2003-11-05,0.001,,,
2003-11-06,0.001,,,
2003-11-07,0.001,,,
2003-11-10,0.001,,,
2003-11-11,0.001,,,
2003-11-12,0.001,,,
2003-11-13,0.001,,,
2003-11-14,0.001,,,
2003-11-17,-0.001,,,
2003-11-18,-0.001,,,
2003-11-19,0.001,,,
2003-11-20,0.002,,,
2003-11-21,0.002,,,
2003-11-25,0.001,,,
2003-11-26,0.001,,,
2003-11-27,0.001,,,
2003-11-28,0.001,,,
2003-12-01,0.001,,,
2003-12-02,0.002,,,
2003-12-03,0.001,,,
2003-12-04,0.001,,,
2003-12-05,0.001,,,
2003-12-08,0.001,,,
2003-12-09,0.002,,,
2003-12-10,0.001,,,
2003-12-11,0.001,,,
2003-12-12,0.001,,,
2003-12-15,0.001,,,
2003-12-16,0.001,,,
2003-12-17,0.001,,,
2003-12-18,0.001,,,
2003-12-19,0.001,,,
2003-12-22,0.001,,,
2003-12-24,0.001,,,
2003-12-25,0.001,,,
2003-12-26,0.001,,,
2003-12-29,0.001,,,
2003-12-30,0.001,,,
2004-01-05,0.001,,,
2004-01-06,0.001,,,
2004-01-07,0.001,,,
2004-01-08,0.001,,,
2004-01-09,0.001,,,
2004-01-13,-0.006,,,
2004-01-14,-0.012,,,
2004-01-15,0.001,,,
2004-01-16,0.001,,,
2004-01-19,0.002,,,
2004-01-20,0.001,,,
2004-01-21,0.001,,,
2004-01-22,0.001,,,
2004-01-23,0.001,,,
2004-01-26,0.001,,,
2004-01-27,0.001,,,
2004-01-28,0.001,,,
2004-01-29,0.001,,,
2004-01-30,0.001,,,
2004-02-02,0.001,,,
2004-02-03,0.001,,,
2004-02-04,0.001,,,
2004-02-05,0.001,,,
2004-02-06,0.001,,,
2004-02-09,0.001,,,
2004-02-10,0.001,,,
2004-02-12,0.001,,,
2004-02-13,0.001,,,
2004-02-16,0.001,,,
2004-02-17,0.001,,,
2004-02-18,-0.003,,,
2004-02-19,0.001,,,
2004-02-20,0.001,,,
2004-02-23,0.001,,,
2004-02-24,0.001,,,
2004-02-25,0.001,,,
2004-02-26,0.001,,,
2004-02-27,0.001,,,
2004-03-01,0.001,,,
2004-03-02,0.001,,,
2004-03-03,0.001,,,
2004-03-04,0.001,,,
2004-03-05,0.001,,,
2004-03-08,0.001,,,
2004-03-09,0.001,,,
2004-03-10,0.001,,,
2004-03-11,0.001,,,
2004-03-12,0.001,,,
2004-03-15,0.001,,,
2004-03-16,0.001,,,
2004-03-17,0,,,
2004-03-18,0.001,,,
2004-03-19,0.001,,,
2004-03-22,0.001,,,
2004-03-23,0.001,,,
2004-03-24,-0.002,,,
2004-03-25,0.001,,,
2004-03-26,0.001,,,
2004-03-29,0.001,,,
2004-03-30,0.001,,,
2004-03-31,0.005,,,
2004-04-01,0.001,,,
2004-04-02,0.001,,,
2004-04-05,-0.001,,,
2004-04-06,0.001,,,
2004-04-07,-0.001,,,
2004-04-08,0.002,,,
2004-04-09,0.001,,,
2004-04-12,0.001,,,
2004-04-13,-0.004,,,
2004-04-14,0.001,,,
2004-04-15,0.001,,,
2004-04-16,0.001,,,
2004-04-19,-0.006,,,
2004-04-20,0.001,,,
2004-04-21,0,,,
2004-04-22,0.001,,,
2004-04-23,0.001,,,
2004-04-26,0.001,,,
2004-04-27,0.001,,,
2004-04-28,0.001,,,
2004-04-30,0.001,,,
2004-05-06,0.001,,,
2004-05-07,0.001,,,
2004-05-10,0.001,,,
2004-05-11,0.001,,,
2004-05-12,0.001,,,
2004-05-13,0.001,,,
2004-05-14,0.001,,,
2004-05-17,0.001,,,
2004-05-18,0.001,,,
2004-05-19,-0.003,,,
2004-05-20,0.001,,,
2004-05-21,0.001,,,
2004-05-24,0.001,,,
2004-05-25,0.001,,,
2004-05-26,0.001,,,
2004-05-27,0.001,,,
2004-05-28,0.001,,,
2004-05-31,0.002,,,
2004-06-01,0.001,,,
2004-06-02,0.001,,,
2004-06-03,0.001,,,
2004-06-04,0.001,,,
2004-06-07,0.001,,,
2004-06-08,0.001,,,
2004-06-09,0,,,
2004-06-10,0.001,,,
2004-06-11,0.001,,,
2004-06-14,0.001,,,
2004-06-15,0,,,
2004-06-16,0.001,,,
2004-06-17,0.001,,,
2004-06-18,0.001,,,
2004-06-21,0.001,,,
2004-06-22,0.001,,,
2004-06-23,0.001,,,
2004-06-24,0.002,,,
2004-06-25,0.001,,,
2004-06-28,0.001,,,
2004-06-29,0.001,,,
2004-06-30,0.002,,,
2004-07-01,0.001,,,
2004-07-02,0.002,,,
2004-07-05,0.001,,,
2004-07-06,-0.002,,,
2004-07-07,-0.005,,,
2004-07-08,0.002,,,
2004-07-09,0.002,,,
2004-07-12,0.002,,,
2004-07-13,0.002,,,
2004-07-14,-0.003,,,
2004-07-15,0.001,,,
2004-07-16,0.001,,,
2004-07-20,0.002,,,
2004-07-21,-0.005,,,
2004-07-22,0.001,,,
2004-07-23,0.001,,,
2004-07-26,0,,,
2004-07-27,0.001,,,
2004-07-28,0.001,,,
2004-07-29,0.001,,,
2004-07-30,0.001,,,
2004-08-02,0.001,,,
2004-08-03,0.001,,,
2004-08-04,0.001,,,
2004-08-05,0.001,,,
2004-08-06,0.002,,,
2004-08-09,0.002,,,
2004-08-10,0.001,,,
2004-08-11,-0.002,,,
2004-08-12,0.002,,,
2004-08-13,0.001,,,
2004-08-16,0.001,,,
2004-08-17,0.001,,,
2004-08-18,0.001,,,
2004-08-19,0.002,,,
2004-08-20,0.001,,,
2004-08-23,0.002,,,
2004-08-24,0.002,,,
2004-08-25,0.001,,,
2004-08-26,0.001,,,
2004-08-27,0.001,,,
2004-08-30,0.002,,,
2004-08-31,0.001,,,
2004-09-01,0.002,,,
2004-09-02,0.001,,,
2004-09-03,0.001,,,
2004-09-06,0.002,,,
2004-09-07,0.002,,,
2004-09-08,0.001,,,
2004-09-09,0.001,,,
2004-09-10,0.001,,,
2004-09-13,0.001,,,
2004-09-14,0.001,,,
2004-09-15,0.001,,,
2004-09-16,0.001,,,
2004-09-17,0.001,,,
2004-09-21,0.002,,,
2004-09-22,0.001,,,
2004-09-24,0.001,,,
2004-09-27,0.001,,,
2004-09-28,0.001,,,
2004-09-29,0.001,,,
2004-09-30,0.005,,,
2004-10-01,0.001,,,
2004-10-04,0.001,,,
2004-10-05,0.001,,,
2004-10-06,0.001,,,
2004-10-07,0.001,,,
2004-10-08,0.002,,,
2004-10-12,0.002,,,
2004-10-13,0.002,,,
2004-10-14,0.002,,,
2004-10-15,0.002,,,
2004-10-18,0.001,,,
2004-10-19,0.001,,,
2004-10-20,0,,,
2004-10-21,0.001,,,
2004-10-22,0.001,,,
2004-10-25,0.002,,,
2004-10-26,0.001,,,
2004-10-27,0,,,
2004-10-28,0.001,,,
2004-10-29,0.002,,,
2004-11-01,0.001,,,
2004-11-02,0.001,,,
2004-11-04,0.001,,,
2004-11-05,0.001,,,
2004-11-08,-0.003,,,
2004-11-09,0.001,,,
2004-11-10,0.001,,,
2004-11-11,0.002,,,
2004-11-12,0.001,,,
2004-11-15,0.002,,,
2004-11-16,0.001,,,
2004-11-17,0.001,,,
2004-11-18,0.001,,,
2004-11-19,0.002,,,
2004-11-22,0.001,,,
2004-11-24,0.001,,,
2004-11-25,0.002,,,
2004-11-26,0.001,,,
2004-11-29,0.001,,,
2004-11-30,0.001,,,
2004-12-01,0.001,,,
2004-12-02,0.002,,,
2004-12-03,0.001,,,
2004-12-06,0.002,,,
2004-12-07,0.002,,,
2004-12-08,0.001,,,
2004-12-09,0.001,,,
2004-12-10,0.001,,,
2004-12-13,0.001,,,
2004-12-14,0.001,,,
2004-12-15,0.001,,,
2004-12-16,0.001,,,
2004-12-17,0.001,,,
2004-12-20,0.001,,,
2004-12-21,0.001,,,
2004-12-22,0.001,,,
2004-12-24,0.001,,,
2004-12-27,0.001,,,
2004-12-28,0.001,,,
2004-12-29,0.001,,,
2004-12-30,0.002,,,
2005-01-04,0.001,0.005,0.001,
2005-01-05,0.001,0.005,0.001,
2005-01-06,0.001,0.01,0.001,
2005-01-07,0.001,0.005,-0.01,
2005-01-11,0.001,0.005,-0.01,
2005-01-12,0.001,0.005,0.001,
2005-01-13,0.001,0.005,-0.01,
2005-01-14,0.001,0.005,0.001,
2005-01-17,0.001,0.005,0.001,
2005-01-18,0.001,0.005,0.001,
2005-01-19,0.001,0.005,0.001,
2005-01-20,0.001,0.005,-0.01,
2005-01-21,0.002,0.14,0.001,
2005-01-24,0.002,0.14,0.001,
2005-01-25,0.002,0.14,0.001,
2005-01-26,0.001,0.005,0.001,
2005-01-27,0.001,0.005,0.001,
2005-01-28,0.001,0.005,0.001,
2005-01-31,0.001,0.005,0.001,
2005-02-01,0.001,0.006,0.001,
2005-02-02,0.001,0.006,0.001,
2005-02-03,0.001,0.006,0.001,
2005-02-04,0.001,0.006,0.001,
2005-02-07,0.001,0.006,0.001,
2005-02-08,0.001,0.006,0.001,
2005-02-09,0.002,0.14,0.001,
2005-02-10,0.002,0.14,0.001,
2005-02-14,0.002,0.14,0.001,
2005-02-15,0.001,0.006,0.001,
2005-02-16,0.001,0.006,0.001,
2005-02-17,0.001,0.006,0.001,
2005-02-18,0.001,0.006,0.001,
2005-02-21,0.001,0.006,0.001,
2005-02-22,0.001,0.006,0.001,
2005-02-23,0.001,0.006,0.001,
2005-02-24,0.001,0.006,0.001,
2005-02-25,0.001,0.006,0.001,
2005-02-28,0.001,0.006,0.001,
2005-03-01,0.001,0.006,-0.01,
2005-03-02,0.001,0.006,0.001,
2005-03-03,0.001,0.006,0.001,
2005-03-04,0.001,0.006,0.001,
2005-03-07,0.001,0.006,0.001,
2005-03-08,0.001,0.006,0.001,
2005-03-09,0.001,0.006,0.001,
2005-03-10,0.001,0.006,0.001,
2005-03-11,0.001,0.1,0.001,
2005-03-14,0.001,0.006,0.001,
2005-03-15,0.001,0.006,0.001,
2005-03-16,0.001,0.006,0.001,
2005-03-17,0.001,0.006,0.001,
2005-03-18,0.001,0.006,0.001,
2005-03-22,0.001,0.006,0.001,
2005-03-23,0.001,0.006,0.001,
2005-03-24,0.001,0.006,0.001,
2005-03-25,0.001,0.006,0.001,
2005-03-28,0.001,0.006,0.001,
2005-03-29,0.002,0.14,0.001,
2005-03-30,0.002,0.14,0.001,
2005-03-31,0.022,0.2,0.001,
2005-04-01,0.002,0.14,0.001,
2005-04-04,0.002,0.14,0.001,
2005-04-05,0.002,0.14,-0.005,
2005-04-06,0.002,0.14,0.001,
2005-04-07,0.001,0.005,0.001,
2005-04-08,0.001,0.005,-0.01,
2005-04-11,0.001,0.005,-0.01,
2005-04-12,0.001,0.005,-0.01,
2005-04-13,0.001,0.005,0.001,
2005-04-14,0.001,0.005,0.001,
2005-04-15,0.002,0.1,0.001,
2005-04-18,0.001,0.005,0.001,
2005-04-19,0.002,0.005,0.001,
2005-04-20,0.002,0.005,0.001,
2005-04-21,0.001,0.005,0.001,
2005-04-22,0.001,0.005,0.001,
2005-04-25,0.002,0.005,0.001,
2005-04-26,0.001,0.01,0.001,
2005-04-27,0.001,0.005,0.001,
2005-04-28,0.001,0.005,0.001,
2005-05-02,0.001,0.005,0.001,
2005-05-06,0.001,0.005,0.001,
2005-05-09,0.001,0.005,0.001,
2005-05-10,0.001,0.005,0.001,
2005-05-11,0.002,0.005,0.001,
2005-05-12,0.001,0.005,0.001,
2005-05-13,0.001,0.005,0.001,
2005-05-16,0.001,0.005,0.001,
2005-05-17,0.001,0.005,0.001,
2005-05-18,0.001,0.005,0.001,
2005-05-19,0,0.005,-0.01,
2005-05-20,0.001,0.005,0.001,
2005-05-23,0.001,0.005,-0.01,
2005-05-24,0.001,0.005,-0.01,
2005-05-25,0.001,0.005,0.001,
2005-05-26,0.001,0.005,0.001,
2005-05-27,0.002,0.005,0.001,
2005-05-30,0.002,0.005,0.001,
2005-05-31,0.002,0.005,0.001,
2005-06-01,0.001,0.005,0,
2005-06-02,0.001,0.005,-0.01,
2005-06-03,0.001,0.005,-0.01,
2005-06-06,0.001,0.005,0.001,
2005-06-07,0.001,0.005,-0.01,
2005-06-08,0.001,0.005,0.001,
2005-06-09,0.001,0.008,0.001,
2005-06-10,0.001,0.005,0.001,
2005-06-13,0.001,0.005,-0.01,
2005-06-14,0.001,0.005,0.001,
2005-06-15,0.001,0.005,0.001,
2005-06-16,0.001,0.005,0.001,
2005-06-17,0.001,0.005,0.001,
2005-06-20,0.001,0.005,0.001,
2005-06-21,0.001,0.005,0.001,
2005-06-22,0.001,0.005,0.001,
2005-06-23,0.001,0.005,0.001,
2005-06-24,0.001,0.005,0.001,
2005-06-27,0.001,0.005,-0.01,
2005-06-28,0.003,0.1,0.001,
2005-06-29,0,0.005,-0.01,
2005-06-30,0.001,0.005,-0.01,
2005-07-01,0.002,0.005,0.001,
2005-07-04,0.002,0.005,0.001,
2005-07-05,0.002,0.005,0.001,
2005-07-06,0.001,0.005,0.001,
2005-07-07,0.001,0.005,0.001,
2005-07-08,0.001,0.005,0.001,
2005-07-11,0.001,0.005,0,
2005-07-12,0.001,0.005,0.001,
2005-07-13,0.001,0.005,0.001,
2005-07-14,0.001,0.005,0.001,
2005-07-15,0.001,0.005,0.001,
2005-07-19,0.001,0.005,0.001,
2005-07-20,0.001,0.005,-0.01,
2005-07-21,0.001,0.005,0.001,
2005-07-22,0.001,0.005,0.001,
2005-07-25,0.001,0.005,0.001,
2005-07-26,0.001,0.005,-0.02,
2005-07-27,0.001,0.005,0.001,
2005-07-28,0.001,0.005,0.001,
2005-07-29,0.001,0.005,0.001,
2005-08-01,0.001,0.005,0.001,
2005-08-02,0.001,0.005,0,
2005-08-03,0.001,0.005,0.001,
2005-08-04,0.001,0.005,0.001,
2005-08-05,0.001,0.005,0.001,
2005-08-08,0.001,0.005,0.001,
2005-08-09,0.001,0.005,0.001,
2005-08-10,0.001,0.005,0.001,
2005-08-11,0.001,0.005,0.001,
2005-08-12,0.001,0.005,0.001,
2005-08-15,0.001,0.005,0.001,
2005-08-16,0.001,0.005,0.001,
2005-08-17,0.001,0.005,0.001,
2005-08-18,0.001,0.005,0.001,
2005-08-19,0.001,0.005,0.001,
2005-08-22,0.001,0.005,0.001,
2005-08-23,0.001,0.005,0.001,
2005-08-24,0.001,0.005,0.001,
2005-08-25,0.001,0.005,0.001,
2005-08-26,0.001,0.005,0.001,
2005-08-29,0.001,0.005,0.001,
2005-08-30,0.001,0.005,0.001,
2005-08-31,0.001,0.01,0.001,
2005-09-01,0.001,0.005,0.001,
2005-09-02,0.001,0.005,0.001,
2005-09-05,0.001,0.005,0.001,
2005-09-06,0.001,0.01,0.001,
2005-09-07,0.001,0.005,0,
2005-09-08,0.001,0.01,-0.01,
2005-09-09,0.001,0.005,0.001,
2005-09-12,0,0.005,-0.02,
2005-09-13,0.001,0.005,0.001,
2005-09-14,0.001,0.005,0.001,
2005-09-15,0.001,0.005,0.001,
2005-09-16,0.001,0.005,0.001,
2005-09-20,0.001,0.005,0.001,
2005-09-21,0.001,0.005,0.001,
2005-09-22,0.001,0.005,0.001,
2005-09-26,0.001,0.005,0.001,
2005-09-27,0.001,0.006,0.001,
2005-09-28,0.001,0.006,0.001,
2005-09-29,0.001,0.006,0.001,
2005-09-30,0.004,0.2,0.001,
2005-10-03,0.002,0.14,0.001,
2005-10-04,0.002,0.14,0.001,
2005-10-05,0.002,0.14,0.001,
2005-10-06,0.002,0.14,0.001,
2005-10-07,0.002,0.14,0.001,
2005-10-11,0.002,0.14,0.001,
2005-10-12,0.002,0.14,0.001,
2005-10-13,0.001,0.03,0.001,
2005-10-14,0.001,0.005,0.001,
2005-10-17,0.001,0.005,0.001,
2005-10-18,0.001,0.005,0.001,
2005-10-19,0.001,0.005,0.001,
2005-10-20,0.001,0.005,0.001,
2005-10-21,0.001,0.005,-0.007,
2005-10-24,0.001,0.005,0.001,
2005-10-25,0.001,0.06,-0.03,
2005-10-26,0.001,0.005,-0.01,
2005-10-27,0.001,0.005,-0.02,
2005-10-28,0.001,0.005,0.001,
2005-10-31,0,0.005,-0.05,
2005-11-01,0.001,0.005,0.001,
2005-11-02,0.001,0.005,-0.01,
2005-11-04,0.001,0.005,0.001,
2005-11-07,0.001,0.005,-0.02,
2005-11-08,0.001,0.005,0.001,
2005-11-09,0.001,0.005,0.001,
2005-11-10,0.001,0.005,0.001,
2005-11-11,0.001,0.005,0.001,
2005-11-14,0.001,0.005,0.001,
2005-11-15,0.001,0.005,0.001,
2005-11-16,0.001,0.005,0.001,
2005-11-17,0.001,0.005,0.001,
2005-11-18,0.001,0.005,0.001,
2005-11-21,0.001,0.005,0.001,
2005-11-22,0.001,0.005,0.001,
2005-11-24,0.001,0.15,0.001,
2005-11-25,0.001,0.005,0.001,
2005-11-28,0.001,0.005,0.001,
2005-11-29,0.001,0.005,0.001,
2005-11-30,0.001,0.006,0.001,
2005-12-01,0.001,0.005,0.001,
2005-12-02,0.001,0.005,0.001,
2005-12-05,0.001,0.005,0.001,
2005-12-06,0.001,0.005,0.001,
2005-12-07,0.001,0.005,0.001,
2005-12-08,0.001,0.005,0.001,
2005-12-09,0.001,0.005,0.001,
2005-12-12,0.001,0.005,0.001,
2005-12-13,0.001,0.005,0.001,
2005-12-14,0.001,0.01,0.001,
2005-12-15,0.001,0.005,0.001,
2005-12-16,0.001,0.005,0.001,
2005-12-19,0.002,0.05,0.001,
2005-12-20,0.001,0.005,0.001,
2005-12-21,0.001,0.015,0.001,
2005-12-22,0.001,0.005,0.001,
2005-12-26,0.001,0.005,0.001,
2005-12-27,0.003,0.01,0.001,
2005-12-28,0.001,0.005,0.001,
2005-12-29,0.002,0.2,0.001,
2005-12-30,0.004,0.03,0.001,
2006-01-04,0.002,0.006,0.001,
2006-01-05,0.002,0.006,0.001,
2006-01-06,0.002,0.006,0.001,
2006-01-10,0.002,0.006,0.001,
2006-01-11,0.001,0.01,-0.02,
2006-01-12,0.001,0.006,0.001,
2006-01-13,0.001,0.005,0.001,
2006-01-16,0.002,0.085,0,
2006-01-17,0.001,0.005,0.001,
2006-01-18,0.001,0.005,0,
2006-01-19,0.001,0.005,0.001,
2006-01-20,0.001,0.005,0.001,
2006-01-23,0.001,0.005,0.001,
2006-01-24,0.001,0.005,0.001,
2006-01-25,0.001,0.005,0.001,
2006-01-26,0.001,0.005,0.001,
2006-01-27,0.001,0.005,0.001,
2006-01-30,0.001,0.005,0.001,
2006-01-31,0.001,0.005,0.001,
2006-02-01,0.001,0.005,0.001,
2006-02-02,0.001,0.005,0.001,
2006-02-03,0.001,0.005,0.001,
2006-02-06,0.001,0.005,0.001,
2006-02-07,0.001,0.005,0.001,
2006-02-08,0.002,0.14,0,
2006-02-09,0.002,0.14,0.001,
2006-02-10,0.002,0.14,0.001,
2006-02-13,0.002,0.14,0.001,
2006-02-14,0.001,0.006,0.001,
2006-02-15,0.001,0.006,0.001,
2006-02-16,0.001,0.006,0.001,
2006-02-17,0.001,0.006,0.001,
2006-02-20,0.001,0.006,0.001,
2006-02-21,0.001,0.006,0.001,
2006-02-22,0.003,0.006,0.001,
2006-02-23,0.001,0.006,0.001,
2006-02-24,0.001,0.006,-0.01,
2006-02-27,0.001,0.005,0.001,
2006-02-28,0.002,0.005,0.001,
2006-03-01,0.002,0.005,0.001,
2006-03-02,0.002,0.005,0.001,
2006-03-03,0.002,0.01,0.001,
2006-03-06,0.001,0.01,0.001,
2006-03-07,0.002,0.01,0.001,
2006-03-08,0.002,0.01,0.001,
2006-03-09,0.002,0.01,0.001,
2006-03-10,0.003,0.02,0.001,
2006-03-13,0.003,0.01,0.001,
2006-03-14,0.002,0.01,0.001,
2006-03-15,0.003,0.01,0.001,
2006-03-16,0.003,0.01,0.001,
2006-03-17,0.002,0.01,0.001,
2006-03-20,0.002,0.01,0.001,
2006-03-22,0.002,0.01,0.001,
2006-03-23,0.002,0.01,0.001,
2006-03-24,0.002,0.01,0.001,
2006-03-27,0.002,0.15,0.001,
2006-03-28,0.002,0.15,0.001,
2006-03-29,0.002,0.15,0.001,
2006-03-30,0.002,0.01,0.001,
2006-03-31,0.004,0.03,0.001,
2006-04-03,0.002,0.007,0.001,
2006-04-04,0.002,0.007,0.001,
2006-04-05,0.002,0.007,0.001,
2006-04-06,0.001,0.007,0.001,
2006-04-07,0.001,0.007,0.001,
2006-04-10,0.002,0.007,0.001,
2006-04-11,0.001,0.007,0.001,
2006-04-12,0.002,0.007,0.001,
2006-04-13,0.001,0.007,0.001,
2006-04-14,0.002,0.007,0.001,
2006-04-17,0.002,0.007,0.001,
2006-04-18,0.002,0.007,0.001,
2006-04-19,0.002,0.007,0.001,
2006-04-20,0.002,0.09,0.001,
2006-04-21,0.002,0.007,0.001,
2006-04-24,0.002,0.007,0.001,
2006-04-25,0.002,0.007,0.001,
2006-04-26,0.002,0.007,0.001,
2006-04-27,0.002,0.008,0.001,
2006-04-28,0.006,0.13,0.001,
2006-05-01,0.005,0.015,0.001,
2006-05-02,0.005,0.015,0.001,
2006-05-08,0.006,0.15,0.001,
2006-05-09,0.005,0.017,0.001,
2006-05-10,0.005,0.017,0.001,
2006-05-11,0.007,0.018,0.001,
2006-05-12,0.01,0.024,0.001,
2006-05-15,0.01,0.025,0.001,
2006-05-16,0.009,0.022,0.001,
2006-05-17,0.008,0.12,0.001,
2006-05-18,0.006,0.12,0.001,
2006-05-19,0.006,0.017,0.001,
2006-05-22,0.013,0.04,0.001,
2006-05-23,0.019,0.03,0.001,
2006-05-24,0.035,0.08,0.001,
2006-05-25,0.059,0.085,0.001,
2006-05-26,0.076,0.1,0.002,
2006-05-29,0.071,0.11,0.005,
2006-05-30,0.023,0.08,0.005,
2006-05-31,0.021,0.07,0.001,
2006-06-01,0.026,0.05,0.001,
2006-06-02,0.013,0.045,0.001,
2006-06-05,0.01,0.05,0.001,
2006-06-06,0.006,0.025,0.001,
2006-06-07,0.005,0.07,0.001,
2006-06-08,0.008,0.025,0.001,
2006-06-09,0.019,0.04,0.005,
2006-06-12,0.032,0.05,0.002,
2006-06-13,0.059,0.1,0.005,
2006-06-14,0.066,0.11,0.005,
2006-06-15,0.066,0.095,0.005,
2006-06-16,0.062,0.1,0.005,
2006-06-19,0.073,0.1,0.01,
2006-06-20,0.055,0.1,0.01,
2006-06-21,0.046,0.08,0.01,
2006-06-22,0.03,0.07,0.005,
2006-06-23,0.034,0.07,0.005,
2006-06-26,0.055,0.1,0.005,
2006-06-27,0.06,0.09,0.003,
2006-06-28,0.028,0.08,0.001,
2006-06-29,0.016,0.04,0.001,
2006-06-30,0.027,0.06,0.001,
2006-07-03,0.024,0.05,0.001,
2006-07-04,0.024,0.2,0.002,
2006-07-05,0.023,0.05,0.002,
2006-07-06,0.024,0.05,0.002,
2006-07-07,0.02,0.04,0.001,
2006-07-10,0.037,0.11,0.002,
2006-07-11,0.069,0.09,0.005,
2006-07-12,0.066,0.095,0.003,
2006-07-13,0.058,0.085,0.01,
2006-07-14,0.089,0.17,0.02,
2006-07-18,0.302,0.45,0.15,
2006-07-19,0.274,0.36,0.08,
2006-07-20,0.263,0.35,0.13,
2006-07-21,0.258,0.31,0.15,
2006-07-24,0.267,0.3,0.14,
2006-07-25,0.253,0.29,0.05,
2006-07-26,0.261,0.5,0.15,
2006-07-27,0.264,0.3,0.09,
2006-07-28,0.249,0.29,0.08,
2006-07-31,0.267,0.3,0.1,
2006-08-01,0.253,0.33,0.03,
2006-08-02,0.216,0.32,0.01,
2006-08-03,0.234,0.3,0.12,
2006-08-04,0.255,0.4,0.18,
2006-08-07,0.25,0.28,0.08,
2006-08-08,0.249,0.28,0.12,
2006-08-09,0.251,0.29,0.18,
2006-08-10,0.262,0.29,0.18,
2006-08-11,0.258,0.29,0.1,
2006-08-14,0.256,0.285,0.04,
2006-08-15,0.222,0.27,0.02,
2006-08-16,0.241,0.27,0.15,
2006-08-17,0.25,0.3,0.15,
2006-08-18,0.255,0.31,0.15,
2006-08-21,0.251,0.28,0.18,
2006-08-22,0.247,0.29,0.13,
2006-08-23,0.245,0.27,0.1,
2006-08-24,0.249,0.28,0.15,
2006-08-25,0.261,0.3,0.2,
2006-08-28,0.255,0.28,0.18,
2006-08-29,0.258,0.3,0.18,
2006-08-30,0.256,0.32,0.1,
2006-08-31,0.266,0.3,0.13,
2006-09-01,0.256,0.3,0.15,
2006-09-04,0.253,0.29,0.15,
2006-09-05,0.239,0.3,0.1,
2006-09-06,0.241,0.28,0.1,
2006-09-07,0.257,0.31,0.18,
2006-09-08,0.256,0.285,0.15,
2006-09-11,0.26,0.32,0.2,
2006-09-12,0.256,0.3,0.2,
2006-09-13,0.274,0.36,0.1,
2006-09-14,0.28,0.32,0.15,
2006-09-15,0.249,0.31,0.1,
2006-09-19,0.266,0.36,0.13,
2006-09-20,0.278,0.33,0.18,
2006-09-21,0.253,0.31,0.12,
2006-09-22,0.254,0.31,0.15,
2006-09-25,0.242,0.285,0.1,
2006-09-26,0.247,0.4,0.13,
2006-09-27,0.255,0.29,0.15,
2006-09-28,0.263,0.3,0.16,
2006-09-29,0.339,0.4,0.15,
2006-10-02,0.266,0.35,0.13,
2006-10-03,0.262,0.32,0.1,
2006-10-04,0.248,0.285,0.1,
2006-10-05,0.244,0.28,0.12,
2006-10-06,0.239,0.27,0.13,
2006-10-10,0.253,0.3,0.15,
2006-10-11,0.26,0.35,0.15,
2006-10-12,0.269,0.33,0.15,
2006-10-13,0.263,0.31,0.13,
2006-10-16,0.263,0.3,0.15,
2006-10-17,0.258,0.275,0.15,
2006-10-18,0.259,0.28,0.15,
2006-10-19,0.258,0.28,0.15,
2006-10-20,0.247,0.32,0.15,
2006-10-23,0.244,0.28,0.15,
2006-10-24,0.254,0.28,0.15,
2006-10-25,0.241,0.3,0.15,
2006-10-26,0.242,0.275,0.15,
2006-10-27,0.257,0.3,0.15,
2006-10-30,0.25,0.275,0.15,
2006-10-31,0.256,0.3,0.12,
2006-11-01,0.247,0.275,0.15,
2006-11-02,0.246,0.27,0.12,
2006-11-06,0.258,0.29,0.15,
2006-11-07,0.25,0.275,0.15,
2006-11-08,0.243,0.29,0.15,
2006-11-09,0.253,0.28,0.15,
2006-11-10,0.251,0.275,0.15,
2006-11-13,0.249,0.27,0.15,
2006-11-14,0.253,0.27,0.15,
2006-11-15,0.282,0.35,0.12,
2006-11-16,0.25,0.28,0.15,
2006-11-17,0.252,0.275,0.15,
2006-11-20,0.259,0.3,0.15,
2006-11-21,0.26,0.28,0.15,
2006-11-22,0.26,0.28,0.15,
2006-11-24,0.262,0.3,0.15,
2006-11-27,0.263,0.29,0.15,
2006-11-28,0.267,0.3,0.15,
2006-11-29,0.264,0.3,0.15,
2006-11-30,0.271,0.31,0.12,
2006-12-01,0.266,0.295,0.15,
2006-12-04,0.26,0.3,0.15,
2006-12-05,0.233,0.28,0.12,
2006-12-06,0.228,0.27,0.1,
2006-12-07,0.245,0.28,0.15,
2006-12-08,0.249,0.27,0.15,
2006-12-11,0.246,0.29,0.09,
2006-12-12,0.226,0.28,0.1,
2006-12-13,0.25,0.35,0.15,
2006-12-14,0.283,0.38,0.15,
2006-12-15,0.267,0.37,0.08,
2006-12-18,0.273,0.35,0.15,
2006-12-19,0.282,0.33,0.15,
2006-12-20,0.258,0.33,0.1,
2006-12-21,0.254,0.295,0.14,
2006-12-22,0.254,0.3,0.15,
2006-12-25,0.261,0.3,0.15,
2006-12-26,0.255,0.295,0.12,
2006-12-27,0.251,0.3,0.12,
2006-12-28,0.246,0.29,0.12,
2006-12-29,0.275,0.36,0.03,
2007-01-04,0.246,0.29,0.05,
2007-01-05,0.226,0.275,0.02,
2007-01-09,0.266,0.35,0.1,
2007-01-10,0.25,0.35,0.04,
2007-01-11,0.258,0.33,0.15,
2007-01-12,0.253,0.3,0.15,
2007-01-15,0.296,0.38,0.15,
2007-01-16,0.343,0.41,0.2,
2007-01-17,0.315,0.38,0.15,
2007-01-18,0.265,0.35,0.1,
2007-01-19,0.26,0.32,0.1,
2007-01-22,0.281,0.35,0.15,
2007-01-23,0.276,0.32,0.15,
2007-01-24,0.248,0.28,0.1,
2007-01-25,0.252,0.28,0.1,
2007-01-26,0.236,0.28,0.12,
2007-01-29,0.26,0.32,0.15,
2007-01-30,0.264,0.29,0.15,
2007-01-31,0.282,0.37,0.15,
2007-02-01,0.261,0.35,0.15,
2007-02-02,0.25,0.32,0.15,
2007-02-05,0.26,0.3,0.15,
2007-02-06,0.266,0.31,0.15,
2007-02-07,0.265,0.29,0.15,
2007-02-08,0.266,0.33,0.15,
2007-02-09,0.261,0.3,0.15,
2007-02-13,0.238,0.28,0.01,
2007-02-14,0.236,0.3,0.05,
2007-02-15,0.26,0.33,0.05,
2007-02-16,0.362,0.5,0.2,
2007-02-19,0.354,0.45,0.2,
2007-02-20,0.358,0.46,0.2,
2007-02-21,0.402,0.6,0.2,
2007-02-22,0.528,0.6,0.33,
2007-02-23,0.51,0.58,0.4,
2007-02-26,0.548,0.75,0.4,
2007-02-27,0.572,0.7,0.4,
2007-02-28,0.589,0.8,0.28,
2007-03-01,0.498,0.62,0.1,
2007-03-02,0.508,0.6,0.28,
2007-03-05,0.448,0.55,0.2,
2007-03-06,0.431,0.53,0.25,
2007-03-07,0.477,0.6,0.38,
2007-03-08,0.522,0.72,0.4,
2007-03-09,0.529,0.75,0.25,
2007-03-12,0.53,0.58,0.42,
2007-03-13,0.529,0.6,0.4,
2007-03-14,0.537,0.75,0.32,
2007-03-15,0.468,0.6,0.001,
2007-03-16,0.483,0.56,0.25,
2007-03-19,0.531,0.6,0.33,
2007-03-20,0.524,0.7,0.25,
2007-03-22,0.515,0.57,0.33,
2007-03-23,0.47,0.75,0.2,
2007-03-26,0.487,0.62,0.25,
2007-03-27,0.487,0.55,0.15,
2007-03-28,0.503,0.57,0.18,
2007-03-29,0.506,0.63,0.1,
2007-03-30,0.715,0.85,0.3,
2007-04-02,0.488,0.56,0.2,
2007-04-03,0.469,0.54,0.1,
2007-04-04,0.488,0.54,0.25,
2007-04-05,0.495,0.58,0.25,
2007-04-06,0.484,0.54,0.3,
2007-04-09,0.511,0.55,0.38,
2007-04-10,0.527,0.6,0.35,
2007-04-11,0.541,0.62,0.45,
2007-04-12,0.559,0.65,0.42,
2007-04-13,0.474,0.58,0.07,
2007-04-16,0.511,0.59,0.4,
2007-04-17,0.504,0.53,0.4,
2007-04-18,0.5,0.53,0.4,
2007-04-19,0.514,0.58,0.46,
2007-04-20,0.523,0.57,0.4,
2007-04-23,0.514,0.54,0.4,
2007-04-24,0.503,0.58,0.43,
2007-04-25,0.529,0.57,0.43,
2007-04-26,0.539,0.6,0.4,
2007-04-27,0.539,0.6,0.4,
2007-05-01,0.525,0.6,0.35,
2007-05-02,0.516,0.55,0.35,
2007-05-07,0.507,0.54,0.4,
2007-05-08,0.513,0.55,0.45,
2007-05-09,0.515,0.55,0.47,
2007-05-10,0.519,0.54,0.48,
2007-05-11,0.524,0.54,0.45,
2007-05-14,0.507,0.53,0.45,
2007-05-15,0.52,0.73,0.4,
2007-05-16,0.516,0.56,0.47,
2007-05-17,0.517,0.54,0.47,
2007-05-18,0.516,0.56,0.42,
2007-05-21,0.52,0.55,0.48,
2007-05-22,0.523,0.58,0.45,
2007-05-23,0.526,0.57,0.47,
2007-05-24,0.524,0.55,0.45,
2007-05-25,0.519,0.57,0.45,
2007-05-28,0.527,0.56,0.48,
2007-05-29,0.526,0.555,0.45,
2007-05-30,0.527,0.6,0.48,
2007-05-31,0.544,0.62,0.45,
2007-06-01,0.508,0.56,0.4,
2007-06-04,0.504,0.535,0.43,
2007-06-05,0.496,0.7,0.4,
2007-06-06,0.49,0.55,0.38,
2007-06-07,0.502,0.55,0.45,
2007-06-08,0.51,0.55,0.45,
2007-06-11,0.51,0.54,0.45,
2007-06-12,0.512,0.53,0.46,
2007-06-13,0.503,0.56,0.4,
2007-06-14,0.486,0.525,0.33,
2007-06-15,0.441,0.53,0.15,
2007-06-18,0.516,0.56,0.45,
2007-06-19,0.519,0.54,0.42,
2007-06-20,0.525,0.56,0.47,
2007-06-21,0.517,0.54,0.48,
2007-06-22,0.513,0.53,0.45,
2007-06-25,0.517,0.54,0.42,
2007-06-26,0.516,0.58,0.42,
2007-06-27,0.507,0.56,0.42,
2007-06-28,0.511,0.58,0.42,
2007-06-29,0.605,0.72,0.39,
2007-07-02,0.501,0.53,0.42,
2007-07-03,0.475,0.52,0.38,
2007-07-04,0.474,0.51,0.38,
2007-07-05,0.49,0.53,0.42,
2007-07-06,0.49,0.51,0.43,
2007-07-09,0.497,0.52,0.43,
2007-07-10,0.498,0.52,0.45,
2007-07-11,0.499,0.53,0.42,
2007-07-12,0.509,0.54,0.4,
2007-07-13,0.529,0.68,0.48,
2007-07-17,0.512,0.56,0.43,
2007-07-18,0.506,0.53,0.4,
2007-07-19,0.5,0.53,0.4,
2007-07-20,0.505,0.525,0.43,
2007-07-23,0.5,0.56,0.42,
2007-07-24,0.494,0.52,0.4,
2007-07-25,0.499,0.52,0.45,
2007-07-26,0.497,0.53,0.43,
2007-07-27,0.49,0.51,0.4,
2007-07-30,0.502,0.54,0.4,
2007-07-31,0.516,0.55,0.4,
2007-08-01,0.506,0.6,0.42,
2007-08-02,0.5,0.53,0.4,
2007-08-03,0.49,0.51,0.42,
2007-08-06,0.486,0.51,0.43,
2007-08-07,0.493,0.525,0.42,
2007-08-08,0.504,0.57,0.47,
2007-08-09,0.517,0.55,0.48,
2007-08-10,0.526,0.6,0.45,
2007-08-13,0.471,0.57,0.09,
2007-08-14,0.235,0.51,0.01,
2007-08-15,0.33,0.55,0.07,
2007-08-16,0.535,0.65,0.42,
2007-08-17,0.545,0.75,0.25,
2007-08-20,0.539,0.59,0.48,
2007-08-21,0.518,0.58,0.45,
2007-08-22,0.486,0.53,0.3,
2007-08-23,0.483,0.6,0.35,
2007-08-24,0.493,0.54,0.4,
2007-08-27,0.493,0.55,0.4,
2007-08-28,0.493,0.55,0.4,
2007-08-29,0.502,0.53,0.4,
2007-08-30,0.51,0.55,0.4,
2007-08-31,0.498,0.59,0.35,
2007-09-03,0.502,0.55,0.4,
2007-09-04,0.49,0.55,0.39,
2007-09-05,0.484,0.55,0.4,
2007-09-06,0.481,0.52,0.38,
2007-09-07,0.473,0.52,0.38,
2007-09-10,0.476,0.51,0.4,
2007-09-11,0.48,0.52,0.4,
2007-09-12,0.483,0.51,0.4,
2007-09-13,0.53,0.66,0.46,
2007-09-14,0.49,0.58,0.18,
2007-09-18,0.509,0.6,0.44,
2007-09-19,0.519,0.57,0.45,
2007-09-20,0.515,0.57,0.43,
2007-09-21,0.52,0.565,0.43,
2007-09-25,0.526,0.58,0.43,
2007-09-26,0.527,0.65,0.4,
2007-09-27,0.503,0.65,0.35,
2007-09-28,0.675,1,0.33,
2007-10-01,0.516,0.6,0.35,
2007-10-02,0.5,0.65,0.38,
2007-10-03,0.495,0.6,0.39,
2007-10-04,0.488,0.56,0.4,
2007-10-05,0.495,0.59,0.45,
2007-10-09,0.508,0.62,0.45,
2007-10-10,0.514,0.6,0.45,
2007-10-11,0.524,0.6,0.45,
2007-10-12,0.526,0.6,0.4,
2007-10-15,0.548,0.68,0.3,
2007-10-16,0.511,0.6,0.42,
2007-10-17,0.498,0.6,0.42,
2007-10-18,0.496,0.6,0.4,
2007-10-19,0.498,0.6,0.4,
2007-10-22,0.503,0.6,0.45,
2007-10-23,0.502,0.6,0.45,
2007-10-24,0.499,0.56,0.44,
2007-10-25,0.495,0.56,0.45,
2007-10-26,0.49,0.56,0.4,
2007-10-29,0.5,0.53,0.44,
2007-10-30,0.502,0.56,0.43,
2007-10-31,0.524,0.65,0.45,
2007-11-01,0.504,0.6,0.45,
2007-11-02,0.508,0.6,0.45,
2007-11-05,0.508,0.6,0.45,
2007-11-06,0.497,0.6,0.43,
2007-11-07,0.499,0.6,0.45,
2007-11-08,0.494,0.6,0.44,
2007-11-09,0.495,0.6,0.44,
2007-11-12,0.497,0.6,0.46,
2007-11-13,0.491,0.6,0.42,
2007-11-14,0.507,0.6,0.45,
2007-11-15,0.491,0.61,0.08,
2007-11-16,0.497,0.6,0.45,
2007-11-19,0.498,0.6,0.45,
2007-11-20,0.501,0.6,0.46,
2007-11-21,0.501,0.6,0.45,
2007-11-22,0.499,0.6,0.45,
2007-11-26,0.5,0.6,0.45,
2007-11-27,0.496,0.6,0.44,
2007-11-28,0.5,0.6,0.45,
2007-11-29,0.499,0.6,0.4,
2007-11-30,0.52,0.65,0.45,
2007-12-03,0.511,0.6,0.45,
2007-12-04,0.509,0.62,0.45,
2007-12-05,0.504,0.65,0.47,
2007-12-06,0.499,0.6,0.44,
2007-12-07,0.499,0.6,0.46,
2007-12-10,0.503,0.6,0.45,
2007-12-11,0.504,0.6,0.45,
2007-12-12,0.493,0.6,0.38,
2007-12-13,0.492,0.6,0.4,
2007-12-14,0.433,0.6,0.08,
2007-12-17,0.513,0.6,0.45,
2007-12-18,0.495,0.6,0.4,
2007-12-19,0.504,0.6,0.45,
2007-12-20,0.501,0.6,0.4,
2007-12-21,0.506,0.62,0.43,
2007-12-25,0.51,0.6,0.43,
2007-12-26,0.502,0.6,0.46,
2007-12-27,0.499,0.56,0.4,
2007-12-28,0.459,0.73,0.07,
2008-01-04,0.478,0.56,0.2,
2008-01-07,0.493,0.6,0.4,
2008-01-08,0.5,0.6,0.42,
2008-01-09,0.505,0.6,0.46,
2008-01-10,0.52,0.6,0.47,
2008-01-11,0.516,0.6,0.4,
2008-01-15,0.526,0.62,0.47,
2008-01-16,0.504,0.6,0.4,
2008-01-17,0.499,0.6,0.45,
2008-01-18,0.49,0.6,0.4,
2008-01-21,0.496,0.6,0.45,
2008-01-22,0.5,0.6,0.43,
2008-01-23,0.498,0.6,0.46,
2008-01-24,0.501,0.6,0.45,
2008-01-25,0.505,0.59,0.47,
2008-01-28,0.502,0.65,0.4,
2008-01-29,0.502,0.56,0.4,
2008-01-30,0.501,0.56,0.45,
2008-01-31,0.508,0.56,0.4,
2008-02-01,0.496,0.56,0.42,
2008-02-04,0.502,0.56,0.45,
2008-02-05,0.509,0.56,0.4,
2008-02-06,0.502,0.56,0.45,
2008-02-07,0.495,0.56,0.38,
2008-02-08,0.5,0.6,0.45,
2008-02-12,0.501,0.6,0.45,
2008-02-13,0.5,0.6,0.46,
2008-02-14,0.511,0.6,0.48,
2008-02-15,0.505,0.7,0.28,
2008-02-18,0.501,0.56,0.47,
2008-02-19,0.499,0.56,0.43,
2008-02-20,0.504,0.57,0.45,
2008-02-21,0.509,0.57,0.46,
2008-02-22,0.502,0.53,0.43,
2008-02-25,0.505,0.57,0.45,
2008-02-26,0.504,0.53,0.47,
2008-02-27,0.509,0.54,0.47,
2008-02-28,0.507,0.6,0.45,
2008-02-29,0.512,0.57,0.47,
2008-03-03,0.506,0.6,0.45,
2008-03-04,0.502,0.6,0.45,
2008-03-05,0.502,0.56,0.43,
2008-03-06,0.497,0.56,0.45,
2008-03-07,0.502,0.56,0.25,
2008-03-10,0.499,0.52,0.35,
2008-03-11,0.501,0.56,0.46,
2008-03-12,0.502,0.56,0.45,
2008-03-13,0.519,0.6,0.49,
2008-03-14,0.483,0.7,0.14,
2008-03-17,0.51,0.65,0.35,
2008-03-18,0.511,0.57,0.45,
2008-03-19,0.511,0.56,0.45,
2008-03-21,0.518,0.65,0.4,
2008-03-24,0.513,0.58,0.4,
2008-03-25,0.5,0.58,0.33,
2008-03-26,0.496,0.57,0.38,
2008-03-27,0.5,0.54,0.4,
2008-03-28,0.498,0.59,0.3,
2008-03-31,0.641,0.75,0.32,
2008-04-01,0.505,0.58,0.4,
2008-04-02,0.504,0.57,0.4,
2008-04-03,0.5,0.565,0.3,
2008-04-04,0.499,0.56,0.38,
2008-04-07,0.51,0.6,0.45,
2008-04-08,0.501,0.56,0.42,
2008-04-09,0.502,0.56,0.45,
2008-04-10,0.503,0.56,0.45,
2008-04-11,0.504,0.57,0.4,
2008-04-14,0.516,0.6,0.47,
2008-04-15,0.522,0.6,0.09,
2008-04-16,0.503,0.54,0.45,
2008-04-17,0.503,0.535,0.45,
2008-04-18,0.503,0.56,0.43,
2008-04-21,0.505,0.56,0.45,
2008-04-22,0.502,0.535,0.45,
2008-04-23,0.503,0.56,0.45,
2008-04-24,0.503,0.56,0.45,
2008-04-25,0.504,0.56,0.45,
2008-04-28,0.515,0.58,0.45,
2008-04-30,0.522,0.58,0.45,
2008-05-01,0.504,0.57,0.4,
2008-05-02,0.475,0.56,0.28,
2008-05-07,0.504,0.57,0.38,
2008-05-08,0.501,0.56,0.45,
2008-05-09,0.502,0.56,0.45,
2008-05-12,0.51,0.56,0.45,
2008-05-13,0.512,0.57,0.4,
2008-05-14,0.519,0.57,0.45,
2008-05-15,0.499,0.57,0.1,
2008-05-16,0.507,0.56,0.45,
2008-05-19,0.505,0.56,0.4,
2008-05-20,0.503,0.56,0.3,
2008-05-21,0.503,0.56,0.47,
2008-05-22,0.503,0.56,0.46,
2008-05-23,0.502,0.6,0.46,
2008-05-26,0.505,0.56,0.47,
2008-05-27,0.503,0.56,0.45,
2008-05-28,0.502,0.56,0.47,
2008-05-29,0.504,0.56,0.46,
2008-05-30,0.527,0.6,0.48,
2008-06-02,0.533,0.585,0.47,
2008-06-03,0.517,0.57,0.44,
2008-06-04,0.517,0.57,0.4,
2008-06-05,0.504,0.57,0.4,
2008-06-06,0.496,0.56,0.4,
2008-06-09,0.501,0.56,0.4,
2008-06-10,0.506,0.6,0.45,
2008-06-11,0.506,0.56,0.45,
2008-06-12,0.515,0.57,0.45,
2008-06-13,0.453,0.57,0.05,
2008-06-16,0.509,0.56,0.48,
2008-06-17,0.505,0.56,0.47,
2008-06-18,0.505,0.56,0.4,
2008-06-19,0.512,0.56,0.48,
2008-06-20,0.509,0.58,0.4,
2008-06-23,0.509,0.57,0.47,
2008-06-24,0.51,0.56,0.46,
2008-06-25,0.507,0.56,0.47,
2008-06-26,0.506,0.75,0.48,
2008-06-27,0.507,0.75,0.28,
2008-06-30,0.572,0.7,0.4,
2008-07-01,0.507,0.56,0.43,
2008-07-02,0.509,0.56,0.4,
2008-07-03,0.504,0.56,0.45,
2008-07-04,0.5,0.56,0.45,
2008-07-07,0.501,0.6,0.4,
2008-07-08,0.502,0.56,0.4,
2008-07-09,0.502,0.56,0.45,
2008-07-10,0.502,0.65,0.43,
2008-07-11,0.505,0.56,0.45,
2008-07-14,0.506,0.56,0.46,
2008-07-15,0.454,0.57,0.1,
2008-07-16,0.501,0.56,0.46,
2008-07-17,0.502,0.56,0.35,
2008-07-18,0.503,0.56,0.45,
2008-07-22,0.503,0.56,0.47,
2008-07-23,0.508,0.57,0.49,
2008-07-24,0.504,0.56,0.38,
2008-07-25,0.505,0.56,0.38,
2008-07-28,0.507,0.57,0.35,
2008-07-29,0.51,0.545,0.45,
2008-07-30,0.509,0.545,0.45,
2008-07-31,0.519,0.58,0.46,
2008-08-01,0.504,0.7,0.45,
2008-08-04,0.502,0.6,0.44,
2008-08-05,0.502,0.56,0.45,
2008-08-06,0.5,0.58,0.45,
2008-08-07,0.499,0.58,0.45,
2008-08-08,0.499,0.58,0.42,
2008-08-11,0.501,0.58,0.46,
2008-08-12,0.503,0.58,0.45,
2008-08-13,0.504,0.58,0.46,
2008-08-14,0.512,0.58,0.43,
2008-08-15,0.504,0.7,0.3,
2008-08-18,0.503,0.535,0.46,
2008-08-19,0.503,0.535,0.38,
2008-08-20,0.503,0.56,0.46,
2008-08-21,0.501,0.56,0.38,
2008-08-22,0.503,0.565,0.4,
2008-08-25,0.502,0.56,0.35,
2008-08-26,0.508,0.57,0.46,
2008-08-27,0.509,0.57,0.38,
2008-08-28,0.505,0.58,0.45,
2008-08-29,0.516,0.58,0.47,
2008-09-01,0.512,0.58,0.45,
2008-09-02,0.502,0.56,0.4,
2008-09-03,0.503,0.56,0.45,
2008-09-04,0.503,0.56,0.47,
2008-09-05,0.509,0.57,0.48,
2008-09-08,0.503,0.565,0.46,
2008-09-09,0.502,0.56,0.45,
2008-09-10,0.506,0.565,0.45,
2008-09-11,0.501,0.56,0.4,
2008-09-12,0.468,0.56,0.1,
2008-09-16,0.524,0.6,0.45,
2008-09-17,0.55,0.75,0.1,
2008-09-18,0.486,0.72,0.1,
2008-09-19,0.433,0.72,0.05,
2008-09-22,0.399,0.9,0.05,
2008-09-24,0.464,0.71,0.05,
2008-09-25,0.506,0.8,0.05,
2008-09-26,0.489,0.75,0.05,
2008-09-29,0.497,0.75,0.25,
2008-09-30,0.544,1,0.3,
2008-10-01,0.468,0.75,0.05,
2008-10-02,0.47,0.75,0.05,
2008-10-03,0.469,0.75,0.2,
2008-10-06,0.484,0.75,0.3,
2008-10-07,0.505,0.75,0.35,
2008-10-08,0.512,0.75,0.3,
2008-10-09,0.531,0.75,0.25,
2008-10-10,0.585,0.75,0.1,
2008-10-14,0.473,0.7,0.05,
2008-10-15,0.348,0.65,0.05,
2008-10-16,0.497,0.67,0.35,
2008-10-17,0.502,0.66,0.3,
2008-10-20,0.504,0.58,0.4,
2008-10-21,0.505,0.68,0.4,
2008-10-22,0.51,0.68,0.35,
2008-10-23,0.51,0.7,0.4,
2008-10-24,0.511,0.68,0.4,
2008-10-27,0.512,0.68,0.45,
2008-10-28,0.515,0.68,0.45,
2008-10-29,0.439,0.69,0.2,
2008-10-30,0.478,0.68,0.25,
2008-10-31,0.384,0.68,0.1,
2008-11-04,0.28,0.5,0.05,
2008-11-05,0.289,0.48,0.15,
2008-11-06,0.301,0.52,0.2,
2008-11-07,0.298,0.52,0.15,
2008-11-10,0.303,0.53,0.15,
2008-11-11,0.306,0.53,0.25,
2008-11-12,0.293,0.56,0.13,
2008-11-13,0.304,0.59,0.1,
2008-11-14,0.292,0.63,0.15,
2008-11-17,0.305,0.63,0.2,
2008-11-18,0.306,0.63,0.26,
2008-11-19,0.303,0.79,0.25,
2008-11-20,0.306,0.73,0.25,
2008-11-21,0.305,0.73,0.26,
2008-11-25,0.307,0.76,0.24,
2008-11-26,0.304,0.78,0.2,
2008-11-27,0.306,0.73,0.24,
2008-11-28,0.318,0.78,0.1,
2008-12-01,0.299,0.78,0.11,
2008-12-02,0.279,0.78,0.1,
2008-12-03,0.257,0.79,0.05,
2008-12-04,0.263,0.79,0.1,
2008-12-05,0.256,0.79,0.13,
2008-12-08,0.275,0.79,0.14,
2008-12-09,0.255,0.73,0.12,
2008-12-10,0.247,0.79,0.11,
2008-12-11,0.229,0.83,0.12,
2008-12-12,0.222,0.83,0.15,
2008-12-15,0.235,0.84,0.13,
2008-12-16,0.242,0.85,0.13,
2008-12-17,0.239,0.8,0.12,
2008-12-18,0.237,0.85,0.12,
2008-12-19,0.203,0.85,0.1,
2008-12-22,0.124,0.5,0.08,
2008-12-24,0.121,0.5,0.06,
2008-12-25,0.118,0.5,0.09,
2008-12-26,0.116,0.5,0.08,
2008-12-29,0.111,0.6,0.07,
2008-12-30,0.103,0.55,0.03,
2009-01-05,0.106,0.5,0.06,
2009-01-06,0.106,0.5,0.06,
2009-01-07,0.109,0.5,0.08,
2009-01-08,0.11,0.5,0.08,
2009-01-09,0.112,0.5,0.08,
2009-01-13,0.125,0.5,0.08,
2009-01-14,0.131,0.5,0.1,
2009-01-15,0.133,0.5,0.05,
2009-01-16,0.123,0.5,0.08,
2009-01-19,0.122,0.5,0.08,
2009-01-20,0.12,0.5,0.08,
2009-01-21,0.126,0.5,0.08,
2009-01-22,0.122,0.5,0.08,
2009-01-23,0.12,0.5,0.08,
2009-01-26,0.122,0.5,0.08,
2009-01-27,0.123,0.5,0.08,
2009-01-28,0.12,0.5,0.08,
2009-01-29,0.125,0.5,0.08,
2009-01-30,0.128,0.5,0.08,
2009-02-02,0.122,0.5,0.07,
2009-02-03,0.118,0.5,0.08,
2009-02-04,0.11,0.5,0.07,
2009-02-05,0.109,0.5,0.06,
2009-02-06,0.11,0.5,0.06,
2009-02-09,0.109,0.5,0.06,
2009-02-10,0.112,0.5,0.06,
2009-02-12,0.113,0.5,0.07,
2009-02-13,0.111,0.5,0.07,
2009-02-16,0.114,0.5,0.08,
2009-02-17,0.111,0.5,0.08,
2009-02-18,0.107,0.5,0.075,
2009-02-19,0.106,0.5,0.07,
2009-02-20,0.105,0.5,0.08,
2009-02-23,0.108,0.5,0.08,
2009-02-24,0.109,0.5,0.08,
2009-02-25,0.111,0.5,0.08,
2009-02-26,0.111,0.5,0.08,
2009-02-27,0.109,0.5,0.06,
2009-03-02,0.099,0.5,0.06,
2009-03-03,0.101,0.5,0.06,
2009-03-04,0.1,0.5,0.07,
2009-03-05,0.101,0.5,0.06,
2009-03-06,0.099,0.5,0.06,
2009-03-09,0.103,0.5,0.08,
2009-03-10,0.11,0.5,0.07,
2009-03-11,0.103,0.5,0.08,
2009-03-12,0.105,0.5,0.06,
2009-03-13,0.103,0.5,0.07,
2009-03-16,0.103,0.5,0.05,
2009-03-17,0.1,0.5,0.05,
2009-03-18,0.101,0.5,0.07,
2009-03-19,0.104,0.5,0.07,
2009-03-23,0.101,0.5,0.07,
2009-03-24,0.097,0.5,0.06,
2009-03-25,0.095,0.5,0.05,
2009-03-26,0.097,0.5,0.05,
2009-03-27,0.093,0.5,0.04,
2009-03-30,0.097,0.5,0.04,
2009-03-31,0.088,0.5,0.04,
2009-04-01,0.101,0.5,0.06,
2009-04-02,0.1,0.5,0.07,
2009-04-03,0.103,0.5,0.07,
2009-04-06,0.1,0.5,0.07,
2009-04-07,0.097,0.5,0.07,
2009-04-08,0.096,0.5,0.07,
2009-04-09,0.1,0.5,0.04,
2009-04-10,0.105,0.5,0.06,
2009-04-13,0.109,0.5,0.08,
2009-04-14,0.108,0.5,0.08,
2009-04-15,0.103,0.5,0.06,
2009-04-16,0.103,0.5,0.07,
2009-04-17,0.106,0.5,0.07,
2009-04-20,0.104,0.5,0.06,
2009-04-21,0.102,0.5,0.06,
2009-04-22,0.101,0.5,0.07,
2009-04-23,0.104,0.5,0.07,
2009-04-24,0.105,0.5,0.07,
2009-04-27,0.108,0.5,0.08,
2009-04-28,0.109,0.5,0.07,
2009-04-30,0.113,0.5,0.06,
2009-05-01,0.102,0.5,0.07,
2009-05-07,0.109,0.5,0.07,
2009-05-08,0.104,0.5,0.06,
2009-05-11,0.104,0.5,0.065,
2009-05-12,0.096,0.5,0.05,
2009-05-13,0.104,0.5,0.07,
2009-05-14,0.099,0.5,0.065,
2009-05-15,0.1,0.5,0.05,
2009-05-18,0.101,0.5,0.06,
2009-05-19,0.1,0.5,0.07,
2009-05-20,0.104,0.5,0.07,
2009-05-21,0.1,0.5,0.07,
2009-05-22,0.105,0.5,0.06,
2009-05-25,0.106,0.5,0.065,
2009-05-26,0.104,0.5,0.07,
2009-05-27,0.101,0.5,0.05,
2009-05-28,0.099,0.5,0.06,
2009-05-29,0.099,0.5,0.07,
2009-06-01,0.102,0.5,0.075,
2009-06-02,0.101,0.5,0.075,
2009-06-03,0.102,0.5,0.075,
2009-06-04,0.095,0.5,0.06,
2009-06-05,0.097,0.5,0.07,
2009-06-08,0.103,0.5,0.07,
2009-06-09,0.105,0.5,0.075,
2009-06-10,0.103,0.5,0.08,
2009-06-11,0.103,0.5,0.075,
2009-06-12,0.104,0.5,0.08,
2009-06-15,0.104,0.5,0.07,
2009-06-16,0.11,0.5,0.08,
2009-06-17,0.105,0.5,0.08,
2009-06-18,0.104,0.5,0.08,
2009-06-19,0.105,0.5,0.07,
2009-06-22,0.105,0.5,0.07,
2009-06-23,0.1,0.5,0.06,
2009-06-24,0.105,0.5,0.06,
2009-06-25,0.106,0.5,0.08,
2009-06-26,0.106,0.5,0.07,
2009-06-29,0.112,0.5,0.08,
2009-06-30,0.11,0.5,0.06,
2009-07-01,0.095,0.5,0.07,
2009-07-02,0.096,0.5,0.06,
2009-07-03,0.097,0.5,0.05,
2009-07-06,0.099,0.5,0.06,
2009-07-07,0.095,0.5,0.06,
2009-07-08,0.097,0.5,0.06,
2009-07-09,0.099,0.5,0.06,
2009-07-10,0.102,0.5,0.07,
2009-07-13,0.104,0.5,0.07,
2009-07-14,0.107,0.5,0.07,
2009-07-15,0.108,0.5,0.07,
2009-07-16,0.115,0.5,0.075,
2009-07-17,0.101,0.5,0.07,
2009-07-21,0.102,0.5,0.07,
2009-07-22,0.103,0.5,0.06,
2009-07-23,0.1,0.5,0.07,
2009-07-24,0.099,0.5,0.075,
2009-07-27,0.104,0.5,0.08,
2009-07-28,0.104,0.5,0.08,
2009-07-29,0.104,0.5,0.07,
2009-07-30,0.1,0.5,0.07,
2009-07-31,0.105,0.5,0.07,
2009-08-03,0.1,0.5,0.075,
2009-08-04,0.098,0.5,0.06,
2009-08-05,0.1,0.5,0.065,
2009-08-06,0.105,0.5,0.08,
2009-08-07,0.097,0.5,0.065,
2009-08-10,0.106,0.5,0.08,
2009-08-11,0.109,0.5,0.08,
2009-08-12,0.11,0.5,0.08,
2009-08-13,0.11,0.5,0.08,
2009-08-14,0.108,0.5,0.08,
2009-08-17,0.104,0.5,0.08,
2009-08-18,0.105,0.16,0.08,
2009-08-19,0.108,0.43,0.08,
2009-08-20,0.107,0.14,0.08,
2009-08-21,0.105,0.43,0.06,
2009-08-24,0.109,0.5,0.08,
2009-08-25,0.107,0.5,0.07,
2009-08-26,0.109,0.5,0.08,
2009-08-27,0.106,0.5,0.08,
2009-08-28,0.106,0.5,0.07,
2009-08-31,0.11,0.5,0.075,
2009-09-01,0.107,0.5,0.08,
2009-09-02,0.112,0.5,0.075,
2009-09-03,0.1,0.5,0.07,
2009-09-04,0.101,0.5,0.075,
2009-09-07,0.099,0.5,0.07,
2009-09-08,0.097,0.5,0.07,
2009-09-09,0.098,0.5,0.07,
2009-09-10,0.097,0.5,0.06,
2009-09-11,0.096,0.16,0.07,
2009-09-14,0.102,0.16,0.07,
2009-09-15,0.099,0.5,0.07,
2009-09-16,0.104,0.3,0.075,
2009-09-17,0.106,0.3,0.07,
2009-09-18,0.106,0.3,0.07,
2009-09-24,0.118,0.3,0.07,
2009-09-25,0.107,0.3,0.07,
2009-09-28,0.097,0.3,0.07,
2009-09-29,0.098,0.3,0.07,
2009-09-30,0.103,0.3,0.06,
2009-10-01,0.097,0.3,0.06,
2009-10-02,0.096,0.3,0.06,
2009-10-05,0.099,0.3,0.065,
2009-10-06,0.105,0.3,0.07,
2009-10-07,0.101,0.3,0.06,
2009-10-08,0.095,0.3,0.06,
2009-10-09,0.107,0.3,0.07,
2009-10-13,0.109,0.3,0.07,
2009-10-14,0.105,0.3,0.07,
2009-10-15,0.105,0.3,0.065,
2009-10-16,0.111,0.3,0.08,
2009-10-19,0.108,0.3,0.08,
2009-10-20,0.107,0.3,0.08,
2009-10-21,0.116,0.3,0.08,
2009-10-22,0.111,0.3,0.08,
2009-10-23,0.114,0.3,0.075,
2009-10-26,0.109,0.3,0.075,
2009-10-27,0.105,0.3,0.075,
2009-10-28,0.109,0.3,0.08,
2009-10-29,0.108,0.3,0.08,
2009-10-30,0.112,0.3,0.08,
2009-11-02,0.106,0.3,0.075,
2009-11-04,0.105,0.3,0.075,
2009-11-05,0.102,0.3,0.07,
2009-11-06,0.099,0.3,0.07,
2009-11-09,0.101,0.3,0.07,
2009-11-10,0.104,0.3,0.08,
2009-11-11,0.104,0.3,0.08,
2009-11-12,0.102,0.3,0.07,
2009-11-13,0.1,0.3,0.06,
2009-11-16,0.106,0.3,0.08,
2009-11-17,0.108,0.3,0.075,
2009-11-18,0.107,0.3,0.08,
2009-11-19,0.109,0.3,0.08,
2009-11-20,0.109,0.3,0.08,
2009-11-24,0.109,0.3,0.08,
2009-11-25,0.106,0.3,0.08,
2009-11-26,0.103,0.3,0.075,
2009-11-27,0.107,0.16,0.08,
2009-11-30,0.113,0.16,0.075,
2009-12-01,0.104,0.16,0.07,
2009-12-02,0.101,0.16,0.07,
2009-12-03,0.105,0.15,0.08,
2009-12-04,0.102,0.15,0.07,
2009-12-07,0.107,0.16,0.08,
2009-12-08,0.107,0.16,0.07,
2009-12-09,0.105,0.35,0.07,
2009-12-10,0.1,0.16,0.07,
2009-12-11,0.091,0.16,0.06,
2009-12-14,0.092,0.15,0.07,
2009-12-15,0.098,0.15,0.065,
2009-12-16,0.113,0.15,0.08,
2009-12-17,0.106,0.15,0.075,
2009-12-18,0.105,0.16,0.075,
2009-12-21,0.096,0.16,0.07,
2009-12-22,0.104,0.16,0.065,
2009-12-24,0.102,0.16,0.08,
2009-12-25,0.098,0.16,0.075,
2009-12-28,0.097,0.16,0.075,
2009-12-29,0.097,0.13,0.07,
2009-12-30,0.094,0.14,0.07,
2010-01-04,0.1,0.16,0.06,
2010-01-05,0.095,0.16,0.065,
2010-01-06,0.092,0.15,0.06,
2010-01-07,0.092,0.16,0.07,
2010-01-08,0.092,0.16,0.07,
2010-01-12,0.095,0.16,0.07,
2010-01-13,0.095,0.16,0.07,
2010-01-14,0.094,0.16,0.07,
2010-01-15,0.094,0.15,0.07,
2010-01-18,0.098,0.15,0.075,
2010-01-19,0.102,0.16,0.075,
2010-01-20,0.101,0.15,0.075,
2010-01-21,0.103,0.16,0.07,
2010-01-22,0.101,0.15,0.07,
2010-01-25,0.101,0.16,0.075,
2010-01-26,0.091,0.16,0.075,
2010-01-27,0.094,0.16,0.07,
2010-01-28,0.096,0.16,0.08,
2010-01-29,0.095,0.16,0.075,
2010-02-01,0.094,0.16,0.07,
2010-02-02,0.098,0.16,0.07,
2010-02-03,0.096,0.16,0.07,
2010-02-04,0.1,0.16,0.08,
2010-02-05,0.108,0.16,0.08,
2010-02-08,0.107,0.16,0.085,
2010-02-09,0.11,0.16,0.09,
2010-02-10,0.108,0.16,0.075,
2010-02-12,0.101,0.16,0.07,
2010-02-15,0.104,0.16,0.07,
2010-02-16,0.097,0.16,0.075,
2010-02-17,0.106,0.16,0.08,
2010-02-18,0.097,0.15,0.07,
2010-02-19,0.094,0.16,0.065,
2010-02-22,0.096,0.15,0.075,
2010-02-23,0.098,0.16,0.075,
2010-02-24,0.1,0.16,0.08,
2010-02-25,0.102,0.15,0.08,
2010-02-26,0.097,0.15,0.07,
2010-03-01,0.094,0.16,0.07,
2010-03-02,0.091,0.16,0.065,
2010-03-03,0.095,0.16,0.07,
2010-03-04,0.096,0.15,0.07,
2010-03-05,0.096,0.16,0.075,
2010-03-08,0.094,0.16,0.075,
2010-03-09,0.099,0.16,0.075,
2010-03-10,0.094,0.16,0.08,
2010-03-11,0.101,0.16,0.075,
2010-03-12,0.094,0.16,0.07,
2010-03-15,0.104,0.16,0.08,
2010-03-16,0.1,0.16,0.08,
2010-03-17,0.099,0.16,0.08,
2010-03-18,0.1,0.15,0.07,
2010-03-19,0.101,0.16,0.075,
2010-03-23,0.099,0.15,0.075,
2010-03-24,0.101,0.16,0.08,
2010-03-25,0.101,0.15,0.08,
2010-03-26,0.097,0.15,0.07,
2010-03-29,0.103,0.16,0.07,
2010-03-30,0.1,0.16,0.08,
2010-03-31,0.082,0.15,0.03,
2010-04-01,0.09,0.16,0.06,
2010-04-02,0.094,0.16,0.075,
2010-04-05,0.094,0.16,0.06,
2010-04-06,0.093,0.16,0.08,
2010-04-07,0.091,0.15,0.07,
2010-04-08,0.093,0.16,0.075,
2010-04-09,0.097,0.16,0.08,
2010-04-12,0.094,0.16,0.07,
2010-04-13,0.094,0.16,0.08,
2010-04-14,0.089,0.16,0.07,
2010-04-15,0.089,0.15,0.07,
2010-04-16,0.095,0.15,0.075,
2010-04-19,0.092,0.15,0.075,
2010-04-20,0.096,0.16,0.075,
2010-04-21,0.094,0.16,0.075,
2010-04-22,0.091,0.16,0.075,
2010-04-23,0.092,0.16,0.075,
2010-04-26,0.094,0.16,0.07,
2010-04-27,0.092,0.15,0.07,
2010-04-28,0.09,0.16,0.07,
2010-04-30,0.096,0.16,0.06,
2010-05-06,0.093,0.16,0.07,
2010-05-07,0.091,0.16,0.06,
2010-05-10,0.087,0.16,0.07,
2010-05-11,0.089,0.16,0.06,
2010-05-12,0.088,0.16,0.07,
2010-05-13,0.088,0.16,0.06,
2010-05-14,0.102,0.25,0.04,
2010-05-17,0.09,0.16,0.07,
2010-05-18,0.088,0.16,0.07,
2010-05-19,0.091,0.15,0.07,
2010-05-20,0.092,0.16,0.07,
2010-05-21,0.093,0.16,0.07,
2010-05-24,0.092,0.16,0.075,
2010-05-25,0.09,0.16,0.07,
2010-05-26,0.089,0.16,0.07,
2010-05-27,0.089,0.16,0.075,
2010-05-28,0.093,0.16,0.08,
2010-05-31,0.089,0.16,0.07,
2010-06-01,0.089,0.12,0.065,
2010-06-02,0.088,0.16,0.06,
2010-06-03,0.088,0.16,0.07,
2010-06-04,0.091,0.12,0.065,
2010-06-07,0.086,0.16,0.07,
2010-06-08,0.106,0.13,0.07,
2010-06-09,0.09,0.16,0.07,
2010-06-10,0.096,0.16,0.08,
2010-06-11,0.091,0.16,0.07,
2010-06-14,0.098,0.125,0.075,
2010-06-15,0.098,0.16,0.07,
2010-06-16,0.094,0.16,0.075,
2010-06-17,0.096,0.16,0.07,
2010-06-18,0.093,0.16,0.075,
2010-06-21,0.098,0.16,0.08,
2010-06-22,0.097,0.13,0.075,
2010-06-23,0.097,0.12,0.075,
2010-06-24,0.103,0.13,0.075,
2010-06-25,0.098,0.16,0.07,
2010-06-28,0.099,0.16,0.08,
2010-06-29,0.094,0.16,0.08,
2010-06-30,0.096,0.16,0.075,
2010-07-01,0.091,0.16,0.07,
2010-07-02,0.091,0.16,0.07,
2010-07-05,0.091,0.16,0.07,
2010-07-06,0.111,0.16,0.04,
2010-07-07,0.093,0.16,0.075,
2010-07-08,0.092,0.16,0.075,
2010-07-09,0.098,0.16,0.08,
2010-07-12,0.092,0.16,0.075,
2010-07-13,0.093,0.16,0.075,
2010-07-14,0.092,0.16,0.075,
2010-07-15,0.091,0.16,0.07,
2010-07-16,0.094,0.12,0.075,
2010-07-20,0.093,0.16,0.075,
2010-07-21,0.09,0.16,0.06,
2010-07-22,0.093,0.16,0.075,
2010-07-23,0.093,0.16,0.08,
2010-07-26,0.095,0.13,0.075,
2010-07-27,0.092,0.16,0.07,
2010-07-28,0.105,0.16,0.07,
2010-07-29,0.094,0.16,0.07,
2010-07-30,0.098,0.16,0.075,
2010-08-02,0.096,0.16,0.07,
2010-08-03,0.094,0.16,0.08,
2010-08-04,0.095,0.16,0.075,
2010-08-05,0.096,0.16,0.07,
2010-08-06,0.097,0.16,0.07,
2010-08-09,0.098,0.16,0.075,
2010-08-10,0.105,0.16,0.08,
2010-08-11,0.099,0.16,0.075,
2010-08-12,0.096,0.16,0.075,
2010-08-13,0.093,0.16,0.07,
2010-08-16,0.093,0.125,0.075,
2010-08-17,0.091,0.125,0.07,
2010-08-18,0.095,0.13,0.075,
2010-08-19,0.091,0.13,0.075,
2010-08-20,0.092,0.16,0.075,
2010-08-23,0.094,0.16,0.08,
2010-08-24,0.097,0.16,0.07,
2010-08-25,0.095,0.16,0.075,
2010-08-26,0.089,0.16,0.075,
2010-08-27,0.094,0.16,0.075,
2010-08-30,0.095,0.125,0.07,
2010-08-31,0.095,0.16,0.075,
2010-09-01,0.093,0.13,0.075,
2010-09-02,0.091,0.16,0.07,
2010-09-03,0.09,0.16,0.07,
2010-09-06,0.097,0.16,0.075,
2010-09-07,0.087,0.12,0.075,
2010-09-08,0.092,0.16,0.08,
2010-09-09,0.09,0.16,0.07,
2010-09-10,0.093,0.16,0.07,
2010-09-13,0.089,0.16,0.07,
2010-09-14,0.089,0.125,0.07,
2010-09-15,0.089,0.125,0.07,
2010-09-16,0.09,0.16,0.07,
2010-09-17,0.086,0.16,0.07,
2010-09-21,0.089,0.2,0.07,
2010-09-22,0.09,0.16,0.075,
2010-09-24,0.089,0.16,0.07,
2010-09-27,0.088,0.12,0.07,
2010-09-28,0.087,0.16,0.07,
2010-09-29,0.091,0.12,0.075,
2010-09-30,0.113,0.16,0.08,
2010-10-01,0.091,0.16,0.07,
2010-10-04,0.092,0.13,0.07,
2010-10-05,0.09,0.13,0.06,
2010-10-06,0.085,0.13,0.06,
2010-10-07,0.087,0.15,0.07,
2010-10-08,0.088,0.15,0.07,
2010-10-12,0.088,0.15,0.07,
2010-10-13,0.089,0.15,0.07,
2010-10-14,0.091,0.125,0.075,
2010-10-15,0.098,0.125,0.075,
2010-10-18,0.093,0.125,0.075,
2010-10-19,0.093,0.15,0.075,
2010-10-20,0.091,0.15,0.075,
2010-10-21,0.091,0.12,0.075,
2010-10-22,0.093,0.122,0.075,
2010-10-25,0.094,0.13,0.075,
2010-10-26,0.088,0.15,0.07,
2010-10-27,0.092,0.15,0.075,
2010-10-28,0.09,0.15,0.075,
2010-10-29,0.093,0.15,0.075,
2010-11-01,0.093,0.15,0.075,
2010-11-02,0.099,0.15,0.075,
2010-11-04,0.104,0.15,0.08,
2010-11-05,0.093,0.15,0.08,
2010-11-08,0.091,0.15,0.075,
2010-11-09,0.086,0.15,0.07,
2010-11-10,0.089,0.15,0.065,
2010-11-11,0.086,0.15,0.07,
2010-11-12,0.086,0.15,0.075,
2010-11-15,0.09,0.15,0.055,
2010-11-16,0.087,0.15,0.07,
2010-11-17,0.087,0.12,0.065,
2010-11-18,0.087,0.125,0.07,
2010-11-19,0.091,0.12,0.075,
2010-11-22,0.089,0.11,0.075,
2010-11-24,0.089,0.15,0.075,
2010-11-25,0.091,0.15,0.075,
2010-11-26,0.093,0.11,0.075,
2010-11-29,0.09,0.12,0.075,
2010-11-30,0.09,0.15,0.07,
2010-12-01,0.087,0.12,0.07,
2010-12-02,0.092,0.125,0.075,
2010-12-03,0.094,0.15,0.075,
2010-12-06,0.093,0.15,0.075,
2010-12-07,0.091,0.15,0.075,
2010-12-08,0.095,0.125,0.07,
2010-12-09,0.089,0.15,0.07,
2010-12-10,0.09,0.15,0.07,
2010-12-13,0.09,0.125,0.075,
2010-12-14,0.089,0.15,0.065,
2010-12-15,0.09,0.15,0.065,
2010-12-16,0.086,0.11,0.07,
2010-12-17,0.083,0.15,0.07,
2010-12-20,0.086,0.13,0.07,
2010-12-21,0.085,0.15,0.07,
2010-12-22,0.083,0.11,0.065,
2010-12-24,0.079,0.15,0.06,
2010-12-27,0.083,0.15,0.06,
2010-12-28,0.08,0.11,0.055,
2010-12-29,0.08,0.11,0.06,
2010-12-30,0.079,0.15,0.06,
2011-01-04,0.08,0.15,0.065,
2011-01-05,0.079,0.15,0.06,
2011-01-06,0.079,0.11,0.065,
2011-01-07,0.094,0.15,0.065,
2011-01-11,0.08,0.11,0.07,
2011-01-12,0.081,0.11,0.07,
2011-01-13,0.089,0.15,0.07,
2011-01-14,0.086,0.15,0.065,
2011-01-17,0.084,0.15,0.06,
2011-01-18,0.084,0.15,0.065,
2011-01-19,0.082,0.125,0.06,
2011-01-20,0.085,0.15,0.06,
2011-01-21,0.085,0.15,0.075,
2011-01-24,0.085,0.15,0.07,
2011-01-25,0.082,0.15,0.065,
2011-01-26,0.095,0.125,0.065,
2011-01-27,0.088,0.125,0.075,
2011-01-28,0.087,0.15,0.07,
2011-01-31,0.087,0.15,0.065,
2011-02-01,0.088,0.125,0.06,
2011-02-02,0.099,0.15,0.075,
2011-02-03,0.102,0.15,0.075,
2011-02-04,0.093,0.15,0.075,
2011-02-07,0.094,0.15,0.07,
2011-02-08,0.098,0.15,0.075,
2011-02-09,0.104,0.13,0.08,
2011-02-10,0.1,0.15,0.07,
2011-02-14,0.102,0.15,0.08,
2011-02-15,0.091,0.15,0.05,
2011-02-16,0.087,0.15,0.07,
2011-02-17,0.098,0.15,0.07,
2011-02-18,0.084,0.15,0.05,
2011-02-21,0.087,0.15,0.07,
2011-02-22,0.089,0.15,0.07,
2011-02-23,0.093,0.125,0.05,
2011-02-24,0.086,0.15,0.07,
2011-02-25,0.088,0.15,0.07,
2011-02-28,0.091,0.13,0.06,
2011-03-01,0.092,0.15,0.06,
2011-03-02,0.085,0.15,0.05,
2011-03-03,0.089,0.15,0.05,
2011-03-04,0.085,0.125,0.07,
2011-03-07,0.087,0.125,0.07,
2011-03-08,0.085,0.15,0.07,
2011-03-09,0.087,0.125,0.06,
2011-03-10,0.09,0.128,0.075,
2011-03-11,0.087,0.15,0.065,
2011-03-14,0.109,0.15,0.07,
2011-03-15,0.103,0.15,0.075,
2011-03-16,0.092,0.12,0.06,
2011-03-17,0.095,0.15,0.06,
2011-03-18,0.092,0.12,0.08,
2011-03-22,0.084,0.125,0.06,
2011-03-23,0.077,0.11,0.06,
2011-03-24,0.074,0.11,0.06,
2011-03-25,0.071,0.11,0.06,
2011-03-28,0.072,0.11,0.05,
2011-03-29,0.072,0.11,0.05,
2011-03-30,0.071,0.11,0.05,
2011-03-31,0.062,0.11,0.045,
2011-04-01,0.061,0.15,0.05,
2011-04-04,0.061,0.11,0.045,
2011-04-05,0.06,0.15,0.045,
2011-04-06,0.062,0.15,0.05,
2011-04-07,0.061,0.1,0.05,
2011-04-08,0.062,0.15,0.05,
2011-04-11,0.062,0.15,0.05,
2011-04-12,0.061,0.1,0.05,
2011-04-13,0.06,0.15,0.05,
2011-04-14,0.063,0.15,0.05,
2011-04-15,0.063,0.15,0.05,
2011-04-18,0.062,0.1,0.05,
2011-04-19,0.062,0.121,0.05,
2011-04-20,0.064,0.1,0.05,
2011-04-21,0.063,0.15,0.05,
2011-04-22,0.064,0.15,0.05,
2011-04-25,0.063,0.1,0.05,
2011-04-26,0.064,0.1,0.05,
2011-04-27,0.063,0.15,0.05,
2011-04-28,0.064,0.15,0.045,
2011-05-02,0.062,0.15,0.05,
2011-05-06,0.063,0.1,0.05,
2011-05-09,0.065,0.15,0.05,
2011-05-10,0.065,0.15,0.05,
2011-05-11,0.065,0.15,0.05,
2011-05-12,0.067,0.15,0.05,
2011-05-13,0.065,0.15,0.055,
2011-05-16,0.069,0.15,0.05,
2011-05-17,0.069,0.15,0.055,
2011-05-18,0.069,0.125,0.055,
2011-05-19,0.07,0.125,0.06,
2011-05-20,0.07,0.15,0.06,
2011-05-23,0.069,0.15,0.05,
2011-05-24,0.094,0.125,0.06,
2011-05-25,0.078,0.2,0.05,
2011-05-26,0.072,0.15,0.055,
2011-05-27,0.069,0.15,0.05,
2011-05-30,0.069,0.15,0.05,
2011-05-31,0.067,0.15,0.05,
2011-06-01,0.066,0.15,0.05,
2011-06-02,0.068,0.15,0.05,
2011-06-03,0.068,0.15,0.05,
2011-06-06,0.064,0.15,0.05,
2011-06-07,0.066,0.1,0.05,
2011-06-08,0.067,0.15,0.05,
2011-06-09,0.069,0.15,0.055,
2011-06-10,0.068,0.15,0.055,
2011-06-13,0.068,0.15,0.055,
2011-06-14,0.072,0.15,0.05,
2011-06-15,0.07,0.1,0.05,
2011-06-16,0.069,0.13,0.06,
2011-06-17,0.068,0.15,0.05,
2011-06-20,0.069,0.15,0.055,
2011-06-21,0.073,0.125,0.06,
2011-06-22,0.069,0.13,0.06,
2011-06-23,0.071,0.15,0.055,
2011-06-24,0.07,0.15,0.055,
2011-06-27,0.068,0.15,0.055,
2011-06-28,0.068,0.15,0.055,
2011-06-29,0.069,0.15,0.055,
2011-06-30,0.067,0.1,0.05,
2011-07-01,0.067,0.15,0.05,
2011-07-04,0.068,0.1,0.05,
2011-07-05,0.068,0.15,0.055,
2011-07-06,0.07,0.105,0.055,
2011-07-07,0.07,0.1,0.06,
2011-07-08,0.073,0.1,0.055,
2011-07-11,0.076,0.125,0.055,
2011-07-12,0.076,0.15,0.055,
2011-07-13,0.076,0.15,0.06,
2011-07-14,0.084,0.15,0.065,
2011-07-15,0.075,0.15,0.055,
2011-07-19,0.072,0.125,0.055,
2011-07-20,0.073,0.15,0.055,
2011-07-21,0.075,0.15,0.055,
2011-07-22,0.073,0.15,0.055,
2011-07-25,0.07,0.15,0.05,
2011-07-26,0.073,0.15,0.05,
2011-07-27,0.072,0.15,0.05,
2011-07-28,0.074,0.15,0.06,
2011-07-29,0.078,0.15,0.06,
2011-08-01,0.076,0.15,0.055,
2011-08-02,0.078,0.15,0.06,
2011-08-03,0.083,0.15,0.065,
2011-08-04,0.082,0.15,0.05,
2011-08-05,0.086,0.15,0.06,
2011-08-08,0.079,0.15,0.06,
2011-08-09,0.079,0.15,0.06,
2011-08-10,0.08,0.15,0.06,
2011-08-11,0.077,0.125,0.06,
2011-08-12,0.081,0.125,0.06,
2011-08-15,0.083,0.125,0.06,
2011-08-16,0.081,0.15,0.06,
2011-08-17,0.087,0.15,0.06,
2011-08-18,0.08,0.2,0.065,
2011-08-19,0.084,0.15,0.06,
2011-08-22,0.082,0.15,0.065,
2011-08-23,0.082,0.15,0.06,
2011-08-24,0.087,0.15,0.06,
2011-08-25,0.078,0.15,0.065,
2011-08-26,0.076,0.15,0.06,
2011-08-29,0.079,0.15,0.06,
2011-08-30,0.078,0.1,0.05,
2011-08-31,0.075,0.13,0.05,
2011-09-01,0.08,0.15,0.06,
2011-09-02,0.082,0.15,0.06,
2011-09-05,0.078,0.15,0.06,
2011-09-06,0.085,0.15,0.06,
2011-09-07,0.086,0.125,0.06,
2011-09-08,0.081,0.15,0.065,
2011-09-09,0.081,0.15,0.06,
2011-09-12,0.085,0.15,0.06,
2011-09-13,0.077,0.125,0.03,
2011-09-14,0.077,0.125,0.06,
2011-09-15,0.081,0.15,0.06,
2011-09-16,0.078,0.15,0.06,
2011-09-20,0.08,0.15,0.06,
2011-09-21,0.08,0.15,0.055,
2011-09-22,0.081,0.15,0.06,
2011-09-26,0.079,0.15,0.06,
2011-09-27,0.074,0.15,0.05,
2011-09-28,0.078,0.125,0.06,
2011-09-29,0.083,0.15,0.06,
2011-09-30,0.075,0.1,0.05,
2011-10-03,0.081,0.15,0.06,
2011-10-04,0.083,0.122,0.06,
2011-10-05,0.078,0.15,0.05,
2011-10-06,0.081,0.15,0.06,
2011-10-07,0.083,0.15,0.06,
2011-10-11,0.082,0.15,0.07,
2011-10-12,0.095,0.15,0.06,
2011-10-13,0.09,0.15,0.05,
2011-10-14,0.077,0.15,0.05,
2011-10-17,0.077,0.15,0.05,
2011-10-18,0.077,0.125,0.06,
2011-10-19,0.079,0.125,0.06,
2011-10-20,0.079,0.1,0.06,
2011-10-21,0.08,0.15,0.06,
2011-10-24,0.081,0.1,0.065,
2011-10-25,0.085,0.15,0.06,
2011-10-26,0.087,0.15,0.06,
2011-10-27,0.076,0.15,0.06,
2011-10-28,0.075,0.15,0.06,
2011-10-31,0.081,0.1,0.06,
2011-11-01,0.077,0.15,0.05,
2011-11-02,0.078,0.15,0.06,
2011-11-04,0.077,0.15,0.05,
2011-11-07,0.073,0.125,0.03,
2011-11-08,0.074,0.15,0.05,
2011-11-09,0.075,0.15,0.06,
2011-11-10,0.075,0.15,0.03,
2011-11-11,0.073,0.15,0.03,
2011-11-14,0.074,0.125,0.03,
2011-11-15,0.075,0.125,0.05,
2011-11-16,0.077,0.15,0.05,
2011-11-17,0.078,0.15,0.03,
2011-11-18,0.076,0.15,0.06,
2011-11-21,0.081,0.15,0.06,
2011-11-22,0.079,0.15,0.06,
2011-11-24,0.082,0.2,0.055,
2011-11-25,0.078,0.15,0.03,
2011-11-28,0.076,0.15,0.03,
2011-11-29,0.076,0.15,0.03,
2011-11-30,0.081,0.15,0.03,
2011-12-01,0.082,0.15,0.05,
2011-12-02,0.077,0.125,0.06,
2011-12-05,0.078,0.15,0.06,
2011-12-06,0.077,0.15,0.06,
2011-12-07,0.078,0.125,0.06,
2011-12-08,0.077,0.125,0.05,
2011-12-09,0.076,0.15,0.06,
2011-12-12,0.078,0.15,0.065,
2011-12-13,0.079,0.15,0.06,
2011-12-14,0.079,0.125,0.03,
2011-12-15,0.078,0.15,0.03,
2011-12-16,0.08,0.15,0.05,
2011-12-19,0.085,0.15,0.065,
2011-12-20,0.083,0.15,0.05,
2011-12-21,0.082,0.1,0.065,
2011-12-22,0.079,0.15,0.05,
2011-12-26,0.073,0.15,0.05,
2011-12-27,0.071,0.15,0.05,
2011-12-28,0.074,0.122,0.06,
2011-12-29,0.073,0.1,0.05,
2011-12-30,0.075,0.125,0.06,
2012-01-04,0.079,0.15,0.06,
2012-01-05,0.074,0.1,0.06,
2012-01-06,0.08,0.15,0.06,
2012-01-10,0.081,0.15,0.06,
2012-01-11,0.09,0.123,0.05,
2012-01-12,0.079,0.125,0.06,
2012-01-13,0.076,0.15,0.06,
2012-01-16,0.074,0.15,0.06,
2012-01-17,0.083,0.15,0.05,
2012-01-18,0.083,0.126,0.06,
2012-01-19,0.086,0.2,0.06,
2012-01-20,0.086,0.15,0.06,
2012-01-23,0.08,0.15,0.06,
2012-01-24,0.079,0.125,0.06,
2012-01-25,0.08,0.15,0.06,
2012-01-26,0.081,0.15,0.05,
2012-01-27,0.081,0.15,0.05,
2012-01-30,0.082,0.15,0.06,
2012-01-31,0.075,0.15,0.05,
2012-02-01,0.073,0.15,0.05,
2012-02-02,0.076,0.15,0.06,
2012-02-03,0.079,0.125,0.06,
2012-02-06,0.083,0.15,0.05,
2012-02-07,0.085,0.125,0.06,
2012-02-08,0.085,0.125,0.06,
2012-02-09,0.087,0.125,0.06,
2012-02-10,0.084,0.15,0.06,
2012-02-13,0.079,0.125,0.06,
2012-02-14,0.096,0.15,0.07,
2012-02-15,0.084,0.15,0.06,
2012-02-16,0.093,0.15,0.06,
2012-02-17,0.078,0.15,0.06,
2012-02-20,0.09,0.15,0.07,
2012-02-21,0.095,0.15,0.055,
2012-02-22,0.088,0.126,0.065,
2012-02-23,0.091,0.15,0.055,
2012-02-24,0.079,0.15,0.06,
2012-02-27,0.093,0.15,0.06,
2012-02-28,0.083,0.15,0.05,
2012-02-29,0.081,0.15,0.05,
2012-03-01,0.087,0.15,0.06,
2012-03-02,0.08,0.125,0.06,
2012-03-05,0.089,0.15,0.07,
2012-03-06,0.086,0.15,0.06,
2012-03-07,0.087,0.125,0.065,
2012-03-08,0.096,0.15,0.07,
2012-03-09,0.086,0.15,0.06,
2012-03-12,0.086,0.13,0.07,
2012-03-13,0.091,0.125,0.06,
2012-03-14,0.088,0.125,0.06,
2012-03-15,0.087,0.15,0.05,
2012-03-16,0.083,0.15,0.06,
2012-03-19,0.086,0.15,0.05,
2012-03-21,0.082,0.15,0.05,
2012-03-22,0.083,0.15,0.06,
2012-03-23,0.084,0.15,0.06,
2012-03-26,0.078,0.15,0.06,
2012-03-27,0.073,0.15,0.05,
2012-03-28,0.078,0.15,0.05,
2012-03-29,0.077,0.15,0.05,
2012-03-30,0.076,0.14,0.05,
2012-04-02,0.074,0.15,0.045,
2012-04-03,0.073,0.125,0.05,
2012-04-04,0.082,0.15,0.05,
2012-04-05,0.068,0.125,0.05,
2012-04-06,0.068,0.1,0.03,
2012-04-09,0.068,0.15,0.05,
2012-04-10,0.07,0.15,0.05,
2012-04-11,0.074,0.15,0.055,
2012-04-12,0.073,0.15,0.03,
2012-04-13,0.067,0.15,0.05,
2012-04-16,0.073,0.125,0.05,
2012-04-17,0.07,0.15,0.05,
2012-04-18,0.072,0.15,0.05,
2012-04-19,0.073,0.123,0.06,
2012-04-20,0.081,0.15,0.06,
2012-04-23,0.083,0.15,0.065,
2012-04-24,0.081,0.15,0.06,
2012-04-25,0.084,0.15,0.06,
2012-04-26,0.076,0.1,0.065,
2012-04-27,0.08,0.15,0.05,
2012-05-01,0.079,0.2,0.065,
2012-05-02,0.08,0.1,0.065,
2012-05-07,0.077,0.15,0.06,
2012-05-08,0.077,0.15,0.06,
2012-05-09,0.081,0.15,0.065,
2012-05-10,0.079,0.15,0.06,
2012-05-11,0.081,0.1,0.06,
2012-05-14,0.086,0.1,0.07,
2012-05-15,0.085,0.15,0.07,
2012-05-16,0.079,0.15,0.05,
2012-05-17,0.082,0.15,0.06,
2012-05-18,0.084,0.125,0.06,
2012-05-21,0.088,0.15,0.06,
2012-05-22,0.086,0.125,0.06,
2012-05-23,0.083,0.15,0.05,
2012-05-24,0.085,0.123,0.06,
2012-05-25,0.087,0.15,0.06,
2012-05-28,0.087,0.15,0.065,
2012-05-29,0.087,0.15,0.065,
2012-05-30,0.087,0.15,0.06,
2012-05-31,0.095,0.123,0.065,
2012-06-01,0.08,0.15,0.055,
2012-06-04,0.079,0.15,0.065,
2012-06-05,0.075,0.15,0.05,
2012-06-06,0.076,0.15,0.055,
2012-06-07,0.074,0.125,0.055,
2012-06-08,0.073,0.15,0.05,
2012-06-11,0.073,0.15,0.05,
2012-06-12,0.074,0.15,0.05,
2012-06-13,0.081,0.15,0.05,
2012-06-14,0.08,0.15,0.05,
2012-06-15,0.073,0.15,0.06,
2012-06-18,0.076,0.15,0.065,
2012-06-19,0.078,0.15,0.065,
2012-06-20,0.077,0.15,0.06,
2012-06-21,0.078,0.123,0.06,
2012-06-22,0.078,0.15,0.06,
2012-06-25,0.077,0.15,0.06,
2012-06-26,0.075,0.105,0.065,
2012-06-27,0.075,0.1,0.065,
2012-06-28,0.076,0.15,0.06,
2012-06-29,0.076,0.13,0.05,
2012-07-02,0.075,0.15,0.06,
2012-07-03,0.075,0.15,0.06,
2012-07-04,0.079,0.15,0.065,
2012-07-05,0.08,0.123,0.06,
2012-07-06,0.085,0.15,0.06,
2012-07-09,0.083,0.15,0.06,
2012-07-10,0.084,0.15,0.06,
2012-07-11,0.083,0.15,0.065,
2012-07-12,0.086,0.15,0.07,
2012-07-13,0.088,0.15,0.065,
2012-07-17,0.086,0.15,0.06,
2012-07-18,0.087,0.15,0.065,
2012-07-19,0.092,0.15,0.07,
2012-07-20,0.09,0.123,0.06,
2012-07-23,0.082,0.15,0.065,
2012-07-24,0.083,0.125,0.07,
2012-07-25,0.084,0.15,0.065,
2012-07-26,0.08,0.15,0.06,
2012-07-27,0.08,0.15,0.06,
2012-07-30,0.084,0.15,0.065,
2012-07-31,0.09,0.123,0.07,
2012-08-01,0.091,0.123,0.07,
2012-08-02,0.094,0.125,0.07,
2012-08-03,0.09,0.15,0.065,
2012-08-06,0.086,0.15,0.06,
2012-08-07,0.086,0.15,0.07,
2012-08-08,0.086,0.125,0.07,
2012-08-09,0.09,0.15,0.07,
2012-08-10,0.096,0.125,0.07,
2012-08-13,0.089,0.15,0.07,
2012-08-14,0.089,0.125,0.07,
2012-08-15,0.081,0.15,0.065,
2012-08-16,0.083,0.15,0.07,
2012-08-17,0.082,0.15,0.07,
2012-08-20,0.084,0.15,0.065,
2012-08-21,0.084,0.15,0.065,
2012-08-22,0.09,0.15,0.065,
2012-08-23,0.084,0.15,0.065,
2012-08-24,0.082,0.123,0.065,
2012-08-27,0.079,0.15,0.06,
2012-08-28,0.078,0.15,0.065,
2012-08-29,0.081,0.15,0.065,
2012-08-30,0.088,0.15,0.065,
2012-08-31,0.093,0.15,0.075,
2012-09-03,0.08,0.125,0.065,
2012-09-04,0.083,0.15,0.05,
2012-09-05,0.084,0.15,0.065,
2012-09-06,0.084,0.15,0.065,
2012-09-07,0.088,0.15,0.065,
2012-09-10,0.08,0.15,0.05,
2012-09-11,0.084,0.15,0.055,
2012-09-12,0.09,0.15,0.065,
2012-09-13,0.089,0.127,0.065,
2012-09-14,0.091,0.125,0.065,
2012-09-18,0.088,0.125,0.06,
2012-09-19,0.086,0.15,0.055,
2012-09-20,0.081,0.15,0.065,
2012-09-21,0.081,0.15,0.06,
2012-09-24,0.091,0.15,0.055,
2012-09-25,0.084,0.15,0.065,
2012-09-26,0.081,0.125,0.065,
2012-09-27,0.089,0.123,0.065,
2012-09-28,0.078,0.123,0.02,
2012-10-01,0.086,0.15,0.05,
2012-10-02,0.084,0.1,0.02,
2012-10-03,0.084,0.15,0.03,
2012-10-04,0.085,0.15,0.03,
2012-10-05,0.086,0.15,0.065,
2012-10-09,0.087,0.15,0.065,
2012-10-10,0.086,0.15,0.065,
2012-10-11,0.091,0.15,0.065,
2012-10-12,0.082,0.123,0.065,
2012-10-15,0.081,0.15,0.06,
2012-10-16,0.08,0.123,0.065,
2012-10-17,0.079,0.15,0.06,
2012-10-18,0.082,0.15,0.06,
2012-10-19,0.084,0.15,0.065,
2012-10-22,0.088,0.15,0.065,
2012-10-23,0.083,0.15,0.065,
2012-10-24,0.086,0.123,0.06,
2012-10-25,0.092,0.15,0.065,
2012-10-26,0.086,0.15,0.065,
2012-10-29,0.085,0.123,0.03,
2012-10-30,0.082,0.15,0.03,
2012-10-31,0.089,0.12,0.065,
2012-11-01,0.089,0.125,0.065,
2012-11-02,0.08,0.15,0.065,
2012-11-05,0.082,0.15,0.06,
2012-11-06,0.088,0.125,0.065,
2012-11-07,0.093,0.15,0.065,
2012-11-08,0.089,0.15,0.06,
2012-11-09,0.089,0.15,0.065,
2012-11-12,0.085,0.15,0.065,
2012-11-13,0.079,0.15,0.06,
2012-11-14,0.079,0.15,0.03,
2012-11-15,0.076,0.15,0.03,
2012-11-16,0.079,0.15,0.03,
2012-11-19,0.076,0.15,0.03,
2012-11-20,0.086,0.15,0.03,
2012-11-21,0.089,0.15,0.065,
2012-11-22,0.086,0.123,0.065,
2012-11-26,0.082,0.123,0.03,
2012-11-27,0.085,0.125,0.065,
2012-11-28,0.107,0.13,0.065,
2012-11-29,0.087,0.125,0.065,
2012-11-30,0.091,0.123,0.065,
2012-12-03,0.082,0.15,0.065,
2012-12-04,0.089,0.125,0.065,
2012-12-05,0.087,0.15,0.06,
2012-12-06,0.091,0.15,0.05,
2012-12-07,0.081,0.15,0.06,
2012-12-10,0.079,0.15,0.065,
2012-12-11,0.076,0.125,0.065,
2012-12-12,0.078,0.15,0.06,
2012-12-13,0.085,0.15,0.065,
2012-12-14,0.084,0.123,0.065,
2012-12-17,0.084,0.15,0.06,
2012-12-18,0.081,0.15,0.065,
2012-12-19,0.09,0.125,0.065,
2012-12-20,0.085,0.125,0.065,
2012-12-21,0.081,0.15,0.03,
2012-12-25,0.081,0.15,0.065,
2012-12-26,0.077,0.125,0.03,
2012-12-27,0.074,0.125,0.06,
2012-12-28,0.076,0.125,0.06,
2013-01-04,0.075,0.15,0.06,
2013-01-07,0.076,0.15,0.03,
2013-01-08,0.081,0.15,0.065,
2013-01-09,0.084,0.125,0.065,
2013-01-10,0.081,0.125,0.03,
2013-01-11,0.076,0.15,0.03,
2013-01-15,0.082,0.15,0.03,
2013-01-16,0.083,0.15,0.03,
2013-01-17,0.08,0.15,0.055,
2013-01-18,0.085,0.15,0.065,
2013-01-21,0.084,0.15,0.06,
2013-01-22,0.077,0.15,0.055,
2013-01-23,0.083,0.15,0.065,
2013-01-24,0.09,0.15,0.065,
2013-01-25,0.083,0.15,0.065,
2013-01-28,0.106,0.15,0.065,
2013-01-29,0.079,0.125,0.065,
2013-01-30,0.087,0.125,0.065,
2013-01-31,0.082,0.15,0.06,
2013-02-01,0.078,0.15,0.06,
2013-02-04,0.084,0.125,0.06,
2013-02-05,0.082,0.15,0.06,
2013-02-06,0.089,0.15,0.065,
2013-02-07,0.086,0.15,0.065,
2013-02-08,0.084,0.15,0.065,
2013-02-12,0.089,0.125,0.065,
2013-02-13,0.092,0.15,0.065,
2013-02-14,0.089,0.13,0.07,
2013-02-15,0.077,0.125,0.06,
2013-02-18,0.089,0.15,0.06,
2013-02-19,0.086,0.15,0.06,
2013-02-20,0.09,0.15,0.06,
2013-02-21,0.096,0.15,0.065,
2013-02-22,0.083,0.15,0.065,
2013-02-25,0.09,0.125,0.065,
2013-02-26,0.085,0.15,0.065,
2013-02-27,0.093,0.125,0.065,
2013-02-28,0.083,0.15,0.065,
2013-03-01,0.085,0.15,0.065,
2013-03-04,0.087,0.125,0.065,
2013-03-05,0.088,0.15,0.065,
2013-03-06,0.092,0.125,0.065,
2013-03-07,0.088,0.15,0.065,
2013-03-08,0.083,0.15,0.065,
2013-03-11,0.084,0.15,0.065,
2013-03-12,0.088,0.125,0.065,
2013-03-13,0.081,0.15,0.06,
2013-03-14,0.081,0.15,0.065,
2013-03-15,0.077,0.123,0.06,
2013-03-18,0.077,0.15,0.06,
2013-03-19,0.079,0.15,0.065,
2013-03-21,0.074,0.15,0.06,
2013-03-22,0.073,0.15,0.05,
2013-03-25,0.07,0.15,0.055,
2013-03-26,0.076,0.15,0.04,
2013-03-27,0.059,0.15,0.04,
2013-03-28,0.061,0.15,0.04,
2013-03-29,0.058,0.1,0.03,
2013-04-01,0.064,0.123,0.03,
2013-04-02,0.066,0.145,0.05,
2013-04-03,0.067,0.145,0.05,
2013-04-04,0.072,0.145,0.055,
2013-04-05,0.074,0.145,0.06,
2013-04-08,0.072,0.121,0.055,
2013-04-09,0.075,0.125,0.055,
2013-04-10,0.078,0.125,0.06,
2013-04-11,0.073,0.121,0.055,
2013-04-12,0.073,0.145,0.06,
2013-04-15,0.077,0.145,0.04,
2013-04-16,0.07,0.145,0.06,
2013-04-17,0.071,0.09,0.06,
2013-04-18,0.071,0.145,0.06,
2013-04-19,0.072,0.145,0.05,
2013-04-22,0.072,0.145,0.06,
2013-04-23,0.074,0.145,0.06,
2013-04-24,0.073,0.085,0.065,
2013-04-25,0.077,0.145,0.06,
2013-04-26,0.073,0.085,0.065,
2013-04-30,0.071,0.121,0.06,
2013-05-01,0.072,0.121,0.05,
2013-05-02,0.074,0.145,0.06,
2013-05-07,0.073,0.135,0.055,
2013-05-08,0.072,0.145,0.06,
2013-05-09,0.092,0.125,0.065,
2013-05-10,0.073,0.145,0.06,
2013-05-13,0.071,0.121,0.03,
2013-05-14,0.073,0.121,0.06,
2013-05-15,0.072,0.145,0.06,
2013-05-16,0.074,0.121,0.06,
2013-05-17,0.072,0.121,0.06,
2013-05-20,0.073,0.121,0.06,
2013-05-21,0.072,0.145,0.06,
2013-05-22,0.073,0.121,0.065,
2013-05-23,0.074,0.125,0.065,
2013-05-24,0.073,0.12,0.06,
2013-05-27,0.072,0.121,0.06,
2013-05-28,0.07,0.145,0.065,
2013-05-29,0.071,0.145,0.06,
2013-05-30,0.072,0.145,0.06,
2013-05-31,0.073,0.095,0.05,
2013-06-03,0.074,0.145,0.065,
2013-06-04,0.075,0.145,0.065,
2013-06-05,0.076,0.145,0.06,
2013-06-06,0.077,0.145,0.06,
2013-06-07,0.075,0.145,0.06,
2013-06-10,0.077,0.145,0.065,
2013-06-11,0.074,0.145,0.065,
2013-06-12,0.073,0.145,0.06,
2013-06-13,0.075,0.145,0.05,
2013-06-14,0.076,0.145,0.065,
2013-06-17,0.072,0.145,0.06,
2013-06-18,0.073,0.145,0.06,
2013-06-19,0.073,0.145,0.06,
2013-06-20,0.075,0.145,0.06,
2013-06-21,0.072,0.145,0.055,
2013-06-24,0.085,0.25,0.06,
2013-06-25,0.071,0.145,0.06,
2013-06-26,0.072,0.145,0.055,
2013-06-27,0.072,0.085,0.06,
2013-06-28,0.07,0.09,0.055,
2013-07-01,0.073,0.145,0.05,
2013-07-02,0.07,0.085,0.055,
2013-07-03,0.072,0.145,0.06,
2013-07-04,0.071,0.145,0.055,
2013-07-05,0.077,0.145,0.05,
2013-07-08,0.075,0.145,0.06,
2013-07-09,0.074,0.125,0.06,
2013-07-10,0.074,0.145,0.06,
2013-07-11,0.073,0.12,0.06,
2013-07-12,0.074,0.085,0.065,
2013-07-16,0.075,0.145,0.06,
2013-07-17,0.073,0.124,0.06,
2013-07-18,0.073,0.145,0.05,
2013-07-19,0.074,0.145,0.06,
2013-07-22,0.073,0.145,0.06,
2013-07-23,0.072,0.145,0.06,
2013-07-24,0.074,0.121,0.05,
2013-07-25,0.075,0.145,0.055,
2013-07-26,0.073,0.145,0.06,
2013-07-29,0.073,0.145,0.06,
2013-07-30,0.073,0.145,0.06,
2013-07-31,0.073,0.085,0.06,
2013-08-01,0.072,0.145,0.06,
2013-08-02,0.072,0.145,0.06,
2013-08-05,0.073,0.125,0.05,
2013-08-06,0.076,0.145,0.05,
2013-08-07,0.073,0.125,0.05,
2013-08-08,0.07,0.125,0.05,
2013-08-09,0.071,0.145,0.05,
2013-08-12,0.072,0.145,0.05,
2013-08-13,0.073,0.145,0.05,
2013-08-14,0.072,0.145,0.05,
2013-08-15,0.072,0.145,0.06,
2013-08-16,0.072,0.085,0.05,
2013-08-19,0.073,0.145,0.05,
2013-08-20,0.074,0.145,0.06,
2013-08-21,0.075,0.125,0.06,
2013-08-22,0.08,0.125,0.06,
2013-08-23,0.074,0.125,0.065,
2013-08-26,0.074,0.145,0.06,
2013-08-27,0.074,0.145,0.06,
2013-08-28,0.074,0.145,0.055,
2013-08-29,0.078,0.145,0.06,
2013-08-30,0.072,0.085,0.06,
2013-09-02,0.072,0.145,0.06,
2013-09-03,0.072,0.12,0.06,
2013-09-04,0.071,0.145,0.05,
2013-09-05,0.071,0.085,0.055,
2013-09-06,0.071,0.085,0.05,
2013-09-09,0.072,0.145,0.06,
2013-09-10,0.097,0.125,0.05,
2013-09-11,0.075,0.125,0.05,
2013-09-12,0.072,0.125,0.05,
2013-09-13,0.07,0.122,0.05,
2013-09-17,0.069,0.13,0.05,
2013-09-18,0.07,0.145,0.05,
2013-09-19,0.07,0.125,0.05,
2013-09-20,0.071,0.145,0.05,
2013-09-24,0.069,0.125,0.05,
2013-09-25,0.069,0.145,0.05,
2013-09-26,0.067,0.125,0.05,
2013-09-27,0.069,0.145,0.05,
2013-09-30,0.062,0.085,0.04,
2013-10-01,0.066,0.145,0.055,
2013-10-02,0.068,0.121,0.05,
2013-10-03,0.068,0.145,0.05,
2013-10-04,0.069,0.145,0.06,
2013-10-07,0.067,0.145,0.05,
2013-10-08,0.067,0.145,0.03,
2013-10-09,0.068,0.145,0.05,
2013-10-10,0.07,0.145,0.05,
2013-10-11,0.07,0.145,0.04,
2013-10-15,0.071,0.145,0.06,
2013-10-16,0.07,0.145,0.05,
2013-10-17,0.069,0.145,0.03,
2013-10-18,0.068,0.145,0.05,
2013-10-21,0.069,0.145,0.055,
2013-10-22,0.07,0.085,0.05,
2013-10-23,0.078,0.145,0.05,
2013-10-24,0.077,0.145,0.03,
2013-10-25,0.072,0.145,0.03,
2013-10-28,0.07,0.145,0.06,
2013-10-29,0.07,0.145,0.06,
2013-10-30,0.072,0.145,0.06,
2013-10-31,0.072,0.085,0.06,
2013-11-01,0.073,0.145,0.06,
2013-11-05,0.072,0.145,0.055,
2013-11-06,0.072,0.145,0.06,
2013-11-07,0.072,0.125,0.06,
2013-11-08,0.072,0.085,0.05,
2013-11-11,0.074,0.145,0.06,
2013-11-12,0.074,0.145,0.06,
2013-11-13,0.073,0.145,0.02,
2013-11-14,0.073,0.145,0.02,
2013-11-15,0.072,0.145,0.05,
2013-11-18,0.073,0.125,0.06,
2013-11-19,0.074,0.145,0.05,
2013-11-20,0.075,0.145,0.06,
2013-11-21,0.076,0.145,0.06,
2013-11-22,0.072,0.145,0.06,
2013-11-25,0.074,0.145,0.06,
2013-11-26,0.072,0.145,0.055,
2013-11-27,0.08,0.145,0.06,
2013-11-28,0.072,0.145,0.06,
2013-11-29,0.071,0.085,0.06,
2013-12-02,0.072,0.145,0.05,
2013-12-03,0.072,0.145,0.06,
2013-12-04,0.072,0.145,0.06,
2013-12-05,0.072,0.145,0.06,
2013-12-06,0.072,0.085,0.06,
2013-12-09,0.075,0.145,0.06,
2013-12-10,0.079,0.145,0.06,
2013-12-11,0.091,0.145,0.03,
2013-12-12,0.073,0.125,0.06,
2013-12-13,0.071,0.085,0.03,
2013-12-16,0.074,0.125,0.06,
2013-12-17,0.073,0.121,0.06,
2013-12-18,0.073,0.125,0.055,
2013-12-19,0.073,0.085,0.055,
2013-12-20,0.074,0.145,0.06,
2013-12-24,0.073,0.145,0.06,
2013-12-25,0.072,0.085,0.06,
2013-12-26,0.072,0.122,0.06,
2013-12-27,0.073,0.145,0.06,
2013-12-30,0.068,0.12,0.03,
2014-01-06,0.072,0.13,0.06,
2014-01-07,0.071,0.085,0.06,
2014-01-08,0.071,0.085,0.06,
2014-01-09,0.073,0.125,0.055,
2014-01-10,0.074,0.085,0.06,
2014-01-14,0.072,0.145,0.06,
2014-01-15,0.072,0.145,0.06,
2014-01-16,0.071,0.125,0.055,
2014-01-17,0.071,0.085,0.06,
2014-01-20,0.072,0.085,0.06,
2014-01-21,0.071,0.085,0.06,
2014-01-22,0.071,0.085,0.06,
2014-01-23,0.072,0.145,0.055,
2014-01-24,0.072,0.145,0.055,
2014-01-27,0.072,0.145,0.06,
2014-01-28,0.07,0.145,0.06,
2014-01-29,0.091,0.145,0.06,
2014-01-30,0.07,0.145,0.06,
2014-01-31,0.071,0.085,0.06,
2014-02-03,0.074,0.125,0.06,
2014-02-04,0.082,0.145,0.055,
2014-02-05,0.08,0.145,0.06,
2014-02-06,0.079,0.145,0.055,
2014-02-07,0.072,0.145,0.055,
2014-02-10,0.074,0.145,0.06,
2014-02-12,0.079,0.145,0.06,
2014-02-13,0.077,0.127,0.055,
2014-02-14,0.071,0.145,0.055,
2014-02-17,0.075,0.145,0.055,
2014-02-18,0.071,0.13,0.06,
2014-02-19,0.079,0.145,0.05,
2014-02-20,0.086,0.145,0.05,
2014-02-21,0.079,0.145,0.055,
2014-02-24,0.073,0.145,0.05,
2014-02-25,0.08,0.145,0.05,
2014-02-26,0.079,0.145,0.055,
2014-02-27,0.073,0.15,0.055,
2014-02-28,0.072,0.125,0.06,
2014-03-03,0.074,0.145,0.06,
2014-03-04,0.074,0.145,0.055,
2014-03-05,0.078,0.145,0.06,
2014-03-06,0.075,0.145,0.055,
2014-03-07,0.073,0.145,0.06,
2014-03-10,0.075,0.145,0.055,
2014-03-11,0.075,0.145,0.05,
2014-03-12,0.075,0.145,0.055,
2014-03-13,0.073,0.145,0.06,
2014-03-14,0.072,0.12,0.055,
2014-03-17,0.074,0.145,0.03,
2014-03-18,0.08,0.125,0.03,
2014-03-19,0.077,0.145,0.05,
2014-03-20,0.072,0.15,0.055,
2014-03-24,0.073,0.145,0.045,
2014-03-25,0.069,0.085,0.02,
2014-03-26,0.07,0.145,0.06,
2014-03-27,0.07,0.121,0.06,
2014-03-28,0.069,0.145,0.03,
2014-03-31,0.044,0.085,0.01,
2014-04-01,0.065,0.145,0.05,
2014-04-02,0.064,0.145,0.05,
2014-04-03,0.064,0.145,0.05,
2014-04-04,0.066,0.145,0.05,
2014-04-07,0.065,0.145,0.055,
2014-04-08,0.065,0.145,0.03,
2014-04-09,0.064,0.145,0.035,
2014-04-10,0.065,0.145,0.03,
2014-04-11,0.065,0.085,0.05,
2014-04-14,0.065,0.125,0.055,
2014-04-15,0.064,0.145,0.05,
2014-04-16,0.064,0.08,0.05,
2014-04-17,0.064,0.145,0.055,
2014-04-18,0.065,0.145,0.05,
2014-04-21,0.065,0.145,0.055,
2014-04-22,0.065,0.145,0.05,
2014-04-23,0.065,0.125,0.05,
2014-04-24,0.065,0.075,0.05,
2014-04-25,0.067,0.075,0.06,
2014-04-28,0.067,0.145,0.055,
2014-04-30,0.065,0.145,0.05,
2014-05-01,0.065,0.135,0.06,
2014-05-02,0.067,0.135,0.055,
2014-05-07,0.064,0.135,0.05,
2014-05-08,0.065,0.135,0.055,
2014-05-09,0.065,0.135,0.01,
2014-05-12,0.065,0.135,0.055,
2014-05-13,0.066,0.135,0.05,
2014-05-14,0.067,0.135,0.06,
2014-05-15,0.065,0.135,0.055,
2014-05-16,0.067,0.135,0.055,
2014-05-19,0.067,0.135,0.055,
2014-05-20,0.067,0.135,0.06,
2014-05-21,0.089,0.135,0.05,
2014-05-22,0.067,0.135,0.055,
2014-05-23,0.068,0.135,0.05,
2014-05-26,0.068,0.135,0.05,
2014-05-27,0.066,0.135,0.045,
2014-05-28,0.065,0.135,0.045,
2014-05-29,0.07,0.135,0.06,
2014-05-30,0.069,0.135,0.06,
2014-06-02,0.067,0.135,0.05,
2014-06-03,0.066,0.075,0.035,
2014-06-04,0.066,0.075,0.055,
2014-06-05,0.067,0.135,0.05,
2014-06-06,0.069,0.135,0.06,
2014-06-09,0.069,0.135,0.03,
2014-06-10,0.07,0.135,0.05,
2014-06-11,0.071,0.135,0.045,
2014-06-12,0.071,0.125,0.05,
2014-06-13,0.069,0.09,0.055,
2014-06-16,0.067,0.125,0.04,
2014-06-17,0.066,0.125,0.05,
2014-06-18,0.068,0.125,0.05,
2014-06-19,0.066,0.08,0.035,
2014-06-20,0.066,0.135,0.055,
2014-06-23,0.065,0.135,0.05,
2014-06-24,0.066,0.135,0.055,
2014-06-25,0.069,0.135,0.03,
2014-06-26,0.066,0.135,0.05,
2014-06-27,0.066,0.135,0.05,
2014-06-30,0.058,0.08,0.04,
2014-07-01,0.065,0.135,0.055,
2014-07-02,0.065,0.135,0.05,
2014-07-03,0.065,0.135,0.04,
2014-07-04,0.066,0.135,0.05,
2014-07-07,0.065,0.135,0.06,
2014-07-08,0.066,0.135,0.05,
2014-07-09,0.066,0.15,0.05,
2014-07-10,0.064,0.135,0.03,
2014-07-11,0.065,0.135,0.03,
2014-07-14,0.066,0.135,0.05,
2014-07-15,0.065,0.135,0.04,
2014-07-16,0.065,0.135,0.055,
2014-07-17,0.065,0.135,0.055,
2014-07-18,0.068,0.135,0.055,
2014-07-22,0.066,0.135,0.05,
2014-07-23,0.067,0.135,0.05,
2014-07-24,0.067,0.135,0.045,
2014-07-25,0.07,0.135,0.05,
2014-07-28,0.066,0.08,0.055,
2014-07-29,0.066,0.135,0.05,
2014-07-30,0.065,0.135,0.05,
2014-07-31,0.065,0.135,0.05,
2014-08-01,0.068,0.135,0.06,
2014-08-04,0.067,0.135,0.055,
2014-08-05,0.072,0.135,0.045,
2014-08-06,0.069,0.135,0.045,
2014-08-07,0.07,0.135,0.058,
2014-08-08,0.068,0.135,0.06,
2014-08-11,0.066,0.135,0.045,
2014-08-12,0.067,0.125,0.045,
2014-08-13,0.067,0.135,0.045,
2014-08-14,0.068,0.135,0.04,
2014-08-15,0.068,0.135,0.04,
2014-08-18,0.066,0.135,0.045,
2014-08-19,0.067,0.135,0.04,
2014-08-20,0.073,0.135,0.055,
2014-08-21,0.067,0.135,0.04,
2014-08-22,0.068,0.135,0.04,
2014-08-25,0.068,0.135,0.055,
2014-08-26,0.071,0.135,0.05,
2014-08-27,0.067,0.135,0.055,
2014-08-28,0.074,0.135,0.06,
2014-08-29,0.07,0.135,0.05,
2014-09-01,0.068,0.135,0.05,
2014-09-02,0.07,0.135,0.05,
2014-09-03,0.069,0.135,0.05,
2014-09-04,0.074,0.135,0.05,
2014-09-05,0.07,0.135,0.06,
2014-09-08,0.067,0.135,0.05,
2014-09-09,0.067,0.135,0.055,
2014-09-10,0.071,0.135,0.055,
2014-09-11,0.067,0.135,0.05,
2014-09-12,0.07,0.135,0.06,
2014-09-16,0.067,0.125,0.05,
2014-09-17,0.066,0.125,0.055,
2014-09-18,0.068,0.135,0.055,
2014-09-19,0.069,0.135,0.06,
2014-09-22,0.065,0.135,0.03,
2014-09-24,0.066,0.135,0.055,
2014-09-25,0.073,0.135,0.055,
2014-09-26,0.066,0.135,0.05,
2014-09-29,0.066,0.135,0.05,
2014-09-30,0.029,0.075,0.001,
2014-10-01,0.049,0.135,0.02,
2014-10-02,0.056,0.135,0.04,
2014-10-03,0.061,0.135,0.045,
2014-10-06,0.06,0.135,0.045,
2014-10-07,0.059,0.135,0.045,
2014-10-08,0.059,0.135,0.03,
2014-10-09,0.059,0.135,0.045,
2014-10-10,0.06,0.135,0.03,
2014-10-14,0.06,0.135,0.045,
2014-10-15,0.061,0.135,0.045,
2014-10-16,0.058,0.135,0.03,
2014-10-17,0.059,0.135,0.03,
2014-10-20,0.06,0.135,0.045,
2014-10-21,0.06,0.135,0.045,
2014-10-22,0.061,0.135,0.045,
2014-10-23,0.06,0.135,0.045,
2014-10-24,0.06,0.135,0.045,
2014-10-27,0.059,0.135,0.045,
2014-10-28,0.059,0.135,0.045,
2014-10-29,0.059,0.075,0.045,
2014-10-30,0.059,0.075,0.045,
2014-10-31,0.06,0.125,0.045,
2014-11-04,0.061,0.135,0.045,
2014-11-05,0.061,0.135,0.03,
2014-11-06,0.061,0.135,0.03,
2014-11-07,0.062,0.135,0.05,
2014-11-10,0.068,0.135,0.03,
2014-11-11,0.068,0.135,0.045,
2014-11-12,0.065,0.135,0.045,
2014-11-13,0.063,0.135,0.05,
2014-11-14,0.066,0.135,0.04,
2014-11-17,0.064,0.135,0.05,
2014-11-18,0.065,0.125,0.05,
2014-11-19,0.065,0.125,0.05,
2014-11-20,0.066,0.135,0.05,
2014-11-21,0.069,0.135,0.055,
2014-11-25,0.065,0.135,0.05,
2014-11-26,0.066,0.135,0.05,
2014-11-27,0.066,0.125,0.05,
2014-11-28,0.067,0.135,0.05,
2014-12-01,0.065,0.135,0.055,
2014-12-02,0.065,0.075,0.055,
2014-12-03,0.065,0.08,0.03,
2014-12-04,0.065,0.135,0.05,
2014-12-05,0.067,0.08,0.03,
2014-12-08,0.065,0.075,0.055,
2014-12-09,0.073,0.125,0.05,
2014-12-10,0.067,0.125,0.05,
2014-12-11,0.085,0.135,0.055,
2014-12-12,0.068,0.135,0.05,
2014-12-15,0.069,0.125,0.05,
2014-12-16,0.067,0.125,0.055,
2014-12-17,0.068,0.135,0.05,
2014-12-18,0.066,0.125,0.03,
2014-12-19,0.065,0.135,0.05,
2014-12-22,0.066,0.075,0.05,
2014-12-24,0.067,0.135,0.05,
2014-12-25,0.068,0.125,0.04,
2014-12-26,0.068,0.135,0.04,
2014-12-29,0.068,0.125,0.05,
2014-12-30,0.066,0.08,0.055,
2015-01-05,0.07,0.075,0.05,
2015-01-06,0.071,0.125,0.055,
2015-01-07,0.073,0.135,0.055,
2015-01-08,0.074,0.125,0.05,
2015-01-09,0.075,0.135,0.06,
2015-01-13,0.074,0.125,0.06,
2015-01-14,0.073,0.08,0.05,
2015-01-15,0.074,0.09,0.053,
2015-01-16,0.074,0.135,0.06,
2015-01-19,0.074,0.135,0.06,
2015-01-20,0.077,0.125,0.06,
2015-01-21,0.074,0.135,0.06,
2015-01-22,0.075,0.125,0.06,
2015-01-23,0.073,0.08,0.06,
2015-01-26,0.071,0.125,0.06,
2015-01-27,0.073,0.125,0.06,
2015-01-28,0.087,0.125,0.055,
2015-01-29,0.071,0.135,0.06,
2015-01-30,0.071,0.08,0.06,
2015-02-02,0.071,0.135,0.06,
2015-02-03,0.073,0.135,0.05,
2015-02-04,0.075,0.135,0.06,
2015-02-05,0.076,0.135,0.06,
2015-02-06,0.073,0.08,0.03,
2015-02-09,0.081,0.13,0.06,
2015-02-10,0.074,0.125,0.06,
2015-02-12,0.074,0.13,0.05,
2015-02-13,0.073,0.125,0.06,
2015-02-16,0.075,0.13,0.05,
2015-02-17,0.079,0.128,0.06,
2015-02-18,0.077,0.13,0.05,
2015-02-19,0.082,0.13,0.05,
2015-02-20,0.075,0.13,0.06,
2015-02-23,0.078,0.125,0.05,
2015-02-24,0.077,0.13,0.05,
2015-02-25,0.086,0.13,0.03,
2015-02-26,0.075,0.13,0.03,
2015-02-27,0.074,0.13,0.04,
2015-03-02,0.075,0.13,0.06,
2015-03-03,0.075,0.13,0.06,
2015-03-04,0.075,0.13,0.06,
2015-03-05,0.08,0.13,0.055,
2015-03-06,0.075,0.13,0.06,
2015-03-09,0.076,0.13,0.06,
2015-03-10,0.076,0.13,0.055,
2015-03-11,0.083,0.125,0.06,
2015-03-12,0.076,0.13,0.06,
2015-03-13,0.075,0.13,0.05,
2015-03-16,0.075,0.13,0.06,
2015-03-17,0.075,0.13,0.06,
2015-03-18,0.075,0.125,0.02,
2015-03-19,0.071,0.13,0.06,
2015-03-20,0.066,0.13,0.06,
2015-03-23,0.065,0.13,0.055,
2015-03-24,0.064,0.13,0.055,
2015-03-25,0.065,0.13,0.055,
2015-03-26,0.065,0.13,0.055,
2015-03-27,0.067,0.13,0.06,
2015-03-30,0.064,0.13,0.05,
2015-03-31,0.015,0.075,0.001,
2015-04-01,0.056,0.13,0.01,
2015-04-02,0.057,0.13,0.01,
2015-04-03,0.058,0.13,0.045,
2015-04-06,0.057,0.13,0.01,
2015-04-07,0.058,0.13,0.045,
2015-04-08,0.059,0.13,0.045,
2015-04-09,0.059,0.13,0.045,
2015-04-10,0.061,0.125,0.02,
2015-04-13,0.06,0.125,0.01,
2015-04-14,0.059,0.125,0.01,
2015-04-15,0.061,0.125,0.045,
2015-04-16,0.066,0.13,0.045,
2015-04-17,0.063,0.125,0.05,
2015-04-20,0.062,0.125,0.045,
2015-04-21,0.062,0.13,0.05,
2015-04-22,0.062,0.125,0.05,
2015-04-23,0.063,0.075,0.055,
2015-04-24,0.065,0.125,0.055,
2015-04-27,0.064,0.125,0.05,
2015-04-28,0.064,0.125,0.055,
2015-04-30,0.063,0.125,0.05,
2015-05-01,0.068,0.125,0.05,
2015-05-07,0.065,0.13,0.055,
2015-05-08,0.068,0.125,0.055,
2015-05-11,0.067,0.125,0.055,
2015-05-12,0.067,0.125,0.055,
2015-05-13,0.068,0.075,0.045,
2015-05-14,0.068,0.075,0.045,
2015-05-15,0.07,0.125,0.05,
2015-05-18,0.068,0.125,0.055,
2015-05-19,0.069,0.13,0.05,
2015-05-20,0.069,0.125,0.05,
2015-05-21,0.07,0.12,0.05,
2015-05-22,0.072,0.078,0.05,
2015-05-25,0.069,0.075,0.05,
2015-05-26,0.071,0.08,0.055,
2015-05-27,0.074,0.13,0.05,
2015-05-28,0.071,0.125,0.055,
2015-05-29,0.073,0.125,0.055,
2015-06-01,0.073,0.125,0.055,
2015-06-02,0.075,0.125,0.06,
2015-06-03,0.074,0.08,0.055,
2015-06-04,0.073,0.125,0.055,
2015-06-05,0.075,0.08,0.06,
2015-06-08,0.073,0.08,0.055,
2015-06-09,0.074,0.122,0.055,
2015-06-10,0.089,0.125,0.055,
2015-06-11,0.074,0.08,0.06,
2015-06-12,0.074,0.08,0.03,
2015-06-15,0.073,0.125,0.05,
2015-06-16,0.073,0.125,0.055,
2015-06-17,0.076,0.125,0.055,
2015-06-18,0.074,0.125,0.055,
2015-06-19,0.074,0.08,0.055,
2015-06-22,0.073,0.13,0.03,
2015-06-23,0.074,0.125,0.055,
2015-06-24,0.077,0.125,0.055,
2015-06-25,0.073,0.125,0.03,
2015-06-26,0.073,0.125,0.03,
2015-06-29,0.072,0.125,0.055,
2015-06-30,0.011,0.125,0.001,
2015-07-01,0.062,0.125,0.02,
2015-07-02,0.072,0.125,0.02,
2015-07-03,0.075,0.08,0.055,
2015-07-06,0.075,0.125,0.055,
2015-07-07,0.075,0.125,0.02,
2015-07-08,0.075,0.125,0.02,
2015-07-09,0.075,0.125,0.02,
2015-07-10,0.076,0.125,0.055,
2015-07-13,0.075,0.125,0.06,
2015-07-14,0.076,0.13,0.02,
2015-07-15,0.076,0.125,0.055,
2015-07-16,0.075,0.125,0.02,
2015-07-17,0.074,0.08,0.02,
2015-07-21,0.076,0.125,0.06,
2015-07-22,0.075,0.125,0.06,
2015-07-23,0.076,0.125,0.055,
2015-07-24,0.076,0.08,0.055,
2015-07-27,0.075,0.08,0.03,
2015-07-28,0.075,0.125,0.06,
2015-07-29,0.074,0.085,0.02,
2015-07-30,0.075,0.125,0.06,
2015-07-31,0.064,0.075,0.06,
2015-08-03,0.074,0.125,0.06,
2015-08-04,0.076,0.125,0.06,
2015-08-05,0.078,0.125,0.06,
2015-08-06,0.076,0.125,0.059,
2015-08-07,0.076,0.125,0.06,
2015-08-10,0.075,0.125,0.05,
2015-08-11,0.076,0.125,0.055,
2015-08-12,0.077,0.125,0.055,
2015-08-13,0.075,0.125,0.055,
2015-08-14,0.076,0.125,0.06,
2015-08-17,0.077,0.125,0.06,
2015-08-18,0.083,0.125,0.03,
2015-08-19,0.077,0.125,0.06,
2015-08-20,0.076,0.125,0.06,
2015-08-21,0.077,0.125,0.06,
2015-08-24,0.076,0.125,0.06,
2015-08-25,0.076,0.125,0.06,
2015-08-26,0.08,0.125,0.06,
2015-08-27,0.076,0.125,0.06,
2015-08-28,0.076,0.08,0.05,
2015-08-31,0.071,0.08,0.053,
2015-09-01,0.076,0.125,0.053,
2015-09-02,0.077,0.125,0.05,
2015-09-03,0.077,0.125,0.06,
2015-09-04,0.076,0.125,0.06,
2015-09-07,0.075,0.08,0.06,
2015-09-08,0.075,0.13,0.03,
2015-09-09,0.075,0.08,0.03,
2015-09-10,0.076,0.125,0.06,
2015-09-11,0.076,0.125,0.03,
2015-09-14,0.076,0.122,0.03,
2015-09-15,0.076,0.125,0.005,
2015-09-16,0.091,0.125,0.06,
2015-09-17,0.076,0.125,0.03,
2015-09-18,0.077,0.08,0.03,
2015-09-24,0.076,0.08,0.06,
2015-09-25,0.077,0.125,0.06,
2015-09-28,0.076,0.08,0.05,
2015-09-29,0.076,0.08,0.056,
2015-09-30,0.01,0.075,0.001,
2015-10-01,0.076,0.13,0.05,
2015-10-02,0.076,0.08,0.03,
2015-10-05,0.077,0.125,0.06,
2015-10-06,0.077,0.125,0.06,
2015-10-07,0.076,0.125,0.06,
2015-10-08,0.077,0.125,0.06,
2015-10-09,0.075,0.08,0.055,
2015-10-13,0.076,0.125,0.06,
2015-10-14,0.076,0.125,0.065,
2015-10-15,0.076,0.125,0.06,
2015-10-16,0.077,0.125,0.065,
2015-10-19,0.076,0.13,0.06,
2015-10-20,0.076,0.125,0.06,
2015-10-21,0.076,0.125,0.06,
2015-10-22,0.076,0.125,0.06,
2015-10-23,0.077,0.125,0.06,
2015-10-26,0.076,0.125,0.055,
2015-10-27,0.076,0.125,0.03,
2015-10-28,0.076,0.125,0.06,
2015-10-29,0.076,0.125,0.06,
2015-10-30,0.074,0.08,0.05,
2015-11-02,0.076,0.125,0.03,
2015-11-04,0.085,0.125,0.06,
2015-11-05,0.077,0.125,0.06,
2015-11-06,0.077,0.125,0.06,
2015-11-09,0.078,0.125,0.06,
2015-11-10,0.077,0.13,0.06,
2015-11-11,0.078,0.125,0.06,
2015-11-12,0.078,0.125,0.06,
2015-11-13,0.078,0.125,0.065,
2015-11-16,0.078,0.125,0.06,
2015-11-17,0.078,0.125,0.06,
2015-11-18,0.084,0.125,0.06,
2015-11-19,0.078,0.125,0.06,
2015-11-20,0.077,0.08,0.065,
2015-11-24,0.078,0.125,0.06,
2015-11-25,0.078,0.125,0.06,
2015-11-26,0.076,0.125,0.06,
2015-11-27,0.077,0.125,0.06,
2015-11-30,0.076,0.08,0.06,
2015-12-01,0.076,0.08,0.06,
2015-12-02,0.077,0.125,0.06,
2015-12-03,0.077,0.125,0.06,
2015-12-04,0.076,0.08,0.06,
2015-12-07,0.077,0.125,0.06,
2015-12-08,0.076,0.125,0.06,
2015-12-09,0.076,0.125,0.06,
2015-12-10,0.077,0.125,0.06,
2015-12-11,0.076,0.08,0.06,
2015-12-14,0.076,0.125,0.06,
2015-12-15,0.076,0.125,0.06,
2015-12-16,0.076,0.125,0.06,
2015-12-17,0.089,0.125,0.06,
2015-12-18,0.075,0.125,0.06,
2015-12-21,0.075,0.13,0.06,
2015-12-22,0.074,0.125,0.03,
2015-12-24,0.086,0.125,0.03,
2015-12-25,0.073,0.121,0.03,
2015-12-28,0.073,0.125,0.06,
2015-12-29,0.073,0.08,0.05,
2015-12-30,0.038,0.079,0.004,
2016-01-04,0.07,0.125,0.03,
2016-01-05,0.074,0.125,0.06,
2016-01-06,0.075,0.13,0.06,
2016-01-07,0.075,0.125,0.06,
2016-01-08,0.077,0.125,0.05,
2016-01-12,0.075,0.125,0.06,
2016-01-13,0.075,0.125,0.06,
2016-01-14,0.075,0.125,0.06,
2016-01-15,0.075,0.125,0.06,
2016-01-18,0.074,0.125,0.05,
2016-01-19,0.076,0.125,0.03,
2016-01-20,0.074,0.125,0.03,
2016-01-21,0.075,0.125,0.05,
2016-01-22,0.075,0.125,0.06,
2016-01-25,0.075,0.125,0.06,
2016-01-26,0.079,0.125,0.055,
2016-01-27,0.076,0.125,0.06,
2016-01-28,0.074,0.125,0.06,
2016-01-29,0.066,0.125,0.01,
2016-02-01,0.058,0.075,0.04,
2016-02-02,0.061,0.125,0.01,
2016-02-03,0.064,0.125,0.03,
2016-02-04,0.066,0.075,0.03,
2016-02-05,0.068,0.125,0.04,
2016-02-08,0.072,0.125,0.025,
2016-02-09,0.073,0.125,0.04,
2016-02-10,0.072,0.125,0.015,
2016-02-12,0.071,0.125,0.01,
2016-02-15,0.074,0.125,0.01,
2016-02-16,0.001,0.001,0,
2016-02-17,-0.002,0.001,-0.05,
2016-02-18,-0.009,0.001,-0.04,
2016-02-19,-0.008,0.001,-0.04,
2016-02-22,-0.001,0.01,-0.01,
2016-02-23,-0.001,0.01,-0.01,
2016-02-24,-0.003,0.001,-0.05,
2016-02-25,-0.003,0.001,-0.04,
2016-02-26,-0.002,0.001,-0.04,
2016-02-29,-0.001,0.01,-0.01,
2016-03-01,-0.003,0.001,-0.04,
2016-03-02,-0.002,0.001,-0.04,
2016-03-03,-0.002,0.001,-0.04,
2016-03-04,-0.001,0.001,-0.03,
2016-03-07,-0.001,0.001,-0.01,
2016-03-08,0,0.001,-0.01,
2016-03-09,-0.001,0.001,-0.01,
2016-03-10,-0.003,0.001,-0.04,
2016-03-11,-0.001,0.001,-0.01,
2016-03-14,-0.002,0.001,-0.04,
2016-03-15,-0.002,0.01,-0.04,
2016-03-16,0.002,0.125,-0.04,
2016-03-17,-0.003,0.001,-0.04,
2016-03-18,-0.002,0.001,-0.01,
2016-03-22,-0.003,0.01,-0.04,
2016-03-23,-0.004,0.005,-0.015,
2016-03-24,-0.003,0.005,-0.04,
2016-03-25,-0.007,0.001,-0.04,
2016-03-28,-0.007,0.005,-0.04,
2016-03-29,-0.006,0.001,-0.02,
2016-03-30,-0.007,0.001,-0.025,
2016-03-31,-0.002,0.001,-0.015,
2016-04-01,-0.006,0.001,-0.015,
2016-04-04,-0.007,0.001,-0.015,
2016-04-05,-0.007,0.001,-0.02,
2016-04-06,-0.007,0.001,-0.015,
2016-04-07,-0.007,0.001,-0.015,
2016-04-08,-0.012,0.001,-0.04,
2016-04-11,-0.006,0.001,-0.015,
2016-04-12,-0.005,0.001,-0.03,
2016-04-13,-0.01,0.001,-0.04,
2016-04-14,-0.005,0.001,-0.03,
2016-04-15,-0.01,0.001,-0.04,
2016-04-18,-0.074,0.01,-0.086,
2016-04-19,-0.078,-0.01,-0.086,
2016-04-20,-0.08,0,-0.086,
2016-04-21,-0.081,0,-0.086,
2016-04-22,-0.08,0.001,-0.086,
2016-04-25,-0.075,0,-0.086,
2016-04-26,-0.067,-0.01,-0.086,
2016-04-27,-0.058,0.001,-0.086,
2016-04-28,-0.056,0,-0.078,
2016-05-02,-0.067,0,-0.086,
2016-05-06,-0.066,0.001,-0.086,
2016-05-09,-0.066,0,-0.086,
2016-05-10,-0.068,0.001,-0.086,
2016-05-11,-0.065,0.001,-0.086,
2016-05-12,-0.063,0.001,-0.086,
2016-05-13,-0.055,0.001,-0.086,
2016-05-16,-0.063,0.001,-0.086,
2016-05-17,-0.058,-0.01,-0.086,
2016-05-18,-0.059,-0.01,-0.086,
2016-05-19,-0.058,-0.01,-0.086,
2016-05-20,-0.053,0,-0.086,
2016-05-23,-0.057,-0.01,-0.086,
2016-05-24,-0.055,-0.01,-0.086,
2016-05-25,-0.055,-0.01,-0.086,
2016-05-26,-0.054,0,-0.085,
2016-05-27,-0.049,0.001,-0.085,
2016-05-30,-0.054,0.001,-0.08,
2016-05-31,-0.054,0.001,-0.08,
2016-06-01,-0.054,0.001,-0.08,
2016-06-02,-0.055,0.001,-0.08,
2016-06-03,-0.046,0.01,-0.08,
2016-06-06,-0.05,0.001,-0.08,
2016-06-07,-0.049,0.001,-0.08,
2016-06-08,-0.049,0,-0.078,
2016-06-09,-0.05,0.001,-0.08,
2016-06-10,-0.049,0.001,-0.075,
2016-06-13,-0.05,0.05,-0.08,
2016-06-14,-0.05,0.001,-0.086,
2016-06-15,-0.053,0.001,-0.075,
2016-06-16,-0.057,-0.01,-0.086,
2016-06-17,-0.057,-0.02,-0.086,
2016-06-20,-0.057,0.05,-0.08,
2016-06-21,-0.059,-0.01,-0.085,
2016-06-22,-0.061,-0.01,-0.08,
2016-06-23,-0.061,-0.03,-0.085,
2016-06-24,-0.062,-0.03,-0.085,
2016-06-27,-0.061,-0.03,-0.08,
2016-06-28,-0.062,-0.03,-0.08,
2016-06-29,-0.061,0,-0.08,
2016-06-30,-0.064,-0.01,-0.086,
2016-07-01,-0.058,0.05,-0.075,
2016-07-04,-0.057,0,-0.075,
2016-07-05,-0.054,-0.005,-0.078,
2016-07-06,-0.056,-0.02,-0.1,
2016-07-07,-0.055,-0.02,-0.1,
2016-07-08,-0.053,0,-0.075,
2016-07-11,-0.053,0,-0.075,
2016-07-12,-0.05,0,-0.078,
2016-07-13,-0.044,0.001,-0.07,
2016-07-14,-0.038,0.001,-0.06,
2016-07-15,-0.034,0.001,-0.075,
2016-07-19,-0.04,0.001,-0.15,
2016-07-20,-0.037,0.001,-0.07,
2016-07-21,-0.035,0.001,-0.08,
2016-07-22,-0.03,0.001,-0.08,
2016-07-25,-0.033,0.001,-0.1,
2016-07-26,-0.029,0.01,-0.07,
2016-07-27,-0.028,0.001,-0.05,
2016-07-28,-0.031,0.001,-0.07,
2016-07-29,-0.046,0.001,-0.075,
2016-08-01,-0.04,0.001,-0.08,
2016-08-02,-0.039,0.01,-0.08,
2016-08-03,-0.041,0.001,-0.07,
2016-08-04,-0.038,0.001,-0.075,
2016-08-05,-0.037,0.01,-0.07,
2016-08-08,-0.045,0.001,-0.07,
2016-08-09,-0.048,0.001,-0.07,
2016-08-10,-0.047,0.001,-0.07,
2016-08-12,-0.041,0.001,-0.06,
2016-08-15,-0.029,0.001,-0.05,
2016-08-16,-0.044,0.001,-0.08,
2016-08-17,-0.044,0.001,-0.08,
2016-08-18,-0.045,0.05,-0.06,
2016-08-19,-0.047,0.001,-0.08,
2016-08-22,-0.045,0.001,-0.06,
2016-08-23,-0.046,0.001,-0.065,
2016-08-24,-0.047,0.001,-0.065,
2016-08-25,-0.047,0.001,-0.065,
2016-08-26,-0.044,0.01,-0.065,
2016-08-29,-0.046,0.001,-0.07,
2016-08-30,-0.046,0.001,-0.07,
2016-08-31,-0.048,0.001,-0.08,
2016-09-01,-0.049,0.001,-0.07,
2016-09-02,-0.047,0.001,-0.08,
2016-09-05,-0.045,0.001,-0.08,
2016-09-06,-0.046,0.001,-0.068,
2016-09-07,-0.047,0.001,-0.07,
2016-09-08,-0.047,0.001,-0.08,
2016-09-09,-0.046,0.001,-0.074,
2016-09-12,-0.049,0.001,-0.08,
2016-09-13,-0.057,0.001,-0.085,
2016-09-14,-0.063,0.001,-0.085,
2016-09-15,-0.065,0.001,-0.085,
2016-09-16,-0.06,0.001,-0.085,
2016-09-20,-0.06,0.001,-0.085,
2016-09-21,-0.061,0.001,-0.083,
2016-09-23,-0.054,0.001,-0.075,
2016-09-26,-0.05,0.05,-0.075,
2016-09-27,-0.045,0.001,-0.065,
2016-09-28,-0.043,0.001,-0.08,
2016-09-29,-0.037,0.001,-0.08,
2016-09-30,-0.06,0.001,-0.08,
2016-10-03,-0.044,0.001,-0.07,
2016-10-04,-0.036,0.001,-0.08,
2016-10-05,-0.03,0.001,-0.07,
2016-10-06,-0.02,0.001,-0.06,
2016-10-07,-0.018,0.001,-0.06,
2016-10-11,-0.028,0.001,-0.07,
2016-10-12,-0.032,0.001,-0.07,
2016-10-13,-0.032,0.05,-0.07,
2016-10-14,-0.035,0.001,-0.075,
2016-10-17,-0.048,0.001,-0.07,
2016-10-18,-0.045,0.001,-0.065,
2016-10-19,-0.041,0.001,-0.07,
2016-10-20,-0.035,0.001,-0.055,
2016-10-21,-0.035,0.001,-0.07,
2016-10-24,-0.04,0.001,-0.065,
2016-10-25,-0.041,0.001,-0.07,
2016-10-26,-0.042,0.001,-0.06,
2016-10-27,-0.044,0.001,-0.065,
2016-10-28,-0.043,0.001,-0.06,
2016-10-31,-0.047,0.001,-0.07,
2016-11-01,-0.045,0.001,-0.07,
2016-11-02,-0.045,0.001,-0.07,
2016-11-04,-0.044,0.01,-0.1,
2016-11-07,-0.044,0.001,-0.07,
2016-11-08,-0.044,0.001,-0.075,
2016-11-09,-0.049,0.001,-0.075,
2016-11-10,-0.05,0.001,-0.075,
2016-11-11,-0.05,0.001,-0.086,
2016-11-14,-0.053,0.001,-0.086,
2016-11-15,-0.046,0.001,-0.075,
2016-11-16,-0.048,0.001,-0.065,
2016-11-17,-0.045,0.01,-0.08,
2016-11-18,-0.049,0.001,-0.086,
2016-11-21,-0.051,0.01,-0.085,
2016-11-22,-0.053,0.001,-0.085,
2016-11-24,-0.054,0.02,-0.08,
2016-11-25,-0.054,0.001,-0.08,
2016-11-28,-0.054,0.001,-0.085,
2016-11-29,-0.052,0.001,-0.085,
2016-11-30,-0.054,0.001,-0.085,
2016-12-01,-0.051,0.001,-0.085,
2016-12-02,-0.049,0.001,-0.08,
2016-12-05,-0.052,0.001,-0.085,
2016-12-06,-0.054,0.001,-0.085,
2016-12-07,-0.056,0.001,-0.085,
2016-12-08,-0.053,0.001,-0.086,
2016-12-09,-0.05,0.001,-0.085,
2016-12-12,-0.052,0.001,-0.083,
2016-12-13,-0.043,0.001,-0.07,
2016-12-14,-0.034,0.001,-0.065,
2016-12-15,-0.029,0.003,-0.07,
2016-12-16,-0.037,0.001,-0.07,
2016-12-19,-0.036,0.001,-0.07,
2016-12-20,-0.032,0.001,-0.07,
2016-12-21,-0.027,0.001,-0.08,
2016-12-22,-0.028,0.001,-0.08,
2016-12-26,-0.041,0.001,-0.1,
2016-12-27,-0.048,0.001,-0.07,
2016-12-28,-0.046,0.001,-0.07,
2016-12-29,-0.048,0.001,-0.085,
2016-12-30,-0.058,0.001,-0.086,
2017-01-04,-0.051,0.001,-0.075,47804
2017-01-05,-0.047,0.001,-0.075,50313
2017-01-06,-0.042,0.001,-0.07,52659
2017-01-10,-0.037,0.001,-0.07,52544
2017-01-11,-0.03,0.005,-0.08,51773
2017-01-12,-0.027,0.001,-0.07,51438
2017-01-13,-0.026,0.001,-0.07,56240
2017-01-16,-0.047,0.005,-0.07,52145
2017-01-17,-0.048,0.001,-0.075,50953
2017-01-18,-0.047,0.001,-0.078,52560
2017-01-19,-0.047,0.001,-0.078,50704
2017-01-20,-0.046,0.001,-0.08,53209
2017-01-23,-0.048,0.001,-0.08,52656
2017-01-24,-0.05,0.001,-0.085,52551
2017-01-25,-0.049,0.001,-0.085,52936
2017-01-26,-0.051,0.01,-0.085,50823
2017-01-27,-0.051,0.001,-0.085,53261
2017-01-30,-0.05,0.001,-0.085,50914
2017-01-31,-0.058,0.001,-0.085,49746
2017-02-01,-0.054,0.001,-0.085,58675
2017-02-02,-0.052,0.001,-0.085,52032
2017-02-03,-0.05,0.001,-0.085,64125
2017-02-06,-0.046,0.001,-0.075,52981
2017-02-07,-0.035,0.001,-0.055,53021
2017-02-08,-0.028,0.001,-0.07,54906
2017-02-09,-0.027,0.001,-0.065,51428
2017-02-10,-0.023,0.001,-0.079,52433
2017-02-13,-0.027,0.001,-0.08,52953
2017-02-14,-0.026,0.001,-0.08,54709
2017-02-15,-0.026,0.001,-0.08,55621
2017-02-16,-0.045,0.001,-0.08,50392
2017-02-17,-0.047,0.001,-0.08,52551
2017-02-20,-0.046,0.001,-0.1,51046
2017-02-21,-0.042,0.001,-0.075,50161
2017-02-22,-0.036,0.001,-0.075,52364
2017-02-23,-0.032,0.001,-0.07,51690
2017-02-24,-0.033,0.001,-0.075,49997
2017-02-27,-0.039,0.001,-0.08,51553
2017-02-28,-0.048,0.001,-0.08,44814
2017-03-01,-0.046,0.001,-0.078,56997
2017-03-02,-0.042,0.001,-0.076,55085
2017-03-03,-0.037,0.001,-0.074,56585
2017-03-06,-0.038,0.001,-0.078,55747
2017-03-07,-0.035,0.001,-0.08,55648
2017-03-08,-0.032,0.001,-0.065,54142
2017-03-09,-0.027,0.001,-0.06,53927
2017-03-10,-0.029,0.001,-0.075,56317
2017-03-13,-0.048,0.001,-0.08,48178
2017-03-14,-0.053,0.001,-0.083,51034
2017-03-15,-0.046,0.001,-0.08,52948
2017-03-16,-0.043,0.001,-0.08,46849
2017-03-17,-0.039,0.001,-0.08,58819
2017-03-21,-0.042,0.01,-0.075,52576
2017-03-22,-0.039,0.001,-0.075,47740
2017-03-23,-0.037,0.001,-0.07,51986
2017-03-24,-0.039,0.001,-0.078,59350
2017-03-27,-0.044,0.001,-0.08,49453
2017-03-28,-0.047,0.001,-0.075,53299
2017-03-29,-0.046,0.001,-0.07,52548
2017-03-30,-0.046,0.001,-0.078,54991
2017-03-31,-0.06,0.001,-0.086,33420
2017-04-03,-0.056,0.001,-0.085,48306
2017-04-04,-0.056,0.001,-0.08,49560
2017-04-05,-0.052,0.001,-0.08,51457
2017-04-06,-0.042,0.001,-0.08,56309
2017-04-07,-0.035,0.001,-0.075,52958
2017-04-10,-0.037,0.001,-0.06,42196
2017-04-11,-0.037,0.001,-0.054,40087
2017-04-12,-0.036,0.001,-0.06,42270
2017-04-13,-0.034,0.001,-0.05,45901
2017-04-14,-0.047,0.001,-0.075,49957
2017-04-17,-0.054,0.001,-0.07,50657
2017-04-18,-0.053,0.01,-0.07,51005
2017-04-19,-0.056,0.001,-0.075,46815
2017-04-20,-0.061,0.001,-0.075,49475
2017-04-21,-0.066,0.001,-0.085,45045
2017-04-24,-0.07,0.01,-0.085,41050
2017-04-25,-0.074,0.001,-0.086,37517
2017-04-26,-0.074,0.001,-0.086,37132
2017-04-27,-0.075,0.001,-0.086,33320
2017-04-28,-0.074,0.001,-0.086,34084
2017-05-01,-0.074,0.001,-0.086,40633
2017-05-02,-0.07,0.001,-0.086,38121
2017-05-08,-0.065,0.001,-0.086,40660
2017-05-09,-0.053,0.001,-0.075,41919
2017-05-10,-0.042,0.001,-0.065,48359
2017-05-11,-0.039,0.001,-0.07,45789
2017-05-12,-0.037,0.001,-0.07,49497
2017-05-15,-0.033,0.02,-0.07,45568
2017-05-16,-0.048,0.01,-0.075,47029
2017-05-17,-0.051,0.001,-0.08,46415
2017-05-18,-0.052,0.001,-0.086,45148
2017-05-19,-0.051,0.001,-0.086,47067
2017-05-22,-0.051,0.001,-0.086,43211
2017-05-23,-0.037,0.001,-0.086,46221
2017-05-24,-0.054,0.001,-0.086,38412
2017-05-25,-0.055,0.001,-0.086,41465
2017-05-26,-0.055,0.001,-0.086,41627
2017-05-29,-0.061,0.001,-0.086,38303
2017-05-30,-0.061,0.001,-0.086,42114
2017-05-31,-0.065,0.001,-0.086,42639
2017-06-01,-0.06,0.001,-0.086,38289
2017-06-02,-0.059,0.001,-0.086,40324
2017-06-05,-0.058,0.001,-0.086,46537
2017-06-06,-0.057,0.001,-0.086,48685
2017-06-07,-0.056,0.001,-0.086,44692
2017-06-08,-0.055,0.001,-0.086,48357
2017-06-09,-0.053,0.001,-0.086,42714
2017-06-12,-0.054,0.001,-0.086,44824
2017-06-13,-0.054,0.001,-0.086,51771
2017-06-14,-0.055,0.001,-0.085,50977
2017-06-15,-0.052,0.001,-0.075,50812
2017-06-16,-0.06,0.001,-0.08,51523
2017-06-19,-0.058,0.001,-0.086,43747
2017-06-20,-0.055,0.001,-0.086,44630
2017-06-21,-0.056,0.001,-0.086,43104
2017-06-22,-0.055,0.001,-0.086,46092
2017-06-23,-0.051,0.001,-0.08,45772
2017-06-26,-0.053,0.001,-0.08,40674
2017-06-27,-0.05,0.001,-0.078,44838
2017-06-28,-0.051,0.001,-0.078,40703
2017-06-29,-0.053,0.001,-0.078,43390
2017-06-30,-0.069,0.001,-0.086,45204
2017-07-03,-0.06,0.001,-0.086,39230
2017-07-04,-0.056,0.001,-0.086,38539
2017-07-05,-0.054,0.001,-0.075,40189
2017-07-06,-0.051,0.001,-0.08,40866
2017-07-07,-0.05,0.001,-0.085,48070
2017-07-10,-0.05,0.001,-0.07,45824
2017-07-11,-0.048,0.001,-0.075,45355
2017-07-12,-0.044,0.001,-0.075,39809
2017-07-13,-0.04,0.001,-0.065,39567
2017-07-14,-0.042,0.001,-0.078,42908
2017-07-18,-0.055,0.001,-0.086,43249
2017-07-19,-0.055,0.001,-0.08,39518
2017-07-20,-0.056,0.001,-0.08,41235
2017-07-21,-0.055,0.001,-0.08,39870
2017-07-24,-0.058,0.001,-0.08,39368
2017-07-25,-0.06,0.001,-0.08,41619
2017-07-26,-0.06,0.001,-0.08,40833
2017-07-27,-0.063,0.001,-0.08,41366
2017-07-28,-0.063,0.001,-0.086,45710
2017-07-31,-0.064,0.001,-0.086,42685
2017-08-01,-0.063,0.001,-0.086,46696
2017-08-02,-0.063,0.001,-0.086,46086
2017-08-03,-0.057,0.001,-0.078,40280
2017-08-04,-0.054,0.001,-0.086,46181
2017-08-07,-0.049,0.001,-0.08,42690
2017-08-08,-0.042,0.001,-0.065,42854
2017-08-09,-0.033,0.001,-0.075,44835
2017-08-10,-0.028,0.001,-0.08,44056
2017-08-14,-0.028,0.001,-0.075,40824
2017-08-15,-0.026,0.001,-0.08,41198
2017-08-16,-0.047,0.001,-0.075,46488
2017-08-17,-0.049,0.001,-0.07,43113
2017-08-18,-0.052,0.001,-0.086,46855
2017-08-21,-0.053,0.001,-0.08,42826
2017-08-22,-0.055,0.001,-0.08,47028
2017-08-23,-0.04,0.03,-0.08,57687
2017-08-24,-0.052,0.001,-0.08,46122
2017-08-25,-0.055,0.001,-0.086,50869
2017-08-28,-0.056,0.001,-0.08,47807
2017-08-29,-0.057,0.001,-0.085,46968
2017-08-30,-0.059,0.001,-0.085,42753
2017-08-31,-0.066,0.001,-0.086,40451
2017-09-01,-0.063,0.001,-0.085,47616
2017-09-04,-0.064,0.001,-0.086,48825
2017-09-05,-0.064,0.001,-0.085,51563
2017-09-06,-0.064,0.001,-0.085,50654
2017-09-07,-0.064,0.001,-0.08,48624
2017-09-08,-0.065,0.001,-0.08,44902
2017-09-11,-0.064,0.001,-0.08,47800
2017-09-12,-0.063,0.001,-0.078,41873
2017-09-13,-0.062,0.001,-0.078,46060
2017-09-14,-0.059,0.001,-0.08,46006
2017-09-15,-0.06,0.001,-0.083,41535
2017-09-19,-0.061,0.001,-0.078,48460
2017-09-20,-0.057,0.001,-0.078,43925
2017-09-21,-0.054,0.001,-0.078,46721
2017-09-22,-0.046,0.001,-0.078,45283
2017-09-25,-0.042,0.001,-0.078,46526
2017-09-26,-0.046,0.001,-0.078,43234
2017-09-27,-0.048,0.001,-0.078,44181
2017-09-28,-0.048,0.001,-0.073,44879
2017-09-29,-0.063,0.001,-0.085,37825
2017-10-02,-0.047,0.001,-0.078,49721
2017-10-03,-0.043,0.001,-0.07,51340
2017-10-04,-0.035,0.001,-0.065,49336
2017-10-05,-0.032,0.001,-0.065,50099
2017-10-06,-0.028,0.001,-0.07,55221
2017-10-10,-0.029,0.001,-0.07,46775
2017-10-11,-0.024,0.001,-0.05,48369
2017-10-12,-0.021,0.001,-0.05,49292
2017-10-13,-0.021,0.001,-0.06,49757
2017-10-16,-0.043,0.001,-0.065,45871
2017-10-17,-0.043,0.05,-0.065,43674
2017-10-18,-0.041,0.001,-0.07,43884
2017-10-19,-0.042,0.05,-0.065,44895
2017-10-20,-0.041,0.001,-0.07,44993
2017-10-23,-0.042,0.001,-0.075,40279
2017-10-24,-0.041,0.001,-0.075,41105
2017-10-25,-0.041,0.001,-0.065,42726
2017-10-26,-0.041,0.001,-0.065,44033
2017-10-27,-0.039,0.001,-0.065,43144
2017-10-30,-0.04,0.001,-0.065,40234
2017-10-31,-0.046,0.001,-0.078,39667
2017-11-01,-0.044,0.001,-0.065,44972
2017-11-02,-0.044,0.001,-0.065,56270
2017-11-06,-0.046,0.001,-0.065,45236
2017-11-07,-0.045,0.001,-0.06,44140
2017-11-08,-0.044,0.001,-0.06,43793
2017-11-09,-0.044,0.001,-0.07,47965
2017-11-10,-0.044,0.001,-0.06,53417
2017-11-13,-0.048,0.001,-0.07,45184
2017-11-14,-0.048,0.001,-0.07,49959
2017-11-15,-0.045,0.02,-0.06,56489
2017-11-16,-0.046,0.001,-0.078,44557
2017-11-17,-0.048,0.001,-0.078,48334
2017-11-20,-0.047,0.001,-0.078,44586
2017-11-21,-0.05,0.001,-0.08,43129
2017-11-22,-0.054,0.001,-0.081,41566
2017-11-24,-0.054,0.001,-0.075,42718
2017-11-27,-0.053,0.001,-0.07,43191
2017-11-28,-0.053,0.001,-0.08,45413
2017-11-29,-0.053,0.001,-0.07,44281
2017-11-30,-0.055,0.001,-0.08,37776
2017-12-01,-0.056,0.001,-0.075,47767
2017-12-04,-0.052,0.001,-0.07,43242
2017-12-05,-0.05,0.001,-0.065,49650
2017-12-06,-0.034,0.001,-0.06,52412
2017-12-07,-0.043,0.001,-0.065,42709
2017-12-08,-0.038,0.001,-0.06,43724
2017-12-11,-0.036,0.001,-0.055,41528
2017-12-12,-0.034,0.001,-0.053,40762
2017-12-13,-0.032,0.001,-0.04,43109
2017-12-14,-0.026,0.001,-0.04,43690
2017-12-15,-0.037,0.001,-0.07,48279
2017-12-18,-0.046,0.001,-0.065,51416
2017-12-19,-0.048,0.001,-0.068,50625
2017-12-20,-0.047,0.001,-0.068,52097
2017-12-21,-0.046,0.001,-0.065,50699
2017-12-22,-0.045,0.001,-0.065,52939
2017-12-25,-0.043,0.001,-0.065,47586
2017-12-26,-0.039,0.001,-0.06,49252
2017-12-27,-0.037,0.001,-0.06,54057
2017-12-28,-0.036,0.001,-0.055,44332
2017-12-29,-0.062,0.001,-0.08,43575
2018-01-04,-0.047,0.001,-0.062,43905
2018-01-05,-0.042,0.001,-0.06,48641
2018-01-09,-0.038,0.001,-0.055,44671
2018-01-10,-0.036,0.001,-0.055,54079
2018-01-11,-0.03,0.001,-0.05,49739
2018-01-12,-0.027,0.01,-0.06,48537
2018-01-15,-0.029,0.005,-0.05,52152
2018-01-16,-0.042,0.005,-0.07,44822
2018-01-17,-0.042,0.001,-0.07,43506
2018-01-18,-0.042,0.001,-0.07,43227
2018-01-19,-0.041,0.001,-0.07,48261
2018-01-22,-0.041,0.001,-0.065,46898
2018-01-23,-0.041,0.001,-0.07,48363
2018-01-24,-0.036,0.001,-0.07,54559
2018-01-25,-0.041,0.001,-0.068,48581
2018-01-26,-0.04,0.001,-0.07,48433
2018-01-29,-0.043,0.001,-0.075,46263
2018-01-30,-0.044,0.001,-0.068,46654
2018-01-31,-0.05,0.001,-0.08,46068
2018-02-01,-0.045,0.001,-0.07,55156
2018-02-02,-0.042,0.001,-0.075,60130
2018-02-05,-0.044,0.001,-0.078,51987
2018-02-06,-0.041,0.03,-0.075,50836
2018-02-07,-0.038,0.001,-0.075,50615
2018-02-08,-0.036,0.001,-0.06,52789
2018-02-09,-0.034,0.05,-0.075,63896
2018-02-13,-0.032,0.001,-0.06,59122
2018-02-14,-0.029,0.04,-0.075,60187
2018-02-15,-0.033,0.001,-0.065,60213
2018-02-16,-0.042,0.001,-0.07,60079
2018-02-19,-0.044,0.001,-0.07,53343
2018-02-20,-0.045,0.001,-0.07,57219
2018-02-21,-0.048,0.001,-0.07,57033
2018-02-22,-0.048,0.001,-0.07,54924
2018-02-23,-0.046,0.04,-0.07,58168
2018-02-26,-0.048,0.001,-0.073,51432
2018-02-27,-0.048,0.001,-0.07,54265
2018-02-28,-0.053,0.001,-0.08,49572
2018-03-01,-0.052,0.001,-0.073,59847
2018-03-02,-0.05,0.001,-0.075,64922
2018-03-05,-0.054,0.001,-0.073,52987
2018-03-06,-0.053,0.001,-0.075,59439
2018-03-07,-0.055,0.001,-0.075,59030
2018-03-08,-0.057,0.001,-0.08,60183
2018-03-09,-0.061,0.001,-0.085,51215
2018-03-12,-0.065,0.001,-0.086,45631
2018-03-13,-0.068,0.001,-0.086,45688
2018-03-14,-0.068,0.001,-0.086,52663
2018-03-15,-0.069,0.001,-0.086,60081
2018-03-16,-0.063,0.001,-0.086,63499
2018-03-19,-0.062,0.001,-0.086,61845
2018-03-20,-0.061,0.02,-0.085,59293
2018-03-22,-0.063,0.001,-0.085,57154
2018-03-23,-0.064,0.03,-0.086,66337
2018-03-26,-0.064,0.03,-0.086,61052
2018-03-27,-0.066,0.001,-0.086,63606
2018-03-28,-0.066,0.001,-0.086,61012
2018-03-29,-0.066,0.001,-0.086,67539
2018-03-30,-0.068,0.001,-0.086,33311
2018-04-02,-0.067,0.001,-0.086,60217
2018-04-03,-0.067,0.001,-0.085,61560
2018-04-04,-0.063,0.001,-0.085,59050
2018-04-05,-0.062,0.001,-0.075,57947
2018-04-06,-0.059,0.001,-0.073,60526
2018-04-09,-0.058,0.001,-0.08,54594
2018-04-10,-0.055,0.001,-0.07,60884
2018-04-11,-0.053,0.001,-0.07,58463
2018-04-12,-0.047,0.001,-0.07,66499
2018-04-13,-0.044,0.001,-0.07,67314
2018-04-16,-0.059,0.001,-0.086,56151
2018-04-17,-0.063,0.001,-0.086,51398
2018-04-18,-0.063,0.001,-0.086,53392
2018-04-19,-0.069,0.001,-0.086,52101
2018-04-20,-0.07,0.001,-0.086,46937
2018-04-23,-0.071,0.001,-0.086,43325
2018-04-24,-0.072,0.001,-0.086,39337
2018-04-25,-0.072,0.001,-0.086,35000
2018-04-26,-0.071,0.001,-0.086,31197
2018-04-27,-0.067,0.001,-0.086,27495
2018-05-01,-0.075,0.001,-0.086,40833
2018-05-02,-0.075,0.001,-0.086,43531
2018-05-07,-0.072,0.001,-0.086,50672
2018-05-08,-0.063,0.001,-0.08,47626
2018-05-09,-0.052,0.001,-0.07,51520
2018-05-10,-0.042,0.001,-0.06,48585
2018-05-11,-0.034,0.001,-0.06,56794
2018-05-14,-0.034,0.001,-0.07,53626
2018-05-15,-0.036,0.001,-0.07,55762
2018-05-16,-0.055,0.001,-0.086,43757
2018-05-17,-0.062,0.001,-0.086,43895
2018-05-18,-0.064,0.001,-0.086,47151
2018-05-21,-0.068,0.001,-0.086,42744
2018-05-22,-0.068,0.001,-0.086,41432
2018-05-23,-0.07,0.001,-0.086,40842
2018-05-24,-0.07,0.001,-0.086,40059
2018-05-25,-0.071,0.001,-0.086,41774
2018-05-28,-0.069,0.001,-0.086,32504
2018-05-29,-0.07,0.001,-0.086,34645
2018-05-30,-0.07,0.001,-0.086,34936
2018-05-31,-0.065,0.001,-0.086,30270
2018-06-01,-0.072,0.001,-0.086,37603
2018-06-04,-0.071,0.001,-0.086,33490
2018-06-05,-0.073,0.001,-0.086,33796
2018-06-06,-0.072,0.001,-0.086,29020
2018-06-07,-0.071,0.001,-0.1,32045
2018-06-08,-0.072,0.001,-0.086,32958
2018-06-11,-0.071,0.001,-0.086,36100
2018-06-12,-0.071,0.001,-0.086,37470
2018-06-13,-0.068,0.001,-0.086,40766
2018-06-14,-0.067,0.001,-0.086,51140
2018-06-15,-0.064,0.001,-0.085,52746
2018-06-18,-0.069,0.001,-0.086,34964
2018-06-19,-0.07,0.001,-0.086,37265
2018-06-20,-0.073,0.001,-0.086,36057
2018-06-21,-0.072,0.001,-0.086,36016
2018-06-22,-0.075,0.001,-0.086,33526
2018-06-25,-0.073,0.001,-0.086,33979
2018-06-26,-0.074,0.001,-0.086,35964
2018-06-27,-0.073,0.001,-0.086,36681
2018-06-28,-0.071,0.001,-0.086,41518
2018-06-29,-0.069,0.001,-0.086,27059
2018-07-02,-0.074,0.001,-0.086,45543
2018-07-03,-0.073,0.001,-0.086,47381
2018-07-04,-0.073,0.001,-0.086,50330
2018-07-05,-0.072,0.001,-0.086,50731
2018-07-06,-0.069,0.001,-0.086,44955
2018-07-09,-0.071,0.001,-0.086,47869
2018-07-10,-0.071,0.001,-0.086,49713
2018-07-11,-0.068,0.001,-0.086,51920
2018-07-12,-0.064,0.001,-0.086,56119
2018-07-13,-0.065,0.001,-0.085,45252
2018-07-17,-0.072,0.001,-0.086,48513
2018-07-18,-0.072,0.001,-0.12,44875
2018-07-19,-0.072,0.001,-0.086,44383
2018-07-20,-0.072,0.001,-0.086,44659
2018-07-23,-0.068,0.001,-0.086,38214
2018-07-24,-0.07,0.001,-0.086,40495
2018-07-25,-0.069,0.001,-0.086,34627
2018-07-26,-0.07,0.001,-0.086,37886
2018-07-27,-0.071,0.001,-0.086,40829
2018-07-30,-0.068,0.001,-0.086,36071
2018-07-31,-0.065,0.001,-0.086,28453
2018-08-01,-0.071,0.001,-0.086,37560
2018-08-02,-0.072,0.001,-0.086,47361
2018-08-03,-0.071,0.001,-0.086,43911
2018-08-06,-0.071,0.001,-0.086,43677
2018-08-07,-0.066,0.001,-0.086,44274
2018-08-08,-0.06,0.001,-0.086,55520
2018-08-09,-0.055,0.001,-0.08,60769
2018-08-10,-0.047,0.001,-0.08,52053
2018-08-13,-0.051,0.001,-0.085,51978
2018-08-14,-0.051,0.001,-0.085,56313
2018-08-15,-0.052,0.001,-0.086,51936
2018-08-16,-0.067,0.001,-0.086,46443
2018-08-17,-0.067,0.001,-0.086,48400
2018-08-20,-0.066,0.001,-0.086,42822
2018-08-21,-0.063,0.01,-0.086,45061
2018-08-22,-0.061,0.001,-0.086,48102
2018-08-23,-0.055,0.001,-0.086,47097
2018-08-24,-0.053,0.001,-0.086,51485
2018-08-27,-0.053,0.003,-0.08,48851
2018-08-28,-0.051,0.001,-0.086,52166
2018-08-29,-0.053,0.001,-0.086,53107
2018-08-30,-0.05,0.001,-0.08,52518
2018-08-31,-0.055,0.001,-0.086,47420
2018-09-03,-0.052,0.001,-0.08,53206
2018-09-04,-0.054,0.001,-0.08,53216
2018-09-05,-0.052,0.001,-0.086,54922
2018-09-06,-0.051,0.001,-0.073,54512
2018-09-07,-0.053,0.001,-0.08,58327
2018-09-10,-0.054,0.001,-0.08,55984
2018-09-11,-0.057,0.001,-0.08,61880
2018-09-12,-0.058,0.001,-0.08,59073
2018-09-13,-0.058,0.001,-0.086,53964
2018-09-14,-0.062,0.001,-0.086,52548
2018-09-18,-0.064,0.001,-0.086,55843
2018-09-19,-0.064,0.001,-0.085,50773
2018-09-20,-0.064,0.001,-0.15,51540
2018-09-21,-0.063,0.001,-0.15,59339
2018-09-25,-0.062,0.001,-0.2,55476
2018-09-26,-0.062,0.001,-0.086,57254
2018-09-27,-0.06,0.001,-0.086,56762
2018-09-28,-0.064,0.001,-0.086,31241
2018-10-01,-0.063,0.001,-0.086,52602
2018-10-02,-0.062,0.001,-0.086,56771
2018-10-03,-0.06,0.001,-0.086,54025
2018-10-04,-0.057,0.001,-0.083,53425
2018-10-05,-0.051,0.001,-0.08,51314
2018-10-09,-0.052,0.001,-0.086,47721
2018-10-10,-0.053,0.001,-0.08,53408
2018-10-11,-0.05,0.001,-0.08,57413
2018-10-12,-0.042,0.005,-0.08,58260
2018-10-15,-0.039,0.001,-0.075,64736
2018-10-16,-0.058,0.001,-0.086,60237
2018-10-17,-0.061,0.001,-0.086,59083
2018-10-18,-0.064,0.001,-0.086,58072
2018-10-19,-0.068,0.001,-0.086,60137
2018-10-22,-0.069,0.001,-0.086,52211
2018-10-23,-0.069,0.001,-0.086,56654
2018-10-24,-0.057,0.03,-0.086,66479
2018-10-25,-0.069,0.001,-0.086,54057
2018-10-26,-0.071,0.001,-0.086,55911
2018-10-29,-0.07,0.001,-0.086,50344
2018-10-30,-0.072,0.001,-0.086,49212
2018-10-31,-0.068,0.001,-0.086,34528
2018-11-01,-0.071,0.001,-0.086,54064
2018-11-02,-0.071,0.001,-0.086,56623
2018-11-05,-0.072,0.001,-0.086,42029
2018-11-06,-0.071,0.001,-0.086,42547
2018-11-07,-0.07,0.001,-0.086,42017
2018-11-08,-0.071,0.001,-0.086,43118
2018-11-09,-0.071,0.001,-0.086,43044
2018-11-12,-0.07,0.001,-0.086,46298
2018-11-13,-0.072,0.001,-0.086,45891
2018-11-14,-0.067,0.001,-0.086,42283
2018-11-15,-0.073,0.001,-0.086,61953
2018-11-16,-0.072,0.001,-0.086,58222
2018-11-19,-0.068,0.001,-0.086,45406
2018-11-20,-0.066,0.03,-0.086,42987
2018-11-21,-0.069,0.001,-0.086,49596
2018-11-22,-0.071,0.001,-0.086,55902
2018-11-26,-0.07,0.001,-0.086,47796
2018-11-27,-0.073,0.001,-0.086,52404
2018-11-28,-0.07,0.001,-0.086,47078
2018-11-29,-0.072,0.001,-0.086,49033
2018-11-30,-0.062,0.001,-0.086,38691
2018-12-03,-0.069,0.001,-0.15,37124
2018-12-04,-0.069,0.001,-0.15,42961
2018-12-05,-0.069,0.001,-0.086,46904
2018-12-06,-0.07,0.001,-0.086,52096
2018-12-07,-0.067,0.001,-0.086,47090
2018-12-10,-0.068,0.001,-0.086,52689
2018-12-11,-0.068,0.001,-0.086,58952
2018-12-12,-0.066,0.001,-0.086,58476
2018-12-13,-0.062,0.001,-0.086,54209
2018-12-14,-0.065,0.001,-0.086,45535
2018-12-17,-0.067,0.001,-0.086,44649
2018-12-18,-0.068,0.001,-0.086,41360
2018-12-19,-0.07,0.001,-0.086,42418
2018-12-20,-0.071,0.001,-0.086,42463
2018-12-21,-0.071,0.001,-0.086,39807
2018-12-25,-0.07,0.001,-0.086,36021
2018-12-26,-0.07,0.001,-0.086,34855
2018-12-27,-0.07,0.001,-0.086,36714
2018-12-28,-0.055,0.001,-0.086,18986
2019-01-04,-0.07,0.001,-0.086,40732
2019-01-07,-0.068,0.001,-0.086,49562
2019-01-08,-0.066,0.001,-0.086,47117
2019-01-09,-0.062,0.001,-0.086,51161
2019-01-10,-0.058,0.001,-0.086,51165
2019-01-11,-0.058,0.001,-0.086,47123
2019-01-15,-0.062,0.001,-0.086,53894
2019-01-16,-0.068,0.001,-0.086,44977
2019-01-17,-0.062,0.001,-0.086,55429
2019-01-18,-0.067,0.001,-0.086,49898
2019-01-21,-0.067,0.001,-0.086,47411
2019-01-22,-0.067,0.001,-0.15,47988
2019-01-23,-0.067,0.001,-0.086,50601
2019-01-24,-0.066,0.001,-0.086,49026
2019-01-25,-0.063,0.001,-0.086,47592
2019-01-28,-0.062,0.001,-0.086,44413
2019-01-29,-0.064,0.001,-0.086,45718
2019-01-30,-0.063,0.001,-0.086,46349
2019-01-31,-0.06,0.001,-0.086,35115
2019-02-01,-0.061,0.001,-0.086,56157
2019-02-04,-0.061,0.001,-0.086,46350
2019-02-05,-0.058,0.001,-0.086,60987
2019-02-06,-0.052,0.001,-0.086,61217
2019-02-07,-0.049,0.001,-0.086,55503
2019-02-08,-0.047,0.001,-0.086,58183
2019-02-12,-0.049,0.001,-0.086,48747
2019-02-13,-0.051,0.001,-0.086,56773
2019-02-14,-0.052,0.001,-0.086,51985
2019-02-15,-0.057,0.001,-0.086,50427
2019-02-18,-0.063,0.001,-0.086,53741
2019-02-19,-0.063,0.001,-0.086,56725
2019-02-20,-0.058,0.001,-0.086,54549
2019-02-21,-0.056,0.001,-0.086,60677
2019-02-22,-0.058,0.001,-0.086,59120
2019-02-25,-0.058,0.001,-0.086,56743
2019-02-26,-0.052,0.001,-0.086,53823
2019-02-27,-0.05,0.001,-0.086,54327
2019-02-28,-0.054,0.001,-0.086,48119
2019-03-01,-0.049,0.001,-0.086,72083
2019-03-04,-0.047,0.001,-0.08,61649
2019-03-05,-0.042,0.001,-0.086,59230
2019-03-06,-0.034,0.001,-0.08,60970
2019-03-07,-0.029,0.001,-0.08,62419
2019-03-08,-0.027,0.001,-0.08,61618
2019-03-11,-0.024,0.001,-0.08,55203
2019-03-12,-0.022,0.001,-0.086,58120
2019-03-13,-0.021,0.001,-0.086,59534
2019-03-14,-0.023,0.001,-0.08,58262
2019-03-15,-0.021,0.001,-0.08,56293
2019-03-18,-0.051,0.001,-0.086,67563
2019-03-19,-0.053,0.001,-0.086,57033
2019-03-20,-0.059,0.001,-0.086,68202
2019-03-22,-0.061,0.001,-0.086,66125
2019-03-25,-0.062,0.001,-0.086,58158
2019-03-26,-0.064,0.001,-0.086,65800
2019-03-27,-0.066,0.001,-0.086,64758
2019-03-28,-0.067,0.001,-0.086,61361
2019-03-29,-0.06,0.001,-0.086,28623
2019-04-01,-0.067,0.001,-0.086,46979
2019-04-02,-0.067,0.001,-0.086,49385
2019-04-03,-0.066,0.001,-0.086,50349
2019-04-04,-0.063,0.001,-0.086,44375
2019-04-05,-0.063,0.001,-0.15,52104
2019-04-08,-0.063,0.001,-0.086,45913
2019-04-09,-0.064,0.001,-0.086,46368
2019-04-10,-0.064,0.001,-0.086,50718
2019-04-11,-0.063,0.001,-0.086,49163
2019-04-12,-0.062,0.001,-0.086,44985
2019-04-15,-0.061,0.001,-0.086,40889
2019-04-16,-0.065,0.001,-0.086,34326
2019-04-17,-0.065,0.001,-0.086,32964
2019-04-18,-0.069,0.001,-0.086,40676
2019-04-19,-0.072,0.001,-0.086,49945
2019-04-22,-0.076,0.001,-0.086,41323
2019-04-23,-0.077,0.001,-0.15,36980
2019-04-24,-0.075,0.001,-0.15,35191
2019-04-25,-0.075,0.001,-0.15,33421
2019-04-26,-0.073,0.001,-0.086,35615
2019-05-07,-0.07,0.001,-0.086,43927
2019-05-08,-0.061,0.001,-0.086,50303
2019-05-09,-0.048,0.001,-0.075,51100
2019-05-10,-0.033,0.001,-0.075,47055
2019-05-13,-0.028,0.001,-0.08,46647
2019-05-14,-0.023,0.001,-0.07,46433
2019-05-15,-0.025,0.001,-0.09,48658
2019-05-16,-0.066,0.001,-0.086,53685
2019-05-17,-0.068,0.001,-0.086,48130
2019-05-20,-0.068,0.001,-0.086,44806
2019-05-21,-0.065,0.001,-0.085,48318
2019-05-22,-0.058,0.001,-0.08,50543
2019-05-23,-0.049,0.001,-0.08,53902
2019-05-24,-0.042,0.001,-0.08,51068
2019-05-27,-0.041,0.001,-0.08,53656
2019-05-28,-0.042,0.001,-0.08,51604
2019-05-29,-0.044,0.001,-0.075,51061
2019-05-30,-0.051,0.001,-0.075,54687
2019-05-31,-0.059,0.001,-0.086,49601
2019-06-03,-0.06,0.001,-0.085,46279
2019-06-04,-0.057,0.001,-0.08,49716
2019-06-05,-0.054,0.001,-0.075,49983
2019-06-06,-0.053,0.001,-0.08,49509
2019-06-07,-0.053,0.001,-0.08,54630
2019-06-10,-0.056,0.001,-0.086,49783
2019-06-11,-0.057,0.001,-0.08,53653
2019-06-12,-0.058,0.001,-0.08,56553
2019-06-13,-0.057,0.001,-0.086,58488
2019-06-14,-0.061,0.001,-0.08,56807
2019-06-17,-0.067,0.001,-0.085,47334
2019-06-18,-0.068,0.001,-0.08,47815
2019-06-19,-0.069,0.001,-0.08,46739
2019-06-20,-0.068,0.001,-0.086,52218
2019-06-21,-0.067,0.001,-0.08,54915
2019-06-24,-0.066,0.001,-0.08,56665
2019-06-25,-0.066,0.001,-0.08,62885
2019-06-26,-0.068,0.001,-0.086,52452
2019-06-27,-0.07,0.001,-0.086,54547
2019-06-28,-0.076,0.001,-0.15,36307
2019-07-01,-0.071,0.001,-0.15,56133
2019-07-02,-0.071,0.001,-0.085,52223
2019-07-03,-0.071,0.001,-0.085,51320
2019-07-04,-0.072,0.001,-0.086,54070
2019-07-05,-0.074,0.001,-0.086,50270
2019-07-08,-0.075,0.001,-0.086,45165
2019-07-09,-0.076,0.001,-0.086,41513
2019-07-10,-0.077,0.001,-0.086,40701
2019-07-11,-0.076,0.001,-0.086,41574
2019-07-12,-0.076,0.001,-0.086,44193
2019-07-16,-0.072,0.001,-0.086,55102
2019-07-17,-0.066,0.001,-0.08,63433
2019-07-18,-0.065,0.001,-0.08,59087
2019-07-19,-0.064,0.001,-0.08,62613
2019-07-22,-0.063,0.001,-0.08,53800
2019-07-23,-0.065,0.001,-0.08,62728
2019-07-24,-0.067,0.001,-0.08,61488
2019-07-25,-0.071,0.001,-0.085,56737
2019-07-26,-0.073,0.001,-0.086,57120
2019-07-29,-0.072,0.001,-0.085,51629
2019-07-30,-0.071,0.001,-0.086,47705
2019-07-31,-0.071,0.001,-0.086,50064
2019-08-01,-0.07,0.001,-0.085,58326
2019-08-02,-0.063,0.001,-0.08,50098
2019-08-05,-0.05,0.001,-0.12,47084
2019-08-06,-0.031,0.001,-0.065,46113
2019-08-07,-0.032,0.001,-0.06,57712
2019-08-08,-0.033,0.001,-0.07,52645
2019-08-09,-0.029,0.001,-0.075,56856
2019-08-13,-0.025,0.001,-0.075,56886
2019-08-14,-0.019,0.001,-0.075,63899
2019-08-15,-0.02,0.001,-0.075,64253
2019-08-16,-0.057,0.001,-0.08,60767
2019-08-19,-0.061,0.001,-0.15,58683
2019-08-20,-0.059,0.001,-0.08,56773
2019-08-21,-0.058,0.001,-0.08,54191
2019-08-22,-0.058,0.001,-0.08,61333
2019-08-23,-0.052,0.001,-0.08,57854
2019-08-26,-0.047,0.001,-0.08,55419
2019-08-27,-0.041,0.001,-0.075,55620
2019-08-28,-0.043,0.001,-0.08,59665
2019-08-29,-0.05,0.001,-0.08,62200
2019-08-30,-0.061,0.001,-0.086,53393
2019-09-02,-0.063,0.001,-0.08,58380
2019-09-03,-0.067,0.001,-0.085,55780
2019-09-04,-0.067,0.001,-0.08,55836
2019-09-05,-0.067,0.001,-0.08,55089
2019-09-06,-0.064,0.001,-0.08,66296
2019-09-09,-0.067,0.001,-0.086,49061
2019-09-10,-0.061,0.001,-0.086,61399
2019-09-11,-0.055,0.001,-0.08,54709
2019-09-12,-0.043,0.001,-0.08,54604
2019-09-13,-0.042,0.001,-0.085,47789
2019-09-17,-0.065,0.001,-0.08,60560
2019-09-18,-0.065,0.001,-0.08,66079
2019-09-19,-0.065,0.001,-0.08,67177
2019-09-20,-0.057,0.001,-0.08,69210
2019-09-24,-0.059,0.001,-0.08,61715
2019-09-25,-0.058,0.001,-0.085,60939
2019-09-26,-0.055,0.001,-0.085,63657
2019-09-27,-0.046,0.001,-0.085,59374
2019-09-30,-0.064,0.001,-0.086,45044
2019-10-01,-0.048,0.001,-0.08,56643
2019-10-02,-0.036,0.001,-0.15,58194
2019-10-03,-0.019,0.001,-0.07,52010
2019-10-04,-0.011,0.001,-0.07,63065
2019-10-07,-0.012,0.001,-0.04,52766
2019-10-08,-0.012,0.001,-0.07,59673
2019-10-09,-0.012,0.001,-0.04,56011
2019-10-10,-0.011,0.001,-0.04,56495
2019-10-11,-0.01,0.001,-0.06,45601
2019-10-15,-0.009,0.001,-0.05,51009
2019-10-16,-0.051,0.001,-0.08,58112
2019-10-17,-0.045,0.001,-0.07,58687
2019-10-18,-0.031,0.001,-0.07,52684
2019-10-21,-0.019,0.001,-0.15,52242
2019-10-23,-0.014,0.001,-0.07,50854
2019-10-24,-0.013,0.001,-0.05,50816
2019-10-25,-0.014,0.001,-0.08,53524
2019-10-28,-0.016,0.001,-0.06,50486
2019-10-29,-0.021,0.001,-0.05,51675
2019-10-30,-0.024,0.001,-0.06,53053
2019-10-31,-0.03,0.001,-0.087,53760
2019-11-01,-0.024,0.001,-0.06,60905
2019-11-05,-0.027,0.001,-0.06,53577
2019-11-06,-0.031,0.001,-0.08,56604
2019-11-07,-0.038,0.001,-0.08,63944
2019-11-08,-0.05,0.001,-0.087,54545
2019-11-11,-0.065,0.001,-0.087,42103
2019-11-12,-0.07,0.001,-0.087,44358
2019-11-13,-0.072,0.001,-0.087,52965
2019-11-14,-0.074,0.001,-0.087,59051
2019-11-15,-0.063,0.001,-0.08,59280
2019-11-18,-0.058,0.001,-0.087,50594
2019-11-19,-0.054,0.03,-0.085,55277
2019-11-20,-0.047,0.03,-0.07,61564
2019-11-21,-0.039,0.001,-0.065,49173
2019-11-22,-0.03,0.001,-0.06,50876
2019-11-25,-0.027,0.001,-0.06,42877
2019-11-26,-0.018,0.03,-0.07,62647
2019-11-27,-0.023,0.001,-0.06,49954
2019-11-28,-0.024,0.001,-0.06,51173
2019-11-29,-0.034,0.001,-0.08,51308
2019-12-02,-0.031,0.001,-0.07,49270
2019-12-03,-0.028,0.001,-0.077,47751
2019-12-04,-0.025,0.001,-0.065,49047
2019-12-05,-0.017,0.001,-0.055,50188
2019-12-06,-0.009,0.001,-0.045,51576
2019-12-09,-0.008,0.001,-0.05,49102
2019-12-10,-0.008,0.001,-0.045,54560
2019-12-11,-0.008,0.001,-0.04,49785
2019-12-12,-0.009,0.001,-0.04,46489
2019-12-13,-0.008,0.001,-0.04,39142
2019-12-16,-0.053,0.001,-0.087,57790
2019-12-17,-0.057,0.001,-0.087,56073
2019-12-18,-0.06,0.003,-0.087,58231
2019-12-19,-0.061,0.001,-0.087,56818
2019-12-20,-0.061,0.001,-0.087,58071
2019-12-23,-0.059,0.001,-0.087,52365
2019-12-24,-0.058,0.001,-0.087,48137
2019-12-25,-0.056,0.001,-0.087,49181
2019-12-26,-0.055,0.001,-0.087,48657
2019-12-27,-0.051,0.001,-0.086,49076
2019-12-30,-0.068,0.001,-0.087,34616
2020-01-06,-0.061,0.001,-0.087,44472
2020-01-07,-0.064,0.001,-0.087,50963
2020-01-08,-0.061,0.001,-0.085,50068
2020-01-09,-0.052,0.001,-0.085,46515
2020-01-10,-0.035,0.001,-0.08,50619
2020-01-14,-0.028,0.001,-0.07,56862
2020-01-15,-0.016,0.001,-0.07,62347
2020-01-16,-0.042,0.001,-0.08,49376
2020-01-17,-0.023,0.001,-0.075,59411
2020-01-20,-0.018,0.001,-0.07,54215
2020-01-21,-0.018,0.001,-0.07,50224
2020-01-22,-0.018,0.001,-0.07,50913
2020-01-23,-0.018,0.001,-0.055,65108
2020-01-24,-0.016,0.001,-0.055,55435
2020-01-27,-0.019,0.001,-0.055,50601
2020-01-28,-0.02,0.001,-0.055,55823
2020-01-29,-0.025,0.001,-0.06,55857
2020-01-30,-0.032,0.001,-0.06,62788
2020-01-31,-0.039,0.001,-0.08,61309
2020-02-03,-0.033,0.001,-0.08,63143
2020-02-04,-0.023,0.001,-0.08,58249
2020-02-05,-0.015,0.001,-0.065,60217
2020-02-06,-0.016,0.001,-0.08,66165
2020-02-07,-0.014,0.001,-0.08,65744
2020-02-10,-0.01,0.001,-0.065,53896
2020-02-12,-0.008,0.001,-0.06,57878
2020-02-13,-0.008,0.001,-0.06,63012
2020-02-14,-0.011,0.001,-0.065,55204
2020-02-17,-0.025,0.001,-0.075,63993
2020-02-18,-0.018,0.001,-0.075,64158
2020-02-19,-0.017,0.001,-0.07,67349
2020-02-20,-0.016,0.001,-0.065,60387
2020-02-21,-0.016,0.001,-0.065,79574
2020-02-25,-0.012,0.001,-0.065,67617
2020-02-26,-0.014,0.001,-0.08,69611
2020-02-27,-0.014,0.01,-0.08,68152
2020-02-28,-0.025,0.001,-0.085,75283
2020-03-02,-0.023,0.001,-0.08,86845
2020-03-03,-0.024,0.001,-0.08,73761
2020-03-04,-0.032,0.001,-0.07,81616
2020-03-05,-0.042,0.001,-0.075,85435
2020-03-06,-0.052,0.001,-0.08,92392
2020-03-09,-0.06,0.001,-0.087,83701
2020-03-10,-0.065,0.001,-0.087,73308
2020-03-11,-0.065,0.001,-0.087,71388
2020-03-12,-0.066,0.001,-0.087,63162
2020-03-13,-0.067,0.001,-0.087,81012
2020-03-16,-0.068,0.001,-0.087,67495
2020-03-17,-0.068,0.001,-0.087,71975
2020-03-18,-0.063,0.001,-0.087,73811
2020-03-19,-0.051,0.001,-0.087,76770
2020-03-23,-0.048,0.001,-0.087,81458
2020-03-24,-0.039,0.001,-0.087,80484
2020-03-25,-0.028,0.001,-0.087,83393
2020-03-26,-0.02,0.001,-0.087,85824
2020-03-27,-0.017,0.001,-0.087,82973
2020-03-30,-0.017,0.001,-0.087,80583
2020-03-31,-0.07,0.001,-0.087,63203
2020-04-01,-0.022,0.001,-0.087,79685
2020-04-02,-0.02,0.001,-0.087,80603
2020-04-03,-0.017,0.001,-0.087,77398
2020-04-06,-0.022,0.001,-0.087,70007
2020-04-07,-0.035,0.001,-0.087,71669
2020-04-08,-0.046,0.001,-0.15,68959
2020-04-09,-0.048,0.001,-0.085,69324
2020-04-10,-0.032,0.001,-0.06,71861
2020-04-13,-0.019,0.001,-0.05,64884
2020-04-14,-0.01,0.001,-0.06,65709
2020-04-15,-0.009,0.001,-0.075,65086
2020-04-16,-0.044,0.001,-0.07,67539
2020-04-17,-0.046,0.001,-0.087,68540
2020-04-20,-0.042,0.001,-0.087,70959
2020-04-21,-0.043,0.001,-0.087,71137
2020-04-22,-0.043,0.001,-0.087,70554
2020-04-23,-0.046,0.001,-0.087,70695
2020-04-24,-0.047,0.001,-0.087,68812
2020-04-27,-0.047,0.001,-0.087,68249
2020-04-28,-0.048,0.001,-0.087,68459
2020-04-30,-0.06,0.001,-0.087,69911
2020-05-01,-0.044,0.001,-0.08,69692
2020-05-07,-0.035,0.001,-0.087,68177
2020-05-08,-0.027,0.001,-0.087,63705
2020-05-11,-0.019,0.001,-0.07,52535
2020-05-12,-0.022,0.001,-0.06,61841
2020-05-13,-0.026,0.001,-0.087,63235
2020-05-14,-0.02,0.001,-0.06,65185
2020-05-15,-0.04,0.001,-0.08,70307
2020-05-18,-0.058,0.001,-0.085,69164
2020-05-19,-0.061,0.001,-0.087,68130
2020-05-20,-0.061,0.001,-0.087,66256
2020-05-21,-0.062,0.001,-0.087,68277
2020-05-22,-0.059,0.001,-0.087,70076
2020-05-25,-0.059,0.001,-0.086,70456
2020-05-26,-0.06,0.001,-0.087,72680
2020-05-27,-0.059,0.001,-0.087,74652
2020-05-28,-0.057,0.001,-0.087,75327
2020-05-29,-0.073,0.001,-0.087,75002
2020-06-01,-0.058,0.001,-0.087,82478
2020-06-02,-0.059,0.001,-0.085,80959
2020-06-03,-0.068,0.001,-0.087,78270
2020-06-04,-0.064,0.001,-0.08,84067
2020-06-05,-0.057,0.001,-0.087,84513
2020-06-08,-0.055,0.001,-0.087,74032
2020-06-09,-0.048,0.001,-0.087,71014
2020-06-10,-0.038,0.001,-0.087,65544
2020-06-11,-0.031,0.001,-0.07,63311
2020-06-12,-0.023,0.001,-0.08,70796
2020-06-15,-0.018,0.001,-0.06,64284
2020-06-16,-0.056,0.001,-0.08,69675
2020-06-17,-0.055,0.001,-0.08,64140
2020-06-18,-0.055,0.001,-0.08,71353
2020-06-19,-0.042,0.001,-0.08,71873
2020-06-22,-0.045,0.001,-0.08,61544
2020-06-23,-0.042,0.001,-0.08,63806
2020-06-24,-0.043,0.001,-0.08,65101
2020-06-25,-0.042,0.001,-0.08,61827
2020-06-26,-0.038,0.001,-0.08,66389
2020-06-29,-0.041,0.001,-0.087,61812
2020-06-30,-0.068,0.001,-0.087,64720
2020-07-01,-0.041,0.001,-0.08,64117
2020-07-02,-0.039,0.001,-0.08,73194
2020-07-03,-0.034,0.001,-0.08,66206
2020-07-06,-0.034,0.001,-0.08,63303
2020-07-07,-0.027,0.001,-0.07,61587
2020-07-08,-0.023,0.001,-0.07,62119
2020-07-09,-0.021,0.001,-0.06,71942
2020-07-10,-0.017,0.001,-0.055,73546
2020-07-13,-0.019,0.001,-0.055,65241
2020-07-14,-0.017,0.001,-0.055,63256
2020-07-15,-0.014,0.001,-0.05,64610
2020-07-16,-0.05,0.001,-0.075,71559
2020-07-17,-0.037,0.001,-0.075,65691
2020-07-20,-0.035,0.001,-0.07,69811
2020-07-21,-0.03,0.03,-0.07,71702
2020-07-22,-0.028,0.001,-0.07,65210
2020-07-27,-0.028,0.001,-0.07,58573
2020-07-28,-0.026,0.001,-0.065,60196
2020-07-29,-0.023,0.001,-0.065,59711
2020-07-30,-0.02,0.001,-0.06,60346
2020-07-31,-0.021,0.001,-0.06,72104
2020-08-03,-0.02,0.001,-0.06,57385
2020-08-04,-0.021,0.001,-0.06,60857
2020-08-05,-0.022,0.001,-0.06,53617
2020-08-06,-0.022,0.001,-0.055,61298
2020-08-07,-0.02,0.001,-0.055,66309
2020-08-11,-0.02,0.001,-0.055,63690
2020-08-12,-0.019,0.001,-0.055,67402
2020-08-13,-0.016,0.001,-0.05,64542
2020-08-14,-0.024,0.001,-0.065,62731
2020-08-17,-0.052,0.001,-0.08,61914
2020-08-18,-0.045,0.001,-0.08,66113
2020-08-19,-0.04,0.001,-0.075,75716
2020-08-20,-0.039,0.001,-0.075,64007
2020-08-21,-0.037,0.001,-0.075,64959
2020-08-24,-0.041,0.001,-0.075,61280
2020-08-25,-0.048,0.001,-0.08,62515
2020-08-26,-0.051,0.001,-0.08,59475
2020-08-27,-0.054,0.001,-0.08,58761
2020-08-28,-0.054,0.001,-0.08,57798
2020-08-31,-0.057,0.001,-0.087,59004
2020-09-01,-0.052,0.001,-0.087,60209
2020-09-02,-0.051,0.001,-0.087,63828
2020-09-03,-0.058,0.001,-0.087,70987
2020-09-04,-0.057,0.001,-0.087,57245
2020-09-07,-0.064,0.001,-0.087,47419
2020-09-08,-0.066,0.001,-0.087,54160
2020-09-09,-0.07,0.001,-0.087,47350
2020-09-10,-0.073,0.001,-0.087,49368
2020-09-11,-0.074,0.001,-0.087,52130
2020-09-14,-0.072,0.001,-0.087,64845
2020-09-15,-0.052,0.001,-0.08,63061
2020-09-16,-0.056,0.001,-0.087,64596
2020-09-17,-0.051,0.001,-0.087,69378
2020-09-18,-0.046,0.001,-0.087,68580
2020-09-23,-0.046,0.001,-0.087,75418
2020-09-24,-0.038,0.001,-0.087,73522
2020-09-25,-0.03,0.001,-0.087,77414
2020-09-28,-0.032,0.001,-0.087,69073
2020-09-29,-0.031,0.001,-0.07,78569
2020-09-30,-0.061,0.001,-0.085,60625
2020-10-01,-0.031,0.001,-0.07,62586
2020-10-02,-0.022,0.001,-0.07,68522
2020-10-05,-0.019,0.001,-0.07,51786
2020-10-06,-0.014,0.001,-0.065,48093
2020-10-07,-0.01,0.001,-0.06,52855
2020-10-08,-0.008,0.001,-0.055,56351
2020-10-09,-0.008,0.001,-0.05,51163
2020-10-12,-0.016,0.001,-0.07,44754
2020-10-13,-0.02,0.001,-0.07,46313
2020-10-14,-0.02,0.001,-0.06,52597
2020-10-15,-0.014,0.001,-0.055,50574
2020-10-16,-0.033,0.001,-0.08,72189
2020-10-19,-0.031,0.001,-0.075,62822
2020-10-20,-0.022,0.001,-0.07,64859
2020-10-21,-0.019,0.001,-0.07,64266
2020-10-22,-0.017,0.001,-0.07,69691
2020-10-23,-0.012,0.001,-0.07,69713
2020-10-26,-0.016,0.001,-0.065,60038
2020-10-27,-0.019,0.001,-0.065,55980
2020-10-28,-0.024,0.001,-0.065,62575
2020-10-29,-0.026,0.001,-0.065,62516
2020-10-30,-0.029,0.001,-0.15,71397
2020-11-02,-0.03,0.001,-0.06,78618
2020-11-04,-0.032,0.001,-0.065,65235
2020-11-05,-0.031,0.001,-0.065,64605
2020-11-06,-0.029,0.001,-0.08,77481
2020-11-09,-0.03,0.03,-0.07,73727
2020-11-10,-0.034,0.001,-0.07,75597
2020-11-11,-0.034,0.001,-0.07,69155
2020-11-12,-0.034,0.001,-0.07,67222
2020-11-13,-0.03,0.001,-0.07,80751
2020-11-16,-0.038,0.001,-0.075,66425
2020-11-17,-0.033,0.001,-0.08,58018
2020-11-18,-0.035,0.001,-0.075,69282
2020-11-19,-0.034,0.001,-0.08,66954
2020-11-20,-0.033,0.001,-0.08,80109
2020-11-24,-0.031,0.001,-0.075,65392
2020-11-25,-0.03,0.03,-0.075,61220
2020-11-26,-0.03,0.001,-0.08,65459
2020-11-27,-0.03,0.001,-0.08,79647
2020-11-30,-0.032,0.001,-0.08,60852
2020-12-01,-0.03,0.001,-0.075,60849
2020-12-02,-0.029,0.01,-0.075,63935
2020-12-03,-0.03,0.001,-0.075,70650
2020-12-04,-0.03,0.001,-0.08,85863
2020-12-07,-0.028,0.001,-0.075,60491
2020-12-08,-0.028,0.001,-0.075,62263
2020-12-09,-0.032,0.001,-0.075,82796
2020-12-10,-0.032,0.001,-0.08,77592
2020-12-11,-0.03,0.001,-0.08,72193
2020-12-14,-0.028,0.001,-0.08,73426
2020-12-15,-0.023,0.001,-0.08,72640
2020-12-16,-0.033,0.001,-0.075,66847
2020-12-17,-0.027,0.001,-0.075,70646
2020-12-18,-0.022,0.001,-0.08,71517
2020-12-21,-0.022,0.001,-0.075,63230
2020-12-22,-0.02,0.001,-0.075,57258
2020-12-23,-0.019,0.001,-0.07,62532
2020-12-24,-0.021,0.001,-0.065,67119
2020-12-25,-0.016,0.001,-0.08,72503
2020-12-28,-0.019,0.001,-0.07,66007
2020-12-29,-0.019,0.001,-0.065,70244
2020-12-30,-0.033,0.001,-0.08,59417
2021-01-04,-0.018,0.001,-0.07,71761
2021-01-05,-0.019,0.001,-0.065,62669
2021-01-06,-0.018,0.001,-0.065,62814
2021-01-07,-0.018,0.001,-0.06,60703
2021-01-08,-0.016,0.001,-0.07,67977
2021-01-12,-0.016,0.001,-0.05,54441
2021-01-13,-0.012,0.001,-0.06,66169
2021-01-14,-0.008,0.001,-0.05,62023
2021-01-15,-0.015,0.001,-0.075,61138
2021-01-18,-0.024,0.001,-0.07,72201
2021-01-19,-0.021,0.001,-0.065,69282
2021-01-20,-0.019,0.001,-0.06,66634
2021-01-21,-0.018,0.001,-0.06,71139
2021-01-22,-0.016,0.001,-0.06,73687
2021-01-25,-0.017,0.001,-0.065,69554
2021-01-26,-0.016,0.001,-0.065,63258
2021-01-27,-0.017,0.001,-0.065,69361
2021-01-28,-0.016,0.001,-0.065,64684
2021-01-29,-0.012,0.001,-0.07,60740
2021-02-01,-0.016,0.001,-0.055,64434
2021-02-02,-0.013,0.001,-0.055,58089
2021-02-03,-0.013,0.001,-0.05,61583
2021-02-04,-0.011,0.001,-0.06,63733
2021-02-05,-0.01,0.001,-0.07,68335
2021-02-08,-0.011,0.001,-0.06,51478
2021-02-09,-0.01,0.01,-0.055,56365
2021-02-10,-0.008,0.001,-0.05,51858
2021-02-12,-0.011,0.001,-0.07,65617
2021-02-15,-0.008,0.001,-0.05,58529
2021-02-16,-0.021,0.001,-0.08,70936
2021-02-17,-0.022,0.001,-0.06,69406
2021-02-18,-0.022,0.001,-0.06,62614
2021-02-19,-0.019,0.001,-0.075,81924
2021-02-22,-0.02,0.001,-0.06,74572
2021-02-24,-0.02,0.001,-0.08,75500
2021-02-25,-0.022,0.001,-0.08,78975
2021-02-26,-0.022,0.001,-0.1,92122
2021-03-01,-0.024,0.001,-0.075,86088
2021-03-02,-0.022,0.001,-0.075,70187
2021-03-03,-0.02,0.001,-0.075,70267
2021-03-04,-0.016,0.001,-0.075,64686
2021-03-05,-0.014,0.001,-0.06,66566
2021-03-08,-0.014,0.001,-0.075,60794
2021-03-09,-0.013,0.001,-0.06,57675
2021-03-10,-0.013,0.001,-0.055,69735
2021-03-11,-0.012,0.001,-0.05,74190
2021-03-12,-0.013,0.001,-0.06,66403
2021-03-15,-0.016,0.001,-0.05,61216
2021-03-16,-0.019,0.001,-0.06,81048
2021-03-17,-0.018,0.001,-0.05,64907
2021-03-18,-0.014,0.001,-0.05,66147
2021-03-19,-0.01,0.001,-0.05,65154
2021-03-22,-0.014,0.001,-0.06,76359
2021-03-23,-0.014,0.001,-0.05,76782
2021-03-24,-0.015,0.001,-0.05,85329
2021-03-25,-0.015,0.001,-0.05,72973
2021-03-26,-0.014,0.001,-0.08,93428
2021-03-29,-0.014,0.001,-0.05,77360
2021-03-30,-0.014,0.001,-0.05,72492
2021-03-31,-0.044,0.001,-0.085,55796
2021-04-01,-0.014,0.001,-0.06,88919
2021-04-02,-0.012,0.001,-0.08,90092
2021-04-05,-0.01,0.001,-0.07,68314
2021-04-06,-0.01,0.001,-0.05,71442
2021-04-07,-0.01,0.001,-0.05,79655
2021-04-08,-0.01,0.001,-0.045,77890
2021-04-09,-0.01,0.001,-0.045,69585
2021-04-12,-0.012,0.001,-0.05,69435
2021-04-13,-0.013,0.001,-0.045,65423
2021-04-14,-0.013,0.001,-0.06,73996
2021-04-15,-0.01,0.01,-0.055,68803
2021-04-16,-0.014,0.001,-0.08,89233
2021-04-19,-0.013,0.001,-0.06,87428
2021-04-20,-0.013,0.001,-0.08,95844
2021-04-21,-0.013,0.001,-0.07,95811
2021-04-22,-0.013,0.001,-0.08,96340
2021-04-23,-0.012,0.001,-0.08,92572
2021-04-26,-0.012,0.001,-0.08,93767
2021-04-27,-0.013,0.001,-0.07,96049
2021-04-28,-0.014,0.001,-0.07,97081
2021-04-30,-0.017,0.001,-0.075,94468
2021-05-06,-0.016,0.001,-0.075,80126
2021-05-07,-0.016,0.001,-0.08,82333
2021-05-10,-0.016,0.001,-0.07,90932
2021-05-11,-0.015,0.001,-0.07,78034
2021-05-12,-0.016,0.001,-0.07,85689
2021-05-13,-0.014,0.001,-0.07,80492
2021-05-14,-0.011,0.001,-0.075,64290
2021-05-17,-0.015,0.001,-0.07,81761
2021-05-18,-0.016,0.001,-0.07,84739
2021-05-19,-0.016,0.001,-0.07,84879
2021-05-20,-0.015,0.001,-0.07,83264
2021-05-21,-0.014,0.001,-0.075,85944
2021-05-24,-0.015,0.001,-0.07,82242
2021-05-25,-0.016,0.001,-0.07,81232
2021-05-26,-0.018,0.001,-0.08,81469
2021-05-27,-0.021,0.001,-0.07,79836
2021-05-28,-0.025,0.001,-0.08,83605
2021-05-31,-0.034,0.001,-0.08,79700
2021-06-01,-0.038,0.001,-0.08,85748
2021-06-02,-0.043,0.001,-0.07,75859
2021-06-03,-0.037,0.001,-0.07,69028
2021-06-04,-0.034,0.001,-0.08,76519
2021-06-07,-0.032,0.001,-0.07,59470
2021-06-08,-0.029,0.001,-0.06,65702
2021-06-09,-0.026,0.001,-0.055,60043
2021-06-10,-0.022,0.001,-0.05,64960
2021-06-11,-0.016,0.001,-0.06,68194
2021-06-14,-0.015,0.001,-0.05,67874
2021-06-15,-0.013,0.001,-0.08,78344
2021-06-16,-0.034,0.001,-0.08,80441
2021-06-17,-0.028,0.001,-0.065,87096
2021-06-18,-0.027,0.001,-0.07,94279
2021-06-21,-0.026,0.001,-0.065,81517
2021-06-22,-0.029,0.001,-0.06,92955
2021-06-23,-0.028,0.001,-0.07,79239
2021-06-24,-0.028,0.001,-0.065,82206
2021-06-25,-0.029,0.001,-0.075,87764
2021-06-28,-0.03,0.001,-0.07,61779
2021-06-29,-0.029,0.001,-0.07,70094
2021-06-30,-0.05,0.001,-0.086,66688
2021-07-01,-0.03,0.001,-0.07,67906
2021-07-02,-0.027,0.001,-0.07,70317
2021-07-05,-0.031,0.001,-0.07,58208
2021-07-06,-0.032,0.001,-0.07,57516
2021-07-07,-0.032,0.001,-0.07,57638
2021-07-08,-0.033,0.001,-0.07,59439
2021-07-09,-0.034,0.001,-0.07,65068
2021-07-12,-0.035,0.001,-0.07,60386
2021-07-13,-0.038,0.001,-0.07,63579
2021-07-14,-0.043,0.001,-0.07,67351
2021-07-15,-0.037,0.001,-0.065,81453
2021-07-16,-0.035,0.001,-0.08,96263
2021-07-19,-0.035,0.001,-0.07,82066
2021-07-20,-0.035,0.001,-0.07,86362
2021-07-21,-0.038,0.001,-0.07,95121
2021-07-26,-0.038,0.001,-0.07,82472
2021-07-27,-0.039,0.001,-0.07,79924
2021-07-28,-0.041,0.001,-0.07,76144
2021-07-29,-0.043,0.001,-0.07,76278
2021-07-30,-0.044,0.001,-0.15,79515
2021-08-02,-0.043,0.001,-0.07,75579
2021-08-03,-0.041,0.001,-0.07,64149
2021-08-04,-0.039,0.001,-0.07,61466
2021-08-05,-0.03,0.001,-0.07,63957
2021-08-06,-0.028,0.001,-0.065,74239
2021-08-10,-0.028,0.001,-0.06,55175
2021-08-11,-0.026,0.001,-0.065,56748
2021-08-12,-0.02,0.001,-0.05,61872
2021-08-13,-0.017,0.001,-0.08,68027
2021-08-16,-0.036,0.001,-0.075,78149
2021-08-17,-0.037,0.001,-0.07,82193
2021-08-18,-0.037,0.001,-0.07,78058
2021-08-19,-0.038,0.001,-0.07,76615
2021-08-20,-0.038,0.001,-0.075,77131
2021-08-23,-0.032,0.001,-0.07,92683
2021-08-24,-0.037,0.001,-0.07,77492
2021-08-25,-0.037,0.001,-0.07,77466
2021-08-26,-0.037,0.001,-0.07,77643
2021-08-27,-0.037,0.001,-0.07,79927
2021-08-30,-0.036,0.001,-0.07,68812
2021-08-31,-0.036,0.001,-0.08,61517
2021-09-01,-0.032,0.001,-0.07,61069
2021-09-02,-0.026,0.001,-0.065,60391
2021-09-03,-0.02,0.001,-0.07,60600
2021-09-06,-0.018,0.001,-0.07,55827
2021-09-07,-0.014,0.001,-0.06,55397
2021-09-08,-0.009,0.001,-0.06,52999
2021-09-09,-0.006,0.001,-0.05,71391
2021-09-10,-0.01,0.001,-0.07,67911
2021-09-13,-0.016,0.001,-0.07,59246
2021-09-14,-0.024,0.001,-0.07,60379
2021-09-15,-0.033,0.001,-0.08,55441
2021-09-16,-0.026,0.001,-0.087,75820
2021-09-17,-0.022,0.001,-0.08,77831
2021-09-21,-0.022,0.001,-0.07,74081
2021-09-22,-0.021,0.001,-0.07,78274
2021-09-24,-0.022,0.001,-0.07,81428
2021-09-27,-0.024,0.001,-0.07,81079
2021-09-28,-0.025,0.001,-0.07,75962
2021-09-29,-0.025,0.001,-0.07,62111
2021-09-30,-0.049,0.001,-0.08,53702
2021-10-01,-0.018,0.001,-0.07,69555
2021-10-04,-0.017,0.001,-0.065,58876
2021-10-05,-0.015,0.001,-0.06,58744
2021-10-06,-0.012,0.001,-0.055,60274
2021-10-07,-0.009,0.001,-0.045,66022
2021-10-08,-0.008,0.001,-0.05,62723
2021-10-11,-0.021,0.001,-0.087,62532
2021-10-12,-0.032,0.001,-0.07,61214
2021-10-13,-0.04,0.001,-0.075,67053
2021-10-14,-0.052,0.001,-0.086,74199
2021-10-15,-0.046,0.001,-0.087,72665
2021-10-18,-0.039,0.001,-0.078,85531
2021-10-19,-0.038,0.001,-0.075,88991
2021-10-20,-0.036,0.001,-0.075,92332
2021-10-21,-0.031,0.01,-0.07,97804
2021-10-22,-0.028,0.001,-0.08,92059
2021-10-25,-0.027,0.001,-0.07,91596
2021-10-26,-0.026,0.001,-0.068,90879
2021-10-27,-0.027,0.001,-0.07,88033
2021-10-28,-0.027,0.001,-0.07,88521
2021-10-29,-0.027,0.001,-0.087,86197
2021-11-01,-0.029,0.01,-0.07,82441
2021-11-02,-0.031,0.02,-0.07,79229
2021-11-04,-0.033,0.001,-0.07,75641
2021-11-05,-0.036,0.001,-0.08,73449
2021-11-08,-0.045,0.001,-0.087,69774
2021-11-09,-0.051,0.001,-0.087,61093
2021-11-10,-0.049,0.001,-0.086,68626
2021-11-11,-0.047,0.001,-0.086,67083
2021-11-12,-0.038,0.001,-0.085,72866
2021-11-15,-0.03,0.001,-0.075,63898
2021-11-16,-0.037,0.001,-0.086,97320
2021-11-17,-0.037,0.001,-0.086,95743
2021-11-18,-0.038,0.001,-0.086,91415
2021-11-19,-0.037,0.001,-0.086,97617
2021-11-22,-0.038,0.001,-0.085,92974
2021-11-24,-0.041,0.001,-0.085,89416
2021-11-25,-0.042,0.001,-0.085,86489
2021-11-26,-0.043,0.001,-0.085,94163
2021-11-29,-0.047,0.001,-0.085,87183
2021-11-30,-0.048,0.001,-0.087,87502
2021-12-01,-0.05,0.001,-0.087,81751
2021-12-02,-0.05,0.001,-0.087,80524
2021-12-03,-0.043,0.001,-0.085,72872
2021-12-06,-0.035,0.001,-0.08,59334
2021-12-07,-0.028,0.001,-0.07,62170
2021-12-08,-0.022,0.001,-0.06,61615
2021-12-09,-0.015,0.001,-0.06,66662
2021-12-10,-0.008,0.001,-0.05,73303
2021-12-13,-0.009,0.001,-0.04,60479
2021-12-14,-0.014,0.001,-0.05,72310
2021-12-15,-0.022,0.001,-0.08,68846
2021-12-16,-0.033,0.001,-0.07,99063
2021-12-17,-0.028,0.001,-0.07,101947
2021-12-20,-0.028,0.001,-0.06,102874
2021-12-21,-0.028,0.001,-0.06,102062
2021-12-22,-0.028,0.001,-0.06,102817
2021-12-23,-0.027,0.001,-0.06,100485
2021-12-24,-0.023,0.001,-0.07,96759
2021-12-27,-0.021,0.001,-0.06,83328
2021-12-28,-0.018,0.001,-0.06,85055
2021-12-29,-0.016,0.001,-0.06,58954
2021-12-30,-0.018,0.001,-0.15,62886
2022-01-04,-0.016,0.001,-0.08,68936
2022-01-05,-0.012,0.001,-0.065,79293
2022-01-06,-0.009,0.001,-0.055,87848
2022-01-07,-0.008,0.001,-0.07,95543
2022-01-11,-0.014,0.001,-0.087,85054
2022-01-12,-0.021,0.001,-0.06,98787
2022-01-13,-0.021,0.001,-0.07,107004
2022-01-14,-0.02,0.001,-0.065,82393
2022-01-17,-0.029,0.001,-0.08,103465
2022-01-18,-0.028,0.001,-0.085,102723
2022-01-19,-0.026,0.001,-0.085,100407
2022-01-20,-0.025,0.001,-0.085,105427
2022-01-21,-0.02,0.001,-0.08,112377
2022-01-24,-0.021,0.001,-0.08,102553
2022-01-25,-0.021,0.001,-0.075,101849
2022-01-26,-0.021,0.001,-0.075,95837
2022-01-27,-0.021,0.001,-0.08,101780
2022-01-28,-0.021,0.001,-0.08,105104
2022-01-31,-0.021,0.001,-0.08,81872
2022-02-01,-0.02,0.001,-0.08,98404
2022-02-02,-0.02,0.01,-0.08,97269
2022-02-03,-0.019,0.01,-0.08,99700
2022-02-04,-0.018,0.001,-0.08,103093
2022-02-07,-0.02,0.001,-0.08,102009
2022-02-08,-0.02,0.001,-0.08,107242
2022-02-09,-0.02,0.001,-0.08,103611
2022-02-10,-0.022,0.001,-0.08,114228
2022-02-14,-0.019,0.001,-0.08,70139
2022-02-15,-0.01,0.001,-0.08,74851
2022-02-16,-0.024,0.001,-0.08,98245
2022-02-17,-0.022,0.15,-0.08,95945
2022-02-18,-0.018,0.001,-0.08,108099
2022-02-21,-0.019,0.001,-0.08,96026
2022-02-22,-0.017,0.001,-0.08,109261
2022-02-24,-0.017,0.001,-0.08,114307
2022-02-25,-0.013,0.001,-0.08,74661
2022-02-28,-0.012,0.001,-0.08,73619
2022-03-01,-0.011,0.001,-0.08,86660
2022-03-02,-0.01,0.001,-0.08,107084
2022-03-03,-0.009,0.001,-0.08,109144
2022-03-04,-0.009,0.001,-0.065,97490
2022-03-07,-0.007,0.001,-0.06,79844
2022-03-08,-0.007,0.001,-0.06,82084
2022-03-09,-0.007,0.001,-0.06,104831
2022-03-10,-0.008,0.001,-0.06,101432
2022-03-11,-0.01,0.001,-0.06,101149
2022-03-14,-0.011,0.001,-0.06,79172
2022-03-15,-0.008,0.001,-0.055,61200
2022-03-16,-0.013,0.001,-0.06,86924
2022-03-17,-0.009,0.001,-0.06,90658
2022-03-18,-0.006,0.001,-0.06,101680
2022-03-22,-0.005,0.001,-0.06,95701
2022-03-23,-0.006,0.001,-0.06,110119
2022-03-24,-0.005,0.001,-0.05,102996
2022-03-25,-0.004,0.001,-0.05,106164
2022-03-28,-0.004,0.001,-0.05,90945
2022-03-29,-0.004,0.001,-0.05,97325
2022-03-30,-0.004,0.001,-0.05,112416
2022-03-31,-0.02,0.001,-0.08,65397
2022-04-01,-0.004,0.001,-0.05,83959
2022-04-04,-0.004,0.001,-0.055,97834
2022-04-05,-0.005,0.001,-0.05,100549
2022-04-06,-0.005,0.001,-0.05,88761
2022-04-07,-0.006,0.001,-0.05,99967
2022-04-08,-0.006,0.001,-0.06,103873
2022-04-11,-0.008,0.001,-0.06,76764
2022-04-12,-0.008,0.001,-0.06,84740
2022-04-13,-0.01,0.001,-0.06,85080
2022-04-14,-0.013,0.001,-0.06,91723
2022-04-15,-0.016,0.001,-0.08,69924
2022-04-18,-0.019,0.001,-0.06,81742
2022-04-19,-0.017,0.001,-0.06,80276
2022-04-20,-0.016,0.001,-0.055,80156
2022-04-21,-0.016,0.001,-0.055,91053
2022-04-22,-0.015,0.001,-0.06,95062
2022-04-25,-0.016,0.001,-0.055,83834
2022-04-26,-0.017,0.001,-0.055,88369
2022-04-27,-0.018,0.001,-0.06,106382
2022-04-28,-0.021,0.001,-0.086,108002
2022-05-02,-0.02,0.001,-0.06,120154
2022-05-06,-0.019,0.001,-0.065,119520
2022-05-09,-0.017,0.001,-0.06,79523
2022-05-10,-0.013,0.001,-0.05,81267
2022-05-11,-0.009,0.001,-0.045,70496
2022-05-12,-0.007,0.001,-0.045,73341
2022-05-13,-0.005,0.001,-0.045,63234
2022-05-16,-0.019,0.001,-0.06,97899
2022-05-17,-0.018,0.001,-0.06,98792
2022-05-18,-0.019,0.001,-0.06,103691
2022-05-19,-0.019,0.001,-0.06,110840
2022-05-20,-0.02,0.001,-0.06,115697
2022-05-23,-0.021,0.001,-0.06,103060
2022-05-24,-0.02,0.001,-0.06,100245
2022-05-25,-0.02,0.001,-0.06,91879
2022-05-26,-0.019,0.001,-0.06,97858
2022-05-27,-0.021,0.001,-0.06,116926
2022-05-30,-0.022,0.001,-0.06,99063
2022-05-31,-0.026,0.001,-0.06,70790
2022-06-01,-0.029,0.001,-0.065,84736
2022-06-02,-0.034,0.001,-0.07,80965
2022-06-03,-0.039,0.001,-0.065,64889
2022-06-06,-0.043,0.001,-0.07,52041
2022-06-07,-0.045,0.001,-0.07,53564
2022-06-08,-0.041,0.001,-0.075,52770
2022-06-09,-0.029,0.001,-0.065,79728
2022-06-10,-0.025,0.001,-0.08,77912
2022-06-13,-0.033,0.001,-0.07,62505
2022-06-14,-0.034,0.001,-0.065,57314
2022-06-15,-0.023,0.001,-0.06,67893
2022-06-16,-0.042,0.001,-0.07,68041
2022-06-17,-0.04,0.001,-0.07,74083
2022-06-20,-0.044,0.001,-0.08,68658
2022-06-21,-0.046,0.001,-0.08,65563
2022-06-22,-0.047,0.001,-0.08,64256
2022-06-23,-0.047,0.001,-0.079,60597
2022-06-24,-0.04,0.001,-0.08,61877
2022-06-27,-0.04,0.001,-0.075,56464
2022-06-28,-0.039,0.001,-0.075,55739
2022-06-29,-0.033,0.001,-0.065,58287
2022-06-30,-0.04,0.001,-0.075,72196
2022-07-01,-0.026,0.001,-0.06,68925
2022-07-04,-0.022,0.001,-0.055,64370
2022-07-05,-0.016,0.001,-0.05,67018
2022-07-06,-0.012,0.001,-0.05,67164
2022-07-07,-0.01,0.001,-0.045,60889
2022-07-08,-0.008,0.001,-0.045,66390
2022-07-11,-0.01,0.001,-0.045,65255
2022-07-12,-0.008,0.001,-0.045,69080
2022-07-13,-0.007,0.001,-0.045,69615
2022-07-14,-0.007,0.001,-0.045,72094
2022-07-15,-0.014,0.001,-0.055,73156
2022-07-19,-0.019,0.001,-0.06,73586
2022-07-20,-0.014,0.001,-0.06,77028
2022-07-21,-0.012,0.001,-0.06,74251
2022-07-22,-0.009,0.001,-0.06,76811
2022-07-25,-0.01,0.001,-0.06,81228
2022-07-26,-0.01,0.001,-0.045,83103
2022-07-27,-0.01,0.001,-0.04,83318
2022-07-28,-0.01,0.001,-0.04,82181
2022-07-29,-0.01,0.001,-0.035,86977
2022-08-01,-0.01,0.001,-0.04,79033
2022-08-02,-0.009,0.001,-0.04,90885
2022-08-03,-0.009,0.001,-0.04,83847
2022-08-04,-0.009,0.001,-0.04,82442
2022-08-05,-0.009,0.001,-0.04,83971
2022-08-08,-0.009,0.001,-0.04,77815
2022-08-09,-0.009,0.001,-0.04,70210
2022-08-10,-0.008,0.001,-0.035,71606
2022-08-12,-0.008,0.001,-0.035,66623
2022-08-15,-0.007,0.001,-0.035,62097
2022-08-16,-0.018,0.001,-0.045,65991
2022-08-17,-0.014,0.001,-0.045,63298
2022-08-18,-0.01,0.001,-0.038,67327
2022-08-19,-0.009,0.001,-0.047,71208
2022-08-22,-0.014,0.001,-0.05,65936
2022-08-23,-0.022,0.001,-0.055,63721
2022-08-24,-0.031,0.001,-0.06,64084
2022-08-25,-0.038,0.001,-0.06,62671
2022-08-26,-0.039,0.001,-0.07,65026
2022-08-29,-0.039,0.001,-0.07,66031
2022-08-30,-0.039,0.001,-0.065,66517
2022-08-31,-0.041,0.001,-0.08,65692
2022-09-01,-0.044,0.001,-0.07,68076
2022-09-02,-0.048,0.001,-0.075,66717
2022-09-05,-0.047,0.001,-0.07,58114
2022-09-06,-0.043,0.001,-0.075,60016
2022-09-07,-0.041,0.001,-0.073,62795
2022-09-08,-0.037,0.001,-0.068,64990
2022-09-09,-0.03,0.001,-0.065,78230
2022-09-12,-0.032,0.001,-0.065,63069
2022-09-13,-0.033,0.001,-0.06,66895
2022-09-14,-0.033,0.001,-0.06,76721
2022-09-15,-0.032,0.001,-0.07,69943
2022-09-16,-0.053,0.001,-0.08,68320
2022-09-20,-0.052,0.001,-0.08,66136
2022-09-21,-0.052,0.001,-0.08,64854
2022-09-22,-0.055,0.001,-0.085,79085
2022-09-26,-0.063,0.001,-0.087,69092
2022-09-27,-0.069,0.001,-0.087,68430
2022-09-28,-0.068,0.001,-0.087,80190
2022-09-29,-0.066,0.001,-0.087,78260
2022-09-30,-0.073,0.001,-0.087,64030
2022-10-03,-0.065,0.001,-0.08,83281
2022-10-04,-0.059,0.001,-0.08,71439
2022-10-05,-0.052,0.001,-0.08,83126
2022-10-06,-0.039,0.001,-0.075,85313
2022-10-07,-0.021,0.001,-0.075,86405
2022-10-11,-0.022,0.001,-0.075,72869
2022-10-12,-0.026,0.001,-0.08,77906
2022-10-13,-0.033,0.001,-0.075,85415
2022-10-14,-0.042,0.001,-0.08,63463
2022-10-17,-0.065,0.001,-0.08,60761
2022-10-18,-0.063,0.001,-0.08,55648
2022-10-19,-0.056,0.001,-0.075,62148
2022-10-20,-0.052,0.001,-0.075,63045
2022-10-21,-0.049,0.001,-0.08,58644
2022-10-24,-0.057,0.001,-0.08,57191
2022-10-25,-0.059,0.001,-0.08,59570
2022-10-26,-0.06,0.001,-0.08,59951
2022-10-27,-0.056,0.001,-0.08,63373
2022-10-28,-0.052,0.001,-0.08,71702
2022-10-31,-0.062,0.001,-0.086,72655
2022-11-01,-0.057,0.001,-0.085,71485
2022-11-02,-0.055,0.001,-0.085,72790
2022-11-04,-0.054,0.001,-0.085,74865
2022-11-07,-0.054,0.03,-0.08,79667
2022-11-08,-0.059,0.001,-0.08,75736
2022-11-09,-0.063,0.001,-0.08,71437
2022-11-10,-0.066,0.001,-0.08,72411
2022-11-11,-0.068,0.001,-0.083,76336
2022-11-14,-0.067,0.001,-0.085,72745
2022-11-15,-0.067,0.001,-0.08,63505
2022-11-16,-0.07,0.001,-0.087,61086
2022-11-17,-0.071,0.001,-0.085,65892
2022-11-18,-0.071,0.001,-0.087,68924
2022-11-21,-0.072,0.001,-0.087,63205
2022-11-22,-0.073,0.001,-0.087,73435
2022-11-24,-0.073,0.001,-0.087,64303
2022-11-25,-0.075,0.001,-0.087,70594
2022-11-28,-0.077,0.001,-0.087,65698
2022-11-29,-0.078,0.001,-0.087,62393
2022-11-30,-0.079,0.001,-0.087,64954
2022-12-01,-0.079,0.001,-0.087,61488
2022-12-02,-0.078,0.001,-0.087,57627
2022-12-05,-0.078,0.001,-0.087,64797
2022-12-06,-0.078,0.001,-0.087,60521
2022-12-07,-0.077,0.001,-0.087,63732
2022-12-08,-0.077,0.001,-0.087,68662
2022-12-09,-0.077,0.001,-0.087,68890
2022-12-12,-0.077,0.001,-0.087,69339
2022-12-13,-0.075,0.001,-0.087,71056
2022-12-14,-0.068,0.001,-0.085,77942
2022-12-15,-0.064,0.001,-0.08,69762
2022-12-16,-0.072,0.001,-0.087,68632
2022-12-19,-0.071,0.001,-0.087,63049
2022-12-20,-0.068,0.001,-0.087,64669
2022-12-21,-0.067,0.001,-0.087,68815
2022-12-22,-0.065,0.001,-0.087,73694
2022-12-23,-0.062,0.001,-0.087,78927
2022-12-26,-0.062,0.001,-0.087,72950
2022-12-27,-0.053,0.001,-0.08,80973
2022-12-28,-0.047,0.001,-0.08,80383
2022-12-29,-0.033,0.001,-0.08,83171
2022-12-30,-0.022,0.001,-0.087,72972
2023-01-04,-0.038,0.001,-0.08,76414
2023-01-05,-0.039,0.001,-0.08,81598
2023-01-06,-0.015,0.001,-0.08,99396
2023-01-10,-0.027,0.001,-0.08,88801
2023-01-11,-0.03,0.001,-0.087,85399
2023-01-12,-0.022,0.001,-0.087,89144
2023-01-13,-0.035,0.001,-0.087,91454
2023-01-16,-0.026,0.001,-0.075,98524
2023-01-17,-0.014,0.001,-0.07,107583
2023-01-18,-0.011,0.001,-0.07,111237
2023-01-19,-0.01,0.001,-0.07,119978
2023-01-20,-0.01,0.001,-0.07,116484
2023-01-23,-0.012,0.001,-0.07,108410
2023-01-24,-0.015,0.001,-0.073,106169
2023-01-25,-0.014,0.001,-0.073,101563
2023-01-26,-0.014,0.001,-0.073,103507
2023-01-27,-0.014,0.001,-0.08,100247
2023-01-30,-0.014,0.001,-0.07,98840
2023-01-31,-0.014,0.001,-0.087,102386
2023-02-01,-0.013,0.001,-0.07,109727
2023-02-02,-0.013,0.001,-0.07,113518
2023-02-03,-0.012,0.001,-0.07,103544
2023-02-06,-0.021,0.001,-0.07,87361
2023-02-07,-0.029,0.001,-0.07,85976
2023-02-08,-0.035,0.001,-0.073,88479
2023-02-09,-0.036,0.001,-0.073,90671
2023-02-10,-0.034,0.001,-0.07,91590
2023-02-13,-0.035,0.001,-0.073,84126
2023-02-14,-0.032,0.001,-0.07,79010
2023-02-15,-0.026,0.001,-0.065,80298
2023-02-16,-0.01,0.001,-0.065,93504
2023-02-17,-0.007,0.001,-0.065,82872
2023-02-20,-0.009,0.001,-0.065,84607
2023-02-21,-0.009,0.001,-0.07,84177
2023-02-22,-0.008,0.001,-0.06,84579
2023-02-24,-0.009,0.001,-0.06,83531
2023-02-27,-0.01,0.001,-0.059,85795
2023-02-28,-0.011,0.001,-0.087,100752
2023-03-01,-0.011,0.001,-0.06,91793
2023-03-02,-0.011,0.001,-0.057,87081
2023-03-03,-0.01,0.001,-0.056,95284
2023-03-06,-0.011,0.001,-0.06,91367
2023-03-07,-0.011,0.001,-0.06,99263
2023-03-08,-0.012,0.001,-0.06,100662
2023-03-09,-0.017,0.001,-0.065,102581
2023-03-10,-0.029,0.001,-0.07,89988
2023-03-13,-0.033,0.001,-0.065,89346
2023-03-14,-0.033,0.001,-0.069,92847
2023-03-15,-0.023,0.001,-0.06,91207
2023-03-16,-0.021,0.001,-0.07,93411
2023-03-17,-0.016,0.001,-0.068,104306
2023-03-20,-0.015,0.001,-0.068,96072
2023-03-22,-0.014,0.001,-0.068,101710
2023-03-23,-0.013,0.001,-0.06,93670
2023-03-24,-0.009,0.001,-0.055,96095
2023-03-27,-0.014,0.001,-0.06,95636
2023-03-28,-0.015,0.001,-0.06,93938
2023-03-29,-0.015,0.001,-0.06,93013
2023-03-30,-0.014,0.001,-0.06,97567
2023-03-31,-0.03,0.001,-0.087,69771
2023-04-03,-0.009,0.001,-0.055,91410
2023-04-04,-0.008,0.001,-0.055,86620
2023-04-05,-0.007,0.001,-0.055,90360
2023-04-06,-0.006,0.001,-0.055,95604
2023-04-07,-0.005,0.001,-0.055,91559
2023-04-10,-0.006,0.001,-0.055,92220
2023-04-11,-0.007,0.001,-0.055,92146
2023-04-12,-0.006,0.001,-0.055,96479
2023-04-13,-0.006,0.001,-0.055,96163
2023-04-14,-0.007,0.001,-0.045,87724
2023-04-17,-0.01,0.001,-0.05,103719
2023-04-18,-0.009,0.001,-0.045,103325
2023-04-19,-0.01,0.001,-0.045,101862
2023-04-20,-0.009,0.001,-0.047,97533
2023-04-21,-0.01,0.001,-0.047,99862
2023-04-24,-0.013,0.001,-0.06,102713
2023-04-25,-0.019,0.001,-0.06,99779
2023-04-26,-0.031,0.001,-0.06,97791
2023-04-27,-0.049,0.001,-0.08,95102
2023-04-28,-0.073,0.001,-0.087,101020
2023-05-01,-0.073,0.001,-0.087,88526
2023-05-02,-0.074,0.001,-0.087,93513
2023-05-08,-0.073,0.001,-0.085,88407
2023-05-09,-0.07,0.001,-0.083,85300
2023-05-10,-0.061,0.001,-0.078,93565
2023-05-11,-0.046,0.001,-0.07,89736
2023-05-12,-0.03,0.001,-0.06,87127
2023-05-15,-0.023,0.001,-0.05,77572
2023-05-16,-0.034,0.001,-0.085,89940
2023-05-17,-0.033,0.001,-0.087,88281
2023-05-18,-0.034,0.001,-0.087,85595
2023-05-19,-0.031,0.001,-0.087,92973
2023-05-22,-0.034,0.001,-0.087,89663
2023-05-23,-0.037,0.001,-0.087,93260
2023-05-24,-0.047,0.001,-0.087,93822
2023-05-25,-0.059,0.001,-0.087,92138
2023-05-26,-0.063,0.001,-0.087,92380
2023-05-29,-0.062,0.001,-0.087,87391
2023-05-30,-0.064,0.001,-0.087,94899
2023-05-31,-0.071,0.001,-0.087,91524
2023-06-01,-0.07,0.001,-0.087,89193
2023-06-02,-0.072,0.001,-0.087,85846
2023-06-05,-0.068,0.001,-0.087,75644
2023-06-06,-0.058,0.001,-0.087,90144
2023-06-07,-0.047,0.001,-0.087,91856
2023-06-08,-0.039,0.001,-0.087,91921
2023-06-09,-0.028,0.001,-0.087,100541
2023-06-12,-0.058,0.001,-0.087,94835
2023-06-13,-0.079,0.001,-0.087,80130
2023-06-14,-0.078,0.001,-0.087,85376
2023-06-15,-0.07,0.001,-0.087,88215
2023-06-16,-0.061,0.001,-0.087,77865
2023-06-19,-0.064,0.001,-0.087,75600
2023-06-20,-0.069,0.001,-0.087,75619
2023-06-21,-0.072,0.001,-0.087,74015
2023-06-22,-0.073,0.001,-0.087,70722
2023-06-23,-0.074,0.001,-0.087,71961
2023-06-26,-0.075,0.001,-0.087,64314
2023-06-27,-0.074,0.001,-0.087,69541
2023-06-28,-0.076,0.001,-0.087,69846
2023-06-29,-0.075,0.001,-0.087,73525
2023-06-30,-0.077,0.001,-0.087,57643
2023-07-03,-0.071,0.001,-0.087,77459
2023-07-04,-0.06,0.001,-0.087,67407
2023-07-05,-0.032,0.001,-0.087,69646
2023-07-06,-0.016,0.001,-0.087,67744
2023-07-07,-0.012,0.001,-0.087,70977
2023-07-10,-0.021,0.001,-0.087,95001
2023-07-11,-0.026,0.001,-0.087,90127
2023-07-12,-0.019,0.001,-0.087,94107
2023-07-13,-0.009,0.001,-0.087,95760
2023-07-14,-0.021,0.001,-0.087,79101
2023-07-18,-0.048,0.001,-0.087,73499
2023-07-19,-0.052,0.001,-0.087,83347
2023-07-20,-0.061,0.001,-0.087,78983
2023-07-21,-0.07,0.001,-0.087,83440
2023-07-24,-0.073,0.001,-0.087,81320
2023-07-25,-0.074,0.001,-0.087,71740
2023-07-26,-0.073,0.001,-0.087,69686
2023-07-27,-0.071,0.001,-0.087,87164
2023-07-28,-0.059,0.001,-0.087,85411
2023-07-31,-0.061,0.001,-0.087,97588
2023-08-01,-0.063,0.001,-0.087,89215
2023-08-02,-0.07,0.001,-0.087,83909
2023-08-03,-0.07,0.001,-0.087,78406
2023-08-04,-0.072,0.001,-0.087,77642
2023-08-07,-0.075,0.001,-0.087,67946
2023-08-08,-0.073,0.001,-0.087,74407
2023-08-09,-0.074,0.001,-0.087,82346
2023-08-10,-0.072,0.001,-0.087,69601
2023-08-14,-0.068,0.001,-0.087,81824
2023-08-15,-0.029,0.001,-0.087,68658
2023-08-16,-0.06,0.001,-0.087,63714
2023-08-17,-0.064,0.001,-0.087,70565
2023-08-18,-0.064,0.001,-0.087,78351
2023-08-21,-0.065,0.001,-0.087,78624
2023-08-22,-0.064,0.001,-0.087,82683
2023-08-23,-0.064,0.001,-0.087,83360
2023-08-24,-0.063,0.001,-0.087,86536
2023-08-25,-0.061,0.001,-0.087,85650
2023-08-28,-0.06,0.001,-0.087,89881
2023-08-29,-0.055,0.001,-0.087,95527
2023-08-30,-0.052,0.001,-0.087,106631
2023-08-31,-0.056,0.001,-0.087,92427
2023-09-01,-0.06,-0.001,-0.087,104703
2023-09-04,-0.069,0.001,-0.087,93544
2023-09-05,-0.072,0.001,-0.087,92655
2023-09-06,-0.076,0.001,-0.087,76254
2023-09-07,-0.072,0.001,-0.087,74066
2023-09-08,-0.066,0.001,-0.087,65567
2023-09-11,-0.06,0.001,-0.087,74820
2023-09-12,-0.048,0.001,-0.087,75170
2023-09-13,-0.016,0.001,-0.087,69401
2023-09-14,-0.012,0.001,-0.087,66919
2023-09-15,-0.043,0.001,-0.087,78403
2023-09-19,-0.059,0.001,-0.087,100727
2023-09-20,-0.056,0.001,-0.087,94754
2023-09-21,-0.049,0.001,-0.087,99483
2023-09-22,-0.039,0.001,-0.087,104799
2023-09-25,-0.042,0.001,-0.087,100201
2023-09-26,-0.051,0.001,-0.087,117461
2023-09-27,-0.064,0.001,-0.087,112213
2023-09-28,-0.063,0.001,-0.087,125522
2023-09-29,-0.062,0.001,-0.087,77037
2023-10-02,-0.044,0.001,-0.087,93240
2023-10-03,-0.031,0.001,-0.087,104632
2023-10-04,-0.021,0.001,-0.087,114212
2023-10-05,-0.015,0.001,-0.087,108587
2023-10-06,-0.016,-0.003,-0.087,109651
2023-10-10,-0.03,0.001,-0.087,101238
2023-10-11,-0.033,0.001,-0.087,104007
2023-10-12,-0.029,0.001,-0.087,104953
2023-10-13,-0.019,0.001,-0.087,95876
2023-10-16,-0.028,0.001,-0.087,84185
2023-10-17,-0.015,0.001,-0.087,94561
2023-10-18,-0.011,0.001,-0.08,93027
2023-10-19,-0.01,0.001,-0.08,81185
2023-10-20,-0.01,-0.003,-0.085,81703
2023-10-23,-0.012,0.001,-0.08,82187
2023-10-24,-0.014,0.001,-0.087,81634
2023-10-25,-0.018,0.001,-0.087,78452
2023-10-26,-0.019,-0.005,-0.087,82212
2023-10-27,-0.013,-0.005,-0.087,84687
2023-10-30,-0.016,0.001,-0.087,87055
2023-10-31,-0.02,0.001,-0.087,107111
2023-11-01,-0.016,0.001,-0.087,97295
2023-11-02,-0.011,0.001,-0.087,102948
2023-11-06,-0.011,0.001,-0.08,96571
2023-11-07,-0.01,0.001,-0.075,95413
2023-11-08,-0.01,0.001,-0.07,105205
2023-11-09,-0.011,0.001,-0.07,100458
2023-11-10,-0.014,0.001,-0.07,110736
2023-11-13,-0.014,0.001,-0.07,86391
2023-11-14,-0.012,0.001,-0.075,93731
2023-11-15,-0.011,0.001,-0.07,91030
2023-11-16,-0.027,0.001,-0.085,86651
2023-11-17,-0.015,0.001,-0.082,90343
2023-11-20,-0.013,0.001,-0.087,93915
2023-11-21,-0.012,0.001,-0.08,86583
2023-11-22,-0.012,0.001,-0.085,100371
2023-11-24,-0.012,0,-0.08,92925
2023-11-27,-0.017,0.001,-0.087,94679
2023-11-28,-0.021,0.001,-0.087,101874
2023-11-29,-0.022,0.001,-0.085,101784
2023-11-30,-0.022,0.001,-0.087,92233
2023-12-01,-0.015,0.001,-0.087,96245
2023-12-04,-0.013,0.001,-0.085,92086
2023-12-05,-0.011,0.001,-0.087,91276
2023-12-06,-0.01,0.001,-0.087,91426
2023-12-07,-0.01,0.001,-0.08,88411
2023-12-08,-0.01,0.001,-0.08,87013
2023-12-11,-0.011,0.001,-0.08,80149
2023-12-12,-0.01,0.001,-0.065,77503
2023-12-13,-0.009,0.001,-0.06,73157
2023-12-14,-0.008,0.001,-0.085,75064
2023-12-15,-0.009,0.001,-0.087,77965
2023-12-18,-0.013,0.001,-0.087,84914
2023-12-19,-0.01,0.001,-0.087,89411
2023-12-20,-0.01,0.001,-0.087,91263
2023-12-21,-0.011,0.001,-0.087,87647
2023-12-22,-0.01,0.001,-0.087,95159
2023-12-25,-0.011,0.001,-0.085,82646
2023-12-26,-0.011,0.001,-0.087,86104
2023-12-27,-0.013,0.001,-0.08,86026
2023-12-28,-0.016,0.001,-0.08,83923
2023-12-29,-0.039,0.001,-0.087,66708
2024-01-04,-0.021,0.001,-0.085,73846
2024-01-05,-0.018,0.001,-0.087,79899
2024-01-09,-0.017,0.001,-0.08,80568
2024-01-10,-0.016,0.001,-0.08,83934
2024-01-11,-0.014,0.001,-0.08,89553
2024-01-12,-0.01,0.01,-0.075,79062
2024-01-15,-0.009,0.001,-0.08,76338
2024-01-16,-0.017,0.001,-0.08,87538
2024-01-17,-0.014,0.001,-0.08,83979
2024-01-18,-0.014,0.001,-0.08,83843
2024-01-19,-0.011,0.01,-0.08,80547
2024-01-22,-0.014,0.001,-0.085,78678
2024-01-23,-0.014,0.001,-0.085,69159
2024-01-24,-0.013,0.001,-0.085,74305
2024-01-25,-0.012,0.001,-0.08,76187
2024-01-26,-0.01,0.001,-0.08,74949
2024-01-29,-0.011,0.001,-0.087,88953
2024-01-30,-0.011,0.001,-0.087,75870
2024-01-31,-0.011,0.001,-0.087,72192
2024-02-01,-0.01,0.001,-0.087,73675
2024-02-02,-0.008,0.001,-0.087,72573
2024-02-05,-0.008,0.001,-0.087,73060
2024-02-06,-0.007,0.001,-0.087,84094
2024-02-07,-0.006,0.001,-0.087,83885
2024-02-08,-0.005,0.001,-0.087,85773
2024-02-09,-0.005,0.001,-0.086,77806
2024-02-13,-0.005,0.001,-0.086,74719
2024-02-14,-0.005,0.001,-0.075,67285
2024-02-15,-0.005,0.001,-0.07,69280
2024-02-16,-0.006,0.001,-0.087,92211
2024-02-19,-0.006,0.001,-0.085,82866
2024-02-20,-0.006,0.001,-0.087,86216
2024-02-21,-0.006,0.001,-0.085,83777
2024-02-22,-0.005,0.001,-0.087,93464
2024-02-26,-0.006,0.001,-0.087,87859
2024-02-27,-0.006,0.001,-0.087,92330
2024-02-28,-0.006,0.003,-0.087,97178
2024-02-29,-0.005,0.001,-0.087,91816
2024-03-01,-0.005,0.001,-0.087,101556
2024-03-04,-0.006,0.001,-0.087,96258
2024-03-05,-0.007,0.001,-0.087,101188
2024-03-06,-0.009,0.001,-0.087,104677
2024-03-07,-0.011,0.001,-0.087,108814
2024-03-08,-0.01,0.001,-0.087,106319
2024-03-11,-0.01,0.001,-0.087,106070
2024-03-12,-0.011,0.001,-0.087,107521
2024-03-13,-0.011,0.001,-0.087,90650
2024-03-14,-0.009,0.001,-0.087,98952
2024-03-15,-0.005,0.001,-0.087,80169
2024-03-18,-0.003,0.001,-0.087,78228
2024-03-19,-0.001,0.001,-0.087,115523
2024-03-21,0.074,0.13,0.04,51372
2024-03-22,0.077,0.125,0.045,51657
2024-03-25,0.077,0.078,0.05,54463
2024-03-26,0.077,0.078,0.055,50372
2024-03-27,0.077,0.078,0.055,46548
2024-03-28,0.077,0.078,0.055,46706
2024-03-29,0.074,0.078,0.04,64568
2024-04-01,0.077,0.078,0.055,51621
2024-04-02,0.077,0.078,0.06,44647
2024-04-03,0.077,0.13,0.06,51618
2024-04-04,0.077,0.078,0.06,51510
2024-04-05,0.077,0.078,0.06,48723
2024-04-08,0.077,0.078,0.06,46609
2024-04-09,0.077,0.078,0.06,44948
2024-04-10,0.077,0.078,0.06,46650
2024-04-11,0.077,0.078,0.06,39901
2024-04-12,0.077,0.08,0.06,44030
2024-04-15,0.077,0.078,0.065,44116
2024-04-16,0.077,0.078,0.05,41067
2024-04-17,0.077,0.078,0.05,36365
2024-04-18,0.077,0.078,0.055,34089
2024-04-19,0.077,0.078,0.05,32773
2024-04-22,0.077,0.078,0.045,35955
2024-04-23,0.076,0.078,0.05,30307
2024-04-24,0.077,0.078,0.045,34364
2024-04-25,0.077,0.078,0.06,33759
2024-04-26,0.077,0.078,0.05,35843
2024-04-30,0.076,0.078,0.05,42473
2024-05-01,0.077,0.078,0.05,36340
2024-05-02,0.077,0.079,0.06,39407
2024-05-07,0.077,0.078,0.06,35117
2024-05-08,0.077,0.078,0.06,46101
2024-05-09,0.077,0.078,0.06,45167
2024-05-10,0.077,0.078,0.06,37439
2024-05-13,0.077,0.078,0.065,42115
2024-05-14,0.077,0.078,0.07,41523
2024-05-15,0.077,0.078,0.06,43128
2024-05-16,0.077,0.078,0.07,31832
2024-05-17,0.077,0.078,0.07,33465
2024-05-20,0.077,0.078,0.06,36023
2024-05-21,0.077,0.078,0.055,38080
2024-05-22,0.077,0.078,0.065,35526
2024-05-23,0.077,0.078,0.06,35345
2024-05-24,0.078,0.078,0.065,35247
2024-05-27,0.078,0.125,0.07,32154
2024-05-28,0.077,0.078,0.07,31234
2024-05-29,0.078,0.145,0.07,33079
2024-05-30,0.077,0.125,0.06,32344
2024-05-31,0.077,0.079,0.06,38974
2024-06-03,0.077,0.078,0.07,33560
2024-06-04,0.077,0.078,0.07,35300
2024-06-05,0.077,0.078,0.07,34113
2024-06-06,0.077,0.078,0.07,39798
2024-06-07,0.078,0.145,0.065,39357
2024-06-10,0.078,0.145,0.05,33242
2024-06-11,0.078,0.145,0.05,33159
2024-06-12,0.078,0.212,0.04,30689
2024-06-13,0.077,0.078,0.04,31413
2024-06-14,0.077,0.15,0.04,31306
2024-06-17,0.077,0.08,0.045,34573
2024-06-18,0.077,0.08,0.04,35306
2024-06-19,0.077,0.079,0.045,34525
2024-06-20,0.077,0.079,0.045,35201
2024-06-21,0.077,0.078,0.045,32006
2024-06-24,0.081,0.125,0.05,40101
2024-06-25,0.078,0.15,0.065,35168
2024-06-26,0.077,0.079,0.07,33545
2024-06-27,0.077,0.079,0.07,33908
2024-06-28,0.076,0.079,0.06,39831
2024-07-01,0.077,0.079,0.07,36517
2024-07-02,0.077,0.078,0.065,33977
2024-07-03,0.077,0.078,0.05,36733
2024-07-04,0.077,0.079,0.05,38156
2024-07-05,0.077,0.078,0.05,39139
2024-07-08,0.077,0.078,0.06,37600
2024-07-09,0.077,0.125,0.055,37363
2024-07-10,0.077,0.15,0.055,30872
2024-07-11,0.077,0.079,0.07,33458
2024-07-12,0.077,0.078,0.06,31520
2024-07-16,0.077,0.079,0.05,34562
2024-07-17,0.078,0.079,0.07,36076
2024-07-18,0.077,0.079,0.06,38837
2024-07-19,0.077,0.079,0.06,35617
2024-07-22,0.083,0.125,0.07,35738
2024-07-23,0.08,0.125,0.055,34891
2024-07-24,0.08,0.125,0.07,32634
2024-07-25,0.081,0.125,0.07,32827
2024-07-26,0.078,0.078,0.07,29381
2024-07-29,0.077,0.078,0.07,32694
2024-07-30,0.077,0.079,0.07,30310
2024-07-31,0.079,0.28,0.07,33926
2024-08-01,0.227,0.228,0.215,29553
2024-08-02,0.227,0.228,0.215,30320
2024-08-05,0.227,0.228,0.21,38807
2024-08-06,0.227,0.228,0.22,38824
2024-08-07,0.227,0.229,0.215,40403
2024-08-08,0.227,0.229,0.215,33566
2024-08-09,0.227,0.229,0.2,33430
2024-08-13,0.227,0.229,0.215,33160
2024-08-14,0.228,0.29,0.218,32380
2024-08-15,0.227,0.228,0.22,30833
2024-08-16,0.227,0.228,0.218,30614
2024-08-19,0.227,0.228,0.22,33018
2024-08-20,0.227,0.228,0.22,32748
2024-08-21,0.227,0.228,0.215,35095
2024-08-22,0.227,0.228,0.211,34529
2024-08-23,0.227,0.228,0.215,36697
2024-08-26,0.227,0.229,0.215,33041
2024-08-27,0.227,0.29,0.215,35649
2024-08-28,0.227,0.229,0.215,33708
2024-08-29,0.228,0.275,0.22,36523
2024-08-30,0.227,0.229,0.218,39047
2024-09-02,0.227,0.228,0.215,35809
2024-09-03,0.227,0.229,0.215,35612
2024-09-04,0.227,0.229,0.213,32618
2024-09-05,0.227,0.228,0.213,33613
2024-09-06,0.227,0.228,0.215,33417
2024-09-09,0.227,0.228,0.217,32375
2024-09-10,0.228,0.275,0.218,33909
2024-09-11,0.227,0.229,0.215,33600
2024-09-12,0.229,0.275,0.215,32493
2024-09-13,0.227,0.275,0.215,33674
2024-09-17,0.228,0.275,0.215,32815
2024-09-18,0.228,0.275,0.218,32684
2024-09-19,0.227,0.275,0.22,33117
2024-09-20,0.226,0.227,0.215,34997
2024-09-24,0.226,0.227,0.22,34398
2024-09-25,0.226,0.227,0.22,30232
2024-09-26,0.226,0.227,0.22,30364
2024-09-27,0.226,0.228,0.22,27440
2024-09-30,0.225,0.228,0.217,30501
2024-10-01,0.227,0.29,0.22,28631
2024-10-02,0.227,0.227,0.22,29174
2024-10-03,0.227,0.227,0.22,26686
2024-10-04,0.227,0.228,0.221,30993
2024-10-07,0.227,0.227,0.22,30785
2024-10-08,0.227,0.227,0.22,29962
2024-10-09,0.227,0.227,0.22,29688
2024-10-10,0.227,0.228,0.22,29016
2024-10-11,0.227,0.227,0.221,26769
2024-10-15,0.227,0.227,0.22,28889
2024-10-16,0.227,0.227,0.22,25134
2024-10-17,0.227,0.227,0.22,25534
2024-10-18,0.227,0.227,0.221,28981
2024-10-21,0.227,0.227,0.22,25372
2024-10-22,0.227,0.228,0.22,25977
2024-10-23,0.227,0.227,0.22,25776
2024-10-24,0.227,0.227,0.22,25801
2024-10-25,0.227,0.228,0.221,27052
2024-10-28,0.228,0.275,0.22,28249
2024-10-29,0.228,0.275,0.22,29609
2024-10-30,0.227,0.228,0.22,29844
2024-10-31,0.227,0.295,0.22,28453
2024-11-01,0.227,0.228,0.221,29853
2024-11-05,0.227,0.228,0.22,32818
2024-11-06,0.227,0.228,0.22,33326
2024-11-07,0.227,0.228,0.22,33013
2024-11-08,0.227,0.228,0.221,30414
2024-11-11,0.227,0.295,0.22,30390
2024-11-12,0.227,0.3,0.22,32782
2024-11-13,0.228,0.275,0.22,31127
2024-11-14,0.227,0.228,0.22,29898
2024-11-15,0.227,0.228,0.221,31720
2024-11-18,0.227,0.228,0.22,28451
2024-11-19,0.227,0.275,0.22,31974
2024-11-20,0.227,0.275,0.22,31680
2024-11-21,0.227,0.275,0.22,30046
2024-11-22,0.227,0.228,0.21,30359
2024-11-25,0.227,0.228,0.22,29961
2024-11-26,0.228,0.275,0.215,32347
2024-11-27,0.228,0.275,0.22,31682
2024-11-28,0.228,0.275,0.215,31692
2024-11-29,0.227,0.228,0.219,35100
2024-12-02,0.227,0.285,0.21,30859
2024-12-03,0.227,0.228,0.22,30207
2024-12-04,0.227,0.275,0.2,31371
2024-12-05,0.232,0.275,0.2,33961
2024-12-06,0.227,0.228,0.2,30596
2024-12-09,0.227,0.275,0.22,30784
2024-12-10,0.227,0.275,0.22,31317
2024-12-11,0.227,0.275,0.22,29672
2024-12-12,0.227,0.275,0.219,29462
2024-12-13,0.227,0.228,0.2,29398
2024-12-16,0.227,0.275,0.219,30875
2024-12-17,0.227,0.275,0.219,32538
2024-12-18,0.226,0.228,0.19,32609
2024-12-19,0.227,0.228,0.219,33307
2024-12-20,0.227,0.228,0.2,33750
2024-12-23,0.227,0.228,0.219,31370
2024-12-24,0.227,0.228,0.219,29756
2024-12-25,0.227,0.228,0.219,29880
2024-12-26,0.227,0.228,0.219,28686
2024-12-27,0.227,0.228,0.221,30063
2024-12-30,0.227,0.227,0.2,29234
2025-01-06,0.227,0.228,0.219,28308
2025-01-07,0.227,0.228,0.219,28128
2025-01-08,0.231,0.275,0.219,31713
2025-01-09,0.232,0.275,0.219,32909
2025-01-10,0.227,0.228,0.2,30964
2025-01-14,0.227,0.228,0.22,28939
2025-01-15,0.227,0.228,0.22,31783
2025-01-16,0.227,0.228,0.22,32104
2025-01-17,0.227,0.228,0.215,34384
2025-01-20,0.227,0.228,0.22,34533
2025-01-21,0.228,0.275,0.22,34360
2025-01-22,0.228,0.275,0.219,35157
2025-01-23,0.227,0.228,0.22,33219
2025-01-24,0.227,0.228,0.2,36415
2025-01-27,0.476,0.478,0.47,35172
2025-01-28,0.477,0.478,0.47,34880
2025-01-29,0.477,0.478,0.47,32815
2025-01-30,0.477,0.478,0.47,35816
2025-01-31,0.477,0.525,0.43,36710
2025-02-03,0.476,0.478,0.45,34152
2025-02-04,0.477,0.525,0.45,36861
2025-02-05,0.479,0.525,0.45,36810
2025-02-06,0.479,0.525,0.45,38099
2025-02-07,0.477,0.525,0.45,35649
2025-02-10,0.477,0.525,0.45,36006
2025-02-12,0.485,0.525,0.45,42803
2025-02-13,0.477,0.525,0.45,36863
2025-02-14,0.477,0.5,0.45,35749
2025-02-17,0.477,0.525,0.45,34750
2025-02-18,0.477,0.525,0.45,36996
2025-02-19,0.477,0.525,0.45,35541
2025-02-20,0.477,0.525,0.45,35269
2025-02-21,0.478,0.535,0.45,36345
2025-02-25,0.479,0.525,0.45,36651
2025-02-26,0.477,0.525,0.45,33912
2025-02-27,0.477,0.525,0.45,37097
2025-02-28,0.477,0.479,0.45,42150
2025-03-03,0.477,0.478,0.45,43335
2025-03-04,0.476,0.478,0.45,33890
2025-03-05,0.476,0.478,0.45,34350
2025-03-06,0.476,0.478,0.45,35682
2025-03-07,0.477,0.5,0.45,34086
2025-03-10,0.478,0.525,0.45,35238
2025-03-11,0.479,0.525,0.45,35891
2025-03-12,0.479,0.525,0.45,37903
2025-03-13,0.476,0.478,0.45,34831
2025-03-14,0.477,0.5,0.45,37722
2025-03-17,0.477,0.53,0.45,37734
2025-03-18,0.476,0.478,0.45,37274
2025-03-19,0.477,0.525,0.45,37383
2025-03-21,0.477,0.525,0.45,41990
2025-03-24,0.476,0.478,0.45,39846
2025-03-25,0.476,0.478,0.45,37403
2025-03-26,0.477,0.478,0.45,38266
2025-03-27,0.476,0.478,0.45,37179
2025-03-28,0.477,0.478,0.45,38072
2025-03-31,0.476,0.478,0.45,37837
2025-04-01,0.477,0.478,0.45,42644
2025-04-02,0.477,0.478,0.45,38356
2025-04-03,0.476,0.478,0.45,39057
2025-04-04,0.477,0.478,0.45,38012
2025-04-07,0.477,0.478,0.45,37827
2025-04-08,0.477,0.478,0.45,37327
2025-04-09,0.476,0.478,0.45,37067
2025-04-10,0.476,0.478,0.45,37894
2025-04-11,0.477,0.478,0.45,37392
2025-04-14,0.477,0.478,0.45,38750
2025-04-15,0.476,0.478,0.45,37064
2025-04-16,0.477,0.525,0.45,40147
2025-04-17,0.476,0.478,0.45,35707
2025-04-18,0.477,0.478,0.45,38492
2025-04-21,0.476,0.478,0.45,37521
2025-04-22,0.476,0.478,0.45,36333
2025-04-23,0.477,0.478,0.45,35287
2025-04-24,0.477,0.478,0.45,33534
2025-04-25,0.477,0.478,0.45,36523
2025-04-28,0.476,0.478,0.45,38414
2025-04-30,0.476,0.478,0.45,39560
2025-05-01,0.477,0.478,0.45,44433
2025-05-02,0.477,0.478,0.45,39793
2025-05-07,0.477,0.525,0.45,34665
2025-05-08,0.476,0.478,0.45,35900
2025-05-09,0.477,0.478,0.45,34553
2025-05-12,0.477,0.478,0.45,34351
2025-05-13,0.477,0.525,0.45,36199
2025-05-14,0.477,0.478,0.45,36282
2025-05-15,0.477,0.478,0.45,34459
2025-05-16,0.477,0.478,0.45,34705
2025-05-19,0.478,0.525,0.45,35475
2025-05-20,0.478,0.525,0.45,39601
2025-05-21,0.477,0.478,0.45,37715
2025-05-22,0.476,0.478,0.45,36026
2025-05-23,0.477,0.478,0.44,34863
2025-05-26,0.476,0.478,0.45,34011
2025-05-27,0.476,0.478,0.45,35137
2025-05-28,0.476,0.478,0.45,32462
2025-05-29,0.476,0.478,0.45,36439
2025-05-30,0.476,0.477,0.44,35619
2025-06-02,0.477,0.478,0.45,34934
2025-06-03,0.477,0.525,0.45,34827
2025-06-04,0.477,0.478,0.45,33665
2025-06-05,0.477,0.478,0.45,34001
2025-06-06,0.477,0.478,0.45,33724
2025-06-09,0.477,0.478,0.45,33675
2025-06-10,0.477,0.478,0.45,32904
2025-06-11,0.477,0.478,0.45,33315
2025-06-12,0.481,0.525,0.45,35980
2025-06-13,0.477,0.478,0.45,32225
2025-06-16,0.477,0.478,0.45,32639
2025-06-17,0.477,0.478,0.45,31515
2025-06-18,0.478,0.65,0.45,31492
2025-06-19,0.477,0.478,0.45,31597
2025-06-20,0.477,0.478,0.45,32706
2025-06-23,0.476,0.478,0.45,32531
2025-06-24,0.478,0.525,0.45,33035
2025-06-25,0.478,0.525,0.45,31808
2025-06-26,0.478,0.525,0.45,30266
2025-06-27,0.477,0.478,0.45,28326
2025-06-30,0.477,0.478,0.45,31143
2025-07-01,0.477,0.478,0.45,28767
2025-07-02,0.477,0.478,0.45,30721
2025-07-03,0.477,0.478,0.45,29344
2025-07-04,0.477,0.478,0.45,31267
2025-07-07,0.477,0.478,0.45,28376
2025-07-08,0.477,0.478,0.45,30079
2025-07-09,0.477,0.478,0.45,29139
2025-07-10,0.477,0.478,0.45,31137
2025-07-11,0.477,0.478,0.44,31530
2025-07-14,0.479,0.53,0.45,32476
2025-07-15,0.476,0.478,0.45,32533
2025-07-16,0.477,0.478,0.45,31130
2025-07-17,0.477,0.478,0.45,30355
2025-07-18,0.477,0.478,0.45,29952
2025-07-22,0.479,0.525,0.45,33952
2025-07-23,0.478,0.525,0.45,33104
2025-07-24,0.477,0.525,0.45,30929
2025-07-25,0.477,0.478,0.45,30096
2025-07-28,0.479,0.525,0.45,31010
2025-07-29,0.478,0.53,0.45,30731
2025-07-30,0.481,0.53,0.45,33916
2025-07-31,0.478,0.6,0.45,32439
2025-08-01,0.477,0.478,0.45,29795
2025-08-04,0.476,0.478,0.45,29251
2025-08-05,0.477,0.6,0.45,32423
2025-08-06,0.477,0.525,0.45,30003
2025-08-07,0.477,0.53,0.45,31056
2025-08-08,0.477,0.478,0.45,31312
2025-08-12,0.477,0.525,0.45,30568
2025-08-13,0.477,0.478,0.45,30373
2025-08-14,0.477,0.525,0.45,31107
2025-08-15,0.477,0.478,0.45,30499
2025-08-18,0.477,0.478,0.45,29558
2025-08-19,0.477,0.478,0.45,30621
2025-08-20,0.476,0.478,0.45,30658
2025-08-21,0.476,0.478,0.45,31517
2025-08-22,0.476,0.478,0.44,40571
2025-08-25,0.477,0.53,0.45,38794
2025-08-26,0.478,0.525,0.45,39305
2025-08-27,0.478,0.525,0.45,35977
2025-08-28,0.478,0.53,0.45,37269
2025-08-29,0.477,0.478,0.45,39457
2025-09-01,0.477,0.53,0.45,38912
2025-09-02,0.478,0.525,0.45,39291
2025-09-03,0.478,0.525,0.45,38335
2025-09-04,0.479,0.525,0.45,39633
2025-09-05,0.477,0.478,0.44,35476
2025-09-08,0.477,0.53,0.45,34786
2025-09-09,0.477,0.525,0.44,34375
2025-09-10,0.477,0.525,0.45,32573
2025-09-11,0.48,0.525,0.45,35016
2025-09-12,0.477,0.6,0.45,35337
2025-09-16,0.477,0.478,0.445,34891
2025-09-17,0.478,0.525,0.45,31868
2025-09-18,0.477,0.478,0.45,31913
2025-09-19,0.477,0.478,0.45,30913
2025-09-22,0.476,0.478,0.45,32199
2025-09-24,0.478,0.525,0.45,31707
2025-09-25,0.477,0.525,0.45,28193
2025-09-26,0.476,0.478,0.45,28493
2025-09-29,0.477,0.478,0.45,27741
2025-09-30,0.477,0.478,0.45,26968
2025-10-01,0.477,0.53,0.45,28990
2025-10-02,0.477,0.53,0.45,27772
2025-10-03,0.477,0.478,0.445,30620
2025-10-06,0.477,0.53,0.45,30913
2025-10-07,0.477,0.53,0.45,31569
2025-10-08,0.477,0.478,0.45,32262
2025-10-09,0.478,0.53,0.45,33512
2025-10-10,0.477,0.479,0.45,28624
2025-10-14,0.477,0.53,0.45,27187
2025-10-15,0.477,0.478,0.45,27115
2025-10-16,0.477,0.478,0.45,28118
2025-10-17,0.477,0.478,0.45,26780
2025-10-20,0.477,0.53,0.45,29106
2025-10-21,0.477,0.525,0.45,29089
2025-10-22,0.477,0.53,0.45,28329
2025-10-23,0.477,0.525,0.45,27987
2025-10-24,0.477,0.478,0.445,27096
2025-10-27,0.477,0.525,0.45,27240
2025-10-28,0.477,0.525,0.45,26085
2025-10-29,0.477,0.478,0.45,26651
2025-10-30,0.476,0.6,0.45,26840
2025-10-31,0.477,0.53,0.45,27973
2025-11-04,0.476,0.478,0.45,30074
2025-11-05,0.477,0.478,0.45,30249
2025-11-06,0.477,0.53,0.45,31663
2025-11-07,0.478,0.5,0.45,29013
2025-11-10,0.481,0.53,0.45,30976
2025-11-11,0.477,0.53,0.45,30298
2025-11-12,0.479,0.53,0.45,32320
2025-11-13,0.477,0.53,0.45,29107
2025-11-14,0.478,0.5,0.45,29961
2025-11-17,0.477,0.525,0.45,29820
2025-11-18,0.478,0.525,0.45,29879
2025-11-19,0.479,0.525,0.45,30273
2025-11-20,0.477,0.525,0.45,29161
2025-11-21,0.478,0.5,0.45,35585
2025-11-25,0.478,0.53,0.45,37097
2025-11-26,0.478,0.53,0.45,35324
2025-11-27,0.477,0.53,0.45,34834
2025-11-28,0.477,0.525,0.445,35930
2025-12-01,0.477,0.53,0.45,34371
2025-12-02,0.477,0.53,0.45,34401
2025-12-03,0.478,0.53,0.45,35938
2025-12-04,0.477,0.53,0.45,34702
2025-12-05,0.477,0.65,0.45,28411
2025-12-08,0.477,0.65,0.45,28221
2025-12-09,0.482,0.6,0.45,30907
2025-12-10,0.477,0.53,0.45,30291
2025-12-11,0.478,0.525,0.45,31213
2025-12-12,0.477,0.478,0.45,27274
2025-12-15,0.477,0.53,0.45,28948
2025-12-16,0.482,0.53,0.45,31323
2025-12-17,0.478,0.53,0.45,29649
2025-12-18,0.477,0.53,0.45,29425
2025-12-19,0.477,0.478,0.45,27673
2025-12-22,0.727,0.78,0.7,29897
2025-12-23,0.727,0.78,0.69,29562
2025-12-24,0.727,0.775,0.7,27014
2025-12-25,0.728,0.78,0.7,28280
2025-12-26,0.727,0.728,0.7,26605
2025-12-29,0.728,0.78,0.7,27865
2025-12-30,0.727,0.728,0.7,29002
2026-01-05,0.727,0.78,0.7,30221
2026-01-06,0.727,0.728,0.7,27355
2026-01-07,0.727,0.78,0.7,28871
2026-01-08,0.729,0.775,0.7,29779
2026-01-09,0.727,0.78,0.7,29291
2026-01-13,0.727,0.78,0.7,30629
2026-01-14,0.727,0.78,0.7,30545
2026-01-15,0.727,0.78,0.7,31063
2026-01-16,0.727,0.728,0.7,30740
2026-01-19,0.727,0.728,0.7,34630
2026-01-20,0.728,0.78,0.7,37280
2026-01-21,0.727,0.78,0.7,32779
2026-01-22,0.727,0.78,0.7,33524
2026-01-23,0.727,0.728,0.7,41085
2026-01-26,0.728,0.768,0.7,42219
2026-01-27,0.736,0.8,0.7,48876
2026-01-28,0.727,0.775,0.7,38919
2026-01-29,0.727,0.78,0.7,40097
2026-01-30,0.727,0.73,0.7,38634
2026-02-02,0.727,0.728,0.7,45804
2026-02-03,0.73,0.78,0.7,45692
2026-02-04,0.727,0.78,0.7,34135
2026-02-05,0.727,0.78,0.7,38831
2026-02-06,0.728,0.75,0.7,36880
2026-02-09,0.728,0.78,0.7,35399
2026-02-10,0.727,0.78,0.7,34334
2026-02-12,0.728,0.78,0.7,33805
2026-02-13,0.728,0.85,0.7,37521
2026-02-16,0.728,0.78,0.7,43454
2026-02-17,0.73,0.775,0.7,42679
2026-02-18,0.728,0.775,0.7,41799
2026-02-19,0.728,0.8,0.7,41297
2026-02-20,0.729,0.775,0.7,45934
2026-02-24,0.727,0.775,0.7,41366
2026-02-25,0.729,0.775,0.7,42830
2026-02-26,0.728,0.78,0.7,42504
2026-02-27,0.727,0.728,0.7,41115
2026-03-02,0.727,0.78,0.7,41237
2026-03-03,0.727,0.775,0.7,41951
2026-03-04,0.73,0.78,0.7,43549
2026-03-05,0.728,0.78,0.7,41910
2026-03-06,0.728,0.78,0.7,41094
2026-03-09,0.727,0.78,0.7,39650
2026-03-10,0.728,0.78,0.7,38123
2026-03-11,0.727,0.729,0.7,36595
2026-03-12,0.734,0.78,0.7,39161
2026-03-13,0.728,0.75,0.7,39012
2026-03-16,0.727,0.78,0.7,33749
2026-03-17,0.727,0.78,0.7,35090
2026-03-18,0.727,0.78,0.7,35067
2026-03-19,0.728,0.75,0.7,35227
2026-03-23,0.727,0.85,0.7,35721
2026-03-24,0.727,0.78,0.7,36286
2026-03-25,0.727,0.78,0.7,34549
2026-03-26,0.727,0.775,0.7,34393
2026-03-27,0.727,0.728,0.7,35915
2026-03-30,0.726,0.729,0.7,36289
2026-03-31,0.727,0.728,0.7,29045
2026-04-01,0.728,0.78,0.7,40571
2026-04-02,0.727,0.78,0.7,39509
2026-04-03,0.728,0.75,0.7,41864
2026-04-06,0.727,0.729,0.7,39158
2026-04-07,0.727,0.728,0.7,38659
2026-04-08,0.727,0.78,0.7,40603
2026-04-09,0.727,0.78,0.7,38402
2026-04-10,0.728,0.75,0.7,34979
2026-04-13,0.726,0.728,0.7,32823
2026-04-14,0.726,0.728,0.7,32022
2026-04-15,0.727,0.775,0.7,30613
2026-04-16,0.727,0.78,0.7,32186
2026-04-17,0.728,0.75,0.7,30241
2026-04-20,0.727,0.775,0.7,30683
2026-04-21,0.727,0.775,0.7,29114
2026-04-22,0.727,0.78,0.7,27918
2026-04-23,0.727,0.775,0.69,28694
2026-04-24,0.728,0.75,0.7,28301
2026-04-27,0.727,0.78,0.7,25251
2026-04-28,0.727,0.73,0.7,25781
2026-04-30,0.727,0.78,0.7,28562
2026-05-01,0.727,0.729,0.7,28710
2026-05-07,0.727,0.728,0.7,38659
2026-05-08,0.727,0.729,0.7,27342
2026-05-11,0.726,0.728,0.7,30675
2026-05-12,0.727,0.775,0.7,28842
2026-05-13,0.727,0.78,0.7,29914
2026-05-14,0.727,0.775,0.7,31757
2026-05-15,0.727,0.728,0.7,31392
2026-05-18,0.728,0.775,0.7,30309
2026-05-19,0.728,0.775,0.7,32442
2026-05-20,0.728,0.78,0.7,33227
2026-05-21,0.727,0.78,0.7,32882
2026-05-22,0.726,0.729,0.7,30511
2026-05-25,0.727,0.78,0.7,31329
2026-05-26,0.727,0.78,0.7,31502
2026-05-27,0.727,0.775,0.7,30399
2026-05-28,0.727,0.728,0.7,35216
2026-05-29,0.727,0.729,0.7,30311
2026-06-01,0.726,0.728,0.7,33203
2026-06-02,0.727,0.78,0.7,33925
2026-06-03,0.727,0.78,0.7,34683
2026-06-04,0.726,0.728,0.7,33086
2026-06-05,0.727,0.728,0.7,34315
2026-06-08,0.727,0.728,0.7,32964
2026-06-09,0.727,0.729,0.7,33162
2026-06-10,0.727,0.78,0.7,32291
2026-06-11,0.727,0.728,0.7,33752
2026-06-12,0.727,0.729,0.7,33155
