Date,FXERD01,FXERD02,FXERD03,FXERD04,FXERD05,FXERD06,FXERD07,FXERD31,FXERD32,FXERD33,FXERD34,FXERD35,FXERD36,FXERD39,FXERD37,FXERD38,FXERD11,FXERD12,FXERD13,FXERD14,FXERD21,FXERD22
2000-01-04,101.72,103.15,101.46,102.99,102.5,11546,2688,1.0237,1.0263,1.0217,1.0241,1553,620,111.18,,,,,,,,
2000-01-05,103.26,103.3,102.81,103.19,103.1,9232,7529,1.0296,1.0385,1.0285,1.0368,3782,1369,110.23,,,,,,,,
2000-01-06,104.02,104.75,103.98,104.38,104.35,13916,11212,1.032,1.0377,1.0312,1.0344,4943,1296,109.29,,,,,,,,
2000-01-07,105.23,105.61,105.02,105.32,105.3,12759,16581,1.032,1.0334,1.0284,1.0303,4585,2876,109.13,,,,,,,,
2000-01-11,105.24,105.71,105.08,105.59,105.2,11880,10186,1.0247,1.03,1.0247,1.0283,3930,2367,108.56,,,,,,,,
2000-01-12,106.01,106.23,105.71,105.77,106.05,11843,15486,1.0337,1.0363,1.0319,1.0359,4581,2718,108.73,,,,,,,,
2000-01-13,105.67,105.88,105.44,105.67,105.65,8903,10840,1.0308,1.0315,1.028,1.0289,3351,2847,108.33,,,,,,,,
2000-01-14,106.29,106.39,105.65,105.74,106.15,11466,7314,1.0264,1.0274,1.0228,1.0244,4039,2056,108.83,,,,,,,,
2000-01-17,105.66,105.89,105,105.19,105.2,9799,12227,1.0124,1.0143,1.0103,1.0119,2971,3068,109.88,,,,,,,,
2000-01-18,104.88,105.2,104.8,105.18,105,8754,14411,1.0124,1.0133,1.0095,1.0129,4530,4285,109.06,,,,,,,,
2000-01-19,105.59,105.8,105.51,105.53,105.65,8918,12587,1.0147,1.0163,1.0133,1.0137,4261,4778,109.5,,,,,,,,
2000-01-20,105.29,105.39,105.17,105.35,105.3,7094,13482,1.012,1.0134,1.0106,1.0126,3718,2378,109.16,,,,,,,,
2000-01-21,105.34,105.53,104.72,104.79,104.9,11533,13550,1.0167,1.0192,1.0157,1.0162,4055,4928,110.06,,,,,,,,
2000-01-24,105.15,105.3,104.67,104.92,104.9,8568,10326,1.003,1.0057,1.0015,1.0039,4818,4094,109.32,,,,,,,,
2000-01-25,105.69,105.93,105.51,105.84,105.6,9992,11534,1.0068,1.0095,1.0059,1.0085,4798,4891,108.99,,,,,,,,
2000-01-26,105.94,106.22,105.68,106.06,105.84,9372,16698,1.0015,1.0027,1.0007,1.001,3595,4464,109.46,,,,,,,,
2000-01-27,105.64,105.8,105.52,105.65,105.65,7979,17856,1.0001,1.0027,0.9995,1.0019,3169,5137,110.27,,,,,,,,
2000-01-28,105.02,105.15,104.83,104.87,104.9,8313,18222,0.9885,0.9892,0.9833,0.9846,4408,6667,108.69,,,,,,,,
2000-01-31,106.87,107.08,106.71,106.9,106.85,9270,15686,0.9792,0.9825,0.977,0.9789,3369,4462,108.55,,,,,,,,
2000-02-01,107.23,107.48,107.15,107.37,107.35,10931,18941,0.9713,0.9717,0.9668,0.9678,4441,6705,108.02,,,,,,,,
2000-02-02,107.78,109.06,107.73,108.5,108.55,20828,15772,0.972,0.9745,0.9694,0.9725,3618,4313,107.68,,,,,,,,
2000-02-03,108.12,108.37,107.78,107.94,107.95,11314,16094,0.9767,0.9773,0.9717,0.9731,4006,5147,108,,,,,,,,
2000-02-04,107.49,107.79,107.3,107.44,107.5,9147,13451,0.9899,0.9915,0.9873,0.9908,4313,4422,108.46,,,,,,,,
2000-02-07,107.24,108.05,107.2,107.82,107.65,8550,11384,0.9819,0.9832,0.9792,0.9824,2250,3805,107.07,,,,,,,,
2000-02-08,108.94,109.49,108.6,109.35,109.3,16395,21381,0.9812,0.9838,0.98,0.983,4376,5031,106.07,,,,,,,,
2000-02-09,109.42,109.67,108.58,108.79,109,13684,13990,0.9862,0.9933,0.985,0.9927,4451,5692,106.44,,,,,,,,
2000-02-10,108.82,109.15,108.37,108.52,108.67,12034,12388,0.9934,0.9961,0.9905,0.9917,3732,3876,106.21,,,,,,,,
2000-02-14,108.95,109.07,108.05,108.32,108.4,9785,12976,0.9874,0.9909,0.9853,0.9875,2600,2357,106.74,,,,,,,,
2000-02-15,108.84,109.3,108.62,109.16,108.88,12768,13493,0.9791,0.9808,0.9779,0.9792,3171,2375,106.44,,,,,,,,
2000-02-16,109.11,109.32,108.89,109.02,109.1,8808,15976,0.9817,0.9824,0.979,0.9793,2402,3159,106.13,,,,,,,,
2000-02-17,109.39,110.25,109.32,110.14,109.9,17841,14052,0.9862,0.9888,0.9851,0.9879,3329,2539,105.04,,,,,,,,
2000-02-18,110.4,110.97,110.27,110.75,110.8,13379,8582,0.9869,0.99,0.9865,0.9877,3155,2012,104.69,,,,,,,,
2000-02-21,110.7,110.94,110.37,110.59,110.65,8523,11680,0.9853,0.9884,0.9845,0.9879,2525,2225,104.51,,,,,,,,
2000-02-22,111.28,111.73,111.05,111.2,111.7,13419,12961,0.9891,0.9948,0.9875,0.9934,6068,5104,104.77,,,,,,,,
2000-02-23,110.72,110.8,110.1,110.58,110.3,14625,15181,1.0046,1.009,1.0033,1.0065,4413,4322,104.41,,,,,,,,
2000-02-24,111.29,111.51,110.83,111.07,111.2,11941,15756,1.0029,1.0041,1.0014,1.0021,4112,5218,104.46,,,,,,,,
2000-02-25,111.32,111.5,110.65,110.85,110.85,11313,12989,0.9914,0.9925,0.9867,0.9875,3944,3623,105.69,,,,,,,,
2000-02-28,109.88,110.42,108.35,109.2,108.9,16574,9645,0.9737,0.9746,0.939,0.9589,7953,2739,106.64,,,,,,,,
2000-02-29,109.65,110.45,109.38,110.27,110.18,13414,17842,0.9677,0.9727,0.9645,0.9662,4293,2923,105.95,,,,,,,,
2000-03-01,110.19,110.33,108.88,109.12,109.2,14492,18595,0.9626,0.972,0.9624,0.9668,3522,5509,108.72,,,,,,,,
2000-03-02,106.92,107.7,106.82,107.35,107.45,13354,19629,0.9697,0.9794,0.969,0.9772,4582,2792,108.42,,,,,,,,
2000-03-03,107.79,108.08,107.32,107.66,107.6,10471,23923,0.9634,0.968,0.96,0.9656,3675,4940,108.43,,,,,,,,
2000-03-06,107.69,107.92,107.21,107.59,107.45,9849,18338,0.958,0.9605,0.956,0.9597,3277,2447,108.83,,,,,,,,
2000-03-07,107.44,108.17,107.29,107.47,107.9,10906,14803,0.9581,0.9616,0.9572,0.9607,2868,1979,110.24,,,,,,,,
2000-03-08,106.26,107.5,106.02,107.08,107.2,14108,16141,0.9587,0.961,0.9572,0.96,3308,2853,109.07,,,,,,,,
2000-03-09,107.23,107.27,106.55,106.67,106.85,8838,16999,0.9638,0.9648,0.9613,0.9629,3247,4765,109.54,,,,,,,,
2000-03-10,106.59,106.7,106.25,106.29,106.4,7838,12220,0.9668,0.9687,0.9651,0.9669,2279,2569,109.79,,,,,,,,
2000-03-13,106.51,106.7,105.6,105.75,105.9,10221,16693,0.9628,0.9698,0.9616,0.9694,3347,3827,110.69,,,,,,,,
2000-03-14,105.72,106,105.09,105.14,105.3,10378,16619,0.9646,0.9652,0.9622,0.9639,2878,4200,111.01,,,,,,,,
2000-03-15,105.12,106.25,104.75,106.06,106,20639,20840,0.9679,0.9702,0.9662,0.9686,2569,3719,110.54,,,,,,,,
2000-03-16,105.63,105.84,105.37,105.48,105.5,7001,16842,0.9654,0.9705,0.9645,0.9695,2938,3028,110.74,,,,,,,,
2000-03-17,105.67,106.1,105.35,105.95,106,7618,14242,0.9714,0.9717,0.9682,0.9685,2268,4816,109.3,,,,,,,,
2000-03-21,106.39,106.7,106.24,106.49,106.45,8050,16383,0.9732,0.9739,0.9714,0.9723,2247,5558,109.49,,,,,,,,
2000-03-22,106.72,106.9,106.52,106.65,106.75,6789,16740,0.9587,0.9616,0.9575,0.9596,3736,4987,109.12,,,,,,,,
2000-03-23,107.12,107.63,107,107.38,107.4,9025,15053,0.961,0.9628,0.9603,0.9615,2438,2332,108.64,,,,,,,,
2000-03-24,107.29,107.65,107.05,107.34,107.4,8672,18409,0.9719,0.9765,0.9705,0.9718,3393,2199,108.9,,,,,,,,
2000-03-27,106.79,107.02,106.6,106.9,106.8,5872,20212,0.9764,0.9789,0.9759,0.9775,2575,2813,109.2,,,,,,,,
2000-03-28,106.64,106.76,106.31,106.44,106.55,8260,20894,0.966,0.9691,0.9648,0.9656,2834,4385,110.31,,,,,,,,
2000-03-29,106.03,106.35,105.77,106.03,105.95,9135,17867,0.9564,0.9602,0.9538,0.9569,3676,4224,110.69,,,,,,,,
2000-03-30,105.69,105.93,105.41,105.55,105.65,6878,16239,0.9535,0.9553,0.9519,0.954,2600,3843,110.62,,,,,,,,
2000-03-31,105.84,106.08,105,105.29,105.85,12072,16074,0.9615,0.963,0.9564,0.9576,2892,6719,113.72,,,,,,,,
2000-04-03,104.13,105.65,102.82,104.87,104.9,28945,16641,0.9563,0.9574,0.9503,0.9518,3110,4994,111.5,,,,,,,,
2000-04-04,105.08,105.15,104.86,105.06,105.05,7068,13700,0.9554,0.9574,0.9538,0.9556,2839,3457,111.15,,,,,,,,
2000-04-05,105.12,105.54,104.92,105.1,105.1,8027,17881,0.9622,0.9647,0.9595,0.9643,4185,3495,111.45,,,,,,,,
2000-04-06,104.98,105,104.68,104.82,104.85,7923,13259,0.9612,0.9629,0.9604,0.9628,2583,3473,111.68,,,,,,,,
2000-04-07,104.77,105.07,104.7,104.99,104.9,6621,11496,0.9574,0.9595,0.9557,0.9589,2530,3241,111,,,,,,,,
2000-04-10,105.41,106.18,105.29,106.07,105.95,10912,11621,0.9538,0.9573,0.9535,0.9563,2457,1510,109.72,,,,,,,,
2000-04-11,106.43,107.03,106.3,106.96,106.45,12111,16171,0.9626,0.9636,0.9617,0.9623,2880,3271,109.32,,,,,,,,
2000-04-12,106.9,106.98,105.39,105.49,106.5,14832,22193,0.9592,0.96,0.958,0.9585,2824,3492,110.5,,,,,,,,
2000-04-13,105.85,106.12,105.66,105.77,105.95,9743,26889,0.9592,0.9594,0.9565,0.9586,3231,5480,110.53,,,,,,,,
2000-04-14,105.88,106.18,105.69,105.87,106.1,7425,16497,0.9531,0.9552,0.951,0.9545,3052,4151,111.58,,,,,,,,
2000-04-17,104.68,105.6,103.27,103.37,104.2,14092,16350,0.9642,0.9672,0.9623,0.9627,5050,3883,112.13,,,,,,,,
2000-04-18,104.53,105.15,104.07,104.37,104.5,10363,19391,0.9482,0.9525,0.9452,0.9461,4502,3836,112.02,,,,,,,,
2000-04-19,104.62,105.05,104.41,104.48,104.9,8853,20005,0.9454,0.9473,0.9445,0.9465,3094,4763,112.07,,,,,,,,
2000-04-20,104.62,104.92,104.51,104.79,104.7,6743,18375,0.9404,0.9423,0.9378,0.9385,2384,3229,111.17,,,,,,,,
2000-04-21,105.8,105.89,105.58,105.68,105.73,4537,8129,0.9386,0.9398,0.9373,0.9385,647,23,111.12,,,,,,,,
2000-04-24,105.83,106.02,105.55,105.68,106,4413,9103,0.9372,0.9405,0.9365,0.9396,1337,0,111.15,,,,,,,,
2000-04-25,105.72,105.78,105.23,105.36,105.35,7621,19377,0.9388,0.9395,0.9373,0.9379,2826,3850,110.97,,,,,,,,
2000-04-26,106.14,106.28,105.52,105.89,105.75,10163,19697,0.9213,0.926,0.9176,0.9229,3824,4594,111.06,,,,,,,,
2000-04-27,106.22,106.42,105.95,106.03,106.25,9214,18234,0.9237,0.9245,0.9185,0.9199,3649,6814,111.22,,,,,,,,
2000-04-28,106.59,106.7,106.38,106.44,106.55,10907,16952,0.9119,0.9132,0.9078,0.9083,3092,4100,109.42,,,,,,,,
2000-05-01,107.73,108.48,107.7,107.99,107.75,7287,12928,0.9112,0.9128,0.9087,0.9119,1165,105,108.77,,,,,,,,
2000-05-02,108.66,108.82,108.25,108.49,108.65,9375,21337,0.9164,0.9173,0.91,0.9111,1881,2656,109.28,,,,,,,,
2000-05-08,108.86,109.2,108.65,108.82,108.95,8072,19788,0.8992,0.9045,0.8977,0.8995,3235,3153,109.13,,,,,,,,
2000-05-09,109.22,109.26,108.58,108.89,108.75,10787,21227,0.8987,0.8992,0.8949,0.8982,3657,3251,108.78,,,,,,,,
2000-05-10,109.26,109.59,109.14,109.37,109.33,9184,20920,0.9072,0.9103,0.9049,0.9093,4142,3884,108.57,,,,,,,,
2000-05-11,109.42,110.08,109.2,109.7,109.95,13235,15224,0.9043,0.9066,0.9014,0.9061,3881,4263,109.83,,,,,,,,
2000-05-12,107.76,108.53,107.65,108.31,108.18,9881,14440,0.9016,0.9035,0.8978,0.9003,2947,6496,109.43,,,,,,,,
2000-05-15,108.77,109.02,108.58,108.9,108.7,5896,12912,0.9179,0.919,0.9143,0.9164,3019,3169,108.96,,,,,,,,
2000-05-16,109.21,109.34,108.71,108.94,108.9,8173,14276,0.9076,0.9107,0.9062,0.9089,3890,3107,108.85,,,,,,,,
2000-05-17,109.72,109.85,109.04,109.26,109.35,9691,19098,0.8994,0.9028,0.8945,0.8955,4282,5226,109.32,,,,,,,,
2000-05-18,108.82,109.32,108.45,109.14,108.85,11278,12569,0.8949,0.8959,0.892,0.8934,2972,2699,110.11,,,,,,,,
2000-05-19,108.62,108.83,107.62,107.87,108.55,13961,15880,0.8954,0.8958,0.8923,0.8938,2588,3208,111.68,,,,,,,,
2000-05-22,106.82,107.17,106.7,107.02,107,7211,13372,0.8987,0.9017,0.8963,0.9015,2469,3683,111.47,,,,,,,,
2000-05-23,107.17,107.3,106.77,106.83,107.2,8795,14159,0.9029,0.9135,0.9024,0.9112,5199,3464,112.25,,,,,,,,
2000-05-24,106.53,106.71,106.38,106.68,106.55,8862,17827,0.9069,0.9077,0.9033,0.9058,3311,3168,110.97,,,,,,,,
2000-05-25,107.66,108,107.53,107.88,107.65,8281,15436,0.9034,0.9052,0.8999,0.9015,3094,3089,111.22,,,,,,,,
2000-05-26,107.41,107.85,107.16,107.34,107.5,8369,7039,0.9126,0.9186,0.9116,0.9148,4984,4120,110.99,,,,,,,,
2000-05-29,106.92,107.1,106.72,106.98,106.8,4348,10511,0.9329,0.9334,0.9266,0.9279,2511,1237,111.21,,,,,,,,
2000-05-30,106.9,107.04,106.78,106.87,106.9,6689,12946,0.9279,0.9374,0.9246,0.9371,4676,3287,111.62,,,,,,,,
2000-05-31,106.66,107.45,106.2,107.3,106.65,11991,16881,0.9294,0.9323,0.9278,0.9292,4571,4008,110.22,,,,,,,,
2000-06-01,107.84,108.78,107.61,108.72,108.5,13990,18619,0.9368,0.938,0.9353,0.9362,3925,4283,109.47,,,,,,,,
2000-06-02,108.44,109.1,108.22,108.78,108.9,12079,15764,0.9317,0.9373,0.9298,0.9366,4909,4797,109.4,,,,,,,,
2000-06-05,107.88,108.3,107.7,107.84,107.95,7898,16416,0.9456,0.9458,0.9426,0.9439,2852,3113,110.03,,,,,,,,
2000-06-06,107.35,107.63,106.92,107.09,107.5,10920,16325,0.9462,0.9497,0.9455,0.9485,5126,4035,111.46,,,,,,,,
2000-06-07,105.85,106.22,105.15,105.24,105.9,14452,13855,0.955,0.9594,0.9533,0.9582,4102,2325,111.81,,,,,,,,
2000-06-08,105.7,106.05,105.43,105.77,105.65,8077,14702,0.9595,0.9607,0.9565,0.9585,4989,2995,111.52,,,,,,,,
2000-06-09,106.22,106.66,105.88,106.47,106.25,9697,13747,0.9546,0.9566,0.953,0.9556,4006,2889,110.44,,,,,,,,
2000-06-12,106.93,107.2,106.67,106.87,106.95,6023,17821,0.9525,0.9533,0.9489,0.9515,3081,2804,110.44,,,,,,,,
2000-06-13,106.84,107,106.4,106.42,106.8,7191,15260,0.9534,0.96,0.9522,0.9582,3730,2773,110.19,,,,,,,,
2000-06-14,106.92,107.15,106.28,106.57,106.45,9314,18535,0.9592,0.9653,0.958,0.9636,5280,3861,110.53,,,,,,,,
2000-06-15,106.47,106.72,106.42,106.64,106.57,7720,16506,0.9572,0.9605,0.954,0.9555,4257,3890,110.79,,,,,,,,
2000-06-16,106.46,106.59,106.13,106.28,106.52,5727,15867,0.9535,0.9547,0.9498,0.9529,3809,3856,110.63,,,,,,,,
2000-06-19,106.49,106.5,105.67,105.76,106.2,7099,18711,0.9647,0.9693,0.9637,0.9686,3722,4896,111.4,,,,,,,,
2000-06-20,105.75,105.88,105.37,105.47,105.6,9398,13953,0.9579,0.9625,0.9564,0.9612,3804,4781,111.8,,,,,,,,
2000-06-21,105.48,105.66,105.15,105.34,105.32,7447,16770,0.9534,0.9546,0.9505,0.952,4412,3191,112.09,,,,,,,,
2000-06-22,105.54,105.67,105.16,105.26,105.25,8389,27267,0.9447,0.9474,0.9434,0.944,3634,4523,113.37,,,,,,,,
2000-06-23,104.67,104.9,104.42,104.49,104.75,10017,13540,0.9375,0.9388,0.9348,0.9352,2883,4504,113.2,,,,,,,,
2000-06-26,104.67,104.73,104.29,104.49,104.5,7150,12627,0.9362,0.9376,0.9308,0.9321,3124,2795,112.25,,,,,,,,
2000-06-27,105.61,105.82,105.42,105.68,105.55,8125,16425,0.9375,0.9416,0.9369,0.9389,3465,4241,112.32,,,,,,,,
2000-06-28,105.42,105.7,105.27,105.48,105.45,6322,17668,0.9456,0.9466,0.9437,0.9444,3158,2248,112.18,,,,,,,,
2000-06-29,105.38,105.52,104.7,104.87,105.1,10668,17775,0.9429,0.9447,0.9415,0.9432,3777,4183,112.17,,,,,,,,
2000-06-30,105.17,105.73,105.1,105.4,105.4,10126,18145,0.9522,0.9577,0.9506,0.9577,3766,5144,111.31,,,,,,,,
2000-07-03,106.04,106.46,105.85,106.34,105.95,6778,7349,0.9527,0.9546,0.9516,0.9529,2366,1494,111.84,,,,,,,,
2000-07-04,105.54,106.53,105.28,106.33,106.2,9830,14394,0.9502,0.9509,0.9464,0.9489,2941,3812,111.39,,,,,,,,
2000-07-05,105.98,106.33,105.8,106.3,105.93,7911,16258,0.951,0.9556,0.951,0.9544,3278,4624,110.65,,,,,,,,
2000-07-06,107.02,107.3,106.82,106.92,107.05,9800,21024,0.9531,0.9584,0.9522,0.9584,4046,2658,110.19,,,,,,,,
2000-07-07,107.27,107.75,107.22,107.64,107.65,11060,20711,0.9502,0.9517,0.9475,0.9508,5606,3324,109.77,,,,,,,,
2000-07-10,107.81,107.9,106.58,106.79,107,11875,16828,0.9487,0.9538,0.9479,0.9519,3830,2465,110.55,,,,,,,,
2000-07-11,107.01,107.18,106.78,106.93,106.95,6723,18096,0.9543,0.9566,0.9532,0.9542,4630,2930,110.54,,,,,,,,
2000-07-12,107.07,107.6,107.03,107.44,107.35,10627,19264,0.9522,0.9527,0.9477,0.9487,4870,3945,109.8,,,,,,,,
2000-07-13,108.12,108.38,108.07,108.22,108.33,13042,22152,0.9412,0.9425,0.9401,0.9414,4174,2868,109.86,,,,,,,,
2000-07-14,108.15,108.42,107.85,107.92,108.35,10558,17420,0.9358,0.9376,0.9339,0.9363,2801,4810,110.28,,,,,,,,
2000-07-17,107.48,108.4,107.29,108.17,108.1,8913,17597,0.9383,0.9386,0.9363,0.9369,1486,3703,110.07,,,,,,,,
2000-07-18,108.06,108.24,107.84,107.95,108.15,8592,21675,0.9361,0.9367,0.935,0.9357,1820,3605,110.16,,,,,,,,
2000-07-19,108.17,108.3,107.9,108.02,108.2,5695,19742,0.9243,0.9261,0.9224,0.9235,3413,6119,109.98,,,,,,,,
2000-07-21,107.49,108.65,107.4,108.52,108.25,10353,15515,0.9327,0.9365,0.9317,0.9353,2459,5776,108.98,,,,,,,,
2000-07-24,108.94,109.02,108.47,108.83,108.85,8246,15418,0.9361,0.9376,0.9337,0.9342,2157,4642,109.21,,,,,,,,
2000-07-25,108.74,109.32,108.57,109.07,109,10340,18356,0.9325,0.9388,0.9322,0.9377,3882,6735,108.86,,,,,,,,
2000-07-26,108.99,109.4,108.95,109.29,109.25,8720,18576,0.9387,0.9448,0.9378,0.9435,3345,5528,108.7,,,,,,,,
2000-07-27,109.12,109.34,108.79,108.88,109.18,8218,17498,0.9434,0.9443,0.9393,0.9396,3942,5742,108.92,,,,,,,,
2000-07-28,109.27,109.29,108.53,108.92,108.7,10354,21979,0.9328,0.9336,0.9274,0.9292,3843,5623,108.77,,,,,,,,
2000-07-31,109.68,109.8,109.15,109.52,109.5,7487,16196,0.9239,0.9255,0.9221,0.9232,2489,4083,108.9,,,,,,,,
2000-08-01,109.26,109.57,109.2,109.55,109.35,6262,16885,0.9277,0.9286,0.9242,0.9256,2717,5353,109.28,,,,,,,,
2000-08-02,109.12,109.32,108.25,108.74,108.75,12806,15175,0.9157,0.919,0.9143,0.9184,3283,5130,109.55,,,,,,,,
2000-08-03,108.81,109.14,108.57,108.72,109.05,9454,19478,0.915,0.9173,0.9145,0.9152,3751,3943,110.33,,,,,,,,
2000-08-04,108.2,108.65,108.06,108.4,108.45,7785,13954,0.9069,0.907,0.9028,0.9046,3252,5181,109.93,,,,,,,,
2000-08-07,108.68,108.88,108.53,108.72,108.7,4623,12818,0.9079,0.9098,0.9053,0.907,1765,2831,109.54,,,,,,,,
2000-08-08,109.12,109.25,108.47,108.63,108.55,9914,18378,0.9079,0.9085,0.904,0.9047,2389,2001,110.14,,,,,,,,
2000-08-09,108.65,108.7,108.07,108.25,108.6,7950,13400,0.9025,0.9032,0.8964,0.8975,2881,2680,110.96,,,,,,,,
2000-08-10,108.04,108.12,107.45,107.68,107.65,9872,17991,0.9013,0.905,0.9005,0.9029,3334,2672,109.89,,,,,,,,
2000-08-11,108.59,108.87,108.54,108.82,108.7,7100,16558,0.908,0.9115,0.9074,0.9098,3103,3569,110.11,,,,,,,,
2000-08-14,108.66,108.85,108.58,108.75,108.7,3835,15439,0.9034,0.904,0.9009,0.9026,2393,4419,109.1,,,,,,,,
2000-08-15,109.49,109.64,109.28,109.54,109.4,7479,14964,0.9067,0.911,0.9056,0.9107,3044,4234,109.38,,,,,,,,
2000-08-16,108.95,109.18,108.68,108.8,109.03,6980,20753,0.9124,0.9177,0.91,0.9108,4474,3420,109.77,,,,,,,,
2000-08-17,108.44,108.56,108.24,108.41,108.4,6687,16078,0.9159,0.9167,0.9117,0.9122,3352,5855,109.76,,,,,,,,
2000-08-18,108.74,109.14,108.57,108.86,108.95,7420,13981,0.9168,0.9183,0.9136,0.9166,2969,2383,110.2,,,,,,,,
2000-08-21,108.1,108.35,107.82,107.94,108.15,7361,15552,0.9071,0.9077,0.903,0.9047,2228,3173,109.97,,,,,,,,
2000-08-22,108.64,108.68,108.13,108.31,108.45,6497,14502,0.9023,0.9035,0.8995,0.9023,2997,5656,110.49,,,,,,,,
2000-08-23,108.22,108.36,107,107.04,107.45,15437,13370,0.8971,0.8973,0.8909,0.8932,3602,4139,111.85,,,,,,,,
2000-08-24,107.05,107.18,106.57,107.08,107.05,10431,15682,0.9019,0.904,0.8993,0.9002,2671,4982,112,,,,,,,,
2000-08-25,106.9,107.2,106.68,107.03,106.9,8324,12322,0.9014,0.9036,0.8975,0.9023,3317,3637,111.97,,,,,,,,
2000-08-28,106.77,106.83,106.13,106.15,106.3,8780,11158,0.903,0.9044,0.9016,0.9033,1541,3079,112.34,,,,,,,,
2000-08-29,106.38,106.73,106.29,106.59,106.55,9079,14751,0.8999,0.9021,0.8977,0.9008,2681,4879,113.17,,,,,,,,
2000-08-30,106.08,106.46,105.92,106.07,106.15,10421,15278,0.8928,0.8936,0.8875,0.889,3485,5145,112.64,,,,,,,,
2000-08-31,106.79,106.87,106.27,106.43,106.4,8793,15819,0.8953,0.8956,0.8922,0.8928,3590,5539,112.54,,,,,,,,
2000-09-01,106.54,106.74,106.37,106.52,106.55,7606,9324,0.8906,0.8917,0.8875,0.8892,3684,3607,112.89,,,,,,,,
2000-09-04,105.67,105.97,105.65,105.88,105.8,7522,13309,0.8997,0.9038,0.8993,0.9006,2268,2078,113.12,,,,,,,,
2000-09-05,105.94,106.55,105.87,106.32,106.3,12553,17259,0.8982,0.8992,0.8952,0.8967,3513,3339,113.44,,,,,,,,
2000-09-06,105.94,106.13,105.55,105.73,105.8,9877,18661,0.8885,0.8899,0.8805,0.8819,4272,3731,114.02,,,,,,,,
2000-09-07,105.78,106.45,105.73,106.13,105.95,12627,16458,0.8727,0.8728,0.863,0.8651,5257,3466,114.8,,,,,,,,
2000-09-08,105.24,105.8,105.07,105.37,105.27,10361,17638,0.8725,0.8745,0.869,0.8724,2901,3751,113.96,,,,,,,,
2000-09-11,106.05,106.53,105.85,106.21,106.2,8016,15853,0.8644,0.8724,0.8611,0.8645,4080,3307,114.22,,,,,,,,
2000-09-12,106.17,106.36,106.05,106.24,106.2,5529,19964,0.8587,0.8613,0.855,0.8599,4172,4247,113.38,,,,,,,,
2000-09-13,106.91,107.21,106.82,107.12,107,7126,19096,0.8644,0.8703,0.8609,0.867,4125,5880,113.3,,,,,,,,
2000-09-14,106.96,107.25,106.9,107.07,107.15,5536,16892,0.8587,0.8608,0.8563,0.8597,3792,5964,112.68,,,,,,,,
2000-09-18,107.1,107.2,106.82,106.99,107.15,5132,16781,0.8532,0.8564,0.851,0.8561,2589,3993,113.98,,,,,,,,
2000-09-19,106.89,107.1,106.7,106.94,106.85,5768,18130,0.8548,0.8547,0.848,0.8527,2802,3824,113.84,,,,,,,,
2000-09-20,107.22,107.4,106.55,106.74,107.2,8340,23692,0.8518,0.852,0.8465,0.8487,3872,3761,114.48,,,,,,,,
2000-09-21,106.65,106.77,106.47,106.7,106.6,6051,15711,0.8497,0.8548,0.846,0.8533,3126,3967,113.99,,,,,,,,
2000-09-22,106.69,107.05,106.52,106.98,106.85,7440,18950,0.8613,0.8635,0.8573,0.8612,4338,3264,112.27,,,,,,,,
2000-09-25,108.09,108.14,107.63,107.8,107.8,7474,15451,0.8812,0.8828,0.8772,0.8794,2942,2512,112.4,,,,,,,,
2000-09-26,107.67,107.77,107.22,107.34,107.42,5733,17515,0.8748,0.88,0.8728,0.8774,3142,3001,112.26,,,,,,,,
2000-09-27,107.53,107.85,107.42,107.75,107.6,7229,21089,0.8823,0.8873,0.8813,0.8862,3780,4252,112.54,,,,,,,,
2000-09-28,107.29,107.62,107.22,107.52,107.5,4905,18921,0.8844,0.8848,0.881,0.8841,2313,2630,112.39,,,,,,,,
2000-09-29,107.83,108.04,107.48,107.75,107.85,10211,13249,0.8818,0.8826,0.8782,0.8805,2488,4393,111.69,,,,,,,,
2000-10-02,108.24,108.38,108.07,108.35,108.2,5815,15109,0.8837,0.8859,0.8816,0.8845,1989,3343,111.19,,,,,,,,
2000-10-03,108.66,109,108.45,108.88,108.8,8368,18734,0.8785,0.8788,0.8755,0.8774,2145,3936,111.23,,,,,,,,
2000-10-04,108.8,108.92,108.58,108.75,108.78,7424,15031,0.8763,0.8779,0.8748,0.875,2431,2916,110.89,,,,,,,,
2000-10-05,109.15,109.29,109.06,109.16,109.18,7657,16964,0.8742,0.8757,0.8735,0.8742,2205,4596,111.24,,,,,,,,
2000-10-06,108.95,109.17,108.67,108.79,108.95,8164,17691,0.8688,0.872,0.8671,0.8715,2276,928,111.56,,,,,,,,
2000-10-10,108.87,108.88,108.3,108.32,108.5,10217,16264,0.8672,0.8735,0.8662,0.8733,2365,1770,112.65,,,,,,,,
2000-10-11,107.71,108.1,107.7,107.89,107.95,7175,19297,0.8724,0.8766,0.8715,0.8752,3127,2278,112.75,,,,,,,,
2000-10-12,107.76,107.84,107.57,107.63,107.8,7741,16883,0.8665,0.8681,0.865,0.8672,2787,2816,113.07,,,,,,,,
2000-10-13,107.87,107.9,107.54,107.74,107.77,6617,16050,0.8622,0.867,0.8594,0.8639,2954,2738,113.32,,,,,,,,
2000-10-16,107.52,108.15,107.5,107.9,107.95,7697,15415,0.8543,0.8558,0.8515,0.8518,1892,2854,113.31,,,,,,,,
2000-10-17,107.93,108.21,107.87,108.2,108,6287,17894,0.8501,0.8511,0.8478,0.8504,2069,1986,113.36,,,,,,,,
2000-10-18,107.86,108.14,107.75,108.04,108.08,7348,14420,0.8546,0.8572,0.8537,0.8555,2574,5869,114.18,,,,,,,,
2000-10-19,107.71,107.86,107.58,107.84,107.75,6931,15161,0.8407,0.8439,0.8387,0.8432,3097,3336,113.17,,,,,,,,
2000-10-20,108.29,108.7,108.25,108.57,108.48,8067,14516,0.8441,0.8484,0.8431,0.8456,3085,4056,112.73,,,,,,,,
2000-10-23,108.92,109.07,108.85,108.93,108.92,4713,16329,0.841,0.8423,0.8385,0.8408,1758,2462,113.61,,,,,,,,
2000-10-24,108.25,108.37,108.11,108.14,108.2,6713,18256,0.8359,0.8374,0.8343,0.8372,2695,4081,114.09,,,,,,,,
2000-10-25,107.84,108.1,107.65,108.04,107.95,6849,17350,0.8364,0.8386,0.8356,0.8367,2823,4162,113.98,,,,,,,,
2000-10-26,108.29,108.4,108.01,108.12,108.25,6412,18954,0.8285,0.8287,0.8228,0.8233,2483,3476,113.87,,,,,,,,
2000-10-27,108.32,108.53,108.24,108.42,108.35,6464,21803,0.8307,0.834,0.8287,0.8324,2821,3284,113.29,,,,,,,,
2000-10-30,108.74,108.86,108.58,108.64,108.75,4897,11483,0.8406,0.8421,0.8392,0.8416,3556,2589,113.05,,,,,,,,
2000-10-31,108.97,109.14,108.7,108.81,109.05,8538,19360,0.8397,0.8421,0.8385,0.841,3963,4722,112.96,,,,,,,,
2000-11-01,108.82,109.02,108.55,108.57,108.88,8260,16693,0.8494,0.8545,0.8471,0.8539,3771,4118,113.22,,,,,,,,
2000-11-02,108.28,108.33,107.98,108.19,108.3,7487,15125,0.8607,0.8618,0.8572,0.8579,4077,5475,113.26,,,,,,,,
2000-11-06,107.27,107.38,107.05,107.27,107.15,7851,15094,0.8669,0.8732,0.8626,0.8714,2374,3128,113.81,,,,,,,,
2000-11-07,107.38,107.49,107.25,107.3,107.4,4989,15624,0.8629,0.867,0.8613,0.8652,2555,3745,114.38,,,,,,,,
2000-11-08,107.14,107.45,106.93,107.32,107.2,7808,12563,0.8605,0.8693,0.854,0.8579,6585,2485,114.39,,,,,,,,
2000-11-09,107.27,107.46,107.22,107.32,107.3,5201,12404,0.8551,0.856,0.8527,0.8544,1887,2742,113.88,,,,,,,,
2000-11-10,107.64,107.78,107.35,107.67,107.57,7050,17867,0.8668,0.8705,0.8656,0.8695,3605,2564,113.63,,,,,,,,
2000-11-13,108,108.1,107.8,107.84,107.96,5213,16561,0.8624,0.8665,0.8619,0.8647,2144,1858,113.93,,,,,,,,
2000-11-14,107.57,107.78,107.52,107.74,107.68,4633,17660,0.8574,0.8612,0.857,0.8597,2450,3401,113.4,,,,,,,,
2000-11-15,108.19,108.3,107.98,108.07,108.19,8497,14596,0.8584,0.863,0.857,0.8629,2792,4806,112.79,,,,,,,,
2000-11-16,108.8,108.9,108.72,108.75,108.78,6944,13897,0.858,0.8592,0.857,0.859,1860,3234,112.84,,,,,,,,
2000-11-17,108.85,108.96,108.65,108.79,108.82,5785,11896,0.8538,0.857,0.8517,0.8559,2198,4064,113.2,,,,,,,,
2000-11-20,108.95,109.16,108.78,109.14,109.02,6881,13839,0.8494,0.8509,0.8481,0.85,1539,1583,112.11,,,,,,,,
2000-11-21,109.72,109.99,109.65,109.89,109.7,10368,17854,0.8515,0.8535,0.8505,0.8522,1993,3656,112.15,,,,,,,,
2000-11-22,109.97,110.18,109.83,110.02,110.05,9280,19073,0.844,0.8486,0.8434,0.846,2428,3208,112.08,,,,,,,,
2000-11-24,110.38,110.94,110.16,110.82,110.8,10020,19310,0.8398,0.8413,0.8375,0.8408,1713,3990,111.24,,,,,,,,
2000-11-27,111.44,111.47,110.85,111.03,111.25,9580,18354,0.8394,0.8428,0.8387,0.8415,1667,4293,111.48,,,,,,,,
2000-11-28,110.61,110.65,110.28,110.46,110.45,8189,20012,0.8523,0.8545,0.8517,0.8527,2460,4624,111.87,,,,,,,,
2000-11-29,110.19,110.29,109.95,110.19,110.18,7136,22312,0.8563,0.8589,0.8558,0.8575,2865,4009,110.85,,,,,,,,
2000-11-30,111.35,111.37,110.97,111.07,111.17,9407,23345,0.8575,0.8623,0.8569,0.8614,3271,5055,111.41,,,,,,,,
2000-12-01,110.39,110.75,110.3,110.69,110.5,10338,15082,0.8723,0.8778,0.8718,0.8733,4503,6610,110.19,,,,,,,,
2000-12-04,111.33,111.46,110.87,111.04,111.05,6064,16171,0.8789,0.8804,0.8755,0.8774,4097,4391,110.19,,,,,,,,
2000-12-05,111.33,111.38,110.68,110.83,111.15,8129,17495,0.8854,0.8907,0.8842,0.8881,3610,4975,110.21,,,,,,,,
2000-12-06,111,111.17,110.63,110.75,110.8,7342,14038,0.88,0.882,0.8772,0.88,2788,5423,110.82,,,,,,,,
2000-12-07,110.22,110.6,110.16,110.39,110.45,7825,15574,0.8916,0.8969,0.8898,0.8955,4101,4188,110.58,,,,,,,,
2000-12-08,110.56,110.67,110.45,110.63,110.6,5764,22023,0.8877,0.8903,0.8863,0.8885,2981,4686,109.99,,,,,,,,
2000-12-11,111.27,111.44,110.7,110.95,110.92,6489,17536,0.8825,0.8863,0.881,0.8857,2093,5636,110.43,,,,,,,,
2000-12-12,110.71,111.3,110.68,111.22,110.9,8335,18236,0.8777,0.8797,0.8759,0.8795,2516,5493,109.85,,,,,,,,
2000-12-13,111.6,112.58,111.34,112.57,112.35,14782,20851,0.8797,0.8827,0.8716,0.8723,3626,4918,109.05,,,,,,,,
2000-12-14,112.38,112.72,112.23,112.43,112.45,8339,19319,0.8776,0.8857,0.8755,0.8852,3060,4544,109.01,,,,,,,,
2000-12-15,112.14,112.69,111.85,112.39,112.45,7635,18990,0.8917,0.8951,0.8904,0.8934,3887,3831,108.28,,,,,,,,
2000-12-18,112.56,112.7,112.43,112.54,112.6,4536,19362,0.895,0.9012,0.8941,0.9011,2778,4858,108.62,,,,,,,,
2000-12-19,112.22,112.27,111.98,112.07,112.15,7348,18421,0.8953,0.8967,0.893,0.8964,2296,3993,108.46,,,,,,,,
2000-12-20,112.68,112.98,112.38,112.87,112.85,9505,22189,0.8953,0.899,0.895,0.8957,2712,3985,107.79,,,,,,,,
2000-12-21,112.94,113.17,112.63,112.78,112.9,9327,14603,0.9092,0.9097,0.906,0.9083,3776,2139,108.21,,,,,,,,
2000-12-22,112.12,112.73,112.05,112.6,112.6,6584,8932,0.9162,0.9183,0.9145,0.9181,2602,2423,107.44,,,,,,,,
2000-12-25,112.9,112.98,112.76,112.91,112.85,1225,2741,0.9238,0.926,0.9224,0.9252,227,46,107.31,,,,,,,,
2000-12-26,113.01,113.65,112.94,113.31,113.4,5525,9789,0.926,0.9289,0.9235,0.9289,1043,0,106.69,,,,,,,,
2000-12-27,113.77,114.35,113.55,114.07,114.05,7823,11731,0.9302,0.9334,0.9273,0.9313,2055,2616,106.22,,,,,,,,
2000-12-28,114.29,114.6,114.12,114.49,114.4,6536,11847,0.9312,0.9319,0.928,0.9303,1619,2226,106.11,,,,,,,,
2000-12-29,114.62,114.98,114.31,114.9,114.9,4493,11266,0.9289,0.9307,0.9282,0.9292,596,1127,105.82,,,,,,,,
2001-01-04,113.87,114.3,113.57,114.17,113.85,6998,15119,0.9286,0.9448,0.9264,0.9438,3381,4111,104.61,,,,,,,,
2001-01-05,116.12,116.9,115.5,116.31,116.5,13916,19510,0.9534,0.9595,0.9485,0.9562,4743,5850,103.52,,,,,,,,
2001-01-09,116.13,116.26,115.6,115.97,115.9,9371,17759,0.9469,0.9477,0.9435,0.9469,3488,3906,103.45,,,,,,,,
2001-01-10,117.08,117.19,115.78,116.53,117.05,15173,17810,0.9437,0.9465,0.9404,0.9437,3371,5724,104.17,,,,,,,,
2001-01-11,116.53,116.88,116.33,116.71,116.7,9743,19344,0.9368,0.9428,0.9364,0.941,3210,5696,102.67,,,,,,,,
2001-01-12,117.91,118.32,117.4,118.16,118.1,12987,11441,0.9511,0.958,0.9505,0.9545,3473,2283,102.12,,,,,,,,
2001-01-15,118.85,119.39,118.23,118.99,119.25,11200,11749,0.9501,0.9528,0.943,0.9449,2889,3988,102.01,,,,,,,,
2001-01-16,119.14,119.17,117.7,118.16,118.35,16237,16303,0.9421,0.9442,0.9385,0.9425,4616,3645,103.09,,,,,,,,
2001-01-17,117.74,117.95,116.9,117.32,117.05,12239,17321,0.9422,0.945,0.9402,0.9412,3024,4536,102.24,,,,,,,,
2001-01-18,119.19,119.9,118.73,119.13,119,16102,20937,0.9367,0.9393,0.9353,0.9379,3524,3992,102.77,,,,,,,,
2001-01-19,117.9,118.19,116.95,117.91,117.45,14621,19427,0.943,0.9505,0.9425,0.948,3253,3579,103.55,,,,,,,,
2001-01-22,116.71,117.12,116.25,116.85,116.65,11270,13801,0.9352,0.9373,0.9331,0.9368,2272,5434,104.1,,,,,,,,
2001-01-23,116.5,117.43,116.27,117.09,117,10755,15591,0.9391,0.945,0.9383,0.9407,3452,6163,103.91,,,,,,,,
2001-01-24,116.64,117.26,116.53,117.14,116.9,8524,13190,0.9357,0.9372,0.9344,0.9357,2458,5590,103.32,,,,,,,,
2001-01-25,117.92,118.14,117.45,117.97,117.7,8295,15219,0.9233,0.9245,0.9178,0.9197,3500,4152,104.15,,,,,,,,
2001-01-26,116.64,117,116.61,116.73,116.9,6558,18060,0.9247,0.9257,0.9222,0.9247,2395,3217,103.85,,,,,,,,
2001-01-29,117.7,117.75,116.76,116.89,117.66,7583,19252,0.9237,0.9259,0.922,0.9249,1729,4003,104.26,,,,,,,,
2001-01-30,116.79,116.86,116.16,116.55,116.65,8447,16750,0.9182,0.9185,0.9153,0.9169,2690,5069,104.81,,,,,,,,
2001-01-31,115.67,116.7,115.63,116.38,116.15,10716,25338,0.9265,0.9308,0.9255,0.9304,3360,6057,103.85,,,,,,,,
2001-02-01,116.77,116.78,116.17,116.27,116.4,8592,19961,0.9369,0.9427,0.9363,0.9399,4768,6335,104.65,,,,,,,,
2001-02-02,115.49,115.84,114.91,115.18,115.25,9667,18932,0.9378,0.9415,0.9363,0.9412,3074,4336,104.54,,,,,,,,
2001-02-05,115.82,116.07,115.63,115.79,115.85,6365,12080,0.9365,0.9435,0.9341,0.9433,3131,6008,105.51,,,,,,,,
2001-02-06,114.72,115.29,114.63,114.88,115,8933,17546,0.9378,0.9386,0.9342,0.9373,3163,5990,105.65,,,,,,,,
2001-02-07,114.77,115.29,114.67,115.25,114.9,8143,16765,0.931,0.9316,0.9278,0.9292,3190,4386,104.5,,,,,,,,
2001-02-08,116.2,116.57,116.02,116.34,116.25,8266,14886,0.929,0.9301,0.9259,0.9273,2954,8496,104.24,,,,,,,,
2001-02-09,116.74,116.83,116.35,116.58,116.55,9284,18679,0.9189,0.92,0.9173,0.9197,2157,4159,103.46,,,,,,,,
2001-02-13,117.32,117.63,117.08,117.23,117.25,7108,21743,0.9322,0.9331,0.9259,0.9268,2854,3727,104.09,,,,,,,,
2001-02-14,116.62,116.9,116.43,116.68,116.65,7130,18023,0.9202,0.922,0.9183,0.9204,2380,3249,104.64,,,,,,,,
2001-02-15,116.22,116.45,116.1,116.34,116.2,7127,17447,0.9184,0.9196,0.917,0.9175,2340,2788,105.61,,,,,,,,
2001-02-16,115.64,115.93,115.35,115.56,115.7,9991,7268,0.9056,0.9139,0.905,0.9059,4635,2062,105.18,,,,,,,,
2001-02-19,116.19,116.21,115.62,115.96,115.83,5268,10696,0.9124,0.9148,0.9122,0.9136,1743,2929,104.78,,,,,,,,
2001-02-20,116.09,116.22,115.6,115.65,116.08,7995,12677,0.9213,0.924,0.918,0.9195,3439,5518,105.29,,,,,,,,
2001-02-21,115.67,116.52,115.35,116.43,115.55,9121,16146,0.9092,0.9123,0.9061,0.9078,3783,5183,104.62,,,,,,,,
2001-02-22,116.38,116.58,115.85,116.16,116,7753,16346,0.9105,0.9109,0.904,0.9092,4160,4254,104.46,,,,,,,,
2001-02-23,117.04,117.17,116.4,116.84,116.75,9111,13585,0.9047,0.907,0.9034,0.9067,1792,3421,105.3,,,,,,,,
2001-02-26,115.91,116.23,115.75,116.11,116.05,5753,16291,0.9177,0.9186,0.9155,0.9168,2546,4405,104.87,,,,,,,,
2001-02-27,116.5,116.59,115.95,116.12,116.05,6830,18514,0.9087,0.9148,0.9084,0.9144,2820,5264,104.91,,,,,,,,
2001-02-28,116.39,116.72,115.9,116.44,116.4,12092,18015,0.9181,0.9225,0.9163,0.9219,3231,7795,103.83,,,,,,,,
2001-03-01,117.42,117.58,117.11,117.38,117.3,7711,16722,0.9229,0.927,0.9226,0.9262,2721,7065,103.64,,,,,,,,
2001-03-02,117.51,118.35,117.31,118.33,117.5,11898,20676,0.931,0.9315,0.929,0.9307,2480,5418,102.18,,,,,,,,
2001-03-05,119.28,119.5,118.98,119.02,119.3,11080,19470,0.9353,0.9367,0.9316,0.9329,2228,4507,102.22,,,,,,,,
2001-03-06,118.97,119.22,118.55,118.67,118.7,8337,20186,0.9272,0.9295,0.9262,0.9279,2171,4524,102.42,,,,,,,,
2001-03-07,118.73,119.7,118.6,119.25,119.3,15162,17666,0.9335,0.937,0.9333,0.9339,3084,3886,101.72,,,,,,,,
2001-03-08,119.57,120.4,119.44,119.97,120.2,12075,18571,0.9289,0.9317,0.9274,0.9287,2246,2813,101.68,,,,,,,,
2001-03-09,119.84,119.87,119.13,119.77,119.5,9528,19799,0.933,0.9335,0.9315,0.9322,1802,6246,101.94,,,,,,,,
2001-03-12,119.64,120.68,119.44,120.52,120.45,10718,16208,0.9325,0.934,0.931,0.9338,2539,7406,101.32,,,,,,,,
2001-03-13,120.52,120.62,120.01,120.05,120.18,8420,18367,0.9294,0.9301,0.9265,0.9269,2639,7699,102.36,,,,,,,,
2001-03-14,119.65,120.23,119.63,119.89,119.68,10016,23092,0.9142,0.9155,0.9078,0.9087,2640,4862,101.42,,,,,,,,
2001-03-15,120.87,121.03,120.55,120.63,120.85,8264,16165,0.911,0.9119,0.9045,0.9055,2450,5204,100.72,,,,,,,,
2001-03-16,122,122.73,121.86,122.56,122.45,10710,16209,0.8989,0.8996,0.8964,0.8986,2444,4975,100.29,,,,,,,,
2001-03-19,123.19,123.54,122.96,123.37,123.3,9771,26023,0.8969,0.8977,0.8934,0.8952,1810,5435,100.44,,,,,,,,
2001-03-21,122.12,123.44,121.99,122.95,123.25,11570,26002,0.9117,0.9125,0.9068,0.9076,2831,6043,100.08,,,,,,,,
2001-03-22,123.1,123.95,123.02,123.78,123.65,8962,17986,0.8959,0.8966,0.8942,0.8959,2615,3360,100.37,,,,,,,,
2001-03-23,123.79,123.79,122.52,122.82,123.1,11399,20981,0.8875,0.8933,0.8853,0.8917,2829,4458,100.87,,,,,,,,
2001-03-26,123.62,123.82,122.66,123.08,123.5,7686,14189,0.889,0.8948,0.8887,0.8937,1541,4210,100.81,,,,,,,,
2001-03-27,122.46,122.85,122.35,122.51,122.5,8223,13822,0.8975,0.898,0.8941,0.8953,1940,5338,101.17,,,,,,,,
2001-03-28,121.95,122.27,121.72,122.14,121.9,10177,17666,0.8935,0.8947,0.8902,0.8904,1896,6563,101.19,,,,,,,,
2001-03-29,122.31,123.62,122.13,123.4,122.4,7046,14818,0.8865,0.8873,0.8841,0.8846,1574,4255,100.43,,,,,,,,
2001-03-30,123.43,125.47,123.23,125.27,124.6,14834,17967,0.8827,0.8835,0.8768,0.8808,3021,4058,98.57,,,,,,,,
2001-04-02,126.53,126.65,125.68,126.41,126.3,9985,18363,0.8758,0.8795,0.8743,0.8758,1951,4751,98.32,,,,,,,,
2001-04-03,126.69,126.78,125.62,125.66,126.45,9615,16219,0.8813,0.887,0.8799,0.8853,2368,4610,98.87,,,,,,,,
2001-04-04,125.64,126.3,125.5,126.03,125.95,8673,19810,0.8975,0.898,0.8937,0.8942,3644,5231,99.12,,,,,,,,
2001-04-05,124.94,125.51,123.92,124.19,124.7,11539,14559,0.9022,0.909,0.9011,0.9037,4212,4275,100.15,,,,,,,,
2001-04-06,123.99,125.55,123.97,124.78,125.2,11889,16471,0.8962,0.9017,0.8943,0.9014,2783,5258,100.14,,,,,,,,
2001-04-09,124.31,125.03,123.98,124.77,124.85,8881,15092,0.9034,0.9042,0.8993,0.9026,2383,3782,99.2,,,,,,,,
2001-04-10,125.26,125.4,124.28,124.42,124.9,8419,19153,0.8952,0.8992,0.8945,0.8989,2655,4249,99.82,,,,,,,,
2001-04-11,124.06,124.52,123.85,124.12,124,8250,16728,0.8895,0.8915,0.8877,0.8897,2625,3239,99.46,,,,,,,,
2001-04-12,124.84,124.98,122.9,123.27,123,11326,19783,0.888,0.8906,0.8859,0.8865,2197,2900,100.28,,,,,,,,
2001-04-13,123.8,124.38,123.61,124.25,124.2,4319,7401,0.8923,0.8935,0.8902,0.8908,761,0,99.87,,,,,,,,
2001-04-16,124.65,124.8,124.14,124.62,124.65,3894,13874,0.8892,0.8903,0.888,0.8886,856,93,99.88,,,,,,,,
2001-04-17,124.6,124.72,123.08,123.56,124.45,11828,27753,0.8887,0.8912,0.8839,0.8846,3229,2199,100.82,,,,,,,,
2001-04-18,123.47,123.6,122.66,122.88,122.85,11154,26065,0.8827,0.8838,0.8798,0.8818,2722,4625,101.82,,,,,,,,
2001-04-19,122.24,122.4,121.85,122.15,122.1,9772,24034,0.8839,0.8882,0.8828,0.883,3891,2241,102.3,,,,,,,,
2001-04-20,121.38,122.18,121.1,121.94,121.6,11011,15338,0.8972,0.9022,0.8953,0.9004,3719,2238,101.13,,,,,,,,
2001-04-23,121.45,122.53,121.4,122.31,122.05,8904,15697,0.9036,0.9082,0.9008,0.9016,4466,2941,102.4,,,,,,,,
2001-04-24,121.3,121.78,121.17,121.25,121.55,8763,24518,0.8973,0.9005,0.8962,0.8996,3054,3892,101.56,,,,,,,,
2001-04-25,122.46,122.49,122.04,122.39,122.2,7435,18124,0.8937,0.8949,0.8907,0.8921,2778,3460,101.65,,,,,,,,
2001-04-26,122.18,122.57,121.8,122.44,122.1,8109,19530,0.8976,0.8993,0.896,0.8967,2723,2177,100.68,,,,,,,,
2001-04-27,123.34,124.23,123.16,124.06,123.45,11018,21968,0.9026,0.9055,0.9008,0.9031,3549,7960,100.26,,,,,,,,
2001-05-01,123.45,123.61,122.87,122.96,123.2,5691,11878,0.8894,0.8896,0.886,0.8872,1195,1013,101.72,,,,,,,,
2001-05-02,122.03,122.22,121.55,121.88,122.1,8348,20151,0.893,0.8946,0.8889,0.8894,1428,1943,102.06,,,,,,,,
2001-05-07,121.49,121.82,121.14,121.27,121.68,6209,14180,0.8932,0.8935,0.8902,0.8922,1385,2936,102.32,,,,,,,,
2001-05-08,120.99,121.75,120.83,121.62,121.65,9656,18228,0.891,0.8914,0.8858,0.8866,2479,3711,102.36,,,,,,,,
2001-05-09,121.47,121.84,121.23,121.61,121.65,7866,20641,0.8845,0.8853,0.882,0.8827,2628,2954,101.52,,,,,,,,
2001-05-10,122.27,122.4,122.03,122.22,122.15,6788,22033,0.8864,0.8877,0.8855,0.8864,2363,5482,101.38,,,,,,,,
2001-05-11,122.52,122.85,122.4,122.62,122.5,5956,23584,0.8817,0.8819,0.8792,0.8799,1807,4053,101.56,,,,,,,,
2001-05-14,122.67,122.82,122.43,122.72,122.68,5603,16965,0.8755,0.8757,0.873,0.8749,1969,3736,100.95,,,,,,,,
2001-05-15,123.29,123.38,123.09,123.27,123.25,6898,16636,0.8742,0.8753,0.8738,0.875,1472,4129,100.91,,,,,,,,
2001-05-16,123.12,124.05,123.08,123.75,123.9,10791,20211,0.8805,0.8848,0.8747,0.8844,4077,3359,100.66,,,,,,,,
2001-05-17,123.22,123.45,122.9,123,123.25,7631,23156,0.8838,0.8881,0.8823,0.8859,2499,2385,101.25,,,,,,,,
2001-05-18,122.69,123.45,122.56,123.27,122.65,8686,17859,0.8825,0.8829,0.8804,0.8806,2149,1383,100.56,,,,,,,,
2001-05-21,123.52,123.78,123.02,123.27,123.45,6835,16646,0.8801,0.882,0.8752,0.8759,2408,1910,101.44,,,,,,,,
2001-05-22,122.67,122.9,122.54,122.88,122.85,7168,15494,0.8762,0.8768,0.8737,0.8749,2694,2516,101.52,,,,,,,,
2001-05-23,122.69,122.83,120.93,121.15,121.6,15375,18919,0.8652,0.8663,0.861,0.863,3399,3639,104.02,,,,,,,,
2001-05-24,120.29,120.43,118.8,119.79,120,14706,13484,0.8548,0.8574,0.849,0.8549,4294,2338,104.31,,,,,,,,
2001-05-25,120.34,120.55,119.85,120.39,120.2,8274,8589,0.8578,0.8628,0.8568,0.8593,2331,1028,103.51,,,,,,,,
2001-05-28,120.62,121.2,120.46,121.11,121,4281,11650,0.8597,0.8606,0.8582,0.8594,832,1462,103.38,,,,,,,,
2001-05-29,121.27,121.38,120.38,120.41,121.37,7670,19142,0.8605,0.8612,0.8537,0.8547,2501,3359,104.04,,,,,,,,
2001-05-30,120.22,120.62,119.93,120.22,120.2,7636,20290,0.8542,0.8592,0.8536,0.8546,3087,6100,104.01,,,,,,,,
2001-05-31,120.49,120.53,119,119.06,119.2,13503,16502,0.856,0.8565,0.849,0.8495,4387,3793,105.2,,,,,,,,
2001-06-01,119.19,119.33,118.4,118.79,119.15,10128,13345,0.8459,0.8491,0.8448,0.8474,2522,5339,105.25,,,,,,,,
2001-06-04,119.39,119.58,118.85,119.34,119.4,6742,14256,0.8462,0.8531,0.8461,0.8519,2309,3870,105.27,,,,,,,,
2001-06-05,119.02,119.69,118.7,119.5,119.3,9080,16084,0.8456,0.848,0.8426,0.8445,2685,5522,104.16,,,,,,,,
2001-06-06,120.21,120.62,120.13,120.52,120.5,7272,16284,0.8531,0.857,0.8514,0.8536,2640,3633,104.42,,,,,,,,
2001-06-07,120.14,120.31,119.85,120.17,120.2,7564,17778,0.8459,0.8488,0.8459,0.847,1560,4254,104.31,,,,,,,,
2001-06-08,120.29,120.48,120.07,120.46,120.2,5343,15029,0.8506,0.8515,0.8458,0.8487,2480,5387,103.65,,,,,,,,
2001-06-11,121.07,121.66,120.86,121.46,121.15,7850,14542,0.8498,0.854,0.8483,0.8487,1861,5926,103.09,,,,,,,,
2001-06-12,121.89,122.08,121.55,121.87,121.9,7310,17006,0.8431,0.8492,0.8416,0.8469,2588,5906,103.06,,,,,,,,
2001-06-13,121.71,122.44,121.55,122.22,122.2,10370,19661,0.8525,0.8547,0.851,0.8542,2530,4812,102.65,,,,,,,,
2001-06-14,122.01,122.13,121.68,121.95,121.9,6730,24377,0.855,0.8558,0.8522,0.8526,1978,4500,103.13,,,,,,,,
2001-06-15,121.4,121.7,121.27,121.4,121.52,7400,15743,0.8628,0.865,0.8615,0.8634,2736,6633,101.82,,,,,,,,
2001-06-18,122.98,123.5,122.77,123.42,122.85,7978,22056,0.8627,0.8642,0.8619,0.8631,1951,4738,101.62,,,,,,,,
2001-06-19,123.33,123.8,123.07,123.24,123.3,10317,21601,0.8601,0.8603,0.8566,0.8571,2219,7176,102.23,,,,,,,,
2001-06-20,123,123.21,122.55,122.76,123.1,8585,17897,0.8538,0.8543,0.8526,0.8533,2147,5121,101.38,,,,,,,,
2001-06-21,123.86,124.08,123.64,123.93,123.85,9644,17129,0.8546,0.8576,0.8543,0.8573,2071,6589,100.71,,,,,,,,
2001-06-22,124.59,124.74,124.14,124.34,124.3,8778,17837,0.8543,0.8547,0.8515,0.8517,1709,4805,100.71,,,,,,,,
2001-06-25,124.47,124.5,124,124.02,124.2,5045,14147,0.8571,0.8604,0.8564,0.8592,2144,7064,101.21,,,,,,,,
2001-06-26,123.85,123.97,123.34,123.47,123.6,8009,15570,0.8593,0.8651,0.859,0.8644,3054,6582,101.11,,,,,,,,
2001-06-27,123.87,124.38,123.75,124.34,123.95,7634,24757,0.8632,0.8647,0.8621,0.8645,2802,6043,100.74,,,,,,,,
2001-06-28,124.38,124.84,124.19,124.54,124.6,8791,30120,0.8597,0.8613,0.8554,0.8569,2805,7762,100.86,,,,,,,,
2001-06-29,124.85,124.9,123.77,124.27,124.05,11729,33483,0.8442,0.8468,0.8437,0.8466,2070,7701,100.79,,,,,,,,
2001-07-02,124.65,125,124.3,124.64,124.7,7084,16431,0.8499,0.8505,0.8448,0.8452,1727,5955,101.26,,,,,,,,
2001-07-03,123.92,124.14,123.66,123.88,123.95,8226,9906,0.8468,0.8487,0.8462,0.8474,1264,2831,101,,,,,,,,
2001-07-04,124.42,124.93,124.38,124.79,124.5,7632,15153,0.8473,0.8479,0.844,0.844,1740,4446,101.06,,,,,,,,
2001-07-05,124.48,125.58,124.42,125.42,125.4,10647,18001,0.8464,0.8469,0.8397,0.8415,2429,6970,100.36,,,,,,,,
2001-07-06,125.63,125.95,125.47,125.74,125.75,9004,17573,0.8368,0.839,0.835,0.8381,2480,5495,99.97,,,,,,,,
2001-07-09,125.89,125.98,125.45,125.54,125.55,6141,19754,0.8471,0.8501,0.8466,0.8482,2451,4609,100.38,,,,,,,,
2001-07-10,125.29,125.89,125.23,125.63,125.85,8116,22210,0.8512,0.8562,0.8491,0.8542,2704,5997,100.28,,,,,,,,
2001-07-11,125.32,125.76,124.98,125.09,125.65,12231,25663,0.8553,0.8607,0.8533,0.8606,3001,4264,101.24,,,,,,,,
2001-07-12,124.27,124.52,123.95,124.21,124.1,9199,20548,0.8567,0.8583,0.8535,0.8547,2932,3541,101.69,,,,,,,,
2001-07-13,124.12,124.33,123.84,124.09,124.2,7396,15428,0.8526,0.8538,0.851,0.8527,1910,3088,100.84,,,,,,,,
2001-07-16,124.86,125.13,124.74,124.88,124.98,5925,15407,0.8549,0.8587,0.8542,0.8575,1627,2761,100.56,,,,,,,,
2001-07-17,125.53,125.67,125.35,125.45,125.45,6550,13982,0.8523,0.8529,0.8491,0.8514,2932,4045,100.76,,,,,,,,
2001-07-18,124.82,125.4,124.74,125.29,125.25,6897,15154,0.8593,0.862,0.8588,0.8595,2689,2683,101.18,,,,,,,,
2001-07-19,124.13,124.19,123.59,123.64,124,10817,19591,0.8724,0.8762,0.8711,0.8737,3636,6821,101.64,,,,,,,,
2001-07-23,123.3,123.69,123.08,123.64,123.55,6836,14068,0.8704,0.8715,0.867,0.8676,2504,2498,100.66,,,,,,,,
2001-07-24,124.38,124.47,124.16,124.3,124.35,5835,15862,0.8694,0.8719,0.8688,0.8696,2251,5249,100.77,,,,,,,,
2001-07-25,124.33,124.48,124.17,124.3,124.35,5876,11286,0.8733,0.8747,0.8717,0.8738,2743,5100,101.04,,,,,,,,
2001-07-26,123.62,123.69,123.15,123.25,123.5,7879,13341,0.8802,0.8821,0.88,0.8818,3362,4086,100.83,,,,,,,,
2001-07-27,123.86,123.93,123.66,123.92,123.75,4822,15325,0.8776,0.8796,0.8754,0.8763,2361,6721,101,,,,,,,,
2001-07-30,123.54,124.9,123.24,124.66,124.65,10579,15182,0.8767,0.8773,0.8727,0.8735,2275,3578,99.74,,,,,,,,
2001-07-31,125.16,125.25,124.7,124.79,124.8,7527,18137,0.874,0.8763,0.8732,0.8754,2254,5582,99.77,,,,,,,,
2001-08-01,124.88,125.21,124.58,124.75,124.8,7312,16247,0.8768,0.8822,0.876,0.8802,3484,7116,99.98,,,,,,,,
2001-08-02,124.37,124.7,124.22,124.27,124.4,7441,15089,0.8811,0.8841,0.8806,0.8812,3319,4794,100.52,,,,,,,,
2001-08-03,123.91,124.02,123.5,123.85,123.95,7006,14731,0.8831,0.8837,0.8807,0.8813,2103,5809,100.47,,,,,,,,
2001-08-06,123.84,124.27,123.64,124.08,123.96,5498,12486,0.8832,0.8835,0.8795,0.8808,2375,4783,100.39,,,,,,,,
2001-08-07,123.87,123.95,123.67,123.94,123.9,4474,9898,0.881,0.8813,0.8754,0.8761,2586,4303,100.75,,,,,,,,
2001-08-08,123.54,123.68,123.42,123.49,123.5,6010,12890,0.8766,0.8776,0.8743,0.8746,1939,5066,100.57,,,,,,,,
2001-08-09,123.53,123.97,123.33,123.44,123.5,8163,13263,0.8813,0.8842,0.8801,0.8837,3189,3413,101.69,,,,,,,,
2001-08-10,122.17,122.27,121.74,121.94,122.15,9926,22297,0.8916,0.8942,0.8911,0.8932,2418,2957,101.48,,,,,,,,
2001-08-13,122.12,122.5,121.82,121.86,122.05,6005,15386,0.8931,0.8961,0.8925,0.8957,2047,3667,100.89,,,,,,,,
2001-08-14,122.52,123.19,122.32,122.62,123,9859,16002,0.8973,0.899,0.895,0.8952,2479,5450,101.29,,,,,,,,
2001-08-15,121.64,121.9,120.85,121.01,121.45,10453,17921,0.9023,0.9067,0.9022,0.9056,3516,4780,102.85,,,,,,,,
2001-08-16,119.87,120.29,119.28,119.35,119.85,10844,17765,0.9135,0.9203,0.9132,0.9188,3734,5211,102.2,,,,,,,,
2001-08-17,120.19,120.71,120.08,120.54,120.25,7851,15127,0.9116,0.9133,0.9104,0.9117,2156,4610,102.26,,,,,,,,
2001-08-20,120.39,120.55,120.1,120.26,120.45,4895,14635,0.9164,0.9203,0.9161,0.9172,2612,3714,101.9,,,,,,,,
2001-08-21,120.81,120.94,120.34,120.44,120.83,6543,24210,0.9127,0.9146,0.9112,0.9136,2133,3828,102.71,,,,,,,,
2001-08-22,119.89,120.1,119.62,119.8,119.8,7714,18345,0.918,0.9185,0.914,0.9142,3604,5525,102.18,,,,,,,,
2001-08-23,120.46,120.68,120.1,120.36,120.45,5961,18436,0.9135,0.9147,0.9112,0.9121,2710,4647,102.6,,,,,,,,
2001-08-24,119.95,119.98,119.55,119.89,119.7,6780,20381,0.9146,0.9167,0.9122,0.9122,1881,4452,102.47,,,,,,,,
2001-08-27,120.39,120.5,120.07,120.18,120.23,3987,12870,0.9125,0.9136,0.9098,0.9104,1357,4979,102.63,,,,,,,,
2001-08-28,119.84,120.55,119.74,120.44,120.25,9104,21307,0.9113,0.9119,0.9038,0.9044,4097,4589,102.51,,,,,,,,
2001-08-29,119.97,120.14,119.76,119.99,119.9,7777,22178,0.9118,0.9149,0.9116,0.9132,2462,5838,102.57,,,,,,,,
2001-08-30,120.19,120.25,119.56,119.74,119.65,6805,18299,0.9079,0.9095,0.906,0.9068,3372,6761,102.98,,,,,,,,
2001-08-31,119.47,119.53,118.7,118.92,118.95,11537,7663,0.9159,0.9199,0.9159,0.9183,3341,2109,103.58,,,,,,,,
2001-09-03,119.27,119.35,118.7,118.83,119.15,4124,15199,0.9087,0.9101,0.9083,0.9089,1243,3679,103.76,,,,,,,,
2001-09-04,118.66,119.4,118.61,119.37,118.9,9303,20442,0.9057,0.9077,0.8988,0.8992,4695,3916,103.73,,,,,,,,
2001-09-05,119.41,119.89,119.35,119.75,119.75,9475,29712,0.8876,0.8891,0.8864,0.8872,2822,4220,102.67,,,,,,,,
2001-09-06,120.91,121.53,120.64,121.21,121.3,13035,20926,0.8866,0.8893,0.8825,0.8837,3408,4005,102.4,,,,,,,,
2001-09-07,120.77,121.33,120.72,121.21,121,9627,22746,0.8946,0.8957,0.8931,0.8938,2604,4620,102.86,,,,,,,,
2001-09-10,120.16,120.28,119.78,120.08,120.05,5956,21853,0.9068,0.9078,0.9033,0.9047,2749,5136,102.26,,,,,,,,
2001-09-11,121.13,121.8,120.95,121.72,121.6,12020,19197,0.8982,0.9008,0.8975,0.8994,3866,4927,103.29,,,,,,,,
2001-09-12,119.43,119.9,118.65,119.38,119.35,4555,19035,0.9085,0.9149,0.905,0.9069,2166,3490,103.32,,,,,,,,
2001-09-13,119.68,119.74,119.07,119.13,119.7,2812,17463,0.9069,0.9084,0.9053,0.9079,737,4251,103.79,,,,,,,,
2001-09-14,118.82,119.18,118.72,118.95,119,3833,23727,0.9119,0.9139,0.9087,0.9131,1068,7503,104.99,,,,,,,,
2001-09-17,117.68,118.33,116.65,117.79,117.85,14239,24389,0.9244,0.9303,0.9231,0.9298,3555,5579,104.58,,,,,,,,
2001-09-18,117.93,118.25,117.59,117.82,117.85,7380,20182,0.9234,0.9247,0.9188,0.9209,2291,5974,105.11,,,,,,,,
2001-09-19,117.32,118.15,117.1,117.64,117.95,10352,24941,0.9269,0.9275,0.9232,0.9257,2093,4033,104.82,,,,,,,,
2001-09-20,117.66,117.69,117.23,117.25,117.53,7057,28516,0.9272,0.9293,0.9258,0.9276,2730,6785,105.91,,,,,,,,
2001-09-21,116.52,117.48,116.33,116.78,117.2,23482,23206,0.9265,0.9276,0.9176,0.9206,4012,8882,106.09,,,,,,,,
2001-09-25,117.61,117.65,117.16,117.21,117.3,5494,23121,0.9159,0.919,0.9147,0.918,2139,6595,105.04,,,,,,,,
2001-09-26,117.54,117.62,117.11,117.31,117.3,9463,25393,0.9234,0.9244,0.9223,0.9232,2567,5723,104.94,,,,,,,,
2001-09-27,117.89,118.8,117.72,118.65,118.45,13849,26152,0.9223,0.9231,0.9178,0.9209,2278,8556,103.3,,,,,,,,
2001-09-28,119.74,119.78,118.95,119.29,119.3,11903,25675,0.9172,0.9185,0.9126,0.9146,2869,5609,103.62,,,,,,,,
2001-10-01,119.5,119.85,119.41,119.65,119.75,5601,22342,0.9107,0.911,0.9063,0.9103,2602,5174,102.96,,,,,,,,
2001-10-02,120.32,120.9,120.12,120.82,120.25,8849,19052,0.9165,0.9176,0.9153,0.9169,2233,3449,102.58,,,,,,,,
2001-10-03,120.52,121.05,120.46,120.86,120.9,9029,25187,0.9177,0.9234,0.9171,0.9224,3453,5893,102.82,,,,,,,,
2001-10-04,120.6,120.74,120.2,120.36,120.35,6213,19267,0.9145,0.9159,0.9133,0.9144,2251,4195,102.79,,,,,,,,
2001-10-05,120.47,120.6,120.3,120.52,120.5,6084,21526,0.9182,0.9206,0.9174,0.9182,2585,4311,102.72,,,,,,,,
2001-10-09,119.83,120.14,119.75,120.12,120,5229,16649,0.9207,0.9225,0.9195,0.9212,2590,5799,103.31,,,,,,,,
2001-10-10,120.37,120.58,120.19,120.48,120.5,6365,21081,0.9132,0.9146,0.912,0.9127,2639,6954,103.14,,,,,,,,
2001-10-11,120.33,120.47,120.16,120.4,120.25,6661,22348,0.9109,0.9122,0.909,0.9109,2985,5090,102.36,,,,,,,,
2001-10-12,121.48,121.54,121.2,121.34,121.33,7605,19318,0.9024,0.9037,0.9013,0.9032,2206,3912,102.37,,,,,,,,
2001-10-15,121.07,121.15,120.85,120.98,121.05,5238,19649,0.9122,0.9138,0.9103,0.9106,2502,3718,102.57,,,,,,,,
2001-10-16,120.84,121.3,120.66,121.19,120.75,6967,21810,0.9078,0.9084,0.9046,0.9062,2745,5260,102.29,,,,,,,,
2001-10-17,121.44,121.74,121.31,121.62,121.6,6457,18743,0.9078,0.9084,0.9038,0.9048,2161,6830,102.37,,,,,,,,
2001-10-18,121.43,121.49,120.78,120.94,121,7732,19075,0.9016,0.904,0.8995,0.9021,2868,5716,102.6,,,,,,,,
2001-10-19,121.24,121.33,121.08,121.19,121.2,4420,21954,0.903,0.9036,0.9014,0.9018,1830,4494,102.65,,,,,,,,
2001-10-22,121.42,121.68,121.2,121.59,121.45,5415,16690,0.8981,0.9002,0.8973,0.8974,1562,4522,101.82,,,,,,,,
2001-10-23,122.38,122.85,122.3,122.63,122.65,8491,19357,0.8917,0.8928,0.8907,0.8909,2597,5963,101.77,,,,,,,,
2001-10-24,122.55,122.65,122.4,122.52,122.58,5924,22189,0.891,0.8932,0.89,0.8915,2536,4631,101.49,,,,,,,,
2001-10-25,122.97,123.23,122.78,123.1,123.1,9691,22169,0.8932,0.8939,0.8908,0.8912,2433,5370,101.45,,,,,,,,
2001-10-26,122.94,123.18,122.57,122.61,122.68,7386,19974,0.8921,0.8952,0.892,0.8939,2497,6857,101.58,,,,,,,,
2001-10-29,122.77,122.78,122.33,122.43,122.53,6502,18221,0.8926,0.8968,0.8926,0.8963,2448,3626,101.86,,,,,,,,
2001-10-30,121.91,122.02,121.8,121.81,121.95,5744,26246,0.9049,0.9064,0.904,0.9064,2762,4393,101.81,,,,,,,,
2001-10-31,122.13,122.22,121.72,121.84,121.82,7917,27677,0.9061,0.9077,0.9044,0.9054,3093,5108,101.62,,,,,,,,
2001-11-01,122.41,122.53,122.2,122.29,122.33,5945,23267,0.8998,0.9023,0.8995,0.9019,3000,6001,101.98,,,,,,,,
2001-11-02,121.97,122.07,121.47,121.51,121.83,6356,24931,0.9025,0.9054,0.9019,0.9045,2881,6723,102.13,,,,,,,,
2001-11-05,121.68,121.91,121.61,121.74,121.73,4387,26087,0.9013,0.902,0.8965,0.8986,3542,5566,102.35,,,,,,,,
2001-11-06,121.57,121.7,121.48,121.55,121.55,5342,22252,0.8973,0.8987,0.8963,0.8982,2339,4905,102.7,,,,,,,,
2001-11-07,121.19,121.26,120.75,121.1,120.83,7342,31283,0.8944,0.9034,0.8938,0.9026,4072,5399,102.71,,,,,,,,
2001-11-08,121.16,121.38,120.65,120.73,120.95,8879,24753,0.8982,0.8983,0.8963,0.8973,2337,3849,103.55,,,,,,,,
2001-11-09,120.16,120.4,120.01,120.24,120.35,8149,12563,0.8929,0.8933,0.8893,0.8917,2967,3659,103.34,,,,,,,,
2001-11-12,120.37,120.64,120.33,120.58,120.45,3699,16271,0.8944,0.8948,0.8928,0.8936,826,3847,103.24,,,,,,,,
2001-11-13,120.59,121.23,120.36,121.18,120.85,8538,24254,0.8936,0.894,0.8873,0.8881,3779,5091,102.65,,,,,,,,
2001-11-14,121.43,121.8,121.38,121.71,121.55,7526,22646,0.8813,0.8827,0.8794,0.8802,2939,4622,102.59,,,,,,,,
2001-11-15,121.55,122.3,121.5,122.17,122.2,9412,19849,0.8827,0.8833,0.8804,0.8808,2600,4582,101.95,,,,,,,,
2001-11-16,122.48,122.6,122.13,122.23,122.4,8268,23517,0.8813,0.8851,0.881,0.8842,2864,3238,101.43,,,,,,,,
2001-11-19,122.92,123.2,122.74,123.15,123,7443,18890,0.8844,0.8853,0.881,0.8818,2142,4640,101.44,,,,,,,,
2001-11-20,123.1,123.19,122.9,123.06,123.05,6750,21268,0.8786,0.8835,0.8779,0.883,2843,6044,101.75,,,,,,,,
2001-11-21,122.64,123.38,122.53,123.33,123.3,10092,8979,0.8834,0.8836,0.8797,0.8809,2286,2130,101.34,,,,,,,,
2001-11-22,123.17,123.34,122.99,123.22,123.2,7018,12079,0.8777,0.8786,0.8763,0.8774,1845,5193,100.83,,,,,,,,
2001-11-26,124.39,124.47,124.04,124.07,124.1,6326,18828,0.8784,0.8808,0.8778,0.8801,1626,5961,100.49,,,,,,,,
2001-11-27,124.07,124.42,124,124.33,124.28,9593,20267,0.8805,0.8838,0.8802,0.882,2510,5796,100.49,,,,,,,,
2001-11-28,123.91,124.01,123.43,123.58,123.55,11759,25155,0.8832,0.8868,0.8819,0.8849,3457,4638,101.13,,,,,,,,
2001-11-29,123.18,123.3,122.87,123.15,123.02,7904,25885,0.8874,0.8881,0.8859,0.8864,2423,5895,100.53,,,,,,,,
2001-11-30,123.94,124.15,123.82,123.98,123.95,7561,25842,0.8866,0.8878,0.8862,0.8873,2729,5539,100.65,,,,,,,,
2001-12-03,123.36,123.76,123.26,123.65,123.7,6160,18388,0.8954,0.8965,0.8943,0.8954,2025,5094,100.25,,,,,,,,
2001-12-04,124.28,124.38,123.98,124.09,124.25,8485,18226,0.8905,0.8916,0.8886,0.8913,2770,4776,100.22,,,,,,,,
2001-12-05,124.16,124.31,124.03,124.12,124.2,5341,22960,0.8905,0.8937,0.8897,0.8932,2472,4650,100.3,,,,,,,,
2001-12-06,124.21,124.78,123.75,124.67,124.7,11505,21873,0.8879,0.8887,0.8865,0.8877,2238,6865,99.72,,,,,,,,
2001-12-07,124.56,125,124.49,124.92,124.93,11156,23581,0.8938,0.8953,0.893,0.8939,2403,6270,99.07,,,,,,,,
2001-12-10,125.72,125.87,125.54,125.83,125.75,6826,22185,0.8892,0.8917,0.8887,0.8916,1632,6049,98.68,,,,,,,,
2001-12-11,125.95,126.07,125.79,125.96,125.95,7352,24534,0.8911,0.8917,0.8903,0.8914,2591,5280,98.59,,,,,,,,
2001-12-12,125.85,126.12,125.61,125.63,125.88,7785,22049,0.8924,0.8974,0.8923,0.8963,3709,5701,98.38,,,,,,,,
2001-12-13,125.97,126.42,125.88,126.36,126.1,8406,22158,0.8975,0.8989,0.8974,0.8981,2171,6600,98.46,,,,,,,,
2001-12-14,126.14,127.62,126,127.43,127.35,14467,17942,0.8929,0.8992,0.8923,0.8986,4351,5517,97.42,,,,,,,,
2001-12-17,127.27,128.03,127.13,127.88,127.8,8242,20917,0.9039,0.9046,0.9016,0.9039,2237,4981,97.28,,,,,,,,
2001-12-18,127.69,128.45,127.48,128.27,128.25,8974,21305,0.9017,0.9043,0.9006,0.9017,2548,5271,97.02,,,,,,,,
2001-12-19,128.33,128.43,127.8,128.14,128.2,8599,17949,0.9022,0.9037,0.8987,0.9018,2715,4776,96.84,,,,,,,,
2001-12-20,128.39,128.8,127.91,128.17,128.7,9677,14868,0.9001,0.9015,0.8964,0.8984,2284,3601,96.59,,,,,,,,
2001-12-21,129.22,129.56,128.67,129.39,129.35,9580,7125,0.9009,0.9015,0.8983,0.8986,2309,3708,96.2,,,,,,,,
2001-12-25,129.89,130.95,129.75,130.76,130.8,4524,5895,0.8791,0.8802,0.8779,0.8796,662,441,95.55,,,,,,,,
2001-12-26,130.88,131.02,130.48,130.72,130.8,4529,11458,0.8779,0.8811,0.8766,0.881,985,779,95.53,,,,,,,,
2001-12-27,131.31,132.08,130.84,131.69,131.3,10013,16080,0.8799,0.8808,0.8776,0.8795,1638,2913,94.94,,,,,,,,
2001-12-28,131.83,131.89,130.75,131.47,131.8,8245,14027,0.8833,0.884,0.8813,0.8816,880,2832,95.37,,,,,,,,
2002-01-04,131.74,131.83,131,131.19,131.1,7192,16131,0.8994,0.8999,0.897,0.8992,1779,4594,95.04,,,,,,,,
2002-01-07,130.73,130.98,130.48,130.75,130.8,7789,14131,0.8964,0.8995,0.8945,0.8987,2684,5228,95.01,,,,,,,,
2002-01-08,131.25,132.78,131,132.64,131.88,13813,23313,0.8932,0.8937,0.8906,0.8914,3391,5972,93.85,,,,,,,,
2002-01-09,132.95,133.37,132.47,132.52,132.98,13781,17748,0.8949,0.8953,0.8915,0.8922,3070,5385,93.69,,,,,,,,
2002-01-10,132.97,133.24,132.01,132.29,132.15,14032,20898,0.8918,0.8935,0.8906,0.8932,2687,3736,94.26,,,,,,,,
2002-01-11,132.14,132.55,131.85,132.37,132.35,10029,21387,0.8922,0.8928,0.8911,0.8919,1539,4193,94.31,,,,,,,,
2002-01-15,131.67,132.05,131.05,131.19,131.7,9090,21690,0.8941,0.8944,0.8904,0.8911,2039,4759,95.27,,,,,,,,
2002-01-16,131.23,131.67,130.98,131.44,131.35,8557,15827,0.8842,0.8845,0.8817,0.8827,3554,5526,94.6,,,,,,,,
2002-01-17,132.22,132.35,131.81,131.89,132.1,8498,18579,0.8847,0.885,0.8817,0.882,2717,4676,94.35,,,,,,,,
2002-01-18,132.46,133.03,132.43,132.82,132.9,9349,10533,0.8814,0.8816,0.8797,0.8802,1514,1285,94.26,,,,,,,,
2002-01-21,132.45,132.75,132.05,132.38,132.3,7184,12816,0.8861,0.8866,0.8835,0.8846,2203,4160,94.16,,,,,,,,
2002-01-22,132.91,133.81,132.64,133.62,133.15,15656,22036,0.8835,0.8843,0.882,0.8842,2236,6621,93.42,,,,,,,,
2002-01-23,133.67,134.25,133.5,133.88,133.95,11238,25209,0.8883,0.889,0.8862,0.8872,3758,4235,93.08,,,,,,,,
2002-01-24,134.53,134.77,134.33,134.42,134.45,10281,22074,0.8784,0.8789,0.8768,0.8778,2934,4516,93,,,,,,,,
2002-01-25,134.89,134.95,134.64,134.69,134.8,9703,18668,0.8777,0.8785,0.8753,0.8774,4047,4385,93.46,,,,,,,,
2002-01-28,134.84,134.95,133.61,133.7,133.82,12335,20988,0.8646,0.8662,0.8635,0.8654,3918,3681,94.18,,,,,,,,
2002-01-29,133.56,133.7,132.95,133.05,133.2,12824,20445,0.8612,0.8634,0.86,0.8618,2876,6377,94.03,,,,,,,,
2002-01-30,133.48,133.66,132.65,132.77,132.75,12477,25889,0.8652,0.8659,0.8639,0.8647,2735,3130,94.54,,,,,,,,
2002-01-31,132.9,133.22,132.63,132.94,132.9,9997,23649,0.8614,0.8628,0.8598,0.8607,2625,6753,93.33,,,,,,,,
2002-02-01,134.92,135.04,133.87,133.94,134.3,13068,25871,0.8585,0.8611,0.8563,0.8584,2704,5088,94.46,,,,,,,,
2002-02-04,132.91,133.48,132.85,133.39,133.4,7174,21210,0.8619,0.8625,0.8607,0.8615,1433,2996,94.77,,,,,,,,
2002-02-05,132.08,132.63,131.9,132.54,132.2,11304,24147,0.8695,0.8718,0.8687,0.8716,2364,5682,93.72,,,,,,,,
2002-02-06,133.8,134.38,133.59,133.92,133.8,10526,20161,0.8679,0.8681,0.865,0.8654,2187,3134,93.92,,,,,,,,
2002-02-07,133.63,134.15,133.45,134.09,133.95,8433,24719,0.8677,0.8679,0.8646,0.8649,2589,4228,93.83,,,,,,,,
2002-02-08,133.97,134.17,133.53,133.64,134.05,8986,20436,0.8704,0.873,0.87,0.8725,2332,5117,93.13,,,,,,,,
2002-02-12,133.41,133.68,133.18,133.62,133.3,5339,15053,0.8768,0.878,0.876,0.8778,1957,3859,94.39,,,,,,,,
2002-02-13,132.78,133.38,132.51,133.18,133.15,9544,20633,0.8768,0.8769,0.8744,0.8751,1872,4031,94.06,,,,,,,,
2002-02-14,133.02,133.35,132.27,132.46,132.45,11093,21858,0.8715,0.873,0.8699,0.871,2228,4994,94.79,,,,,,,,
2002-02-15,131.97,133.22,131.85,132.74,132.75,12139,6205,0.8742,0.8742,0.8713,0.8714,1822,1564,94.41,,,,,,,,
2002-02-18,132.69,132.8,132.4,132.66,132.65,3710,18847,0.8732,0.874,0.8728,0.8737,818,3028,94.44,,,,,,,,
2002-02-19,132.69,133.68,132.62,133.53,133.43,11449,23908,0.8707,0.871,0.8684,0.8692,2312,6033,93.74,,,,,,,,
2002-02-20,133.41,133.7,133,133.11,133.25,10248,23771,0.8764,0.8782,0.876,0.8778,2312,5088,93.77,,,,,,,,
2002-02-21,133.79,134.05,133.43,133.77,133.9,9310,21694,0.8702,0.8712,0.8686,0.8706,2300,4619,93.45,,,,,,,,
2002-02-22,134.24,134.34,133.89,134.3,134.15,8571,15315,0.8702,0.8705,0.8682,0.8686,1540,1984,93.42,,,,,,,,
2002-02-25,134.02,134.19,133.7,133.85,133.95,6568,16481,0.8754,0.8756,0.8737,0.8744,1512,4940,93.73,,,,,,,,
2002-02-26,133.84,134.18,133.67,134.05,133.82,9028,20764,0.8693,0.8708,0.869,0.8708,2020,4619,93.34,,,,,,,,
2002-02-27,134.58,134.68,134.32,134.46,134.45,8554,21391,0.8633,0.8659,0.8628,0.8631,2455,3810,93.56,,,,,,,,
2002-02-28,134.26,134.4,133.77,133.89,133.9,11172,19762,0.8657,0.8663,0.8633,0.8649,2282,4206,94.05,,,,,,,,
2002-03-01,133.47,133.75,133.2,133.61,133.55,8425,18576,0.8686,0.8695,0.8667,0.8673,1968,4418,94.03,,,,,,,,
2002-03-04,133.44,133.6,132.64,132.8,132.75,10744,17044,0.8653,0.8665,0.8644,0.8645,1603,2526,94.73,,,,,,,,
2002-03-05,132,132.58,131.91,132.38,132.35,10943,17415,0.8696,0.8705,0.8691,0.8697,1979,3516,94.63,,,,,,,,
2002-03-06,132.29,132.5,131.79,131.87,132.05,10204,17523,0.8714,0.8719,0.8697,0.8707,2097,3979,95.67,,,,,,,,
2002-03-07,130.79,130.9,129.1,129.22,129.95,18592,18551,0.8769,0.8815,0.8763,0.8812,3342,5418,97.86,,,,,,,,
2002-03-08,127.72,128.05,127.25,127.82,127.65,13438,22396,0.8814,0.8819,0.879,0.8795,2077,3117,97.22,,,,,,,,
2002-03-11,128.2,129.16,128.18,129.03,128.95,9474,21350,0.874,0.8758,0.8734,0.8748,1406,3381,97.37,,,,,,,,
2002-03-12,128.12,128.88,127.97,128.56,128.6,9262,23220,0.8759,0.876,0.874,0.8757,1599,4779,96.88,,,,,,,,
2002-03-13,129.05,129.45,128.95,129.29,129.3,8936,24714,0.8745,0.8761,0.8741,0.8748,1492,3455,96.65,,,,,,,,
2002-03-14,129.37,129.57,128.58,128.88,128.85,10560,15971,0.8761,0.8797,0.8754,0.8795,2374,4002,96.7,,,,,,,,
2002-03-15,129.26,129.47,128.85,129.06,129.25,7713,18080,0.8825,0.8852,0.8821,0.8847,2785,5349,96.78,,,,,,,,
2002-03-18,129.32,130.54,129.13,130.44,130.45,12736,19780,0.8817,0.8816,0.8787,0.8797,1945,4319,95.11,,,,,,,,
2002-03-19,131.2,131.5,130.86,131.45,131.15,9883,23690,0.8822,0.8831,0.8811,0.8821,1791,3956,94.57,,,,,,,,
2002-03-20,132.23,132.42,131.98,132.21,132.26,9271,20618,0.8809,0.8826,0.8792,0.8795,1619,6856,94.93,,,,,,,,
2002-03-22,132.11,132.56,131.97,132.32,132.35,7817,20232,0.8824,0.8826,0.8804,0.8809,1455,3759,94.08,,,,,,,,
2002-03-25,132.83,133.09,132.68,133,132.75,7099,16641,0.8769,0.8774,0.8757,0.8763,1036,4951,93.78,,,,,,,,
2002-03-26,133.34,133.46,132.7,132.84,133.1,10310,19607,0.8774,0.8775,0.8764,0.8767,1454,4281,93.99,,,,,,,,
2002-03-27,133.11,133.28,132.64,132.82,132.8,8997,19074,0.8764,0.877,0.8753,0.8758,1428,4178,94.35,,,,,,,,
2002-03-28,132.73,132.8,132.18,132.63,132.6,8594,20014,0.8728,0.8741,0.872,0.8738,1495,3893,94.3,,,,,,,,
2002-03-29,132.78,133.23,132.25,132.71,133.2,7122,12086,0.8715,0.8728,0.8707,0.8721,858,262,94.32,,,,,,,,
2002-04-01,133.17,133.39,132.75,133.18,133.25,5941,16087,0.8715,0.8744,0.8714,0.874,907,254,93.55,,,,,,,,
2002-04-02,133.21,133.51,132.84,133.28,133.4,7575,19084,0.8792,0.8807,0.8773,0.8777,2440,5065,93.77,,,,,,,,
2002-04-03,133.18,133.3,132.63,132.86,132.7,9308,24723,0.8793,0.8797,0.8775,0.8788,1856,4977,94.1,,,,,,,,
2002-04-04,132.68,133.15,132.26,132.43,132.45,10659,25050,0.8811,0.8822,0.88,0.8816,1792,4319,94.41,,,,,,,,
2002-04-05,132.39,132.44,131.98,132.02,132.3,6628,29977,0.8777,0.8793,0.8773,0.8785,1597,3958,94.9,,,,,,,,
2002-04-08,131.67,131.87,131.19,131.3,131.45,6377,18744,0.8787,0.8793,0.8766,0.8767,1685,5618,94.89,,,,,,,,
2002-04-09,131.67,131.93,131.5,131.61,131.75,8354,23345,0.8746,0.8748,0.8737,0.8748,1771,4830,95.35,,,,,,,,
2002-04-10,130.71,130.85,130.2,130.42,130.3,11038,22304,0.8812,0.8825,0.8804,0.8818,2489,4247,95.46,,,,,,,,
2002-04-11,130.86,131.53,130.64,131.46,131.45,9598,16887,0.8806,0.881,0.8791,0.8807,1825,4043,94.87,,,,,,,,
2002-04-12,131.42,132.28,131.3,131.99,132.1,9662,17806,0.8814,0.8824,0.88,0.8813,2421,6282,94.61,,,,,,,,
2002-04-15,132.05,132.4,131.55,131.62,131.65,7837,19807,0.8799,0.8822,0.8793,0.8817,1392,3611,94.45,,,,,,,,
2002-04-16,132.14,132.18,131.36,131.61,131.45,9401,20473,0.8797,0.8814,0.8793,0.8799,1477,3131,95.02,,,,,,,,
2002-04-17,131.16,131.31,130.86,131.05,131.05,8887,26596,0.8821,0.8868,0.8819,0.8865,3480,4107,95.17,,,,,,,,
2002-04-18,130.69,130.76,130.31,130.41,130.62,7590,26007,0.8908,0.8915,0.8895,0.8906,3323,5642,95.6,,,,,,,,
2002-04-19,130.01,130.25,129.88,130.17,130.1,7685,23458,0.8907,0.8923,0.8901,0.8906,1892,4676,95.29,,,,,,,,
2002-04-22,130.48,130.67,129.99,130.15,130.12,6240,19967,0.8902,0.8907,0.8875,0.8894,2275,4619,95.58,,,,,,,,
2002-04-23,130.05,130.18,129.76,129.95,129.88,7805,20871,0.8892,0.8897,0.8862,0.8866,2526,4201,95.47,,,,,,,,
2002-04-24,130.26,130.44,130.12,130.15,130.23,8855,24750,0.8884,0.8889,0.8875,0.8885,1863,3962,95.79,,,,,,,,
2002-04-25,129.48,129.67,128.9,129.06,129.5,11973,20809,0.8924,0.8955,0.8916,0.895,3205,5082,96.29,,,,,,,,
2002-04-26,128.64,128.92,128.28,128.54,128.77,10754,23194,0.8979,0.8997,0.8968,0.8969,2456,4576,96.8,,,,,,,,
2002-04-30,128.17,128.35,127.81,127.97,128,6838,21668,0.9033,0.904,0.9022,0.9034,2049,5025,96.32,,,,,,,,
2002-05-01,128.55,128.68,128.38,128.47,128.55,4832,16562,0.9002,0.9012,0.8996,0.9008,1588,1394,96.98,,,,,,,,
2002-05-02,127.26,127.41,126.96,127.16,127.1,9404,19668,0.9069,0.9076,0.9054,0.9057,1509,3792,96.68,,,,,,,,
2002-05-07,127.08,127.44,126.76,127.39,126.92,8949,23807,0.9181,0.919,0.9154,0.9159,3126,5188,96.19,,,,,,,,
2002-05-08,128.17,128.5,127.86,128.39,128.18,9057,28147,0.913,0.9145,0.91,0.9104,2673,4395,95.89,,,,,,,,
2002-05-09,128.94,129.15,128.44,128.88,128.63,9757,20436,0.9045,0.9064,0.904,0.9046,2685,4071,96.14,,,,,,,,
2002-05-10,128.48,128.73,127.99,128.05,128.6,9460,24626,0.9089,0.9149,0.9086,0.9142,3474,3760,96.59,,,,,,,,
2002-05-13,127.64,127.81,127.18,127.42,127.3,7304,17716,0.913,0.9168,0.9125,0.9159,2470,6242,96.47,,,,,,,,
2002-05-14,127.79,128.46,127.72,128.32,128.25,9862,24509,0.911,0.9118,0.906,0.9067,4297,3448,96.16,,,,,,,,
2002-05-15,128.44,128.65,128,128.05,128.4,8340,21979,0.9015,0.9038,0.8996,0.903,3747,4709,96.49,,,,,,,,
2002-05-16,127.69,127.8,127.33,127.4,127.7,7814,20524,0.9114,0.9141,0.9103,0.9132,2960,4424,96.1,,,,,,,,
2002-05-17,128.06,128.13,126.95,127.34,127.65,12606,21714,0.9118,0.916,0.9114,0.9142,3188,5581,97.46,,,,,,,,
2002-05-20,126.11,126.21,125.55,125.63,125.8,9881,19096,0.9205,0.9217,0.9194,0.9209,2900,5225,97.86,,,,,,,,
2002-05-21,125.44,126.07,125.33,125.64,125.9,12016,23474,0.9211,0.9217,0.9171,0.9205,4046,5354,98.71,,,,,,,,
2002-05-22,124.17,125.1,123.5,124.73,125,19341,18860,0.9186,0.9247,0.9182,0.9243,5246,3942,98.65,,,,,,,,
2002-05-23,124.32,124.5,124.1,124.27,124.3,12209,24617,0.9259,0.9264,0.9232,0.9243,2987,3142,98.02,,,,,,,,
2002-05-24,124.94,125.25,124.85,125.04,125.05,6634,8822,0.9209,0.9217,0.9188,0.9197,3535,2235,98.32,,,,,,,,
2002-05-27,124.85,124.96,124.7,124.82,124.8,2844,15071,0.9206,0.9219,0.9188,0.9212,1470,3766,98.12,,,,,,,,
2002-05-28,124.84,124.92,124.58,124.65,124.75,5269,20044,0.9205,0.925,0.92,0.9247,2569,4631,98.13,,,,,,,,
2002-05-29,124.55,124.7,124.44,124.56,124.64,6051,22077,0.9287,0.9304,0.9271,0.9275,3442,5502,98.18,,,,,,,,
2002-05-30,124.24,124.39,124,124.07,124.25,7389,26292,0.9353,0.9395,0.935,0.9372,3565,5006,98.84,,,,,,,,
2002-05-31,123.55,124.6,123.02,123.96,124.4,20984,26995,0.9366,0.9401,0.9363,0.9371,3197,5835,98.16,,,,,,,,
2002-06-03,124.36,124.49,124.16,124.29,124.35,4102,21778,0.9318,0.9328,0.9312,0.9321,1410,5076,98.51,,,,,,,,
2002-06-04,123.76,123.8,123.35,123.41,123.6,7889,20677,0.9403,0.944,0.9394,0.9438,3223,4774,98.12,,,,,,,,
2002-06-05,124.19,124.3,123.91,124.25,124.05,7512,21509,0.9397,0.9416,0.938,0.9383,3000,5325,98.08,,,,,,,,
2002-06-06,124.14,125.03,123.96,124.87,124.95,9831,19177,0.9399,0.94,0.9336,0.9354,4366,4615,98.14,,,,,,,,
2002-06-07,124.14,124.49,124.03,124.3,124.4,6596,15514,0.9465,0.9484,0.9461,0.9463,3270,4318,98.04,,,,,,,,
2002-06-10,124.67,124.94,124.44,124.76,124.85,6724,17815,0.9433,0.9442,0.9389,0.9414,3308,3288,97.67,,,,,,,,
2002-06-11,124.8,124.83,124.41,124.52,124.6,7318,19308,0.9435,0.947,0.9425,0.9469,2977,3266,97.09,,,,,,,,
2002-06-12,125.27,125.6,125.22,125.48,125.45,8315,19400,0.9482,0.9507,0.947,0.9494,3504,5362,96.87,,,,,,,,
2002-06-13,125.59,125.85,125.57,125.66,125.75,6634,17101,0.9444,0.9449,0.942,0.9429,4008,5260,97.6,,,,,,,,
2002-06-14,125.06,125.11,124.57,124.88,124.8,6700,20896,0.9428,0.9455,0.9416,0.9426,3301,6240,98.19,,,,,,,,
2002-06-17,124.41,124.43,124.04,124.18,124.3,5105,18376,0.9447,0.9467,0.9443,0.9454,1729,5296,98.04,,,,,,,,
2002-06-18,124.31,124.7,124.25,124.54,124.35,6766,20741,0.9443,0.948,0.9437,0.947,3561,3664,97.83,,,,,,,,
2002-06-19,124.23,124.37,124.12,124.26,124.25,6102,17261,0.9533,0.9547,0.9517,0.9544,4847,4536,98.04,,,,,,,,
2002-06-20,124.07,124.22,123.7,123.81,124,6436,19420,0.9567,0.9589,0.9557,0.9579,3400,3867,98.11,,,,,,,,
2002-06-21,123.52,124,123.22,123.25,123.4,9040,16393,0.9642,0.9666,0.9635,0.9662,2669,5420,99.88,,,,,,,,
2002-06-24,121.68,122.8,121.02,121.45,122.7,12793,14847,0.9707,0.9769,0.9681,0.9766,5076,5686,99.28,,,,,,,,
2002-06-25,121.62,121.98,121.47,121.67,121.6,6243,13799,0.9708,0.9738,0.966,0.9719,5233,3006,99.4,,,,,,,,
2002-06-26,121.09,121.95,120.02,120.32,121,19493,27219,0.984,0.9941,0.9795,0.9896,9311,5319,100.4,,,,,,,,
2002-06-27,120.11,120.3,119.54,119.59,120.1,6749,23881,0.9824,0.9859,0.9822,0.9842,3745,2917,100.51,,,,,,,,
2002-06-28,119.57,119.7,119.2,119.22,119.45,12290,23610,0.9911,0.993,0.9867,0.9929,4842,6701,100.61,,,,,,,,
2002-07-01,119.73,119.8,119.26,119.56,119.5,5354,17039,0.9924,0.9972,0.9913,0.9946,3307,6159,100.37,,,,,,,,
2002-07-02,119.75,120.46,119.66,120.35,120,8490,17854,0.9915,0.9919,0.9818,0.9827,6192,6187,100.47,,,,,,,,
2002-07-03,120.06,120.58,119.88,120.4,120.15,7297,13744,0.9839,0.9863,0.977,0.9784,4943,683,100.69,,,,,,,,
2002-07-04,119.93,120.44,119.83,120.23,120.25,4973,15980,0.9804,0.9806,0.9752,0.9764,4070,3041,100.46,,,,,,,,
2002-07-05,120.13,120.6,120.06,120.56,120.4,6222,23702,0.9767,0.9785,0.9726,0.9734,4394,3140,100.25,,,,,,,,
2002-07-08,120.14,120.18,118.63,118.86,119.2,8219,21723,0.9756,0.9875,0.9743,0.9852,5473,4685,101.48,,,,,,,,
2002-07-09,118.7,118.95,118.5,118.58,118.75,8434,18805,0.9895,0.991,0.987,0.989,4191,3307,101.54,,,,,,,,
2002-07-10,118.17,118.33,117.65,117.84,118.18,6568,19362,0.9912,0.997,0.9886,0.9955,5619,4084,101.94,,,,,,,,
2002-07-11,117.8,117.93,117.33,117.4,117.7,8087,27472,0.9892,0.991,0.986,0.9877,4325,3545,102.54,,,,,,,,
2002-07-12,117.1,117.24,116.68,116.72,116.9,6035,19486,0.9858,0.9903,0.9853,0.9896,3473,4971,102.66,,,,,,,,
2002-07-15,116.82,117.05,116.09,116.19,116.3,5399,17284,0.9934,0.9964,0.9914,0.9958,4062,4871,102.8,,,,,,,,
2002-07-16,116.29,116.39,116.1,116.34,116.25,7397,23684,1.0044,1.0088,1.0036,1.0069,5276,4174,102.99,,,,,,,,
2002-07-17,115.89,116.3,115.63,116.23,115.95,9430,17697,1.0118,1.0162,1.0082,1.0092,5479,4778,102.64,,,,,,,,
2002-07-18,116.43,117.03,116.25,116.99,116.58,8134,24202,1.0063,1.0096,1.0048,1.0065,4113,6417,102.35,,,,,,,,
2002-07-19,116.61,116.63,115.75,115.92,115.9,8110,21459,1.0107,1.022,1.0104,1.0159,5384,4733,102.86,,,,,,,,
2002-07-22,115.81,116.4,115.76,116.39,116.15,6802,18120,1.0124,1.0134,1.0066,1.0105,5267,3998,102.68,,,,,,,,
2002-07-23,116.65,117.55,116.27,117.41,116.95,11897,21172,1.0043,1.0078,0.9897,0.9904,9792,5883,102.19,,,,,,,,
2002-07-24,117.43,117.59,116.95,117.41,117.5,9413,27242,0.9898,0.993,0.9873,0.9893,5766,5368,102.89,,,,,,,,
2002-07-25,116.67,116.78,116.18,116.52,116.35,7655,16891,0.9949,1.0017,0.9939,0.9982,5550,4658,102.81,,,,,,,,
2002-07-26,116.52,117.82,116.45,117.37,117.4,11794,16703,1.0052,1.0068,0.999,1.0005,5076,4363,101.54,,,,,,,,
2002-07-29,118.84,119.4,118.45,119.11,119.18,10031,19769,0.9857,0.9888,0.9848,0.9874,4711,3380,101.09,,,,,,,,
2002-07-30,119.69,120.31,119.51,119.74,120.12,11279,20811,0.9815,0.9824,0.9778,0.9817,4283,5096,100.45,,,,,,,,
2002-07-31,120.36,120.42,119.38,119.82,119.85,11256,19710,0.9833,0.9854,0.9795,0.9799,4249,9574,100.89,,,,,,,,
2002-08-01,119.68,120.15,119.56,119.82,119.75,8355,21092,0.9777,0.9794,0.974,0.9757,4820,4557,101.24,,,,,,,,
2002-08-02,119.05,119.3,118.79,118.94,118.95,7213,21313,0.9872,0.9886,0.9837,0.9881,3845,4771,101.43,,,,,,,,
2002-08-05,118.82,119.47,118.63,119.19,118.8,7652,24378,0.9862,0.987,0.9808,0.9825,3459,5587,101.1,,,,,,,,
2002-08-06,119.85,120.56,119.48,120.46,119.8,12904,22217,0.9789,0.9806,0.9705,0.9716,6291,6192,100.65,,,,,,,,
2002-08-07,120.91,121.1,120.59,120.77,120.85,6349,24135,0.9675,0.9702,0.9642,0.9679,4123,6239,100.82,,,,,,,,
2002-08-08,120.09,120.83,119.98,120.8,120.15,7029,18798,0.9764,0.9773,0.9699,0.9703,4526,8322,100.32,,,,,,,,
2002-08-09,121.03,121.37,120.58,120.82,121.05,8222,21439,0.9668,0.9713,0.9655,0.969,3870,5148,100.92,,,,,,,,
2002-08-12,119.75,120.12,119.55,119.69,119.9,6756,14413,0.9704,0.9757,0.9693,0.9739,3540,6316,101.72,,,,,,,,
2002-08-13,118.92,119.28,118.74,119.24,118.9,6081,25828,0.9786,0.9793,0.9763,0.9764,2757,6317,102.13,,,,,,,,
2002-08-14,118.37,118.36,116.85,117.35,117.05,12437,22764,0.9837,0.9892,0.9836,0.9859,5505,7130,102.87,,,,,,,,
2002-08-15,117.22,117.87,116.89,116.91,117.55,8921,26143,0.9794,0.98,0.9745,0.9773,4096,5391,102.82,,,,,,,,
2002-08-16,117.46,117.75,117.24,117.59,117.6,6232,19607,0.9817,0.9823,0.9783,0.9793,2514,4534,102.55,,,,,,,,
2002-08-19,117.75,118.27,117.43,118.21,117.9,7083,21891,0.9844,0.9872,0.9831,0.9835,3129,3201,101.96,,,,,,,,
2002-08-20,118.48,119.27,118.43,118.8,119,9621,22245,0.9774,0.9807,0.9749,0.9803,4511,4672,101.74,,,,,,,,
2002-08-21,118.67,118.86,117.73,118.04,118.1,9223,18563,0.9798,0.9847,0.9784,0.9814,5686,4660,101.97,,,,,,,,
2002-08-22,118.67,119.15,118.47,119.01,119,8799,23135,0.9796,0.9806,0.9757,0.9767,3310,4373,101.16,,,,,,,,
2002-08-23,119.83,120.31,119.69,119.88,120.05,7975,21193,0.9692,0.9703,0.9664,0.9699,3242,5718,101.34,,,,,,,,
2002-08-26,119.45,119.89,119.34,119.73,119.68,4307,15136,0.9734,0.974,0.9686,0.9702,2037,6068,101.31,,,,,,,,
2002-08-27,119.78,119.93,118.64,119.06,118.85,10483,15975,0.9714,0.9771,0.9703,0.9738,4951,6612,102.26,,,,,,,,
2002-08-28,118.33,118.72,118.13,118.56,118.4,7053,20282,0.9819,0.9836,0.9793,0.9813,3500,4705,101.76,,,,,,,,
2002-08-29,118.98,119.07,117.54,117.72,118.85,10674,18806,0.978,0.9868,0.9777,0.9848,4453,6539,102.15,,,,,,,,
2002-08-30,118.06,118.3,117.73,117.97,117.95,8368,9358,0.984,0.9863,0.9832,0.985,3122,3080,102.03,,,,,,,,
2002-09-02,118.52,118.83,118.33,118.45,118.7,4649,15686,0.9814,0.9826,0.9798,0.9821,2143,5165,102.29,,,,,,,,
2002-09-03,117.92,118.17,117.5,117.62,117.95,9421,17321,0.9844,0.9879,0.9831,0.9876,4113,6507,103.05,,,,,,,,
2002-09-04,117.12,117.68,117.02,117.62,117.3,8173,20496,0.9964,0.9973,0.9935,0.9938,4245,3287,102.21,,,,,,,,
2002-09-05,117.95,118.17,117.34,117.49,118.05,8308,16525,0.9916,0.997,0.9909,0.9965,4065,5993,101.93,,,,,,,,
2002-09-06,118.32,118.67,117.93,118.29,118.55,8814,17824,0.9913,0.9954,0.9906,0.9919,3415,4373,101.93,,,,,,,,
2002-09-09,118.5,118.75,118.18,118.73,118.55,6770,17342,0.9822,0.9828,0.9788,0.9791,3414,6854,101.69,,,,,,,,
2002-09-10,118.97,119.14,118.33,119.12,118.55,9599,22089,0.9797,0.9837,0.9755,0.9759,4645,4695,101.05,,,,,,,,
2002-09-11,119.79,119.97,119.63,119.75,119.8,8463,17973,0.9754,0.977,0.9741,0.9768,2494,5347,100.72,,,,,,,,
2002-09-12,120.18,120.65,119.75,120.04,120.18,11405,15412,0.9764,0.9789,0.974,0.9772,4032,6638,100.74,,,,,,,,
2002-09-13,119.9,120.12,119.43,119.9,119.77,10733,21318,0.9823,0.9828,0.9805,0.9812,2593,7691,99.75,,,,,,,,
2002-09-17,122.19,122.94,121.93,122.91,122.75,12894,21386,0.9669,0.9688,0.9632,0.9643,6051,4575,99.66,,,,,,,,
2002-09-18,122,123.1,121.65,121.94,121.95,13281,26563,0.9737,0.9748,0.9688,0.9722,3826,5159,99.95,,,,,,,,
2002-09-19,121.41,121.94,121.35,121.68,121.7,8205,22063,0.9773,0.9808,0.9764,0.9793,2964,4173,99.89,,,,,,,,
2002-09-20,121.66,123.15,121.29,122.84,122.7,13416,22082,0.9873,0.9875,0.9827,0.9856,3478,5408,98.39,,,,,,,,
2002-09-24,123.9,124.04,123.35,123.44,123.65,7711,22593,0.9768,0.9783,0.9759,0.9777,2304,6993,98.65,,,,,,,,
2002-09-25,123.24,123.42,122,122.39,122.55,10905,27087,0.9822,0.9838,0.9811,0.9824,2910,5284,99.14,,,,,,,,
2002-09-26,122.44,123.08,122.37,122.91,122.9,8453,23478,0.9779,0.98,0.9763,0.9798,2413,5753,99.78,,,,,,,,
2002-09-27,122.19,122.55,122.01,122.49,122.35,7585,21023,0.9772,0.9785,0.9764,0.9781,1238,6678,99.34,,,,,,,,
2002-09-30,122.73,122.83,121.12,121.79,121.55,10728,20643,0.9812,0.9843,0.9806,0.9831,3311,4538,99.73,,,,,,,,
2002-10-01,121.73,122.35,121.68,121.88,122.1,9087,29300,0.9869,0.9892,0.9859,0.9888,2468,6950,99.15,,,,,,,,
2002-10-02,122.72,123.22,122.55,123.03,122.95,10006,28873,0.9819,0.9834,0.981,0.9828,2986,6518,98.91,,,,,,,,
2002-10-03,122.59,122.94,122.48,122.84,122.85,6545,36730,0.9864,0.9897,0.986,0.9888,2722,4944,99.11,,,,,,,,
2002-10-04,122.33,122.93,122.31,122.82,122.85,7498,25624,0.9871,0.9881,0.9854,0.9863,2663,5968,98.73,,,,,,,,
2002-10-07,123.14,123.99,123.04,123.98,123.78,9388,29366,0.9795,0.98,0.9778,0.9788,2491,4828,97.95,,,,,,,,
2002-10-08,124.37,124.4,123.96,124.26,124.25,8609,32197,0.9826,0.9845,0.9797,0.9803,2715,5157,98.14,,,,,,,,
2002-10-09,124.05,124.3,123.65,124.16,123.9,10602,32102,0.9798,0.9808,0.9784,0.9785,2577,6816,98.68,,,,,,,,
2002-10-10,123.17,123.68,123,123.53,123.48,8453,38298,0.9899,0.9913,0.9879,0.9891,3715,7382,98.57,,,,,,,,
2002-10-11,123.47,124.1,123.39,124.04,124,7916,20658,0.9852,0.9878,0.9852,0.9872,2152,5259,98.21,,,,,,,,
2002-10-15,124.37,124.6,124.2,124.49,124.35,8232,24991,0.9869,0.9886,0.9849,0.9851,2744,8386,97.98,,,,,,,,
2002-10-16,124.95,125.05,124.06,124.38,124.75,10356,21125,0.9814,0.9835,0.9803,0.9813,2849,4769,97.94,,,,,,,,
2002-10-17,124.58,124.81,124.15,124.29,124.35,9144,20949,0.9807,0.9807,0.9755,0.9763,5051,5249,97.58,,,,,,,,
2002-10-18,125.24,125.38,125.01,125.32,125.2,10097,19098,0.9712,0.972,0.9698,0.9709,3091,6216,97.32,,,,,,,,
2002-10-21,125.58,125.65,124.76,124.89,124.95,8706,14364,0.9713,0.9739,0.9687,0.9733,4093,4296,97.67,,,,,,,,
2002-10-22,124.79,125.46,124.76,125.22,125.2,9451,21154,0.9742,0.9743,0.972,0.9739,3309,9410,97.41,,,,,,,,
2002-10-23,125.17,125.24,124.12,124.28,124.3,12635,24311,0.9766,0.9792,0.9763,0.9782,3466,9619,97.78,,,,,,,,
2002-10-24,124.62,124.72,123.87,124.46,124.05,9857,23929,0.9742,0.9765,0.9738,0.9753,3554,3395,97.85,,,,,,,,
2002-10-25,124.46,124.67,123.6,123.87,124,11591,25243,0.9781,0.9795,0.9771,0.9775,3167,5861,97.92,,,,,,,,
2002-10-28,124.2,125.01,124.15,124.8,124.8,9211,22137,0.9768,0.9768,0.9729,0.974,1930,5852,98.4,,,,,,,,
2002-10-29,123.46,123.76,123.17,123.57,123.55,8775,31504,0.9846,0.9848,0.9831,0.9847,2532,6735,98.77,,,,,,,,
2002-10-30,122.95,123.25,122.63,122.69,122.88,10328,35281,0.9828,0.9837,0.9816,0.9835,2114,4940,98.9,,,,,,,,
2002-10-31,122.89,123.23,122.3,122.48,122.45,11261,29622,0.9841,0.988,0.9835,0.987,3797,4304,98.97,,,,,,,,
2002-11-01,122.46,122.82,122.37,122.68,122.65,7273,26857,0.9908,0.9914,0.989,0.9907,3028,8606,99.08,,,,,,,,
2002-11-05,122.22,122.28,121.68,121.87,121.9,8076,26073,0.9973,0.9997,0.9972,0.9992,3198,6611,99.17,,,,,,,,
2002-11-06,122.11,122.66,121.85,122.45,122.15,8405,27043,0.9984,1,0.9941,0.9959,4594,5423,99.27,,,,,,,,
2002-11-07,121.64,121.95,121.51,121.79,121.7,7150,31828,1.0055,1.0064,1.0026,1.0029,5136,6997,99.52,,,,,,,,
2002-11-08,121.14,121.35,120.75,120.82,120.95,11101,14503,1.0083,1.0099,1.0074,1.0097,3422,1082,100.35,,,,,,,,
2002-11-11,119.98,120.09,119.51,119.91,119.55,8413,18948,1.0127,1.0136,1.0117,1.0121,1626,4581,100.58,,,,,,,,
2002-11-12,119.71,119.87,119.45,119.64,119.75,8829,25499,1.0102,1.0108,1.007,1.0096,4469,7843,100.68,,,,,,,,
2002-11-13,119.66,119.85,119.56,119.69,119.77,6930,23579,1.0124,1.0129,1.0099,1.0102,3455,6407,100.38,,,,,,,,
2002-11-14,120.09,120.69,120.03,120.52,120.35,9305,25774,1.0085,1.0087,1.0039,1.0059,3470,6702,100.23,,,,,,,,
2002-11-15,120.61,120.83,120.41,120.67,120.65,7248,21800,1.0039,1.0046,1.002,1.0037,2974,5456,100.04,,,,,,,,
2002-11-18,120.43,121.22,120.28,121.19,120.95,7492,21472,1.0103,1.012,1.0083,1.0089,2839,3348,99.56,,,,,,,,
2002-11-19,120.94,121.2,120.81,120.99,120.95,7532,26065,1.0096,1.01,1.0083,1.0093,2228,7244,98.7,,,,,,,,
2002-11-20,122.2,122.62,122.14,122.47,122.32,8334,21259,1.0036,1.0041,0.9999,1.0019,3872,4181,98.45,,,,,,,,
2002-11-21,122.74,122.78,122,122.07,122.4,10619,26056,1.0009,1.0027,1.0002,1.0027,3273,3834,98.44,,,,,,,,
2002-11-22,122.67,122.92,122.6,122.72,122.77,6115,21105,1.0024,1.0035,1.0013,1.0029,2464,2826,98.39,,,,,,,,
2002-11-25,123.1,123.19,122.47,122.72,122.62,8016,19536,0.9966,0.997,0.9933,0.9948,4253,4171,99.03,,,,,,,,
2002-11-26,122.09,122.2,121.78,122.03,122.05,7243,17930,0.9917,0.9928,0.9903,0.9909,2622,4223,99.46,,,,,,,,
2002-11-27,121.55,121.9,121.5,121.84,121.7,6659,13289,0.9938,0.9941,0.9919,0.9924,1992,1272,98.95,,,,,,,,
2002-11-28,122.38,122.45,122.18,122.22,122.27,4122,18337,0.9905,0.9907,0.9893,0.9906,1926,6708,98.91,,,,,,,,
2002-11-29,122.19,122.53,122.16,122.44,122.3,5722,15908,0.9933,0.9946,0.9928,0.9934,2378,10189,98.68,,,,,,,,
2002-12-02,122.83,123.49,122.55,123.44,123.35,13931,17144,0.9941,0.995,0.9921,0.9928,3228,6787,97.14,,,,,,,,
2002-12-03,124.38,124.83,124.19,124.67,124.47,10904,18414,0.9967,0.9979,0.9962,0.9969,2931,7476,97.22,,,,,,,,
2002-12-04,124.22,125.02,124.15,124.75,124.88,10635,23844,0.9969,1.0011,0.9964,1.0006,3666,7449,97,,,,,,,,
2002-12-05,124.49,125.42,124.4,125.2,125.25,13264,19358,1.0016,1.0018,0.9988,1.0012,2853,7780,96.84,,,,,,,,
2002-12-06,124.75,125.55,124.64,125.09,125.2,11923,24120,1.0005,1.0027,1.0001,1.0018,3179,7697,97.68,,,,,,,,
2002-12-09,123.33,123.45,122.5,122.59,123.2,10198,23465,1.0102,1.0118,1.0093,1.0098,2892,5803,97.69,,,,,,,,
2002-12-10,123.36,123.72,123.27,123.52,123.55,6707,19775,1.0107,1.0112,1.0093,1.0096,2205,4959,97.47,,,,,,,,
2002-12-11,123.96,124.07,123.18,123.27,123.9,8142,22299,1.0076,1.0095,1.006,1.0089,2934,5807,97.42,,,,,,,,
2002-12-12,123.72,123.89,123.2,123.28,123.37,8113,21849,1.0082,1.0124,1.0076,1.0117,2962,4030,97.95,,,,,,,,
2002-12-13,122.52,122.87,122.24,122.54,122.65,10307,20919,1.0186,1.022,1.0173,1.0208,3833,4601,99.58,,,,,,,,
2002-12-16,120.76,120.86,120.4,120.6,120.65,8469,24761,1.0234,1.0249,1.0197,1.0241,3667,4845,98.84,,,,,,,,
2002-12-17,121.39,121.55,120.59,120.74,120.75,9384,25866,1.0212,1.0296,1.021,1.0288,5746,5046,98.79,,,,,,,,
2002-12-18,121.62,121.7,121,121.25,121.35,9496,28403,1.0266,1.0287,1.0248,1.0256,3621,5675,99.01,,,,,,,,
2002-12-19,120.69,121.27,120.66,121.18,121.15,7091,25882,1.0284,1.0288,1.0241,1.0254,2907,4596,99.35,,,,,,,,
2002-12-20,120.59,120.94,120.43,120.88,120.77,7072,18624,1.0267,1.0274,1.0242,1.0268,2130,3981,99.56,,,,,,,,
2002-12-24,120.42,120.52,120.27,120.44,120.4,2822,13367,1.026,1.0274,1.0255,1.0273,1217,2634,99.58,,,,,,,,
2002-12-25,120.32,120.48,120.2,120.43,120.4,1287,2847,1.0304,1.0323,1.0299,1.032,354,0,99.52,,,,,,,,
2002-12-26,120.35,120.36,120.12,120.12,120.25,2675,11663,1.0321,1.0359,1.0318,1.0358,2080,398,99.7,,,,,,,,
2002-12-27,120.07,120.18,119.9,119.99,120,5395,15173,1.0367,1.0398,1.036,1.0378,3677,3102,99.65,,,,,,,,
2002-12-30,120.01,120.02,119.35,119.37,119.9,5085,15696,1.0422,1.0441,1.0412,1.0423,1168,2479,100.72,,,,,,,,
2003-01-06,119.76,119.89,119.06,119.26,119.3,6898,21305,1.0422,1.045,1.0417,1.043,3234,3692,99.97,,,,,,,,
2003-01-07,119.37,119.67,119.15,119.56,119.45,8716,19237,1.0441,1.0462,1.0428,1.0435,3861,4656,99.02,,,,,,,,
2003-01-08,120.25,120.51,119.87,120.14,120.15,9651,15636,1.0415,1.0432,1.0406,1.0413,3081,3631,99.86,,,,,,,,
2003-01-09,119.14,119.19,118.7,118.84,118.9,8982,18156,1.0495,1.0535,1.0494,1.0531,3862,4523,99.71,,,,,,,,
2003-01-10,119.39,120.05,119.31,119.72,119.54,9626,26594,1.0486,1.0513,1.0472,1.0505,3255,7173,99.56,,,,,,,,
2003-01-14,118.93,119.18,118.72,118.9,118.9,9908,20714,1.054,1.0567,1.0536,1.0561,2970,8231,100.51,,,,,,,,
2003-01-15,118.05,118.82,117.98,118.08,118.05,8587,27908,1.0566,1.0568,1.0528,1.0537,4272,6148,100.59,,,,,,,,
2003-01-16,118.13,118.35,117.95,118.04,118.2,6772,22814,1.0556,1.0577,1.0545,1.0567,3468,4536,100.7,,,,,,,,
2003-01-17,117.83,118.18,117.75,117.99,118,8813,14250,1.0617,1.0632,1.0605,1.0628,4005,3069,100.6,,,,,,,,
2003-01-20,117.97,118.33,117.85,118.15,118.2,7333,15139,1.0662,1.0668,1.0633,1.0645,3058,3083,100.43,,,,,,,,
2003-01-21,118.05,119.15,117.98,119.02,118.8,12381,27167,1.0688,1.069,1.0633,1.0643,5352,4670,100.35,,,,,,,,
2003-01-22,118.2,118.45,118.02,118.17,118.15,8129,25791,1.0724,1.0735,1.0718,1.073,3974,7693,100.26,,,,,,,,
2003-01-23,118.36,118.83,118.19,118.22,118.7,10506,25682,1.0718,1.0736,1.0706,1.0727,4243,4840,100.29,,,,,,,,
2003-01-24,118.13,118.18,117.8,117.85,117.98,7818,21632,1.0745,1.079,1.074,1.0782,4387,5160,100.32,,,,,,,,
2003-01-27,117.84,118.02,117.8,117.83,117.85,7748,17019,1.083,1.0846,1.0817,1.0839,3785,3971,99.72,,,,,,,,
2003-01-28,118.59,118.87,118.32,118.84,118.57,8296,24899,1.0835,1.0851,1.0788,1.0791,4140,8211,99.61,,,,,,,,
2003-01-29,118.7,118.78,117.85,118.14,118.15,8629,24255,1.0824,1.0887,1.0817,1.0875,5674,6066,99.85,,,,,,,,
2003-01-30,118.65,118.81,118.28,118.77,118.6,8924,23573,1.0814,1.0845,1.0791,1.0797,4688,7848,99.39,,,,,,,,
2003-01-31,119.06,119.37,118.85,119.21,118.95,9514,23377,1.0821,1.0831,1.0803,1.0822,2719,5801,98.77,,,,,,,,
2003-02-03,119.87,120.93,119.8,120.49,120.15,12018,22962,1.0775,1.0793,1.0712,1.0718,5108,6582,98.43,,,,,,,,
2003-02-04,120.3,120.6,119.9,120.15,120.3,9196,32664,1.079,1.0817,1.0768,1.0807,5233,6717,98.73,,,,,,,,
2003-02-05,119.82,119.88,119.21,119.32,119.6,8335,27402,1.0886,1.0935,1.0869,1.0914,6396,6431,98.59,,,,,,,,
2003-02-06,120.17,120.27,119.82,119.82,120,7023,21721,1.0777,1.0805,1.0765,1.0802,5365,6724,98.74,,,,,,,,
2003-02-07,119.92,120.19,119.59,120.16,119.7,7471,16926,1.0832,1.0835,1.0776,1.0781,5219,8108,98.46,,,,,,,,
2003-02-10,120.47,120.56,120.26,120.33,120.45,5843,19226,1.0815,1.0829,1.0798,1.0823,2175,7717,97.93,,,,,,,,
2003-02-12,121.02,121.16,120.62,120.81,120.75,8225,20866,1.0744,1.0754,1.072,1.0729,3375,4213,97.86,,,,,,,,
2003-02-13,121.32,121.48,120.65,120.77,120.95,7599,25421,1.0712,1.079,1.0705,1.0786,5631,6197,98.36,,,,,,,,
2003-02-14,120.34,120.67,120.28,120.41,120.4,7181,9146,1.0842,1.0857,1.0825,1.084,3843,2861,98.53,,,,,,,,
2003-02-17,120.52,120.78,120.39,120.43,120.5,5339,11964,1.0774,1.0777,1.071,1.0715,4625,3027,98.81,,,,,,,,
2003-02-18,120.15,120.42,119.14,119.37,119.25,12694,17590,1.0732,1.0757,1.071,1.0737,4996,7570,99.83,,,,,,,,
2003-02-19,119.07,119.12,118.87,119.03,119.05,8358,13189,1.0683,1.0737,1.0665,1.0715,4721,6050,99.99,,,,,,,,
2003-02-20,118.72,119.1,118.64,118.92,118.9,8119,15973,1.0745,1.0775,1.0742,1.0762,3852,5194,100.1,,,,,,,,
2003-02-21,118.38,118.45,118.2,118.34,118.37,7019,21398,1.082,1.083,1.0814,1.082,2555,6621,99.94,,,,,,,,
2003-02-24,118.77,118.9,118.29,118.58,118.4,7490,15683,1.0712,1.075,1.0706,1.0747,3628,5683,100.56,,,,,,,,
2003-02-25,118.15,118.23,117.2,117.39,117.3,17208,20556,1.0807,1.0815,1.0784,1.0793,3831,6470,101.02,,,,,,,,
2003-02-26,117.46,117.64,117.31,117.46,117.45,8583,26651,1.0749,1.0765,1.0735,1.0738,2709,8093,101.12,,,,,,,,
2003-02-27,117.08,117.2,116.86,117.02,116.9,12531,25463,1.08,1.0802,1.0782,1.0788,2420,5034,100.69,,,,,,,,
2003-02-28,117.74,117.79,117.63,117.75,117.75,8453,30605,1.0746,1.0758,1.0735,1.0747,2641,8601,100.34,,,,,,,,
2003-03-03,118.25,118.3,118,118.08,118.22,5452,22396,1.0784,1.0796,1.0769,1.0794,2683,7362,100.59,,,,,,,,
2003-03-04,117.69,117.7,117.45,117.54,117.55,8018,22393,1.0896,1.0932,1.0889,1.0922,6755,10035,100.45,,,,,,,,
2003-03-05,117.19,117.94,117.11,117.22,117.35,9578,27240,1.0979,1.0989,1.0887,1.0985,9368,12175,100.65,,,,,,,,
2003-03-06,117.3,117.47,117.2,117.4,117.38,5975,25512,1.0967,1.0972,1.0947,1.0959,5352,13056,100.65,,,,,,,,
2003-03-07,117.33,117.48,117.07,117.19,117.37,7429,25764,1.0974,1.103,1.0966,1.1022,5548,10284,100.86,,,,,,,,
2003-03-10,117.08,117.14,116.64,116.69,116.78,6344,27843,1.1011,1.1043,1.1004,1.1033,2988,7476,101.11,,,,,,,,
2003-03-11,116.88,117.31,116.77,117.07,116.9,9696,25197,1.1045,1.1062,1.1017,1.1033,4279,7614,100.83,,,,,,,,
2003-03-12,117.17,117.54,117.06,117.35,117.45,9252,18649,1.1034,1.1053,1.1019,1.1034,4546,7256,100.87,,,,,,,,
2003-03-13,117.49,118.4,117.35,118.02,118,13292,17044,1.0986,1.0994,1.0841,1.0908,12046,7795,100.3,,,,,,,,
2003-03-14,118.69,118.76,118.03,118.28,118.2,8719,23328,1.0797,1.0818,1.0767,1.0811,4948,6019,100.55,,,,,,,,
2003-03-17,117.77,118.2,117.66,117.75,117.9,7215,18217,1.0816,1.084,1.0775,1.084,5170,5361,100.72,,,,,,,,
2003-03-18,118.83,118.99,118.47,118.58,118.65,11614,28118,1.0618,1.0655,1.0597,1.0642,7196,6393,100.48,,,,,,,,
2003-03-19,118.62,118.85,118.53,118.76,118.7,7779,31837,1.0647,1.0648,1.0614,1.0622,4844,9373,99.38,,,,,,,,
2003-03-20,120.14,120.55,119.74,119.89,120,12775,26292,1.0581,1.0648,1.053,1.0629,5182,6775,99.26,,,,,,,,
2003-03-24,120.96,121.32,120.79,120.81,120.9,9273,27424,1.0599,1.0631,1.0567,1.0624,4116,3758,98.83,,,,,,,,
2003-03-25,120.71,120.78,119.37,119.68,119.85,9545,22712,1.0647,1.0716,1.064,1.0698,5257,5937,99.29,,,,,,,,
2003-03-26,119.9,120.27,119.84,120.2,119.93,6526,23678,1.0663,1.0664,1.0622,1.0633,2959,2936,99.29,,,,,,,,
2003-03-27,119.99,120.04,119.58,119.99,119.85,7462,20968,1.0697,1.0717,1.069,1.0706,3837,4751,99.28,,,,,,,,
2003-03-28,119.98,120.42,119.92,120.21,120.23,7770,19815,1.0697,1.0702,1.067,1.0697,3083,3744,99.23,,,,,,,,
2003-03-31,119.87,120.2,118.82,119.02,120.15,11319,24332,1.0786,1.089,1.078,1.0873,5493,4253,100.44,,,,,,,,
2003-04-01,117.93,118.44,117.78,118.05,118.27,8375,24592,1.092,1.0924,1.088,1.0902,3588,7378,100.58,,,,,,,,
2003-04-02,117.87,118.9,117.6,118.83,117.9,10631,20217,1.0939,1.096,1.081,1.0812,7227,5514,99.98,,,,,,,,
2003-04-03,118.94,119.13,118.51,118.89,118.7,9418,26315,1.0766,1.0792,1.0733,1.0778,5840,7672,99.67,,,,,,,,
2003-04-04,119.3,120.15,119.15,119.95,119.95,9968,25360,1.0766,1.0768,1.0709,1.0738,4433,6382,99.25,,,,,,,,
2003-04-07,120.28,120.87,120.24,120.76,120.75,8770,24953,1.0677,1.0679,1.0574,1.059,7355,5380,99.56,,,,,,,,
2003-04-08,119.96,120.15,119.41,119.69,119.95,9692,22557,1.0681,1.0723,1.0642,1.0684,6568,7627,99.36,,,,,,,,
2003-04-09,119.8,120.15,119.62,119.77,119.85,9049,25872,1.0724,1.0772,1.0708,1.0769,6353,6431,99.01,,,,,,,,
2003-04-10,120.18,120.3,119.7,119.81,120.1,9214,25403,1.0772,1.0804,1.0766,1.0777,4830,8510,99.13,,,,,,,,
2003-04-11,119.57,119.89,119.52,119.78,119.75,7335,25180,1.0787,1.0789,1.0765,1.0779,3598,7923,98.49,,,,,,,,
2003-04-14,120.63,120.83,120.34,120.64,120.65,6763,28071,1.0728,1.0765,1.0717,1.0747,2809,7326,98.56,,,,,,,,
2003-04-15,120.39,120.51,120,120.46,120.2,8540,26051,1.0778,1.0786,1.0738,1.0747,4357,8810,98.44,,,,,,,,
2003-04-16,120.41,120.55,120.11,120.23,120.26,6480,20056,1.0793,1.0852,1.0785,1.0839,4597,7251,98.77,,,,,,,,
2003-04-17,119.59,119.66,118.92,119.12,119.05,10117,26296,1.0909,1.0975,1.0904,1.0934,5591,8862,98.67,,,,,,,,
2003-04-18,119.72,119.81,119.58,119.72,119.75,3299,12287,1.0881,1.0898,1.0876,1.0889,1037,75,98.55,,,,,,,,
2003-04-21,119.6,120.11,119.55,120.1,120.05,4804,14952,1.09,1.091,1.0872,1.0899,1305,463,98.01,,,,,,,,
2003-04-22,120.52,120.74,120.19,120.21,120.65,10118,32896,1.0859,1.0949,1.0849,1.0947,4604,10648,98.32,,,,,,,,
2003-04-23,119.89,120.25,119.79,120.06,120.1,8038,28569,1.0965,1.0985,1.0936,1.096,4319,5601,97.97,,,,,,,,
2003-04-24,120.59,120.7,119.71,119.92,119.95,11000,21531,1.0956,1.1036,1.0945,1.1024,6006,6046,98.11,,,,,,,,
2003-04-25,119.82,120.7,119.7,120.56,120.1,14271,26981,1.1036,1.1047,1.1006,1.1013,4211,5712,98.09,,,,,,,,
2003-04-28,120.33,120.38,119.85,120.22,120,6824,25274,1.1036,1.1078,1.103,1.1034,3911,4288,97.86,,,,,,,,
2003-04-30,119.69,119.97,119.23,119.46,119.6,9915,31502,1.1115,1.114,1.1063,1.1123,8026,5892,98.63,,,,,,,,
2003-05-01,118.85,119,118.43,118.53,118.9,8396,20594,1.1173,1.1198,1.1169,1.119,3544,1272,98.7,,,,,,,,
2003-05-02,118.42,118.88,118.4,118.88,118.6,8121,30673,1.1238,1.1248,1.1208,1.1215,3420,9928,98.31,,,,,,,,
2003-05-06,118.46,118.76,118.37,118.37,118.55,6914,27538,1.1296,1.1342,1.1277,1.1341,3646,8540,99.01,,,,,,,,
2003-05-07,117.64,117.82,117.56,117.66,117.68,11011,37819,1.1428,1.1437,1.1393,1.1399,5258,8426,100.04,,,,,,,,
2003-05-08,116.53,116.74,116.22,116.34,116.65,14590,29205,1.1357,1.1364,1.1309,1.1335,6340,7908,99.23,,,,,,,,
2003-05-09,117.12,117.53,117.08,117.32,117.1,13678,31040,1.1519,1.1537,1.1478,1.1514,5779,8256,98.99,,,,,,,,
2003-05-12,117.01,117.28,116.33,116.38,116.9,10836,28629,1.1557,1.1614,1.1529,1.1609,6293,10083,99.07,,,,,,,,
2003-05-13,117.24,117.55,116.36,117.15,117,14980,29234,1.1517,1.1566,1.1464,1.15,10505,12405,99.35,,,,,,,,
2003-05-14,116.79,116.87,116.51,116.55,116.6,10160,27451,1.1522,1.1538,1.1468,1.1527,6256,12633,99.86,,,,,,,,
2003-05-15,116.24,116.45,115.77,115.95,116.25,13972,27265,1.1473,1.1489,1.142,1.1458,7270,7446,99.82,,,,,,,,
2003-05-16,116.54,116.63,116.21,116.36,116.3,7463,25576,1.1393,1.1415,1.1371,1.1408,5192,8067,99.84,,,,,,,,
2003-05-19,115.69,115.84,115.1,115.21,115.25,20998,22255,1.167,1.1714,1.1644,1.1695,7817,6351,98.76,,,,,,,,
2003-05-20,117.14,117.35,117,117.34,117.08,12609,23668,1.1632,1.1685,1.1613,1.162,5389,10265,99.07,,,,,,,,
2003-05-21,116.7,116.76,116.6,116.68,116.67,9606,20854,1.1723,1.1745,1.1702,1.1716,5741,10089,98.35,,,,,,,,
2003-05-22,117.54,117.79,117.4,117.62,117.65,9201,24699,1.1657,1.1659,1.162,1.1656,5447,8123,98.63,,,,,,,,
2003-05-23,117.39,117.44,117.2,117.27,117.3,6469,13523,1.168,1.1721,1.1666,1.1717,5790,4368,98.6,,,,,,,,
2003-05-26,116.91,116.98,116.7,116.89,116.88,3398,10484,1.1817,1.1832,1.1802,1.1817,2239,2910,98.58,,,,,,,,
2003-05-27,116.86,117.17,116.6,116.84,116.65,8781,19761,1.1864,1.1912,1.182,1.1884,9013,11161,98.38,,,,,,,,
2003-05-28,117.27,117.58,116.96,117.5,117.25,9939,19708,1.1816,1.1846,1.176,1.1772,6741,8124,97.48,,,,,,,,
2003-05-29,118.56,119.17,118.45,119.06,118.95,11029,25184,1.1758,1.1773,1.17,1.1712,5399,9882,97.66,,,,,,,,
2003-05-30,118.26,118.71,118.05,118.63,118.35,9656,33051,1.1884,1.1915,1.1846,1.1856,5879,6805,96.85,,,,,,,,
2003-06-02,119.32,119.66,118.6,118.69,119,8844,26486,1.1724,1.176,1.1652,1.169,8061,7873,97.41,,,,,,,,
2003-06-03,118.7,118.75,118.28,118.67,118.4,7047,25656,1.1746,1.1781,1.1727,1.1774,4905,12659,96.93,,,,,,,,
2003-06-04,119.36,119.4,118.58,118.68,118.75,8759,22077,1.1724,1.175,1.171,1.1738,4382,10305,97.35,,,,,,,,
2003-06-05,118.87,118.93,118.1,118.24,118.45,9296,21691,1.165,1.1675,1.1632,1.1667,6082,9503,97.94,,,,,,,,
2003-06-06,117.69,118.02,117.6,117.99,117.8,9562,24384,1.1837,1.1859,1.182,1.1836,4491,11183,97.43,,,,,,,,
2003-06-09,118.77,118.77,118.3,118.5,118.45,5866,21699,1.1706,1.171,1.1657,1.1682,4286,6351,97.78,,,,,,,,
2003-06-10,118.17,118.41,117.97,118.2,118.15,5881,25379,1.1712,1.1741,1.17,1.1709,3774,7051,98.17,,,,,,,,
2003-06-11,117.79,118.14,117.64,117.86,117.77,7663,22031,1.1674,1.1734,1.166,1.1706,5378,8743,97.99,,,,,,,,
2003-06-12,117.73,117.96,117.55,117.61,117.88,6721,20519,1.1751,1.1808,1.1745,1.1805,4715,6477,98.04,,,,,,,,
2003-06-13,117.69,117.77,117.53,117.7,117.6,5057,27620,1.1769,1.1782,1.1757,1.1773,3146,8573,98,,,,,,,,
2003-06-16,117.35,117.77,117.16,117.55,117.7,7344,22942,1.1877,1.1935,1.1863,1.1927,4791,7193,97.84,,,,,,,,
2003-06-17,117.67,117.73,117.54,117.64,117.6,6170,28409,1.1829,1.1868,1.1815,1.1833,4762,8699,97.42,,,,,,,,
2003-06-18,118.22,118.47,117.98,118.31,118.1,7996,27495,1.1787,1.1803,1.1738,1.1765,4037,7479,97.89,,,,,,,,
2003-06-19,118.17,118.79,117.91,118.68,118.65,11282,19318,1.1683,1.1688,1.1585,1.1618,8795,8305,97.47,,,,,,,,
2003-06-20,118.62,118.64,118.01,118.34,118.25,7977,31650,1.1709,1.1734,1.1678,1.1694,3819,8264,97.7,,,,,,,,
2003-06-23,118.57,118.63,118,118.06,118.3,5847,25847,1.1583,1.1598,1.1538,1.1589,5407,8683,98.25,,,,,,,,
2003-06-24,117.77,117.97,117.63,117.75,117.65,7167,24743,1.1545,1.1563,1.1535,1.1545,2794,7476,98.26,,,,,,,,
2003-06-25,118.01,118.07,117.45,117.47,117.5,10075,29823,1.1505,1.1525,1.1493,1.1524,3546,8577,98,,,,,,,,
2003-06-26,118.18,118.35,117.93,118.23,118.25,10042,32156,1.1537,1.1545,1.1485,1.151,4907,7790,97.17,,,,,,,,
2003-06-27,119.33,119.8,119.17,119.77,119.45,11477,39556,1.1429,1.1455,1.1408,1.1412,4207,9807,97.03,,,,,,,,
2003-06-30,119.79,119.93,119.63,119.82,119.85,8894,44225,1.1419,1.146,1.1412,1.1455,3383,7238,96.73,,,,,,,,
2003-07-01,119.57,119.98,119.23,119.72,119.65,8416,36467,1.1522,1.1552,1.151,1.1541,4367,7425,96.86,,,,,,,,
2003-07-02,119.39,119.48,119.03,119.22,119.2,8398,32783,1.1557,1.1568,1.1526,1.1535,3940,7716,97.89,,,,,,,,
2003-07-03,118.16,118.61,118.1,118.24,118.25,10824,14630,1.1529,1.1536,1.147,1.1471,4558,1909,97.86,,,,,,,,
2003-07-04,118.14,118.46,118.1,118.15,118.4,6775,14770,1.1482,1.1495,1.146,1.1484,3442,4167,97.87,,,,,,,,
2003-07-07,118.11,118.28,117.84,118.09,118.1,7789,19872,1.1471,1.148,1.1412,1.1414,4975,6878,98.22,,,,,,,,
2003-07-08,118.17,118.3,117.57,118.23,118.18,11743,23468,1.1326,1.1348,1.131,1.1317,5751,6577,98.34,,,,,,,,
2003-07-09,118.24,118.48,118.17,118.24,118.35,6150,21702,1.1312,1.1341,1.1307,1.1324,3630,5197,98.57,,,,,,,,
2003-07-10,117.79,117.92,117.38,117.8,117.8,9171,22260,1.1337,1.1366,1.1317,1.1355,4686,6757,98.62,,,,,,,,
2003-07-11,117.71,118.02,117.67,117.77,117.9,6317,18967,1.1353,1.1376,1.1298,1.1334,5977,7535,98.58,,,,,,,,
2003-07-14,117.74,117.81,117.55,117.57,117.73,5678,17402,1.1277,1.129,1.1243,1.1265,3789,7624,98.76,,,,,,,,
2003-07-15,117.69,117.84,117.57,117.59,117.75,6256,23289,1.1276,1.13,1.1255,1.1283,4966,8330,98.87,,,,,,,,
2003-07-16,118.6,118.7,117.84,118.32,118.25,15908,29785,1.1133,1.1184,1.111,1.1129,7168,6450,98.66,,,,,,,,
2003-07-17,117.99,118.37,117.88,118.22,118.15,9045,23060,1.1219,1.1243,1.1204,1.1238,4653,7019,98.13,,,,,,,,
2003-07-18,118.78,119.2,118.65,118.97,118.93,8714,23157,1.124,1.1268,1.1213,1.1229,4153,6762,98.38,,,,,,,,
2003-07-22,118.78,119.35,118.47,119.21,119.2,8964,23466,1.1339,1.1358,1.1307,1.1354,4130,10350,97.78,,,,,,,,
2003-07-23,119.06,119.13,118.8,118.86,119.05,5393,25172,1.1323,1.139,1.1317,1.1387,4819,6452,97.8,,,,,,,,
2003-07-24,118.77,119.02,118.55,118.59,118.8,5601,28090,1.1482,1.1512,1.1469,1.1509,4748,10496,97.63,,,,,,,,
2003-07-25,119.22,119.31,118.83,118.95,119.15,5923,27415,1.1464,1.1505,1.145,1.1493,3174,6073,97.63,,,,,,,,
2003-07-28,118.94,119.18,118.89,119.14,119.1,5557,19588,1.1491,1.1505,1.1457,1.1477,3645,6366,97.12,,,,,,,,
2003-07-29,119.46,119.59,119.12,119.27,119.3,7451,23680,1.1486,1.1535,1.148,1.1514,4114,9883,96.86,,,,,,,,
2003-07-30,119.89,120.04,119.82,120,119.88,8633,24909,1.1445,1.1451,1.1426,1.1429,3773,6210,96.8,,,,,,,,
2003-07-31,120.31,120.35,119.9,120.11,120.1,11123,41412,1.1344,1.1362,1.1316,1.1328,5590,8198,96.82,,,,,,,,
2003-08-01,120.59,120.69,120.29,120.39,120.4,8417,28434,1.1234,1.1243,1.1198,1.1209,5682,8155,97.15,,,,,,,,
2003-08-04,120.01,120.1,119.71,119.8,119.8,6130,25309,1.1271,1.1315,1.1261,1.1312,2858,4831,96.84,,,,,,,,
2003-08-05,120.25,120.6,120.22,120.52,120.35,6496,25877,1.1356,1.1381,1.1344,1.1372,2980,4792,97.23,,,,,,,,
2003-08-06,119.94,120.09,119.72,119.94,119.9,6021,28014,1.1392,1.1427,1.1384,1.1405,4428,8024,96.95,,,,,,,,
2003-08-07,120.13,120.27,119.96,120.11,120.14,4462,27578,1.1339,1.1358,1.1323,1.1354,2022,7888,97.86,,,,,,,,
2003-08-08,119.24,119.27,118.9,118.92,119.22,6659,27652,1.1365,1.138,1.1333,1.1339,2501,7908,97.87,,,,,,,,
2003-08-11,119.08,119.17,118.45,118.62,118.9,6245,26517,1.1295,1.1303,1.1268,1.1279,3068,4263,98.14,,,,,,,,
2003-08-12,118.44,118.77,118.38,118.64,118.68,5947,29113,1.1358,1.1373,1.1353,1.1363,3463,4017,98.17,,,,,,,,
2003-08-13,118.57,119.24,118.52,119.08,119.13,7148,26603,1.1277,1.1281,1.1221,1.1242,5549,3687,97.75,,,,,,,,
2003-08-14,119.27,119.41,119.14,119.33,119.3,5745,29554,1.1314,1.1341,1.131,1.1327,3481,4382,97.85,,,,,,,,
2003-08-15,118.88,119.12,118.78,118.98,119,5231,18282,1.1267,1.1277,1.1242,1.1264,2645,3786,97.79,,,,,,,,
2003-08-18,119.12,119.52,119.09,119.32,119.36,4602,19624,1.1267,1.1268,1.1216,1.1224,3942,3340,97.83,,,,,,,,
2003-08-19,119.37,119.62,119.13,119.51,119.35,6040,29684,1.1141,1.1153,1.1079,1.1092,5995,6465,98.76,,,,,,,,
2003-08-20,118.66,118.76,118.25,118.32,118.65,9327,26809,1.113,1.1146,1.1093,1.1132,4278,4869,98.94,,,,,,,,
2003-08-21,118.12,118.23,117.83,118.02,118.1,7519,18502,1.111,1.1121,1.0985,1.1005,6920,6524,99.56,,,,,,,,
2003-08-22,117.82,117.94,117.7,117.84,117.82,6695,18042,1.0934,1.0947,1.0898,1.0924,4235,5850,99.84,,,,,,,,
2003-08-25,117.49,117.68,117.42,117.56,117.58,4651,17010,1.0856,1.0885,1.0853,1.0883,2944,8731,100.06,,,,,,,,
2003-08-26,117.41,117.79,117.18,117.78,117.53,7473,21388,1.083,1.0869,1.0797,1.086,6270,9199,100.09,,,,,,,,
2003-08-27,117.41,117.7,117.31,117.68,117.6,7130,28337,1.0877,1.088,1.0833,1.0864,5471,5712,100.04,,,,,,,,
2003-08-28,117.47,117.63,117.37,117.56,117.5,6143,22340,1.0855,1.0872,1.0841,1.0856,4063,4965,100.09,,,,,,,,
2003-08-29,117.34,117.37,117,117.13,117.05,13350,14768,1.0883,1.092,1.0872,1.0909,3797,1565,100.22,,,,,,,,
2003-09-01,116.59,116.79,116.52,116.69,116.65,5277,15992,1.0993,1.1017,1.0971,1.0982,3387,4881,100.53,,,,,,,,
2003-09-02,116.55,116.95,116.47,116.87,116.7,9029,27308,1.0962,1.0963,1.0868,1.0872,5390,9206,100.87,,,,,,,,
2003-09-03,116.55,116.57,116.04,116.06,116.3,10566,24167,1.0807,1.0817,1.0763,1.0781,6930,10486,101.27,,,,,,,,
2003-09-04,115.98,117,115.75,116.86,116.8,15280,32342,1.0822,1.0851,1.081,1.0839,3729,5976,100.37,,,,,,,,
2003-09-05,116.82,116.97,116.79,116.87,116.82,9168,29064,1.0935,1.097,1.0925,1.0941,5864,6598,99.91,,,,,,,,
2003-09-08,117.67,117.72,117.05,117.12,117.32,10071,28299,1.1092,1.111,1.1067,1.1071,4154,3014,100.06,,,,,,,,
2003-09-09,116.65,116.8,116.25,116.37,116.65,6180,28068,1.1069,1.1125,1.1056,1.1092,5915,7779,99.67,,,,,,,,
2003-09-10,116.85,116.98,116.66,116.73,116.8,12813,26726,1.1222,1.1236,1.1212,1.1226,4764,5962,99.45,,,,,,,,
2003-09-11,117.1,117.26,117.07,117.17,117.17,10463,25605,1.1183,1.1272,1.1175,1.1255,5384,4201,99.47,,,,,,,,
2003-09-12,117.17,117.23,117.03,117.07,117.06,14559,23473,1.1185,1.1198,1.1167,1.1184,3242,8654,99.15,,,,,,,,
2003-09-16,117.41,117.45,116.52,116.57,117.18,8384,26143,1.1279,1.1318,1.1253,1.1266,4370,9069,100.3,,,,,,,,
2003-09-17,116.18,116.35,116.03,116.23,116.15,6439,32109,1.1166,1.1185,1.1138,1.1181,4254,3940,100.21,,,,,,,,
2003-09-18,116.16,116.18,115.67,115.81,116.07,7918,27030,1.1278,1.1296,1.1259,1.126,4684,5217,100.9,,,,,,,,
2003-09-19,115.28,115.5,115.18,115.24,115.43,8507,25320,1.1249,1.1274,1.124,1.1269,3399,4433,101.67,,,,,,,,
2003-09-22,112.12,112.73,111.37,112.31,112.2,18499,22227,1.1458,1.1498,1.1414,1.1466,6569,6544,102.83,,,,,,,,
2003-09-24,112.29,112.39,111.74,111.81,112.15,8985,23952,1.144,1.1464,1.1427,1.1458,3772,5359,103.16,,,,,,,,
2003-09-25,111.91,112.34,111.72,112.19,111.9,9492,27585,1.1486,1.1506,1.1459,1.1474,4707,5852,102.73,,,,,,,,
2003-09-26,112.14,112.25,111.92,112.04,112,6946,36307,1.1469,1.1484,1.1465,1.1473,2667,6978,103.3,,,,,,,,
2003-09-29,111.64,111.65,111.1,111.39,111.25,7968,26260,1.1462,1.1467,1.1399,1.1409,3806,8973,103.89,,,,,,,,
2003-09-30,111.81,112.1,110.3,110.48,111.2,20606,25069,1.1578,1.1677,1.1574,1.1665,6932,9342,103.1,,,,,,,,
2003-10-01,111.34,111.5,111.05,111.24,111.2,12801,25574,1.1674,1.1689,1.1643,1.1671,4339,8594,103.71,,,,,,,,
2003-10-02,111.01,111.35,110.57,111.05,111,10023,24361,1.1716,1.177,1.1706,1.1716,7205,5392,103.67,,,,,,,,
2003-10-03,110.94,111,110.33,110.43,110.93,7067,21459,1.1683,1.1721,1.1673,1.1712,3674,3873,103.73,,,,,,,,
2003-10-06,111.04,111.35,110.83,110.96,111.1,6703,19397,1.1594,1.1596,1.1533,1.1579,4999,4739,103.42,,,,,,,,
2003-10-07,111.1,111.13,110.64,110.65,111,6584,22087,1.1716,1.1749,1.1698,1.1746,6393,4881,104.27,,,,,,,,
2003-10-08,109.58,110.06,109.42,109.77,109.65,10563,24197,1.1778,1.184,1.1766,1.1811,5082,6676,104.47,,,,,,,,
2003-10-09,109.58,109.62,108.85,109.07,109.05,11725,21913,1.1823,1.1861,1.1819,1.1838,5697,6045,105.06,,,,,,,,
2003-10-10,109.14,109.32,108.3,108.74,109.15,8638,23897,1.1738,1.1751,1.1704,1.1734,4156,3490,105.3,,,,,,,,
2003-10-14,109.04,109.9,108.9,109.74,109.2,10623,28138,1.1696,1.1712,1.1585,1.1639,8746,9920,105.55,,,,,,,,
2003-10-15,108.86,109.25,108.75,109.09,109.1,7896,27677,1.1728,1.1745,1.1698,1.172,5539,8329,105.1,,,,,,,,
2003-10-16,109.61,110.33,109.52,110.13,109.61,8279,23878,1.1619,1.1652,1.1567,1.1597,6176,7114,104.8,,,,,,,,
2003-10-17,109.66,109.96,109.58,109.81,109.85,5440,22494,1.1582,1.162,1.1567,1.1591,5524,5987,105.16,,,,,,,,
2003-10-20,108.97,109.94,108.8,109.41,109.7,10066,22145,1.1701,1.1713,1.1601,1.168,6432,4336,104.36,,,,,,,,
2003-10-21,110.31,110.4,109.63,109.87,109.8,8350,24206,1.163,1.1661,1.1619,1.1647,3556,5001,105.17,,,,,,,,
2003-10-22,109.59,109.69,109.42,109.55,109.55,5965,21863,1.1654,1.1715,1.165,1.1695,4923,8816,105.31,,,,,,,,
2003-10-23,108.97,109.85,108.87,109.5,109.03,8451,23436,1.1823,1.1847,1.18,1.1824,6142,6189,104.89,,,,,,,,
2003-10-24,109.49,110.01,109.3,109.55,109.6,5850,18336,1.182,1.1828,1.1783,1.1794,5139,6717,105.14,,,,,,,,
2003-10-27,108.94,109.28,108.52,108.7,108.9,7766,25628,1.178,1.1786,1.172,1.174,5499,6003,105.92,,,,,,,,
2003-10-28,108.48,108.53,108.18,108.29,108.3,6163,22625,1.1736,1.1748,1.1702,1.1708,5945,4585,106.31,,,,,,,,
2003-10-29,108.16,108.34,107.88,108.04,107.97,9627,21194,1.1666,1.1721,1.1662,1.1714,4682,5139,106.19,,,,,,,,
2003-10-30,108.23,108.36,108.05,108.09,108.3,5751,23040,1.1666,1.1681,1.1658,1.1674,3694,5050,105.82,,,,,,,,
2003-10-31,108.63,109.12,108.62,108.99,108.76,9287,26960,1.1625,1.163,1.1608,1.1619,3670,8545,104.79,,,,,,,,
2003-11-04,110.81,111.02,110,110.36,110.2,10874,22130,1.1459,1.147,1.1428,1.1449,4252,4750,105.4,,,,,,,,
2003-11-05,109.59,109.81,109.52,109.76,109.68,5971,28854,1.1474,1.1499,1.1467,1.1473,4233,6924,105.17,,,,,,,,
2003-11-06,109.88,110.17,109.83,109.9,109.97,6427,23632,1.1427,1.1459,1.1422,1.1445,3940,7086,104.91,,,,,,,,
2003-11-07,110.18,110.25,110.07,110.09,110.2,5012,24449,1.1413,1.143,1.1407,1.1426,3628,6264,105.45,,,,,,,,
2003-11-10,109.54,109.64,109.29,109.39,109.5,6174,6883,1.1507,1.1535,1.1496,1.1509,3820,1420,106,,,,,,,,
2003-11-11,108.75,109.13,108.69,108.82,108.8,11980,20417,1.1454,1.1485,1.1445,1.1474,3988,3232,106.08,,,,,,,,
2003-11-12,108.81,108.93,108.58,108.68,108.75,6229,23618,1.1509,1.1584,1.1505,1.1569,6586,7226,105.7,,,,,,,,
2003-11-13,108.72,108.88,108.25,108.36,108.4,7275,27771,1.1648,1.1687,1.1628,1.1678,5578,8821,106.18,,,,,,,,
2003-11-14,108.05,108.22,107.97,108.16,108.03,8663,21825,1.174,1.1799,1.1729,1.1784,5854,7660,105.83,,,,,,,,
2003-11-17,108.26,109.75,108.21,109.46,109.5,13091,20317,1.1832,1.185,1.1776,1.1801,6652,5638,105.45,,,,,,,,
2003-11-18,109.02,109.1,108.67,108.98,108.85,6579,27120,1.1747,1.1789,1.1735,1.177,4118,8640,105.88,,,,,,,,
2003-11-19,108.08,108.3,107.87,108.08,108.15,18126,24510,1.1959,1.1978,1.1941,1.1963,5780,7807,104.72,,,,,,,,
2003-11-20,109.14,109.32,108.84,108.94,108.93,7579,25569,1.1895,1.193,1.1873,1.1925,4340,9158,105.04,,,,,,,,
2003-11-21,109.06,109.4,108.84,108.9,109.1,7375,20188,1.1902,1.1917,1.1879,1.1899,4401,6985,105.3,,,,,,,,
2003-11-25,109.39,109.49,109.25,109.47,109.4,6554,25033,1.1785,1.1809,1.176,1.1795,4032,5930,105.02,,,,,,,,
2003-11-26,109.42,109.64,109.37,109.43,109.55,6535,19676,1.1778,1.1841,1.1772,1.1833,4481,4491,105.02,,,,,,,,
2003-11-27,109.09,109.16,108.9,109.1,109.02,4802,24588,1.1931,1.1941,1.1915,1.1923,3445,6849,105.12,,,,,,,,
2003-11-28,109.28,109.67,109.09,109.34,109.5,7817,31371,1.1916,1.194,1.19,1.1929,4620,8083,104.4,,,,,,,,
2003-12-01,109.88,110.04,109.08,109.21,109.75,9365,38097,1.2022,1.2039,1.197,1.2009,5748,8919,104.59,,,,,,,,
2003-12-02,109.19,109.62,109.15,109.59,109.26,6711,33830,1.1959,1.1993,1.1956,1.1967,3948,10709,105.18,,,,,,,,
2003-12-03,108.75,108.81,108.49,108.64,108.75,6499,29404,1.2087,1.2115,1.2077,1.2081,4681,4599,105.32,,,,,,,,
2003-12-04,108.31,108.39,108.08,108.18,108.3,5785,25592,1.2119,1.2121,1.2046,1.2088,6867,4633,105.45,,,,,,,,
2003-12-05,108.27,108.39,108.2,108.34,108.35,4510,24629,1.2078,1.2097,1.207,1.2089,2844,5092,105.78,,,,,,,,
2003-12-08,107.52,107.78,107.51,107.59,107.65,5598,23857,1.2171,1.2177,1.2153,1.2159,2816,7046,105.91,,,,,,,,
2003-12-09,107.45,107.48,107.13,107.19,107.15,8319,32230,1.2218,1.2238,1.2217,1.2229,3657,5111,105.94,,,,,,,,
2003-12-10,107.12,108.75,107.07,108.63,108.65,23229,26207,1.2246,1.226,1.2154,1.2172,7280,5545,104.91,,,,,,,,
2003-12-11,108.39,108.46,108.15,108.27,108.2,6301,31813,1.2189,1.222,1.2166,1.2178,5641,7143,105.27,,,,,,,,
2003-12-12,108.02,108.06,107.9,107.93,108,6703,31207,1.2221,1.2248,1.2209,1.2246,3758,6625,105.39,,,,,,,,
2003-12-15,108.12,108.39,107.83,107.95,108.03,5870,29546,1.2182,1.224,1.2131,1.2222,8009,5900,105.5,,,,,,,,
2003-12-16,107.76,107.84,107.55,107.77,107.75,5205,28155,1.2312,1.2355,1.2303,1.2322,5857,6157,105.6,,,,,,,,
2003-12-17,107.54,107.6,107.44,107.52,107.5,6102,29639,1.2323,1.2335,1.2305,1.2313,4094,6786,105.57,,,,,,,,
2003-12-18,107.4,107.68,107.33,107.55,107.45,6065,28205,1.24,1.2415,1.2387,1.2407,4060,5416,105.32,,,,,,,,
2003-12-19,107.67,107.71,107.57,107.62,107.64,4560,28441,1.2423,1.2431,1.2405,1.2423,2570,6910,105.31,,,,,,,,
2003-12-22,107.91,107.94,107.53,107.63,107.62,4992,20207,1.2356,1.2406,1.2349,1.2389,2773,7801,105.55,,,,,,,,
2003-12-24,107.43,107.55,107.3,107.33,107.48,3549,18443,1.2399,1.2415,1.2395,1.2413,1382,6758,105.57,,,,,,,,
2003-12-25,107.3,107.38,107.11,107.19,107.21,1747,4588,1.2454,1.2461,1.2446,1.2455,549,0,105.67,,,,,,,,
2003-12-26,107.25,107.33,107.01,107.09,107.05,4241,12022,1.2446,1.2469,1.2445,1.2459,1646,289,105.51,,,,,,,,
2003-12-29,107.34,107.4,106.93,107.04,107.03,5245,24589,1.2432,1.2461,1.2426,1.2446,2203,4275,105.82,,,,,,,,
2003-12-30,107.09,107.14,106.93,106.97,107.1,3714,34865,1.2485,1.2506,1.2479,1.25,1236,3891,105.71,,,,,,,,
2004-01-05,106.96,107.38,106.76,106.92,106.9,11571,29316,1.2635,1.2697,1.2585,1.2684,6112,6452,105.94,,,,,,,,
2004-01-06,106.29,106.41,106.09,106.36,106.25,14799,31072,1.2687,1.2725,1.2667,1.2711,6876,8394,105.78,,,,,,,,
2004-01-07,106.26,106.44,106.17,106.28,106.24,8624,29486,1.2718,1.2742,1.2687,1.2708,8177,11169,105.97,,,,,,,,
2004-01-08,106.19,106.25,106.15,106.17,106.15,9644,33524,1.264,1.266,1.2581,1.2597,9872,7311,105.61,,,,,,,,
2004-01-09,106.2,108.3,106.18,107.04,107.55,27529,32958,1.2771,1.2786,1.2713,1.2722,6169,9083,104.88,,,,,,,,
2004-01-13,106.62,106.72,106.45,106.54,106.53,5448,35282,1.2739,1.277,1.2716,1.2746,6831,9015,105.54,,,,,,,,
2004-01-14,106.26,106.3,106.14,106.21,106.22,6230,36938,1.2788,1.279,1.2703,1.2707,7748,8207,105.89,,,,,,,,
2004-01-15,106.25,106.39,106.1,106.22,106.25,7237,48025,1.2653,1.2672,1.2636,1.2656,6501,9907,105.92,,,,,,,,
2004-01-16,106.31,106.41,105.7,105.97,106.1,12195,19956,1.2598,1.2608,1.252,1.2543,7666,3850,106.04,,,,,,,,
2004-01-19,106.68,106.93,106.47,106.89,106.55,8343,17544,1.2385,1.2424,1.2362,1.2391,6018,6256,105.56,,,,,,,,
2004-01-20,107.21,107.67,107.1,107.12,107.5,10538,31089,1.2354,1.2459,1.2347,1.2459,6457,8310,105.25,,,,,,,,
2004-01-21,107.04,107.29,106.84,107.03,107.18,7005,24902,1.2586,1.263,1.2549,1.2616,9162,9743,105.27,,,,,,,,
2004-01-22,106.87,107.02,106.73,106.78,106.88,5173,21697,1.2657,1.2685,1.2637,1.2664,6304,10089,105.98,,,,,,,,
2004-01-23,106.18,106.28,106,106.05,106.2,7047,21008,1.2723,1.2768,1.2702,1.2764,4593,7928,105.54,,,,,,,,
2004-01-26,106.73,106.74,106.05,106.24,106.22,6323,27410,1.2571,1.2593,1.2527,1.2534,5097,4982,106.15,,,,,,,,
2004-01-27,106.39,106.42,105.98,106.19,106.15,7079,39927,1.2485,1.2488,1.2439,1.2464,5612,9295,106.54,,,,,,,,
2004-01-28,105.64,106.65,105.53,105.79,106.2,12328,27849,1.2634,1.2665,1.258,1.2638,7038,5256,106.18,,,,,,,,
2004-01-29,106.17,106.3,105.81,105.82,106.1,7709,26945,1.2438,1.2517,1.241,1.2513,8994,7386,106.69,,,,,,,,
2004-01-30,105.95,106.12,105.86,105.88,105.97,7539,44594,1.2409,1.2433,1.2385,1.2393,6490,11090,106.77,,,,,,,,
2004-02-02,105.63,105.8,105.58,105.62,105.61,5252,27754,1.2474,1.2485,1.2445,1.2462,2818,8945,106.96,,,,,,,,
2004-02-03,105.53,105.7,105.3,105.42,105.53,13507,30453,1.2431,1.2562,1.2416,1.2559,7354,9217,106.79,,,,,,,,
2004-02-04,105.48,105.57,105.37,105.43,105.39,6927,25861,1.2545,1.2562,1.2509,1.2535,6684,9040,106.88,,,,,,,,
2004-02-05,105.48,105.6,105.41,105.47,105.53,5155,29693,1.2537,1.2549,1.2521,1.2546,4232,5863,106.45,,,,,,,,
2004-02-06,105.64,106.25,105.57,106.05,106.15,12364,27037,1.2568,1.2571,1.2535,1.2557,4535,9090,106.44,,,,,,,,
2004-02-09,105.69,105.97,105.53,105.55,105.7,6863,22364,1.2647,1.276,1.2605,1.2746,11837,8385,106.28,,,,,,,,
2004-02-10,105.85,105.89,105.38,105.41,105.45,7314,20964,1.2691,1.279,1.2685,1.2775,6527,10214,106.21,,,,,,,,
2004-02-12,105.36,105.5,105.31,105.36,105.34,7956,24005,1.2829,1.2846,1.281,1.2819,4793,6348,106.08,,,,,,,,
2004-02-13,105.35,105.46,105.33,105.39,105.39,7321,16939,1.2815,1.2835,1.2793,1.2808,5196,1798,106.1,,,,,,,,
2004-02-16,105.5,105.53,105.4,105.51,105.45,3345,18567,1.2727,1.2746,1.2719,1.2739,4209,3635,106.02,,,,,,,,
2004-02-17,105.47,106.02,105.44,105.64,105.67,10879,32588,1.2761,1.2834,1.2759,1.2827,5958,6613,105.64,,,,,,,,
2004-02-18,105.61,105.75,105.53,105.59,105.56,8994,30405,1.2858,1.293,1.2837,1.2886,8317,5779,104.93,,,,,,,,
2004-02-19,106.33,106.88,106.3,106.73,106.6,13470,36338,1.2727,1.2736,1.2682,1.2712,7781,7803,104.74,,,,,,,,
2004-02-20,106.95,107.94,106.86,107.91,107.5,14787,33393,1.2755,1.2768,1.2625,1.2645,8237,7603,103.22,,,,,,,,
2004-02-23,108.71,109.39,108.13,108.21,108.8,14638,32870,1.2509,1.2548,1.245,1.2543,7968,9553,103.92,,,,,,,,
2004-02-24,108.31,108.75,108.23,108.43,108.65,8794,30325,1.257,1.2578,1.2523,1.2557,7191,9630,103.79,,,,,,,,
2004-02-25,108.23,108.28,108.04,108.27,108.2,9100,28512,1.2675,1.2708,1.2672,1.2687,6904,8578,103.33,,,,,,,,
2004-02-26,108.99,109.22,108.77,109.18,108.9,10963,28834,1.25,1.2516,1.2482,1.249,6962,8039,102.97,,,,,,,,
2004-02-27,109.51,109.7,108.9,109.08,109,10512,34583,1.2444,1.2466,1.2428,1.2454,5506,10128,103.31,,,,,,,,
2004-03-01,109.08,109.42,109,109.23,109.25,7065,28578,1.253,1.2542,1.248,1.2529,6058,4678,103.46,,,,,,,,
2004-03-02,108.96,109.39,108.93,109.38,109.03,9006,34400,1.2446,1.2469,1.2396,1.2398,5344,5086,102.94,,,,,,,,
2004-03-03,110.19,110.28,110.03,110.19,110.2,12814,30180,1.2201,1.2224,1.2147,1.2195,10070,6144,103.1,,,,,,,,
2004-03-04,110.14,110.25,110.04,110.16,110.15,9559,26047,1.2189,1.2208,1.2149,1.2198,8762,6860,102.06,,,,,,,,
2004-03-05,111.26,111.43,111.08,111.17,111.2,17912,20952,1.2204,1.2217,1.2185,1.2191,4872,8497,100.88,,,,,,,,
2004-03-08,112.1,112.3,112.06,112.19,112.12,9603,18649,1.2364,1.2388,1.2337,1.2347,5025,5815,101.55,,,,,,,,
2004-03-09,111.33,111.39,111.1,111.21,111.12,11323,27448,1.2422,1.2458,1.2385,1.2431,7173,5519,101.6,,,,,,,,
2004-03-10,111.49,111.56,111.22,111.39,111.25,11858,22925,1.2317,1.2332,1.226,1.2276,6402,4604,102.25,,,,,,,,
2004-03-11,110.92,111.03,110.44,110.74,110.8,9453,23128,1.2229,1.2235,1.2182,1.2201,6823,5942,102.12,,,,,,,,
2004-03-12,110.85,111.36,110.7,111.36,111.1,9393,22751,1.2347,1.2374,1.2254,1.2279,6943,5280,102.51,,,,,,,,
2004-03-15,110.83,111.06,110.67,110.83,110.85,5108,24431,1.2211,1.227,1.219,1.2267,4338,7342,102.81,,,,,,,,
2004-03-16,110.35,110.37,109.55,109.62,110.15,11608,23585,1.2269,1.2335,1.2242,1.2324,6257,9963,104.17,,,,,,,,
2004-03-17,108.72,108.98,108.17,108.27,108.25,11359,24315,1.2259,1.2289,1.2234,1.2241,6080,6020,104.64,,,,,,,,
2004-03-18,108.27,108.36,106.72,107.08,107.2,15260,22547,1.2225,1.2302,1.2223,1.2275,6273,7985,105.66,,,,,,,,
2004-03-19,106.81,107.32,106.65,106.81,107.2,9387,22162,1.2387,1.2408,1.2371,1.2378,4801,6739,105.98,,,,,,,,
2004-03-22,106.91,107.65,106.85,106.97,107.35,7461,18562,1.2274,1.2282,1.2222,1.2274,5096,5797,105.66,,,,,,,,
2004-03-23,106.79,106.9,106.6,106.76,106.74,6589,24024,1.2344,1.237,1.2322,1.2361,5568,4173,105.75,,,,,,,,
2004-03-24,106.77,106.96,106.64,106.73,106.72,8128,20779,1.2343,1.2367,1.2296,1.2302,6388,4970,106.74,,,,,,,,
2004-03-25,106.42,106.47,105.75,105.96,106.05,9468,21271,1.2138,1.2149,1.2105,1.2123,5716,7848,106.83,,,,,,,,
2004-03-26,106.15,106.24,105.64,105.69,106.1,9399,24448,1.2135,1.2149,1.207,1.2081,4685,4739,106.95,,,,,,,,
2004-03-29,105.71,105.77,105.27,105.65,105.6,9354,26409,1.2118,1.2144,1.2045,1.2082,4908,6831,107.34,,,,,,,,
2004-03-30,105.5,105.87,105.4,105.77,105.6,7873,35846,1.2158,1.2225,1.2151,1.2206,6504,10130,107,,,,,,,,
2004-03-31,105.91,105.92,103.75,103.95,104.3,18146,30412,1.2181,1.2268,1.2172,1.224,5587,8149,108.12,,,,,,,,
2004-04-01,104.02,104.48,103.85,104.13,104.03,9527,30926,1.2304,1.2319,1.2253,1.2273,5125,7580,108.51,,,,,,,,
2004-04-02,103.8,104.33,103.68,104.18,104.15,8360,26725,1.2355,1.2373,1.2315,1.2329,4307,9313,108.17,,,,,,,,
2004-04-05,104.31,104.91,104.14,104.79,104.3,6727,24674,1.2105,1.2123,1.208,1.2111,5976,4007,107.96,,,,,,,,
2004-04-06,105.11,107.25,104.98,106,105.5,14997,24484,1.2012,1.2065,1.198,1.2041,8348,8055,106.94,,,,,,,,
2004-04-07,105.93,106.16,105.35,105.58,105.6,9656,29376,1.2121,1.2143,1.205,1.2087,6230,7623,107.3,,,,,,,,
2004-04-08,105.45,105.93,105.22,105.84,105.6,7722,34969,1.2167,1.222,1.2156,1.2171,5461,6214,106.39,,,,,,,,
2004-04-09,106.71,106.78,105.96,106.42,106.5,5368,15211,1.2073,1.2105,1.2065,1.2098,1746,0,106.24,,,,,,,,
2004-04-12,106.4,106.44,106.12,106.27,106.43,3139,16714,1.2073,1.2093,1.2055,1.2076,1601,957,107.31,,,,,,,,
2004-04-13,105.38,105.73,105.06,105.65,105.2,9268,40768,1.2074,1.2082,1.1973,1.1991,7124,11177,106.42,,,,,,,,
2004-04-14,106.87,107.47,106.66,107.22,107,11128,31192,1.1928,1.196,1.1893,1.1937,7435,6332,104.64,,,,,,,,
2004-04-15,108.39,109.28,108.24,108.54,108.55,12519,32965,1.1941,1.1992,1.1907,1.1973,6659,5794,104.96,,,,,,,,
2004-04-16,108.36,108.89,108.1,108.38,108.65,7856,28037,1.1975,1.2023,1.195,1.199,7011,6498,105.39,,,,,,,,
2004-04-19,107.76,108.19,107.6,107.9,107.95,5333,20797,1.2017,1.2076,1.2001,1.205,3874,6721,104.67,,,,,,,,
2004-04-20,108.56,108.88,107.84,107.97,108.2,9343,31872,1.2007,1.2011,1.1918,1.1944,6950,10236,104.72,,,,,,,,
2004-04-21,109.14,109.15,108.56,108.86,108.9,10782,27453,1.183,1.185,1.182,1.1833,5956,7328,104.32,,,,,,,,
2004-04-22,109.39,109.64,109.13,109.47,109.38,8264,22078,1.1799,1.1855,1.178,1.1825,6836,5266,104.26,,,,,,,,
2004-04-23,109.59,109.87,109.07,109.28,109.45,8000,22358,1.1925,1.1944,1.1885,1.1892,6046,7414,104.75,,,,,,,,
2004-04-26,109.29,109.35,108.87,109.02,109,6171,22087,1.1793,1.1822,1.176,1.1818,5614,4443,104.98,,,,,,,,
2004-04-27,108.66,108.8,108.4,108.42,108.55,8514,24003,1.1862,1.1905,1.1832,1.1896,6029,4576,104.07,,,,,,,,
2004-04-28,109.55,109.67,108.95,109.06,109.2,8517,31320,1.1927,1.1955,1.1877,1.1908,5340,6122,103.79,,,,,,,,
2004-04-30,109.97,110.57,109.81,110.44,110.2,8076,30579,1.1954,1.198,1.192,1.1936,3363,8257,103.37,,,,,,,,
2004-05-06,108.73,109.26,108.64,108.98,108.82,7379,32327,1.216,1.2173,1.2136,1.2149,4492,8565,103.77,,,,,,,,
2004-05-07,109.89,110.69,109.72,110.6,110.45,11478,23925,1.207,1.2085,1.2029,1.2045,6184,8904,102.05,,,,,,,,
2004-05-10,112.94,113.42,112.2,113.18,112.6,14538,27861,1.1863,1.1893,1.1819,1.1843,5878,3587,101.12,,,,,,,,
2004-05-11,113.58,113.85,113.15,113.32,113.5,11046,27699,1.1866,1.1891,1.1828,1.1878,5619,6968,101.6,,,,,,,,
2004-05-12,113.01,113.15,112.44,112.57,112.65,10118,25512,1.1879,1.1885,1.1835,1.1868,5370,4605,101.59,,,,,,,,
2004-05-13,112.85,114.18,112.82,113.85,114,13322,31577,1.1912,1.1929,1.1844,1.186,5237,6092,100.53,,,,,,,,
2004-05-14,114.61,114.8,114.28,114.66,114.4,11082,19564,1.1805,1.1839,1.178,1.1807,5465,6864,100.63,,,,,,,,
2004-05-17,114.61,114.65,113.4,113.44,113.7,11630,19307,1.1883,1.2062,1.1879,1.2049,7746,4850,100.32,,,,,,,,
2004-05-18,113.88,114.72,113.64,113.76,114.3,12366,27557,1.2037,1.204,1.1968,1.2009,6044,5821,100.46,,,,,,,,
2004-05-19,113.8,114.19,112.65,112.83,113.25,12171,28442,1.1941,1.2041,1.1937,1.2015,6323,5390,101.23,,,,,,,,
2004-05-20,113.23,113.88,112.71,113.47,113.25,11270,25441,1.2001,1.2019,1.191,1.1933,6077,6389,101.7,,,,,,,,
2004-05-21,112.79,113.08,111.85,111.97,112.75,10894,23798,1.1957,1.2027,1.1954,1.2014,5387,5389,101.96,,,,,,,,
2004-05-24,112.39,112.95,112.1,112.53,112.5,7865,23573,1.1989,1.2003,1.1933,1.1959,4405,7026,101.41,,,,,,,,
2004-05-25,113.09,113.33,112.64,112.76,113.05,9338,28289,1.1994,1.2056,1.1985,1.204,5606,5194,102.29,,,,,,,,
2004-05-26,111.84,111.95,111.28,111.5,111.75,8704,25611,1.2109,1.214,1.2084,1.2133,4933,6760,102.08,,,,,,,,
2004-05-27,111.92,112.13,111.17,111.41,111.4,9350,25258,1.2101,1.2175,1.2089,1.2145,5842,7797,102.6,,,,,,,,
2004-05-28,110.95,111.08,110.41,110.44,110.5,9070,15507,1.2269,1.2297,1.2258,1.2286,3709,4699,103.23,,,,,,,,
2004-05-31,110.39,110.45,109.43,109.56,109.5,8671,11921,1.2232,1.2244,1.2182,1.2221,3429,2773,103.92,,,,,,,,
2004-06-01,109.64,110.07,109.27,109.35,109.75,9145,36714,1.2178,1.226,1.2155,1.2228,7021,8079,102.82,,,,,,,,
2004-06-02,110.57,110.92,110.38,110.64,110.8,8258,37294,1.2243,1.2292,1.2233,1.2277,4456,7553,103.66,,,,,,,,
2004-06-03,109.99,111.02,109.8,110.75,110.7,12143,48510,1.2213,1.2225,1.2168,1.2191,6533,7526,102.8,,,,,,,,
2004-06-04,111.11,111.37,110.84,111.06,111.07,9523,35474,1.2211,1.2228,1.2189,1.2199,4196,7058,102.31,,,,,,,,
2004-06-07,110.69,111,109.96,110.1,110.15,9119,22519,1.2327,1.2339,1.2292,1.232,4668,5805,103.6,,,,,,,,
2004-06-08,109.49,110.06,109.48,109.67,109.7,9240,32887,1.2314,1.2354,1.2282,1.2339,5968,6059,103.62,,,,,,,,
2004-06-09,109.39,109.83,108.66,108.73,109.4,12907,34042,1.2269,1.2274,1.2221,1.2225,6212,5860,103.32,,,,,,,,
2004-06-10,110.4,110.54,109.63,110.15,109.95,10388,32850,1.2033,1.2069,1.2023,1.2061,4814,7733,104.25,,,,,,,,
2004-06-11,109.46,110.5,109.2,110.22,110,8546,30094,1.2087,1.2114,1.1966,1.1989,5997,7306,103.88,,,,,,,,
2004-06-14,110.23,111.05,110.05,110.89,110.9,9389,34829,1.1979,1.1988,1.1954,1.1973,4300,7171,102.98,,,,,,,,
2004-06-15,111.23,111.31,110.65,110.94,110.87,9884,32008,1.2066,1.2103,1.2045,1.205,5145,8169,104.13,,,,,,,,
2004-06-16,109.41,109.75,109.21,109.65,109.45,8456,36902,1.2149,1.2169,1.2136,1.2141,4084,7238,103.89,,,,,,,,
2004-06-17,110.05,110.22,109.47,109.64,110.05,7786,27497,1.2005,1.2053,1.1994,1.2051,3951,10269,104.21,,,,,,,,
2004-06-18,109.55,109.73,109.33,109.53,109.5,7118,24054,1.2035,1.2046,1.1974,1.1997,4282,7486,104.82,,,,,,,,
2004-06-21,108.73,108.91,108.3,108.72,108.5,8566,23688,1.2133,1.2145,1.2093,1.2098,2566,7920,104.76,,,,,,,,
2004-06-22,108.75,108.99,108.41,108.49,108.6,6549,28080,1.2119,1.2131,1.2075,1.209,3574,7658,104.48,,,,,,,,
2004-06-23,109.06,109.22,108.44,108.71,108.75,7985,25752,1.2112,1.2193,1.2105,1.2155,5946,6031,105.26,,,,,,,,
2004-06-24,108.17,108.51,107.85,107.97,108.25,10713,23895,1.2079,1.2107,1.204,1.2103,4421,4817,106.32,,,,,,,,
2004-06-25,107.34,107.74,107.05,107.7,107.35,9709,28986,1.2169,1.2189,1.2108,1.2119,3383,8119,105.84,,,,,,,,
2004-06-28,107.61,108.04,107.43,107.77,107.85,7634,26871,1.2169,1.2183,1.2122,1.2169,2783,6462,105.51,,,,,,,,
2004-06-29,107.98,108.7,107.75,108.61,108.3,9138,27501,1.2188,1.2191,1.2135,1.2138,3354,10378,105.5,,,,,,,,
2004-06-30,108.42,108.87,108.18,108.69,108.38,9158,35404,1.2088,1.2112,1.2066,1.2106,4005,7199,104.7,,,,,,,,
2004-07-01,108.17,108.9,107.88,108.07,108.15,10513,30785,1.2202,1.221,1.2139,1.2159,3283,7389,105.03,,,,,,,,
2004-07-02,108.42,109.37,108.35,109.02,109.05,11750,11115,1.2166,1.2187,1.2147,1.2159,3680,3393,104.74,,,,,,,,
2004-07-05,108.44,108.88,108.25,108.7,108.65,4856,18463,1.2326,1.2336,1.2299,1.231,3042,3834,104.06,,,,,,,,
2004-07-06,109.16,109.75,109,109.4,109.3,10273,26888,1.2304,1.2319,1.2285,1.2309,3911,4725,103.65,,,,,,,,
2004-07-07,109.45,109.52,108.45,108.65,108.75,9619,29091,1.2297,1.2371,1.2274,1.2346,7180,10651,104.22,,,,,,,,
2004-07-08,108.47,109.17,108.39,108.89,108.8,8078,28257,1.2379,1.2382,1.2348,1.2366,3972,8254,103.85,,,,,,,,
2004-07-09,108.92,108.95,107.92,108.27,108.4,9902,19607,1.2392,1.2425,1.2379,1.2387,4655,6361,104.51,,,,,,,,
2004-07-12,107.63,108.11,107.56,107.73,107.9,7780,19627,1.2416,1.2426,1.2383,1.242,2438,5705,104.38,,,,,,,,
2004-07-13,108.61,108.87,108.24,108.53,108.7,8310,21297,1.2395,1.241,1.2346,1.2374,5263,10246,104.21,,,,,,,,
2004-07-14,108.59,109.48,108.4,109.26,109.13,9567,22088,1.2327,1.2375,1.232,1.2367,3187,5499,103.68,,,,,,,,
2004-07-15,109.18,109.64,109.13,109.58,109.35,9000,25159,1.2388,1.239,1.2329,1.2333,3132,9308,103.25,,,,,,,,
2004-07-16,109.89,110.05,109.38,109.62,109.6,9408,28401,1.2353,1.2374,1.2327,1.2374,2695,8118,103.99,,,,,,,,
2004-07-20,108.4,108.76,108.18,108.44,108.5,7064,31759,1.2429,1.2455,1.2423,1.2449,2338,8284,104.3,,,,,,,,
2004-07-21,108.57,108.75,108.38,108.61,108.55,7046,20049,1.2322,1.2346,1.2303,1.2344,4213,6764,103.48,,,,,,,,
2004-07-22,109.83,109.96,109.52,109.67,109.8,7730,19208,1.2259,1.2277,1.2244,1.2265,2917,6876,103.51,,,,,,,,
2004-07-23,109.77,110.03,109.62,109.89,109.75,5950,22803,1.2257,1.2266,1.2215,1.2227,3220,5552,103.54,,,,,,,,
2004-07-26,109.97,110.19,109.43,109.64,109.65,6721,16113,1.211,1.2168,1.2089,1.2164,3889,5957,103.7,,,,,,,,
2004-07-27,110.07,110.1,109.65,109.69,109.88,7555,20643,1.2133,1.2154,1.2123,1.2148,3609,4125,103.02,,,,,,,,
2004-07-28,110.91,111.21,110.81,111.03,111,11341,23830,1.2065,1.2077,1.2051,1.2074,4204,6601,102.38,,,,,,,,
2004-07-29,111.74,111.82,111.49,111.68,111.65,9977,26040,1.2052,1.2087,1.2038,1.2062,3927,6643,102.1,,,,,,,,
2004-07-30,112.07,112.23,111.65,111.67,112.08,8837,32084,1.2037,1.2053,1.2027,1.2046,3098,6785,102.7,,,,,,,,
2004-08-02,111.24,111.4,110.92,110.96,111.25,6237,16215,1.2059,1.2076,1.2031,1.2074,3512,6555,103.22,,,,,,,,
2004-08-03,110.8,111.15,110.46,110.92,110.58,6667,20741,1.2022,1.204,1.1993,1.202,4938,5779,103.29,,,,,,,,
2004-08-04,110.58,111.46,110.53,111.32,111.25,8913,23006,1.2055,1.206,1.2015,1.2022,3862,5998,102.85,,,,,,,,
2004-08-05,111.02,111.23,110.82,111.04,111.2,6590,28195,1.2057,1.2074,1.2043,1.2059,2416,7814,102.17,,,,,,,,
2004-08-06,111.86,111.9,111.53,111.62,111.63,7610,21181,1.2056,1.209,1.2047,1.2061,3771,8507,102.9,,,,,,,,
2004-08-09,110.33,110.57,110.14,110.38,110.24,5546,17762,1.2274,1.2291,1.2254,1.2262,2797,5816,102.74,,,,,,,,
2004-08-10,110.75,110.8,110.42,110.63,110.55,5488,23352,1.2268,1.2287,1.2264,1.2277,2295,6617,102.2,,,,,,,,
2004-08-11,111.2,111.45,111.15,111.25,111.28,6364,31045,1.2234,1.2248,1.2227,1.2232,2995,10738,102.65,,,,,,,,
2004-08-12,110.66,110.85,110.49,110.63,110.62,6592,31506,1.2226,1.2256,1.2217,1.2251,2118,8475,102.65,,,,,,,,
2004-08-13,111.57,112.1,110.81,111.94,111.7,11108,25297,1.2232,1.2252,1.2177,1.2187,4429,8916,102.58,,,,,,,,
2004-08-16,110.53,110.98,110.39,110.92,110.63,6031,24637,1.2371,1.238,1.2345,1.2347,2555,4440,102.79,,,,,,,,
2004-08-17,110.39,110.6,110.28,110.36,110.45,6015,25143,1.2357,1.2381,1.2349,1.2354,2509,8042,103.2,,,,,,,,
2004-08-18,109.85,110.18,109.71,109.93,109.95,7569,33372,1.235,1.2365,1.2319,1.2323,3150,8651,103.92,,,,,,,,
2004-08-19,109.47,109.63,109.32,109.51,109.5,5973,28402,1.2339,1.2358,1.2334,1.2354,2634,5484,103.78,,,,,,,,
2004-08-20,109.48,109.56,108.95,109.12,109.15,8417,26525,1.2364,1.2382,1.2363,1.2373,2742,6281,104.07,,,,,,,,
2004-08-23,109.26,109.43,109.13,109.36,109.2,4300,26090,1.2312,1.2316,1.2288,1.2296,2649,4938,103.8,,,,,,,,
2004-08-24,109.89,110.05,109.75,109.81,109.95,6144,22131,1.215,1.2156,1.2117,1.2147,3514,5915,104.14,,,,,,,,
2004-08-25,109.75,109.78,109.44,109.72,109.5,7152,25057,1.2072,1.2104,1.2053,1.2102,4002,5338,103.64,,,,,,,,
2004-08-26,109.96,110.28,109.89,110.11,110.08,5805,23478,1.2079,1.209,1.204,1.2079,4825,4839,104.07,,,,,,,,
2004-08-27,109.69,109.77,109.01,109.44,109.2,8686,24009,1.211,1.2135,1.2093,1.2105,3825,5812,104.26,,,,,,,,
2004-08-30,109.65,110.45,109.55,110.14,110.25,7342,18309,1.2009,1.203,1.1987,1.2026,2879,3788,104.03,,,,,,,,
2004-08-31,110.18,110.22,109.52,109.86,109.65,8116,24542,1.2048,1.2092,1.2044,1.2081,3389,11593,104.42,,,,,,,,
2004-09-01,109.12,109.48,108.96,109.43,109.22,7033,30451,1.2179,1.2195,1.2156,1.2161,3081,5932,104.04,,,,,,,,
2004-09-02,109.33,109.64,109.28,109.43,109.5,5341,23940,1.219,1.2199,1.2173,1.2192,2671,7448,104.06,,,,,,,,
2004-09-03,109.44,109.81,109.41,109.63,109.58,7740,7909,1.2165,1.2178,1.2153,1.217,3189,3017,103.36,,,,,,,,
2004-09-06,110.34,110.62,109.99,110.11,110.3,6057,19096,1.2068,1.207,1.2047,1.2065,1786,4208,103.69,,,,,,,,
2004-09-07,110.06,110.24,109.57,109.74,109.7,6917,34961,1.2067,1.209,1.2055,1.2084,2506,7195,104.34,,,,,,,,
2004-09-08,109.37,109.62,109.27,109.49,109.43,6724,27424,1.2087,1.2112,1.2065,1.2085,3800,5017,104.17,,,,,,,,
2004-09-09,109.24,109.62,109.16,109.59,109.5,7784,36674,1.2182,1.2208,1.2174,1.2186,3563,6273,103.8,,,,,,,,
2004-09-10,109.87,110.2,109.38,110.09,110.1,9837,26920,1.2234,1.2257,1.2215,1.2227,4987,8641,103.69,,,,,,,,
2004-09-13,109.48,109.66,109.3,109.62,109.47,5402,24449,1.2284,1.2287,1.2248,1.2257,2110,5302,103.34,,,,,,,,
2004-09-14,110.07,110.13,109.73,109.76,109.85,6377,32453,1.2266,1.2284,1.2255,1.2278,3211,6520,103.61,,,,,,,,
2004-09-15,109.59,109.8,109.33,109.46,109.7,7921,33501,1.2249,1.226,1.2222,1.2238,3014,5630,103.47,,,,,,,,
2004-09-16,110.07,110.07,109.7,109.72,109.95,5745,32687,1.2148,1.2164,1.2141,1.2163,2496,6617,103.76,,,,,,,,
2004-09-17,109.65,109.78,109.36,109.75,109.6,7179,19844,1.2186,1.2209,1.2185,1.2205,1885,8288,103.56,,,,,,,,
2004-09-21,109.92,110.16,109.86,109.95,110,5784,18448,1.2174,1.22,1.2168,1.2198,2323,6867,103.43,,,,,,,,
2004-09-22,109.68,110.11,109.61,110.03,109.8,8408,27931,1.2326,1.2332,1.2293,1.2297,3317,8147,102.67,,,,,,,,
2004-09-24,110.59,110.84,110.48,110.66,110.55,7308,20524,1.2278,1.2287,1.2254,1.2275,3082,8114,102.6,,,,,,,,
2004-09-27,110.69,111,110.5,110.85,110.62,7155,20712,1.2277,1.2293,1.2248,1.2259,2222,7768,101.99,,,,,,,,
2004-09-28,111.21,111.73,111.15,111.65,111.2,9669,34339,1.2302,1.231,1.2281,1.2299,2291,9244,101.91,,,,,,,,
2004-09-29,111.3,111.4,110.96,111.13,111.1,6741,21751,1.2317,1.2333,1.231,1.2317,2340,10593,102.32,,,,,,,,
2004-09-30,111.15,111.26,110.69,110.92,111,10263,29473,1.2332,1.234,1.232,1.2322,3643,14144,102.82,,,,,,,,
2004-10-01,109.96,110.39,109.81,110.39,110.08,8329,25310,1.2427,1.2439,1.2404,1.2407,2667,13210,102.38,,,,,,,,
2004-10-04,110.83,110.93,110.52,110.59,110.72,6040,23365,1.239,1.2398,1.2353,1.2376,4185,8924,102.22,,,,,,,,
2004-10-05,110.89,110.96,110.68,110.87,110.87,5725,24580,1.2283,1.2294,1.2263,1.2276,4087,8130,102,,,,,,,,
2004-10-06,111.04,111.32,111,111.27,111.1,5982,22993,1.2317,1.2322,1.228,1.2285,3381,11561,101.9,,,,,,,,
2004-10-07,111.37,111.44,110.97,111.22,111.05,6588,24393,1.2287,1.2314,1.2273,1.2292,3439,11560,101.98,,,,,,,,
2004-10-08,111.18,111.26,110.31,110.39,110.58,12594,27212,1.2297,1.2342,1.2285,1.2339,4952,8201,103.25,,,,,,,,
2004-10-12,109.44,109.97,109.32,109.84,109.65,9125,28385,1.2374,1.239,1.2311,1.2321,4088,9589,103.27,,,,,,,,
2004-10-13,109.52,109.96,109.42,109.88,109.6,6980,34317,1.2318,1.2339,1.2307,1.2335,3788,10181,103.2,,,,,,,,
2004-10-14,109.61,109.87,109.49,109.56,109.67,7937,27373,1.2342,1.2372,1.2321,1.2359,4299,5939,103.19,,,,,,,,
2004-10-15,109.61,109.69,109.44,109.64,109.6,7360,21017,1.2386,1.2402,1.2383,1.2389,3347,3385,103.34,,,,,,,,
2004-10-18,109.21,109.36,109.17,109.29,109.25,4952,22687,1.2483,1.2489,1.2469,1.2474,3193,6937,103.38,,,,,,,,
2004-10-19,109.41,109.45,109.26,109.31,109.42,7799,23847,1.2481,1.2491,1.2452,1.2466,5382,10210,104.15,,,,,,,,
2004-10-20,108.49,108.68,108.28,108.31,108.6,10082,29749,1.2514,1.257,1.2499,1.2559,5131,6866,104.07,,,,,,,,
2004-10-21,108.33,108.41,107.62,107.69,107.82,12170,24289,1.2582,1.2622,1.2572,1.2618,5535,5842,104.71,,,,,,,,
2004-10-22,107.49,107.76,107.41,107.59,107.6,6782,30107,1.2612,1.2638,1.2602,1.2629,4182,3672,104.77,,,,,,,,
2004-10-25,106.61,107.38,106.55,106.61,106.77,13557,22854,1.2741,1.2793,1.2712,1.2781,10575,4235,104.94,,,,,,,,
2004-10-26,106.81,107,106.56,106.89,106.72,8389,22905,1.2788,1.2842,1.2772,1.2798,6977,5805,105.02,,,,,,,,
2004-10-27,106.8,107.16,106.63,106.81,107.1,10185,25808,1.2749,1.2767,1.273,1.276,5119,7449,105.37,,,,,,,,
2004-10-28,106.72,106.82,106.01,106.06,106.15,13029,30061,1.2693,1.2746,1.268,1.2717,7578,5096,105.41,,,,,,,,
2004-10-29,106.03,106.39,105.8,105.87,106.13,9599,26185,1.2747,1.2772,1.2735,1.2768,4099,9074,105.71,,,,,,,,
2004-11-01,105.78,106.43,105.75,106.39,106.25,8387,31534,1.2827,1.2832,1.2767,1.2777,6092,9214,105.18,,,,,,,,
2004-11-02,106.47,106.77,106.27,106.69,106.4,7000,25410,1.2745,1.2754,1.2694,1.2704,4106,10082,105.56,,,,,,,,
2004-11-04,106.13,106.38,106.03,106.34,106.25,6545,27134,1.2822,1.2847,1.2813,1.2822,5523,8142,105.17,,,,,,,,
2004-11-05,106.15,106.17,105.9,106.1,106.08,7985,28787,1.2871,1.289,1.2867,1.2874,6075,7266,105.37,,,,,,,,
2004-11-08,105.54,105.7,105.33,105.43,105.45,8550,28300,1.2965,1.2987,1.2943,1.2967,4900,3802,105.45,,,,,,,,
2004-11-09,105.65,105.78,105.45,105.71,105.6,5829,29849,1.2907,1.2939,1.2889,1.2926,5833,8052,105.31,,,,,,,,
2004-11-10,105.79,106.05,105.65,105.99,105.88,8051,12039,1.2897,1.2904,1.2872,1.2886,4550,2333,103.99,,,,,,,,
2004-11-11,106.97,107.13,106.84,106.93,106.98,7704,19185,1.2882,1.2895,1.287,1.2891,2800,6452,104.45,,,,,,,,
2004-11-12,106.69,106.8,105.82,106.1,106.66,12071,31120,1.2909,1.2933,1.2898,1.2932,3409,7338,105.16,,,,,,,,
2004-11-15,105.43,105.7,105.16,105.32,105.34,6495,16702,1.299,1.2999,1.2957,1.2993,3830,6242,105.43,,,,,,,,
2004-11-16,105.44,105.62,105.26,105.47,105.45,6290,21441,1.2937,1.2962,1.292,1.2956,3627,7685,105.3,,,,,,,,
2004-11-17,105.43,105.54,104.9,105.06,105.41,8608,24948,1.2961,1.299,1.2953,1.2987,4974,5452,106.31,,,,,,,,
2004-11-18,104.09,104.11,103.65,103.76,103.97,10365,21417,1.3038,1.3068,1.3027,1.3056,5144,6821,106.21,,,,,,,,
2004-11-19,104.33,104.39,103.98,104.18,104.19,8001,29641,1.2946,1.2982,1.2938,1.2956,4998,3993,107.18,,,,,,,,
2004-11-22,103.15,103.42,102.95,103.19,103.3,7274,18964,1.3022,1.3052,1.3017,1.3038,3239,6557,107.02,,,,,,,,
2004-11-24,103.35,103.73,103.25,103.29,103.4,7467,13444,1.3095,1.3116,1.308,1.3107,4869,3226,107.03,,,,,,,,
2004-11-25,102.88,103.05,102.45,102.54,102.85,7016,15187,1.3178,1.3191,1.3164,1.3184,4289,3840,107.1,,,,,,,,
2004-11-26,102.54,102.74,102.15,102.52,102.4,11635,23882,1.3257,1.333,1.3252,1.3285,9557,6519,106.81,,,,,,,,
2004-11-29,102.78,103.09,102.61,103,102.9,7511,20535,1.3269,1.3287,1.3233,1.3248,4679,3137,106.58,,,,,,,,
2004-11-30,103.04,103.37,102.84,103.17,103.18,11489,30116,1.3262,1.3281,1.3232,1.3243,5731,7499,106.37,,,,,,,,
2004-12-01,102.92,103.11,102.64,102.78,102.8,6938,29473,1.3295,1.3336,1.328,1.3323,5790,8463,106.64,,,,,,,,
2004-12-02,102.54,102.69,101.83,102.03,102.2,12147,30651,1.3347,1.3385,1.3338,1.3374,5337,9246,106.1,,,,,,,,
2004-12-03,103.13,103.61,103.05,103.52,103.5,11117,35633,1.326,1.3293,1.3256,1.3267,4501,5742,106.93,,,,,,,,
2004-12-06,102.05,102.37,101.91,102.37,102.2,6505,35009,1.3449,1.3453,1.3423,1.3425,4339,7388,105.89,,,,,,,,
2004-12-07,103.19,103.36,102.4,102.76,103.05,9049,33119,1.3394,1.3468,1.339,1.3432,5496,8902,106.12,,,,,,,,
2004-12-08,102.89,103.75,102.75,103.73,103.1,13361,30498,1.343,1.3433,1.3335,1.3339,9534,6419,105.52,,,,,,,,
2004-12-09,104.01,104.47,103.85,104.01,104,9723,33388,1.3346,1.3362,1.3264,1.3339,7793,11704,104.93,,,,,,,,
2004-12-10,104.73,105.48,104.61,105.22,105.28,15036,24660,1.3304,1.3318,1.3222,1.3251,7318,6661,104.73,,,,,,,,
2004-12-13,105.44,105.6,104.7,104.88,104.85,7117,27153,1.3223,1.329,1.3187,1.3273,4832,6265,104.83,,,,,,,,
2004-12-14,104.72,105.02,104.64,104.83,104.75,5686,26446,1.3317,1.3324,1.3277,1.3314,3673,10030,104.16,,,,,,,,
2004-12-15,105.25,105.74,104.95,105.09,105.25,10261,26659,1.3307,1.3328,1.3261,1.3324,4566,11605,105.16,,,,,,,,
2004-12-16,104.28,104.46,104.22,104.29,104.3,5836,20734,1.3402,1.3429,1.3394,1.3418,3170,15362,104.89,,,,,,,,
2004-12-17,104.64,104.78,104.4,104.49,104.48,6358,25474,1.3252,1.3273,1.3238,1.3262,4277,6831,105.36,,,,,,,,
2004-12-20,104.21,104.5,103.94,104.44,104.35,4604,23838,1.3313,1.334,1.3299,1.3333,3167,10113,105.23,,,,,,,,
2004-12-21,104.14,104.19,103.7,104.09,103.86,6341,25918,1.3391,1.3403,1.3361,1.3373,2998,8523,105.03,,,,,,,,
2004-12-22,104.31,104.5,104.19,104.21,104.35,4574,20279,1.3366,1.3381,1.3344,1.3378,2441,7926,105.14,,,,,,,,
2004-12-24,103.56,103.79,103.53,103.75,103.67,3648,24866,1.351,1.3513,1.3486,1.3509,1509,6916,105.36,,,,,,,,
2004-12-27,103.73,104.14,103.55,103.75,103.9,4223,13735,1.3525,1.3555,1.3516,1.3534,2140,4132,105.79,,,,,,,,
2004-12-28,102.92,103.31,102.84,103.07,103.2,6362,30969,1.3622,1.363,1.3593,1.3619,2385,7229,105.77,,,,,,,,
2004-12-29,103.19,103.48,103.05,103.22,103.35,5420,23966,1.3592,1.3642,1.3566,1.363,4071,6635,104.99,,,,,,,,
2004-12-30,103.89,104.22,103.62,103.78,104.12,4724,21352,1.3604,1.3635,1.3585,1.3624,2195,4150,105.67,,,,,,,,
2005-01-04,102.76,102.91,102.45,102.57,102.75,7578,26216,1.3466,1.3497,1.3444,1.3469,4268,5579,104.88,,,,,,,,
2005-01-05,104.35,104.88,104.25,104.74,104.4,10368,25983,1.3279,1.3295,1.3238,1.3259,5531,7093,105.43,,,,,,,,
2005-01-06,103.94,104.8,103.89,104.59,104,11990,26589,1.3277,1.3283,1.3198,1.3214,5726,7669,104.92,,,,,,,,
2005-01-07,104.91,105.06,104.47,104.59,104.57,9173,33282,1.3182,1.3205,1.3167,1.3197,5476,7970,105.25,,,,,,,,
2005-01-11,104.19,104.33,103.8,104.03,104,8426,25451,1.3108,1.3147,1.3068,1.3133,6479,7586,106.48,,,,,,,,
2005-01-12,103.44,103.54,103.22,103.24,103.4,8409,28455,1.3115,1.3131,1.3101,1.3119,4767,7593,106.97,,,,,,,,
2005-01-13,102.48,102.59,102.24,102.35,102.5,8458,25440,1.3257,1.3266,1.3241,1.3254,3747,5647,107.03,,,,,,,,
2005-01-14,102.49,103.22,102.38,102.99,103,10396,11510,1.3209,1.322,1.3095,1.312,8248,2038,107.7,,,,,,,,
2005-01-17,102.03,102.2,101.87,102.06,102.15,6938,17024,1.3098,1.3124,1.3093,1.3119,2171,5133,107.6,,,,,,,,
2005-01-18,102.27,102.68,102.13,102.61,102.55,9650,32366,1.3048,1.3065,1.3008,1.3017,7908,9914,107.57,,,,,,,,
2005-01-19,102.26,102.55,102.17,102.35,102.4,7663,26414,1.3016,1.3053,1.3009,1.3051,4587,9872,106.97,,,,,,,,
2005-01-20,102.92,102.98,102.49,102.72,102.65,10368,26958,1.3,1.3024,1.2986,1.2995,6039,7423,106.44,,,,,,,,
2005-01-21,103.38,103.72,103.35,103.62,103.45,6968,27367,1.2962,1.2991,1.2933,1.2988,4430,11301,107.04,,,,,,,,
2005-01-24,102.84,102.96,102.68,102.79,102.87,4975,19408,1.304,1.3078,1.3031,1.3074,3723,5814,106.99,,,,,,,,
2005-01-25,102.62,103.2,102.5,103.14,102.68,8674,26068,1.3037,1.3055,1.3005,1.3042,6231,7352,105.74,,,,,,,,
2005-01-26,104.04,104.1,103.27,103.64,103.5,8722,18875,1.2969,1.3,1.2967,1.2975,4119,10001,106.51,,,,,,,,
2005-01-27,103.11,103.43,103.07,103.25,103.3,7717,25442,1.3076,1.3124,1.3058,1.3115,4967,10525,106.89,,,,,,,,
2005-01-28,102.89,103.4,102.37,103.2,103.2,9081,24019,1.3039,1.3071,1.3018,1.3033,3582,4687,106.28,,,,,,,,
2005-01-31,103.63,103.7,103.4,103.58,103.6,6732,25467,1.3021,1.3036,1.3009,1.3018,3590,9964,105.86,,,,,,,,
2005-02-01,103.62,103.99,103.5,103.96,103.63,7754,30130,1.3049,1.3066,1.3023,1.3029,3757,11008,105.91,,,,,,,,
2005-02-02,103.67,103.82,103.57,103.71,103.65,6247,33159,1.3047,1.3094,1.3034,1.3074,4696,7797,105.96,,,,,,,,
2005-02-03,103.68,104.28,103.6,104.14,104.23,10854,31339,1.3032,1.3038,1.3012,1.3022,2962,6269,105.15,,,,,,,,
2005-02-04,104.49,104.62,104.39,104.5,104.5,8604,21041,1.2968,1.2978,1.2951,1.2968,4441,7564,105.72,,,,,,,,
2005-02-07,104.34,104.66,104.05,104.3,104.3,6669,24433,1.2853,1.2863,1.2827,1.2855,5784,4506,105.22,,,,,,,,
2005-02-08,104.86,105.35,104.78,105.25,105.15,11734,27854,1.2763,1.2771,1.275,1.2766,2732,7875,104.37,,,,,,,,
2005-02-09,105.74,105.87,105.32,105.39,105.65,7068,29398,1.277,1.2799,1.2753,1.2796,3216,6387,104.46,,,,,,,,
2005-02-10,105.59,105.73,105.51,105.64,105.6,8046,22135,1.2811,1.2825,1.2802,1.2816,3065,5522,104.12,,,,,,,,
2005-02-14,105.49,105.59,104.75,104.98,104.97,10712,25766,1.2885,1.2955,1.2878,1.2942,5705,4512,104.44,,,,,,,,
2005-02-15,105.12,105.38,104.9,105.04,105.2,7973,22301,1.2972,1.2981,1.2955,1.2966,3711,4214,105.01,,,,,,,,
2005-02-16,104.59,105.16,104.42,104.99,105,10291,26976,1.3013,1.3031,1.3,1.3023,4040,8109,104.1,,,,,,,,
2005-02-17,105.53,105.57,105.19,105.26,105.25,7330,29546,1.3023,1.3067,1.3021,1.3051,3546,7793,103.83,,,,,,,,
2005-02-18,105.51,105.63,105.16,105.26,105.5,5828,8977,1.3073,1.3082,1.3059,1.3072,2890,2912,103.69,,,,,,,,
2005-02-21,105.66,105.8,105.63,105.69,105.73,3837,23406,1.3069,1.3072,1.3032,1.3065,2321,3147,103.74,,,,,,,,
2005-02-22,105.46,105.6,104.5,104.54,104.87,13482,28251,1.3062,1.319,1.3055,1.3187,7441,3960,104.64,,,,,,,,
2005-02-23,104.27,104.88,103.94,104.72,104.7,10215,23948,1.3259,1.3274,1.3211,1.3219,6273,5279,103.98,,,,,,,,
2005-02-24,105.04,105.08,104.62,104.68,104.75,7225,24574,1.3201,1.3247,1.3194,1.3233,4345,7848,103.5,,,,,,,,
2005-02-25,105.55,105.58,105.23,105.26,105.33,7014,31854,1.3181,1.3208,1.318,1.3198,3992,6768,103.57,,,,,,,,
2005-02-28,104.84,105.31,104.49,104.58,104.73,9159,29309,1.3251,1.3279,1.3233,1.3251,4179,5320,104.08,,,,,,,,
2005-03-01,104.57,104.79,104.43,104.64,104.5,8047,36723,1.3216,1.3232,1.3168,1.3192,6694,7237,104.4,,,,,,,,
2005-03-02,104.48,104.8,104.33,104.61,104.63,7424,26262,1.3171,1.3188,1.3147,1.3167,6607,5318,104.19,,,,,,,,
2005-03-03,104.81,105.14,104.73,105.13,104.9,6509,32607,1.3138,1.3145,1.3119,1.3124,3607,6368,103.75,,,,,,,,
2005-03-04,105.35,105.5,105.23,105.43,105.45,8074,25422,1.3103,1.3118,1.3095,1.3112,4083,6772,103.98,,,,,,,,
2005-03-07,104.62,104.93,104.53,104.89,104.7,5980,26846,1.3235,1.3248,1.3224,1.3232,3164,7386,103.56,,,,,,,,
2005-03-08,105.11,105.18,104.94,105.01,105.08,6834,29435,1.3219,1.3238,1.3208,1.3236,3652,7081,103.79,,,,,,,,
2005-03-09,104.59,104.77,104.5,104.62,104.7,8509,29781,1.3346,1.3359,1.3334,1.3356,4661,8823,104.4,,,,,,,,
2005-03-10,104.02,104.27,103.7,103.88,104.1,12519,31525,1.3376,1.3455,1.3371,1.3441,8917,5349,104.21,,,,,,,,
2005-03-11,103.96,104.24,103.84,104.11,104.14,7479,26228,1.3438,1.3445,1.3411,1.3425,3172,5309,104.26,,,,,,,,
2005-03-14,103.81,104.71,103.7,104.6,104.4,10504,23488,1.3473,1.3477,1.3417,1.3421,3722,5346,103.67,,,,,,,,
2005-03-15,104.98,105.02,104.65,104.98,104.82,7142,29674,1.3363,1.337,1.3344,1.3346,3380,7314,104.15,,,,,,,,
2005-03-16,104.54,104.7,104.23,104.29,104.5,6585,40384,1.3309,1.3357,1.3291,1.335,4794,7519,104.33,,,,,,,,
2005-03-17,104.23,104.48,104.08,104.17,104.33,6830,31814,1.3409,1.3421,1.3389,1.3397,3755,8219,104.01,,,,,,,,
2005-03-18,104.56,104.92,104.5,104.83,104.7,8196,32683,1.3378,1.3387,1.3346,1.3355,3426,3017,103.91,,,,,,,,
2005-03-22,105.21,105.28,104.88,104.93,105.1,6808,29476,1.3158,1.3175,1.3149,1.3169,3521,8378,103.7,,,,,,,,
2005-03-23,105.62,105.69,105.28,105.43,105.42,9460,29028,1.3074,1.3087,1.3059,1.3076,5077,7515,103.6,,,,,,,,
2005-03-24,105.93,106.49,105.91,106.41,106.2,11111,38952,1.2991,1.3016,1.2967,1.3004,3616,6757,103.38,,,,,,,,
2005-03-25,106.42,106.52,106.28,106.38,106.42,3517,11661,1.2931,1.2958,1.2929,1.2957,1444,0,103.32,,,,,,,,
2005-03-28,106.52,107.16,106.39,106.95,106.99,9464,15232,1.2956,1.2961,1.2888,1.2908,3594,69,102.8,,,,,,,,
2005-03-29,107.35,107.38,106.95,107.17,107.2,11008,32110,1.2886,1.2956,1.2877,1.2925,5961,5912,102.45,,,,,,,,
2005-03-30,107.54,107.7,107.11,107.27,107.25,12463,28089,1.2937,1.2977,1.292,1.2969,4793,5259,102.44,,,,,,,,
2005-03-31,107.45,107.58,106.89,106.97,107.35,11483,36944,1.2923,1.2961,1.2912,1.2959,3533,3333,102.58,,,,,,,,
2005-04-01,107.27,107.6,107.08,107.27,107.43,9756,24131,1.2965,1.2982,1.2952,1.2974,3358,3911,102.25,,,,,,,,
2005-04-04,107.74,108.07,107.59,107.9,107.68,7871,16956,1.2886,1.2905,1.2876,1.289,2987,3339,101.76,,,,,,,,
2005-04-05,108.26,108.9,108.2,108.85,108.45,9578,26034,1.2848,1.2855,1.2807,1.2809,4506,5464,101.83,,,,,,,,
2005-04-06,108.32,108.47,107.86,108.07,107.95,8324,36599,1.2849,1.2889,1.2839,1.2886,3766,6026,101.33,,,,,,,,
2005-04-07,108.79,108.8,108.19,108.25,108.5,7858,26826,1.2872,1.2936,1.2863,1.2934,5144,8283,101.39,,,,,,,,
2005-04-08,108.64,108.75,108.5,108.65,108.68,6015,29341,1.2829,1.2852,1.2808,1.2823,4769,5907,101.63,,,,,,,,
2005-04-11,108.29,108.52,108.05,108.11,108.45,7243,22579,1.2925,1.2945,1.2909,1.2939,3582,6802,101.88,,,,,,,,
2005-04-12,107.63,107.86,107.51,107.77,107.63,6335,28176,1.2977,1.3002,1.2967,1.299,3416,9463,102.05,,,,,,,,
2005-04-13,107.81,107.85,107.23,107.27,107.42,9668,25896,1.2904,1.2952,1.2893,1.295,5333,9347,102.38,,,,,,,,
2005-04-14,107.33,107.89,107.26,107.73,107.75,8980,25411,1.2907,1.292,1.2863,1.2874,5487,4147,101.96,,,,,,,,
2005-04-15,108.15,108.56,108.1,108.31,108.23,9694,28929,1.2812,1.2838,1.2778,1.2834,6881,7145,102.22,,,,,,,,
2005-04-18,107.51,108.07,107.48,107.66,107.65,9020,24306,1.2916,1.2982,1.2876,1.2966,6432,7152,102.29,,,,,,,,
2005-04-19,107.49,107.53,107.03,107.08,107.28,8970,23955,1.3012,1.3036,1.301,1.3033,5319,7769,102.81,,,,,,,,
2005-04-20,106.93,107.02,106.75,106.92,106.9,8022,24702,1.3062,1.3083,1.3041,1.3043,4431,7302,102.51,,,,,,,,
2005-04-21,106.96,107,106.69,106.97,106.75,7810,21042,1.3102,1.3115,1.3072,1.3076,6123,7610,102.58,,,,,,,,
2005-04-22,106.86,106.98,106.43,106.52,106.77,9995,21281,1.3038,1.3068,1.3021,1.3068,3955,8895,103.38,,,,,,,,
2005-04-25,105.68,106.07,105.5,105.64,105.8,11850,27844,1.3046,1.3059,1.3002,1.3032,5252,7777,103.74,,,,,,,,
2005-04-26,105.71,106.02,105.57,105.9,105.78,7831,23686,1.2988,1.3015,1.2976,1.298,3808,6452,103.49,,,,,,,,
2005-04-27,106.15,106.4,106.06,106.19,106.2,8615,35948,1.2977,1.2992,1.2905,1.2927,5860,7936,103.74,,,,,,,,
2005-04-28,106.07,106.3,105.76,105.87,105.89,10423,30941,1.2927,1.294,1.2915,1.2926,3598,11707,103.6,,,,,,,,
2005-05-02,105.14,105.42,105,105.38,105.28,5590,19057,1.2852,1.2868,1.284,1.2856,2786,2901,104.6,,,,,,,,
2005-05-06,104.64,104.83,104.47,104.75,104.68,8683,29559,1.2946,1.2957,1.2933,1.2949,3686,7180,104.52,,,,,,,,
2005-05-09,105.32,105.37,105.11,105.34,105.3,7565,24405,1.2814,1.2828,1.2789,1.2815,5234,5706,104,,,,,,,,
2005-05-10,105.76,105.96,105.58,105.84,105.65,8965,21802,1.2845,1.2862,1.2816,1.2826,4332,6949,104.01,,,,,,,,
2005-05-11,105.44,105.77,105.36,105.59,105.52,9474,28723,1.2878,1.2895,1.2861,1.2893,5044,4281,103.98,,,,,,,,
2005-05-12,105.72,106.31,105.7,106.2,106.15,10607,28386,1.2804,1.2815,1.2742,1.2764,7026,3791,103.25,,,,,,,,
2005-05-13,106.75,106.96,106.67,106.91,106.8,8538,26633,1.2681,1.2688,1.2665,1.2673,5956,8831,102.92,,,,,,,,
2005-05-16,107.47,107.79,107.28,107.67,107.45,7639,18265,1.2606,1.2627,1.2582,1.2593,5438,6455,103.64,,,,,,,,
2005-05-17,106.59,107.25,106.57,107.18,107.15,10352,24049,1.2626,1.2652,1.2606,1.2622,5543,7499,102.87,,,,,,,,
2005-05-18,107.55,107.79,107.41,107.49,107.7,8401,34282,1.2592,1.2627,1.2587,1.2627,5059,8274,103.17,,,,,,,,
2005-05-19,107.09,107.24,106.95,107.13,107.13,7463,21565,1.2673,1.2691,1.2661,1.2665,4935,6226,102.66,,,,,,,,
2005-05-20,107.68,107.77,107.45,107.51,107.5,7686,26466,1.2632,1.2653,1.2624,1.2637,4043,5130,102.42,,,,,,,,
2005-05-23,108.2,108.3,107.94,107.98,108,6454,25118,1.2551,1.2567,1.2536,1.2559,3240,6637,102.82,,,,,,,,
2005-05-24,107.66,107.8,107.38,107.46,107.7,6847,26161,1.2575,1.2602,1.2558,1.2595,4718,6965,102.75,,,,,,,,
2005-05-25,107.54,107.68,107.27,107.45,107.36,7438,21807,1.2563,1.2602,1.2559,1.2579,4780,4334,102.68,,,,,,,,
2005-05-26,107.74,108.14,107.61,108.09,107.98,7378,30776,1.2605,1.2614,1.2535,1.2552,7505,6893,102.67,,,,,,,,
2005-05-27,108.03,108.07,107.76,107.84,107.98,5821,14133,1.2509,1.2537,1.2508,1.2535,4014,3585,102.52,,,,,,,,
2005-05-30,108.15,108.16,107.75,107.92,107.93,4142,17277,1.2517,1.2546,1.251,1.2528,4732,2333,102.63,,,,,,,,
2005-05-31,107.9,108.4,107.88,108.17,108.08,12539,32976,1.2481,1.2486,1.2369,1.2377,12460,9974,102.51,,,,,,,,
2005-06-01,108.34,108.49,108.14,108.31,108.35,10978,28060,1.2301,1.2341,1.2298,1.2306,8335,8210,102.63,,,,,,,,
2005-06-02,108.63,108.79,108.25,108.29,108.5,9241,28791,1.22,1.2274,1.2182,1.2265,8589,7505,102.88,,,,,,,,
2005-06-03,108.24,108.27,107.75,107.89,107.92,8838,24812,1.2273,1.231,1.2222,1.2272,8833,7882,103.44,,,,,,,,
2005-06-06,107.74,107.84,107.26,107.29,107.66,8366,26366,1.2225,1.2274,1.222,1.2262,5041,4772,104.05,,,,,,,,
2005-06-07,106.91,107.04,106.73,106.79,106.9,7995,33395,1.2265,1.231,1.2238,1.228,5369,6760,104.26,,,,,,,,
2005-06-08,106.6,106.99,106.53,106.74,106.82,7968,31102,1.2285,1.233,1.2276,1.2313,5762,5170,103.77,,,,,,,,
2005-06-09,107.27,107.35,107.09,107.25,107.22,6787,27452,1.2239,1.2248,1.221,1.2232,5266,3602,103.68,,,,,,,,
2005-06-10,107.53,107.6,107.33,107.44,107.5,7229,33688,1.2231,1.225,1.2213,1.2217,5017,6125,102.75,,,,,,,,
2005-06-13,108.55,108.84,108.45,108.57,108.6,12108,30241,1.2116,1.2121,1.2065,1.2089,8098,5494,102.06,,,,,,,,
2005-06-14,109.59,109.61,109.22,109.32,109.42,11137,28255,1.2105,1.2155,1.2105,1.2131,7176,6908,102.25,,,,,,,,
2005-06-15,109.42,109.5,109.14,109.16,109.2,8025,23204,1.203,1.2074,1.2017,1.2069,6535,6704,102.26,,,,,,,,
2005-06-16,109.19,109.4,109.15,109.34,109.27,7392,31893,1.2113,1.2126,1.2059,1.208,6387,6960,102.53,,,,,,,,
2005-06-17,108.79,109.06,108.76,108.86,108.92,5715,19253,1.2106,1.214,1.2092,1.2139,4842,4712,102.46,,,,,,,,
2005-06-20,108.86,109.01,108.61,108.7,108.71,6571,23111,1.2212,1.224,1.218,1.2236,7213,4529,102.13,,,,,,,,
2005-06-21,109.43,109.47,109.21,109.46,109.3,8090,28396,1.2134,1.2155,1.2095,1.2096,6129,6192,103.02,,,,,,,,
2005-06-22,108.5,108.62,108.31,108.49,108.47,7766,36567,1.2187,1.2205,1.2161,1.2182,6191,9306,102.5,,,,,,,,
2005-06-23,108.69,108.85,108.53,108.75,108.67,7007,30725,1.2129,1.2145,1.2077,1.2078,4923,5174,102.64,,,,,,,,
2005-06-24,108.97,109.24,108.89,109.23,108.97,7819,14036,1.2027,1.2066,1.1982,1.2058,10406,6890,102.45,,,,,,,,
2005-06-27,109.22,109.39,109.15,109.22,109.28,5456,18183,1.2126,1.2177,1.2096,1.2166,4517,4885,102.11,,,,,,,,
2005-06-28,109.39,109.84,109.22,109.78,109.75,11080,29202,1.2167,1.2175,1.211,1.2116,5438,7416,101.74,,,,,,,,
2005-06-29,109.85,110.37,109.72,110.34,110.07,10182,26880,1.207,1.2079,1.2025,1.2029,5723,7873,101.44,,,,,,,,
2005-06-30,110.45,110.57,109.99,110.37,110.4,11063,34745,1.2093,1.2111,1.2065,1.2073,4805,11940,100.99,,,,,,,,
2005-07-01,110.74,111.24,110.62,111.09,111.03,12272,9638,1.2089,1.2098,1.2029,1.2049,6441,3874,100.59,,,,,,,,
2005-07-04,111.73,111.88,111.4,111.5,111.63,6603,22905,1.1934,1.195,1.1903,1.1934,5329,6929,100.93,,,,,,,,
2005-07-05,111.64,112.13,111.46,112.03,111.52,10040,28342,1.1911,1.1922,1.1868,1.1883,5938,6318,100.98,,,,,,,,
2005-07-06,111.69,111.7,111.46,111.64,111.6,8780,20805,1.1925,1.1946,1.1909,1.1942,5866,6428,100.53,,,,,,,,
2005-07-07,112.27,112.33,112.03,112.05,112.25,10818,27813,1.193,1.1943,1.1909,1.1939,5592,9399,100.65,,,,,,,,
2005-07-08,112.17,112.42,112,112.29,112.35,7951,35797,1.1939,1.195,1.1898,1.1916,3961,6983,100.52,,,,,,,,
2005-07-11,112.21,112.24,111.79,111.86,111.95,6705,23089,1.1967,1.203,1.196,1.2011,5031,6478,100.5,,,,,,,,
2005-07-12,111.76,111.79,111.08,111.16,111.38,10974,28650,1.2056,1.2195,1.2053,1.2182,9878,7583,100.95,,,,,,,,
2005-07-13,111.07,111.46,110.89,111.42,111.15,7667,24345,1.2217,1.2239,1.2178,1.2183,6376,6096,100.36,,,,,,,,
2005-07-14,112.06,112.12,111.65,111.83,112.07,7988,18199,1.2078,1.2088,1.2057,1.2077,4663,7778,99.87,,,,,,,,
2005-07-15,112.31,112.4,111.78,111.8,112.13,7808,23678,1.2096,1.2136,1.2083,1.2131,4228,9153,100.19,,,,,,,,
2005-07-19,111.86,112.75,111.84,112.6,112.33,9279,25697,1.2062,1.2066,1.1977,1.1993,5177,8511,99.78,,,,,,,,
2005-07-20,112.91,113.19,112.77,113.07,112.99,11397,25777,1.203,1.2097,1.202,1.2064,5932,6541,99.46,,,,,,,,
2005-07-21,112.8,112.86,112.23,112.38,112.5,11873,26314,1.2144,1.22,1.2135,1.2162,6893,6565,100.87,,,,,,,,
2005-07-22,110.6,111.27,110.33,110.84,110.95,15824,27154,1.2159,1.2189,1.2142,1.2176,3135,6301,100.16,,,,,,,,
2005-07-25,111.42,111.99,111.3,111.9,111.6,8446,23139,1.2062,1.2062,1.2027,1.204,3843,4844,100.07,,,,,,,,
2005-07-26,111.62,112.03,111.43,111.89,111.9,9476,15491,1.2048,1.2066,1.2022,1.2048,4700,7271,99.36,,,,,,,,
2005-07-27,112.53,112.8,112.36,112.7,112.7,9358,19949,1.2019,1.2027,1.1977,1.1983,5189,12403,99.35,,,,,,,,
2005-07-28,112.27,112.75,112.13,112.64,112.45,8271,23845,1.2069,1.2085,1.2038,1.2048,4555,8738,99.45,,,,,,,,
2005-07-29,112.32,112.43,111.94,112.18,112.22,9037,26434,1.2128,1.214,1.211,1.2111,4000,10619,99.06,,,,,,,,
2005-08-01,112.65,112.77,112.01,112.1,112.2,8000,26045,1.2124,1.2195,1.212,1.2186,5084,10263,99.12,,,,,,,,
2005-08-02,112.19,112.36,111.33,111.39,111.8,10471,30605,1.2193,1.2236,1.2172,1.2227,5259,8135,99.68,,,,,,,,
2005-08-03,111.39,111.94,111.36,111.65,111.85,9887,23058,1.2194,1.2213,1.2148,1.2209,8169,12079,99.72,,,,,,,,
2005-08-04,111.17,111.26,110.75,111.16,111,10451,21210,1.2331,1.2383,1.2305,1.2316,6506,5223,99.43,,,,,,,,
2005-08-05,111.23,111.8,111.13,111.39,111.75,9818,26417,1.2388,1.2395,1.2355,1.2387,5326,8935,98.9,,,,,,,,
2005-08-08,112.4,112.63,112,112.21,112.4,10557,19145,1.2333,1.2374,1.2316,1.2368,3681,8480,98.75,,,,,,,,
2005-08-09,112,112.18,111.67,111.92,111.82,7844,20980,1.2366,1.2416,1.2347,1.2388,5690,8226,98.93,,,,,,,,
2005-08-10,111.78,111.9,111.01,111.1,111.2,13948,19175,1.2361,1.2397,1.2344,1.239,4536,8100,99.92,,,,,,,,
2005-08-11,110.58,110.73,110.11,110.13,110.3,11571,23341,1.2383,1.2433,1.2379,1.243,5828,7459,100.59,,,,,,,,
2005-08-12,109.88,109.95,109.52,109.57,109.85,10456,15399,1.2456,1.2482,1.2452,1.2475,3754,6319,100.95,,,,,,,,
2005-08-15,109.4,109.75,109.34,109.54,109.57,6379,21681,1.2455,1.2456,1.2386,1.2391,4402,4011,101.25,,,,,,,,
2005-08-16,109.39,109.49,109.05,109.06,109.33,9293,24536,1.2351,1.2374,1.2326,1.2364,5052,7766,101.06,,,,,,,,
2005-08-17,109.64,110.08,109.39,109.83,109.5,10401,26338,1.2359,1.2369,1.2282,1.2296,5685,6591,100.94,,,,,,,,
2005-08-18,109.96,110.3,109.75,110.15,110.15,9411,18518,1.2266,1.2293,1.2259,1.2272,6111,6213,100.69,,,,,,,,
2005-08-19,110.43,110.83,110.32,110.82,110.46,7824,19872,1.2186,1.2193,1.2126,1.2132,4698,6168,100.86,,,,,,,,
2005-08-22,110.51,110.55,109.83,109.88,110.2,9166,17962,1.2165,1.2193,1.2157,1.2178,3661,4875,101.22,,,,,,,,
2005-08-23,109.68,110.1,109.6,109.88,110,9013,18747,1.2229,1.2253,1.2191,1.2248,5481,5626,101.19,,,,,,,,
2005-08-24,110.02,110.73,109.89,110.69,110.6,12713,21612,1.2222,1.2233,1.2161,1.2177,6534,5094,100.92,,,,,,,,
2005-08-25,110.42,110.45,109.76,109.94,109.85,8833,28971,1.2259,1.2321,1.2257,1.2305,6376,6135,100.98,,,,,,,,
2005-08-26,110.31,110.39,109.61,109.79,110.22,9800,22299,1.2283,1.2339,1.2281,1.2321,4490,6087,100.91,,,,,,,,
2005-08-29,109.88,110.5,109.85,110.28,110.3,8470,21557,1.2339,1.2347,1.2285,1.2319,4795,5937,100.74,,,,,,,,
2005-08-30,110.63,111.08,110.47,111.07,110.95,12265,30070,1.2223,1.2239,1.2206,1.2221,4626,8331,100.27,,,,,,,,
2005-08-31,111.45,111.5,111.09,111.42,111.3,10669,27201,1.2217,1.2234,1.2201,1.2211,5048,7391,100.53,,,,,,,,
2005-09-01,110.7,110.93,110.58,110.8,110.8,7687,31152,1.234,1.2351,1.2328,1.2347,4792,7021,100.84,,,,,,,,
2005-09-02,109.91,110.06,109.48,109.56,109.9,11256,17902,1.2478,1.255,1.2467,1.2537,7671,2083,100.64,,,,,,,,
2005-09-05,109.74,109.8,109.08,109.22,109.15,9904,27905,1.2536,1.2585,1.253,1.2537,4967,5715,101.17,,,,,,,,
2005-09-06,109.44,109.79,109.13,109.77,109.35,9835,37687,1.2507,1.2542,1.2442,1.2445,7791,4140,100.89,,,,,,,,
2005-09-07,109.46,110.05,109.42,109.67,109.98,11022,28806,1.2459,1.2536,1.2446,1.252,7582,7000,100.63,,,,,,,,
2005-09-08,110.09,110.38,110,110.35,110.28,8459,31642,1.2422,1.2451,1.2405,1.2429,4675,7235,100.26,,,,,,,,
2005-09-09,110.46,110.76,110.35,110.5,110.55,9004,19267,1.2406,1.2442,1.2376,1.2419,5646,7646,100.93,,,,,,,,
2005-09-12,109.19,109.99,109.15,109.77,109.58,11034,22310,1.2414,1.2414,1.2308,1.2325,7589,9409,100.57,,,,,,,,
2005-09-13,110.2,110.67,110.13,110.5,110.37,11072,23590,1.2296,1.2317,1.2271,1.2298,6121,6298,100.36,,,,,,,,
2005-09-14,110.66,110.82,110.42,110.54,110.65,8670,30743,1.2286,1.2305,1.2257,1.229,5564,9192,100.52,,,,,,,,
2005-09-15,110.57,110.72,110.3,110.46,110.55,8687,24585,1.2275,1.2285,1.2197,1.2214,7503,6785,100.44,,,,,,,,
2005-09-16,110.72,110.94,110.47,110.67,110.8,9671,27860,1.223,1.231,1.2222,1.2277,6879,6180,99.85,,,,,,,,
2005-09-20,111.56,111.63,111.11,111.3,111.35,8561,24780,1.2147,1.2187,1.2133,1.2152,4804,7297,99.54,,,,,,,,
2005-09-21,111.9,112.03,111.46,111.56,111.9,11352,28738,1.2117,1.2217,1.2111,1.2195,8159,6079,99.93,,,,,,,,
2005-09-22,111.08,111.83,111.05,111.13,111.7,12166,23746,1.2261,1.227,1.2184,1.2227,6664,7371,99.72,,,,,,,,
2005-09-26,112.32,112.53,112.25,112.52,112.37,7156,18540,1.2036,1.2047,1.2011,1.2042,5396,4989,99.59,,,,,,,,
2005-09-27,112.35,112.98,112.18,112.92,112.7,11945,28177,1.2074,1.2082,1.1992,1.2014,8512,8122,98.78,,,,,,,,
2005-09-28,113.35,113.41,112.88,112.98,113.05,12042,31070,1.2011,1.2042,1.2005,1.2034,5257,6632,98.88,,,,,,,,
2005-09-29,113,113.17,112.85,113.08,112.97,8607,23900,1.2057,1.2077,1.2036,1.2054,4451,3677,98.91,,,,,,,,
2005-09-30,113.32,113.41,112.92,113.28,113.15,9872,27328,1.2021,1.2058,1.2,1.2024,3877,7281,98.5,,,,,,,,
2005-10-03,113.56,114.24,113.45,113.92,113.97,11378,23041,1.2025,1.2031,1.1928,1.1963,7935,4560,98.17,,,,,,,,
2005-10-04,114.25,114.35,114.01,114.33,114.18,9722,20918,1.1919,1.1938,1.19,1.1911,6440,7754,98.08,,,,,,,,
2005-10-05,114.31,114.41,113.75,113.79,113.92,10733,28965,1.192,1.1968,1.1915,1.1967,5501,10220,98.15,,,,,,,,
2005-10-06,113.97,114.19,113.66,113.72,113.85,9635,22872,1.2014,1.2072,1.1994,1.2064,9283,7767,98.46,,,,,,,,
2005-10-07,113.41,113.57,113.27,113.34,113.48,9565,21956,1.2165,1.218,1.2153,1.2159,5289,4954,98.04,,,,,,,,
2005-10-11,114.09,114.26,113.97,114.08,114.1,8203,23608,1.2052,1.2062,1.2013,1.2025,4674,6346,97.69,,,,,,,,
2005-10-12,114.58,114.76,114.48,114.65,114.65,8957,27066,1.1969,1.1986,1.1953,1.1968,4819,5092,97.86,,,,,,,,
2005-10-13,114.46,114.87,114.22,114.83,114.7,10036,22257,1.2023,1.2036,1.1969,1.1979,5522,4756,97.84,,,,,,,,
2005-10-14,114.57,114.82,114.38,114.51,114.55,9697,24342,1.2012,1.2048,1.1993,1.2024,5473,7294,98.06,,,,,,,,
2005-10-17,114.25,114.37,113.75,114.27,113.95,9737,20391,1.2064,1.2122,1.2059,1.2077,5560,5657,97.45,,,,,,,,
2005-10-18,115.27,115.72,114.92,115.67,115.37,13326,25103,1.2005,1.2021,1.1965,1.197,5816,6782,96.96,,,,,,,,
2005-10-19,115.85,115.98,115.67,115.83,115.8,8582,28304,1.1931,1.1967,1.1875,1.1898,7835,9777,97.14,,,,,,,,
2005-10-20,115.32,115.78,115.26,115.64,115.52,9863,27259,1.1985,1.1996,1.1959,1.1964,4664,5660,97.2,,,,,,,,
2005-10-21,115.22,115.55,114.97,115.14,115.15,11094,27244,1.2037,1.2078,1.2013,1.2058,6998,7329,96.86,,,,,,,,
2005-10-24,115.9,115.95,115.5,115.7,115.9,7279,25184,1.1931,1.1957,1.1922,1.1935,2558,4891,97.17,,,,,,,,
2005-10-25,115.61,115.74,115.35,115.6,115.65,10306,31675,1.196,1.1978,1.1937,1.1967,6271,7860,97.17,,,,,,,,
2005-10-26,115.18,115.51,114.91,115.45,115.13,10240,32993,1.21,1.2136,1.2062,1.2075,6444,5745,96.55,,,,,,,,
2005-10-27,116.14,116.24,115.1,115.41,115.47,16712,34348,1.2051,1.2133,1.204,1.212,8527,9219,96.76,,,,,,,,
2005-10-28,115.31,115.52,115.12,115.18,115.3,7468,26858,1.2142,1.217,1.2127,1.2167,4016,5246,96.7,,,,,,,,
2005-10-31,115.75,115.83,115.55,115.67,115.7,7177,26787,1.2063,1.2072,1.2043,1.2066,3291,8386,96.21,,,,,,,,
2005-11-01,116.45,116.67,116.38,116.55,116.55,9927,32940,1.1988,1.1994,1.1974,1.1993,4267,7185,95.9,,,,,,,,
2005-11-02,116.79,116.87,116.61,116.83,116.8,8454,30795,1.2021,1.2047,1.2002,1.2035,3999,7712,95.66,,,,,,,,
2005-11-04,117.23,117.78,117.15,117.64,117.45,10788,34055,1.1951,1.1951,1.1928,1.1936,4187,7200,95.05,,,,,,,,
2005-11-07,118.28,118.38,117.7,117.97,117.9,7570,25077,1.1804,1.1825,1.1782,1.179,6762,4548,95.64,,,,,,,,
2005-11-08,117.65,117.97,117.52,117.88,117.84,7824,26816,1.179,1.18,1.171,1.1727,9309,4529,95.97,,,,,,,,
2005-11-09,117.39,117.49,117.16,117.43,117.32,7687,26242,1.1768,1.1791,1.1756,1.1768,4587,10020,95.78,,,,,,,,
2005-11-10,117.77,117.81,117.52,117.65,117.73,7062,12138,1.1775,1.1779,1.1751,1.1768,4000,1877,95.33,,,,,,,,
2005-11-11,118.02,118.19,117.65,117.82,117.75,7673,17571,1.1673,1.1707,1.167,1.1701,4731,4660,95.34,,,,,,,,
2005-11-14,117.93,118.12,117.86,118.06,117.98,7296,26699,1.1733,1.1775,1.1716,1.1745,4580,4964,94.82,,,,,,,,
2005-11-15,118.82,118.91,118.73,118.86,118.8,7139,38419,1.1692,1.1707,1.1685,1.1695,3604,7780,94.67,,,,,,,,
2005-11-16,118.85,119.38,118.81,119.27,119.25,8835,30187,1.1732,1.1737,1.1706,1.1713,4405,7006,94.57,,,,,,,,
2005-11-17,119.13,119.29,118.73,118.99,118.9,10516,27588,1.1677,1.1687,1.1649,1.1655,3798,6025,94.68,,,,,,,,
2005-11-18,118.83,119.29,118.7,119.23,118.9,9078,29834,1.1748,1.1756,1.171,1.1713,5186,5781,94.47,,,,,,,,
2005-11-21,119.18,119.46,119.05,119.28,119.3,7508,27495,1.1775,1.1788,1.1764,1.1778,3861,8176,94.59,,,,,,,,
2005-11-22,119.12,119.2,118.96,119.05,119.12,7552,8032,1.1732,1.174,1.1723,1.1729,4373,7284,94.69,,,,,,,,
2005-11-24,118.77,118.93,118.53,118.78,118.6,6220,21354,1.1808,1.1824,1.1793,1.1814,2294,9771,94.45,,,,,,,,
2005-11-25,119.13,119.32,118.9,119.27,119.27,8393,24321,1.178,1.1787,1.1748,1.1753,2615,9341,94.06,,,,,,,,
2005-11-28,119.73,119.88,119.58,119.87,119.83,6992,28083,1.1714,1.1715,1.1686,1.1692,4827,8728,94.41,,,,,,,,
2005-11-29,118.92,119.39,118.8,119.08,119.22,10371,24871,1.1845,1.1862,1.1811,1.1834,5248,12074,93.86,,,,,,,,
2005-11-30,119.76,119.79,119.23,119.46,119.63,10368,32352,1.1765,1.1795,1.1761,1.1788,4370,7088,93.69,,,,,,,,
2005-12-01,119.74,119.91,119.68,119.89,119.82,9004,36942,1.1798,1.1805,1.1772,1.178,2760,9653,93.13,,,,,,,,
2005-12-02,120.4,120.7,120.39,120.67,120.52,9925,37793,1.1739,1.1741,1.1705,1.1712,4092,8607,93.15,,,,,,,,
2005-12-05,121.07,121.4,120.92,121.29,121.35,9331,32247,1.1717,1.1719,1.1689,1.1697,2321,5103,92.8,,,,,,,,
2005-12-06,120.87,121.09,120.82,121.06,120.98,7726,28624,1.1786,1.1796,1.1771,1.1784,3853,6767,92.71,,,,,,,,
2005-12-07,120.65,121.14,120.57,120.98,121.05,9940,30985,1.1799,1.1803,1.1738,1.1752,4113,5406,92.71,,,,,,,,
2005-12-08,121.06,121.16,120.37,120.43,120.7,9883,30641,1.1717,1.1746,1.1704,1.1742,3788,11320,93.09,,,,,,,,
2005-12-09,120.47,120.72,120.29,120.67,120.5,8193,24046,1.1812,1.182,1.1778,1.1784,4169,9324,92.83,,,,,,,,
2005-12-12,120.85,121.07,120.72,120.87,120.85,8410,32237,1.1792,1.1846,1.1779,1.1837,5009,6018,93.25,,,,,,,,
2005-12-13,119.94,120,119.68,119.82,119.9,10100,42387,1.1955,1.1972,1.1947,1.1962,4394,10343,93.05,,,,,,,,
2005-12-14,120.09,120.22,118.48,118.74,118.8,19015,38052,1.1948,1.2038,1.1931,1.2015,7634,4955,94.91,,,,,,,,
2005-12-15,117.57,117.7,116.35,116.47,117.25,16968,28076,1.1972,1.2018,1.1961,1.2,5041,5840,95.91,,,,,,,,
2005-12-16,116.33,116.52,115.61,116.03,115.72,16409,37325,1.1965,1.1985,1.1938,1.1981,4124,5571,96.34,,,,,,,,
2005-12-19,115.59,116.59,115.52,116.43,116.35,9705,32406,1.2036,1.2038,1.2004,1.2016,2798,5410,95.98,,,,,,,,
2005-12-20,116.09,116.8,115.98,116.67,116.25,9972,39255,1.2006,1.2013,1.196,1.1983,3301,6045,95.35,,,,,,,,
2005-12-21,117.29,117.33,116.75,117.11,116.95,8931,26565,1.1874,1.1892,1.1859,1.1881,3065,5620,95.27,,,,,,,,
2005-12-22,117.47,117.65,117.28,117.5,117.55,7123,20247,1.1832,1.1839,1.1818,1.1831,1622,6067,95.86,,,,,,,,
2005-12-26,116.31,116.58,116,116.43,116.48,3329,12477,1.1861,1.1875,1.1833,1.1856,636,636,96.1,,,,,,,,
2005-12-27,116.57,117.29,116.32,117.15,117.1,7844,33448,1.1837,1.1853,1.1832,1.1844,1668,1700,95.28,,,,,,,,
2005-12-28,117.36,117.5,117.08,117.17,117.44,7810,25567,1.1855,1.1927,1.1828,1.1923,3146,6347,94.85,,,,,,,,
2005-12-29,117.74,117.99,117.71,117.83,117.88,6647,25062,1.1847,1.1882,1.183,1.1866,1973,5603,94.8,,,,,,,,
2005-12-30,117.84,118.17,117.01,117.48,117.97,6487,23734,1.1849,1.1888,1.1831,1.1864,2980,3963,94.85,,,,,,,,
2006-01-04,115.97,116.31,115.6,115.99,115.95,9910,39014,1.2033,1.2084,1.2006,1.2043,5913,6662,95.31,,,,,,,,
2006-01-05,116.26,116.47,115.76,115.84,116.2,9609,39217,1.211,1.2121,1.2084,1.2094,4149,8169,95.35,,,,,,,,
2006-01-06,115.99,116.27,115.79,116.1,116.1,8516,28239,1.2106,1.2127,1.2078,1.2093,2920,9788,96.44,,,,,,,,
2006-01-10,114.54,114.79,114.33,114.49,114.55,9873,23388,1.2074,1.2088,1.2036,1.2062,4297,8283,96.58,,,,,,,,
2006-01-11,114.47,114.9,114.35,114.75,114.55,9099,33492,1.2061,1.2076,1.205,1.2056,2562,9731,96.57,,,,,,,,
2006-01-12,114.31,114.37,113.83,113.97,114.2,10636,26463,1.2139,1.216,1.2125,1.2146,4127,6904,96.44,,,,,,,,
2006-01-13,114.6,114.8,114.32,114.51,114.6,10278,8858,1.2044,1.2075,1.2028,1.2074,3746,3338,96.53,,,,,,,,
2006-01-16,113.89,114.5,113.79,114.33,114.1,8407,19472,1.2167,1.2175,1.2134,1.2148,4165,2940,95.88,,,,,,,,
2006-01-17,115.09,115.27,114.57,114.71,115.2,11358,24587,1.2117,1.2139,1.2075,1.2137,4937,7437,95.6,,,,,,,,
2006-01-18,115.59,115.9,115.17,115.24,115.65,11542,30227,1.2109,1.2124,1.2075,1.2123,5146,8648,95.86,,,,,,,,
2006-01-19,115.3,115.48,115.08,115.35,115.26,7942,38922,1.2107,1.2124,1.2077,1.2087,4072,9269,95.62,,,,,,,,
2006-01-20,115.53,115.68,115.25,115.34,115.6,7057,21812,1.209,1.2096,1.2063,1.2079,4501,5487,95.6,,,,,,,,
2006-01-23,115.17,115.31,114.47,114.77,114.78,9544,25664,1.2168,1.2262,1.2142,1.2238,8245,6527,95.94,,,,,,,,
2006-01-24,114.46,114.87,114.34,114.51,114.8,7844,28599,1.2305,1.2325,1.2281,1.2287,5691,8356,95.74,,,,,,,,
2006-01-25,115.09,115.26,114.72,114.97,115.1,10751,32966,1.2263,1.228,1.2252,1.2272,3741,9880,94.73,,,,,,,,
2006-01-26,115.81,115.88,115.45,115.58,115.64,8490,33632,1.2245,1.2269,1.2238,1.2264,3469,6270,94.32,,,,,,,,
2006-01-27,116.32,116.58,116.12,116.28,116.25,11597,29528,1.2213,1.2225,1.2192,1.2207,4727,5771,93.81,,,,,,,,
2006-01-30,117.04,117.47,117.02,117.39,117.35,7311,26211,1.2106,1.2112,1.2085,1.211,2979,3838,93.59,,,,,,,,
2006-01-31,117.64,117.79,117.14,117.18,117.71,9523,32887,1.2085,1.211,1.2078,1.211,3033,13060,93.68,,,,,,,,
2006-02-01,117.35,117.42,117.06,117.35,117.23,8269,30558,1.2147,1.2163,1.2135,1.2138,3720,6423,93.21,,,,,,,,
2006-02-02,117.99,118.64,117.88,118.38,118.25,10622,29479,1.2066,1.208,1.2032,1.2064,3887,3592,92.85,,,,,,,,
2006-02-03,118.54,118.62,118.33,118.51,118.48,8090,23786,1.2084,1.2113,1.2069,1.2076,3799,5755,92.67,,,,,,,,
2006-02-06,118.89,118.95,118.5,118.68,118.65,7368,24156,1.2028,1.2045,1.1993,1.1997,2750,3098,92.62,,,,,,,,
2006-02-07,119.09,119.18,118.31,118.47,118.95,9870,28074,1.196,1.1993,1.1955,1.1982,3354,3634,93.56,,,,,,,,
2006-02-08,117.71,118.13,117.54,117.86,118.05,10626,35614,1.1991,1.1994,1.1963,1.1971,3003,4896,93.2,,,,,,,,
2006-02-09,118.51,118.79,118.29,118.69,118.55,7744,31400,1.1964,1.1995,1.1956,1.1972,4084,3984,92.87,,,,,,,,
2006-02-10,118.8,118.95,117.53,117.59,118.45,13121,31462,1.1994,1.2015,1.1965,1.1975,4537,8059,93.67,,,,,,,,
2006-02-13,117.7,118.04,117.52,117.89,117.78,7665,21737,1.1901,1.1919,1.1887,1.1902,2862,8628,93.85,,,,,,,,
2006-02-14,117.55,117.78,117.12,117.29,117.48,9053,27609,1.1912,1.1923,1.1892,1.1913,3326,9211,94.05,,,,,,,,
2006-02-15,117.64,117.77,117.32,117.6,117.6,7393,27110,1.1914,1.1933,1.1908,1.1915,3211,6586,93.74,,,,,,,,
2006-02-16,117.97,118.05,117.7,117.77,117.85,7368,25962,1.1884,1.1896,1.1873,1.1884,2337,7200,93.96,,,,,,,,
2006-02-17,117.51,118.28,117.32,117.92,118.1,11096,6310,1.1905,1.1914,1.1877,1.1883,2730,2045,93.49,,,,,,,,
2006-02-20,118.12,118.37,117.93,118.18,118.22,5695,18244,1.1946,1.1975,1.1924,1.1954,4202,4052,93.29,,,,,,,,
2006-02-21,118.38,118.65,118.26,118.59,118.47,9882,20705,1.1933,1.1942,1.1908,1.1914,3720,4276,93.04,,,,,,,,
2006-02-22,118.81,118.89,118.39,118.58,118.65,8679,28171,1.1919,1.193,1.1906,1.1914,2877,7145,93.28,,,,,,,,
2006-02-23,118.39,118.55,117.35,117.66,117.75,14472,25288,1.1915,1.1918,1.1893,1.1903,3619,5171,94.27,,,,,,,,
2006-02-24,117.08,117.16,116.42,116.63,116.65,13938,35795,1.1922,1.1934,1.1913,1.1918,3263,5942,94.5,,,,,,,,
2006-02-27,117.07,117.16,115.7,116.19,116.3,14106,27902,1.1839,1.1878,1.1827,1.1857,4581,9284,95.17,,,,,,,,
2006-02-28,116.2,116.49,116.07,116.35,116.25,10437,27665,1.1849,1.1868,1.1834,1.1849,3569,8764,95.28,,,,,,,,
2006-03-01,115.77,116.02,115.45,115.84,115.82,10459,25596,1.1931,1.1951,1.1923,1.1935,3738,6714,94.93,,,,,,,,
2006-03-02,116.09,116.37,115.98,116.08,116.23,7902,21005,1.1918,1.1936,1.1913,1.1934,2525,11356,94.88,,,,,,,,
2006-03-03,115.81,116.66,115.56,116.26,116.4,13294,21968,1.2038,1.2043,1.2011,1.2024,3443,5551,94.54,,,,,,,,
2006-03-06,116.16,117.17,116.05,116.97,117,10538,16621,1.2084,1.2094,1.2043,1.2071,4247,5277,93.73,,,,,,,,
2006-03-07,117.63,117.8,117.36,117.79,117.58,9561,21471,1.2015,1.2022,1.1945,1.1949,6297,7258,93.85,,,,,,,,
2006-03-08,117.74,117.87,117.32,117.57,117.7,8988,24709,1.1889,1.1922,1.1873,1.1918,3904,5078,93.92,,,,,,,,
2006-03-09,117.83,118.3,117.55,117.85,117.75,12209,31481,1.1924,1.1953,1.1915,1.1946,3355,6135,93.66,,,,,,,,
2006-03-10,118.21,118.71,117.99,118.22,118.35,13737,21987,1.1902,1.1926,1.1888,1.1918,3659,9124,93.01,,,,,,,,
2006-03-13,119.05,119.08,118.75,118.82,118.86,6315,26674,1.1917,1.197,1.1912,1.196,3914,4590,93.14,,,,,,,,
2006-03-14,118.69,118.79,118.35,118.6,118.53,8882,33310,1.1965,1.1982,1.1958,1.1969,4153,6679,93.85,,,,,,,,
2006-03-15,117.69,117.77,117.35,117.52,117.5,10661,27674,1.2017,1.2032,1.2006,1.2028,3106,4741,93.83,,,,,,,,
2006-03-16,117.54,117.9,117.31,117.67,117.67,9961,33735,1.2069,1.2073,1.2036,1.2057,3616,8057,94.09,,,,,,,,
2006-03-17,116.9,116.98,116.56,116.68,116.7,11574,33638,1.2173,1.2184,1.215,1.2151,3881,7478,94.78,,,,,,,,
2006-03-20,116.19,116.43,115.97,116.1,116.16,9552,27913,1.2178,1.2188,1.2158,1.2187,2463,7318,94.44,,,,,,,,
2006-03-22,117.25,117.41,117.06,117.23,117.3,6699,29397,1.2107,1.2114,1.2073,1.2087,3552,5616,94.2,,,,,,,,
2006-03-23,116.91,117.27,116.75,116.9,116.85,7921,27528,1.2077,1.208,1.2048,1.2066,3767,8384,93.77,,,,,,,,
2006-03-24,117.85,118.08,117.78,118.06,117.98,8791,38284,1.1971,1.1978,1.1961,1.1965,2671,5080,94.03,,,,,,,,
2006-03-27,117.57,117.68,116.41,116.69,116.65,12074,23770,1.2035,1.206,1.2017,1.2043,2979,6273,94.58,,,,,,,,
2006-03-28,116.55,117.13,116.26,116.8,116.86,11266,39831,1.2014,1.2043,1.1992,1.2029,3930,7011,93.69,,,,,,,,
2006-03-29,117.78,117.98,117.65,117.87,117.82,9359,27002,1.2007,1.2019,1.198,1.1982,4030,8823,93.78,,,,,,,,
2006-03-30,117.83,117.95,117.36,117.73,117.75,8690,34886,1.2029,1.2083,1.2022,1.2061,4632,8583,93.85,,,,,,,,
2006-03-31,117.25,117.64,117.15,117.47,117.4,11443,36658,1.2169,1.2176,1.2128,1.2134,4192,9185,93.48,,,,,,,,
2006-04-03,117.93,118.8,117.59,118.53,118.05,13599,27164,1.2104,1.2122,1.2035,1.2053,4601,8028,93.51,,,,,,,,
2006-04-04,117.74,117.95,117.42,117.53,117.65,9999,34121,1.2147,1.2168,1.212,1.2163,6567,6857,93.28,,,,,,,,
2006-04-05,117.46,117.54,116.68,116.96,116.85,13969,20244,1.2255,1.2285,1.2243,1.2261,4961,9252,93.23,,,,,,,,
2006-04-06,117.63,117.8,117.36,117.55,117.5,9308,28354,1.2282,1.2314,1.2274,1.2292,6808,11737,93.01,,,,,,,,
2006-04-07,117.73,117.98,117.55,117.63,117.86,8535,21410,1.2205,1.2218,1.2169,1.2185,7019,9350,92.82,,,,,,,,
2006-04-10,118.19,118.28,117.9,118.17,118.15,7780,17482,1.2103,1.2128,1.209,1.2122,3906,4544,92.72,,,,,,,,
2006-04-11,118.53,118.59,118.32,118.44,118.45,7781,25923,1.2105,1.2142,1.209,1.2137,5895,10783,92.7,,,,,,,,
2006-04-12,118.14,118.39,117.83,118.37,117.88,10142,19405,1.2156,1.2168,1.2142,1.2147,4111,6891,92.62,,,,,,,,
2006-04-13,118.52,118.55,118.31,118.41,118.45,7981,24485,1.2104,1.2132,1.2094,1.2121,4122,5381,92.66,,,,,,,,
2006-04-14,118.7,118.74,118.45,118.66,118.67,3492,9181,1.211,1.2117,1.2102,1.2104,1088,83,92.53,,,,,,,,
2006-04-17,118.37,118.55,118,118.23,118.25,6619,19991,1.2137,1.2199,1.2121,1.2182,3755,244,92.91,,,,,,,,
2006-04-18,117.81,118.15,117.68,118.05,117.84,9317,30670,1.2259,1.2271,1.223,1.2234,4119,9624,93.21,,,,,,,,
2006-04-19,117.04,117.21,116.76,117.09,117,15942,26127,1.2358,1.2368,1.2337,1.2353,5400,5520,92.88,,,,,,,,
2006-04-20,117.41,117.75,117.26,117.59,117.57,10378,35839,1.2374,1.2379,1.2333,1.2352,5336,7137,92.84,,,,,,,,
2006-04-21,117.56,117.77,117.38,117.61,117.64,8574,25832,1.2299,1.2318,1.2267,1.2295,6259,6725,93.55,,,,,,,,
2006-04-24,115.84,115.96,114.86,115.05,115.78,22291,29140,1.2371,1.2409,1.234,1.2383,4797,5748,94.87,,,,,,,,
2006-04-25,114.67,114.78,114.3,114.5,114.47,15995,33635,1.2382,1.2402,1.2366,1.2394,5675,8744,94.74,,,,,,,,
2006-04-26,114.9,115.25,114.76,115.26,115,12787,32490,1.2425,1.2435,1.2398,1.2402,4556,9768,94.81,,,,,,,,
2006-04-27,114.77,114.85,114.62,114.75,114.75,9285,38170,1.2451,1.247,1.243,1.2432,3871,7447,95.07,,,,,,,,
2006-04-28,114.17,114.5,114.09,114.32,114.3,13607,36903,1.254,1.2557,1.2521,1.2544,4819,2502,95.03,,,,,,,,
2006-05-01,113.73,113.84,113.03,113.2,113.1,10631,27604,1.2617,1.2642,1.261,1.2619,2489,179,95.46,,,,,,,,
2006-05-02,113.69,114.03,113.51,113.82,113.65,11651,35341,1.2569,1.2606,1.256,1.2594,3227,7396,95.34,,,,,,,,
2006-05-08,112.1,112.2,111.28,111.3,111.63,16626,43246,1.2742,1.2758,1.2715,1.2747,4115,7547,96.4,,,,,,,,
2006-05-09,111.68,111.94,111.23,111.9,111.37,12454,34170,1.27,1.271,1.2661,1.2673,5978,6183,96.84,,,,,,,,
2006-05-10,111.03,111.27,110.65,110.72,111.18,12503,35540,1.2762,1.2805,1.2752,1.2792,5356,7229,97.23,,,,,,,,
2006-05-11,111.12,111.5,110.6,111.48,111.1,15272,41563,1.2758,1.2787,1.2685,1.2695,6926,4072,97.05,,,,,,,,
2006-05-12,110.25,110.74,109.63,109.81,110.15,17803,40153,1.2849,1.2908,1.2834,1.2884,5058,6117,97.63,,,,,,,,
2006-05-15,109.67,109.91,109.33,109.85,109.65,15920,39487,1.2951,1.2972,1.2868,1.2871,8416,4975,97.8,,,,,,,,
2006-05-16,110.76,110.88,109.93,110.22,110,15091,36744,1.2792,1.2843,1.278,1.2823,7662,7435,98.28,,,,,,,,
2006-05-17,109.79,109.84,109.02,109.17,109.5,14772,37533,1.2852,1.2906,1.2837,1.2898,5741,7539,97.41,,,,,,,,
2006-05-18,111.03,111.25,110.56,110.82,110.7,12975,33975,1.2744,1.2773,1.2725,1.2769,5515,8250,97.51,,,,,,,,
2006-05-19,110.49,111.8,110.43,111.74,110.75,14585,24791,1.2859,1.2864,1.2763,1.2784,4963,5491,96.97,,,,,,,,
2006-05-22,111.9,112.95,111.57,112.63,112.1,15197,24671,1.2762,1.277,1.2695,1.2744,4826,5900,97.14,,,,,,,,
2006-05-23,111.64,111.87,110.96,111.52,111.18,13104,29864,1.2851,1.2877,1.2822,1.2832,4571,8548,96.77,,,,,,,,
2006-05-24,112.08,112.65,111.7,111.89,112.37,16804,40727,1.2793,1.2853,1.2762,1.284,6784,6555,96.16,,,,,,,,
2006-05-25,112.76,112.95,112.47,112.67,112.75,9635,37825,1.2769,1.2791,1.2749,1.2768,3001,12858,96.96,,,,,,,,
2006-05-26,111.6,112.27,111.47,111.96,111.69,11604,15139,1.2802,1.2827,1.2764,1.2813,5067,5247,96.28,,,,,,,,
2006-05-29,112.42,112.67,112.24,112.31,112.35,4697,27405,1.275,1.2758,1.272,1.2754,1721,1897,96.43,,,,,,,,
2006-05-30,112.66,112.8,111.62,111.67,112.65,12601,31937,1.275,1.2866,1.2743,1.2851,6143,8172,96.5,,,,,,,,
2006-05-31,112.27,112.38,111.45,111.85,112.24,12624,42054,1.2858,1.2904,1.2842,1.2874,4669,8929,96.22,,,,,,,,
2006-06-01,112.51,113.1,112.42,112.79,112.58,11785,35003,1.2816,1.282,1.2753,1.2775,6571,7274,96.19,,,,,,,,
2006-06-02,112.5,112.94,112.44,112.83,112.55,10678,39530,1.282,1.283,1.2797,1.2807,5225,9607,96.85,,,,,,,,
2006-06-05,111.7,111.86,111.43,111.76,111.65,7505,31383,1.2928,1.2978,1.2922,1.2964,5402,7869,96.35,,,,,,,,
2006-06-06,112.3,112.52,112.07,112.22,112.4,9601,36444,1.2896,1.2934,1.2885,1.2919,5495,9476,95.65,,,,,,,,
2006-06-07,113.16,113.51,112.92,113.26,113.1,10382,42070,1.2827,1.2838,1.2782,1.2817,5182,9242,95.61,,,,,,,,
2006-06-08,113.43,114.04,113.38,113.97,113.58,10909,32912,1.2803,1.2808,1.2748,1.2757,5233,8932,95.4,,,,,,,,
2006-06-09,113.98,114.13,113.72,113.91,113.95,10055,28668,1.2643,1.2658,1.2626,1.2653,4573,5371,95.59,,,,,,,,
2006-06-12,114.29,114.32,113.98,114.21,114.1,6525,33633,1.2609,1.2651,1.2607,1.2616,3324,5285,95.41,,,,,,,,
2006-06-13,114.42,114.78,114.25,114.49,114.43,10377,29897,1.2581,1.2596,1.2558,1.2573,4504,5151,94.77,,,,,,,,
2006-06-14,115.25,115.33,114.8,114.96,115.11,10644,33627,1.2548,1.2598,1.2538,1.2587,4735,5676,94.91,,,,,,,,
2006-06-15,114.91,115.1,114.67,114.9,115.05,9748,33368,1.2607,1.2633,1.2595,1.2612,3823,3401,95.02,,,,,,,,
2006-06-16,114.72,114.87,114.55,114.75,114.7,8410,34659,1.2643,1.2663,1.2626,1.2657,3337,7783,94.63,,,,,,,,
2006-06-19,115.33,115.78,115.23,115.62,115.6,9222,29272,1.2637,1.265,1.2567,1.259,4635,3625,94.6,,,,,,,,
2006-06-20,115.49,115.63,114.63,114.79,115.05,11548,45767,1.2578,1.2597,1.2558,1.2584,3758,8010,95.01,,,,,,,,
2006-06-21,114.83,114.93,114.38,114.74,114.72,10104,35458,1.2599,1.263,1.2585,1.2623,3811,8068,94.89,,,,,,,,
2006-06-22,114.76,115.25,114.68,115.21,114.79,8869,26926,1.2667,1.268,1.2633,1.2636,3278,7231,94.12,,,,,,,,
2006-06-23,116.03,116.25,115.77,116.13,116.07,10512,42821,1.258,1.2587,1.2561,1.2569,3683,6688,93.97,,,,,,,,
2006-06-26,116.38,116.56,116.11,116.27,116.37,6865,38940,1.2517,1.2584,1.2503,1.2568,3994,6016,94.13,,,,,,,,
2006-06-27,116.06,116.3,115.86,116.23,116.2,9861,34800,1.2608,1.2618,1.2582,1.2596,5894,4848,94.05,,,,,,,,
2006-06-28,116.37,116.47,116.05,116.38,116.25,8779,39056,1.2571,1.2584,1.2555,1.2564,2962,11901,93.92,,,,,,,,
2006-06-29,116.4,116.63,116.36,116.41,116.54,7743,31052,1.2543,1.2553,1.2537,1.2551,3205,8380,94.73,,,,,,,,
2006-06-30,115.17,115.23,114.48,114.66,114.95,15207,41125,1.2665,1.2733,1.2658,1.2715,7874,10254,94.94,,,,,,,,
2006-07-03,114.12,114.75,114.1,114.57,114.47,10903,14403,1.2791,1.28,1.277,1.2779,4140,2878,94.59,,,,,,,,
2006-07-04,114.68,114.8,114.39,114.6,114.6,7302,31636,1.2802,1.2822,1.2794,1.2811,3042,6502,94.36,,,,,,,,
2006-07-05,115.14,115.24,114.58,115.04,114.92,12550,38064,1.278,1.284,1.275,1.2757,5683,6631,93.94,,,,,,,,
2006-07-06,115.62,115.7,115.4,115.57,115.55,8212,26448,1.2729,1.2749,1.272,1.2743,3552,7223,94.31,,,,,,,,
2006-07-07,115.27,115.29,114.86,114.94,115.16,9852,28925,1.2774,1.2787,1.2768,1.2779,3485,6853,95.02,,,,,,,,
2006-07-10,113.96,114.05,113.48,113.56,113.65,10547,37879,1.2811,1.2815,1.2786,1.2802,4568,6897,94.87,,,,,,,,
2006-07-11,114.32,114.44,113.93,114.27,114.15,8372,37169,1.2737,1.2747,1.2706,1.2741,4110,2677,94.91,,,,,,,,
2006-07-12,114.27,114.58,114.19,114.55,114.35,8991,23770,1.2765,1.278,1.275,1.2752,3844,4545,94.07,,,,,,,,
2006-07-13,115.34,115.48,115.06,115.12,115.4,9626,41642,1.2701,1.273,1.2697,1.272,4129,10170,94.25,,,,,,,,
2006-07-14,115.42,116.17,115.35,115.68,115.85,13335,33621,1.2692,1.2697,1.2649,1.2672,2669,8877,93.78,,,,,,,,
2006-07-18,116.93,117.16,116.7,116.89,116.9,9794,32364,1.2523,1.2548,1.2512,1.2539,4253,7639,93.17,,,,,,,,
2006-07-19,117.34,117.57,117.21,117.55,117.25,9711,32302,1.25,1.2511,1.2479,1.2489,5636,7976,93.33,,,,,,,,
2006-07-20,116.81,116.88,116.55,116.78,116.85,8416,25134,1.2597,1.2618,1.259,1.2604,5084,3520,92.99,,,,,,,,
2006-07-21,116.95,117.05,116.23,116.31,116.95,10536,26429,1.2634,1.2669,1.2627,1.2662,4383,7273,93.55,,,,,,,,
2006-07-24,116.29,116.85,116.16,116.73,116.55,10176,21684,1.2698,1.2708,1.2617,1.2622,4890,5266,93.28,,,,,,,,
2006-07-25,116.78,116.98,116.53,116.83,116.8,8886,26211,1.2624,1.267,1.2604,1.2648,5768,6561,92.92,,,,,,,,
2006-07-26,117.12,117.19,116.84,116.89,117.07,8751,25813,1.2579,1.2589,1.256,1.2571,3665,5799,93.43,,,,,,,,
2006-07-27,116.36,116.42,115.92,115.97,116.27,11017,30275,1.2711,1.2746,1.2707,1.2734,5665,9244,93.72,,,,,,,,
2006-07-28,115.87,116.03,115.33,115.57,115.9,13734,32390,1.2687,1.2701,1.2677,1.2693,5214,7480,94.54,,,,,,,,
2006-07-31,114.67,114.84,114.25,114.47,114.8,11887,27684,1.2772,1.2772,1.2741,1.2751,3582,8611,94.52,,,,,,,,
2006-08-01,114.6,114.85,114.48,114.76,114.65,9357,29834,1.2765,1.2773,1.272,1.2736,5000,6316,94.57,,,,,,,,
2006-08-02,114.42,114.65,114.21,114.44,114.44,11131,31741,1.2823,1.2835,1.2807,1.2807,4764,8896,94.57,,,,,,,,
2006-08-03,114.57,114.92,114.53,114.81,114.75,8142,22589,1.2794,1.2796,1.2743,1.2765,6285,6374,94.29,,,,,,,,
2006-08-04,115.19,115.32,114.9,115.27,115.15,9363,20265,1.2799,1.2811,1.2787,1.279,5454,6891,94.56,,,,,,,,
2006-08-07,114.24,114.77,114.17,114.6,114.55,6861,23147,1.2887,1.2893,1.2858,1.288,1992,5370,93.95,,,,,,,,
2006-08-08,115.09,115.28,114.96,115.09,115.1,6958,31763,1.2821,1.2846,1.2807,1.2841,3757,4852,93.84,,,,,,,,
2006-08-09,115.56,115.75,115.16,115.36,115.67,10401,21385,1.2789,1.2851,1.2764,1.2843,7542,4849,93.7,,,,,,,,
2006-08-10,115.4,115.46,114.82,114.91,115.37,9411,25638,1.2871,1.2912,1.285,1.2857,5192,4423,93.84,,,,,,,,
2006-08-11,115.37,115.83,115.13,115.69,115.35,12573,20769,1.2792,1.2798,1.2741,1.2784,5150,6258,93.15,,,,,,,,
2006-08-14,116.23,116.67,116.17,116.53,116.28,6194,17404,1.2739,1.2763,1.2712,1.2741,3759,5267,92.95,,,,,,,,
2006-08-15,116.54,116.73,116.22,116.36,116.55,7434,24309,1.2723,1.2751,1.2695,1.2738,5032,4198,93.36,,,,,,,,
2006-08-16,115.94,116.14,115.92,116.05,116.07,6795,24306,1.2788,1.2795,1.2781,1.2789,2895,5935,93.39,,,,,,,,
2006-08-17,115.74,115.88,115.26,115.32,115.6,8638,20404,1.2853,1.2876,1.2838,1.287,3675,3041,93.26,,,,,,,,
2006-08-18,115.92,116.09,115.81,116.04,116.02,7939,22718,1.2832,1.2844,1.282,1.2828,3138,9344,93.45,,,,,,,,
2006-08-21,115.73,115.82,115.35,115.52,115.79,6406,30419,1.2839,1.2903,1.2828,1.2893,4663,5934,93.23,,,,,,,,
2006-08-22,116.07,116.33,115.92,116.29,116.15,8392,28700,1.2866,1.2887,1.2853,1.2873,6943,4326,92.87,,,,,,,,
2006-08-23,116.46,116.53,116.1,116.22,116.3,7558,33096,1.2798,1.2833,1.2784,1.2828,4557,2766,93,,,,,,,,
2006-08-24,116.39,116.6,116.32,116.54,116.42,5564,32715,1.2782,1.28,1.275,1.2766,6508,5759,93.03,,,,,,,,
2006-08-25,116.66,117.27,116.43,117.17,116.69,12114,30673,1.2761,1.2781,1.2747,1.2771,5601,5261,92.52,,,,,,,,
2006-08-28,117.27,117.34,116.93,117.06,117.2,6220,28554,1.2761,1.2816,1.2756,1.2808,2846,3447,92.52,,,,,,,,
2006-08-29,117.21,117.23,116.6,116.61,116.98,9384,37643,1.2791,1.284,1.2787,1.2829,4077,5517,92.76,,,,,,,,
2006-08-30,116.74,117.14,116.59,117.02,116.85,8442,38989,1.2832,1.2854,1.282,1.2834,4504,4818,92.34,,,,,,,,
2006-08-31,117.23,117.48,116.95,117.23,117.32,11818,42628,1.2833,1.2865,1.2818,1.2853,4820,8374,92.16,,,,,,,,
2006-09-01,117.43,117.46,117.1,117.38,117.25,8350,10728,1.281,1.2817,1.2797,1.2806,5467,1622,92.35,,,,,,,,
2006-09-04,116.86,117.02,116.22,116.24,116.5,11290,18910,1.2855,1.2867,1.2841,1.2852,3599,4317,92.97,,,,,,,,
2006-09-05,116.08,116.21,115.57,115.67,115.85,12378,26756,1.2861,1.2863,1.2822,1.2824,4065,4841,93.1,,,,,,,,
2006-09-06,116.03,116.47,115.97,116.32,116.35,9232,28570,1.2816,1.2832,1.2809,1.283,3969,4142,92.71,,,,,,,,
2006-09-07,116.61,116.98,116.54,116.96,116.7,12779,31051,1.2818,1.283,1.2796,1.2798,5036,6606,93.03,,,,,,,,
2006-09-08,116.33,116.54,116.11,116.28,116.2,9013,33155,1.2729,1.274,1.2699,1.2724,4196,5398,92.81,,,,,,,,
2006-09-11,116.77,117.33,116.61,117.19,116.76,10979,28791,1.267,1.2697,1.2647,1.2691,4559,4654,92.25,,,,,,,,
2006-09-12,117.57,117.72,117.4,117.59,117.6,10561,30739,1.2701,1.273,1.2699,1.2713,3982,7881,92.01,,,,,,,,
2006-09-13,117.88,118.03,117.56,117.7,117.92,11712,42228,1.2682,1.2701,1.2667,1.2679,3229,5973,92.18,,,,,,,,
2006-09-14,117.44,117.71,117.36,117.59,117.55,8108,29529,1.2699,1.2703,1.2677,1.2689,2800,7687,92.17,,,,,,,,
2006-09-15,117.68,117.76,117.38,117.65,117.74,8685,26982,1.2723,1.2736,1.2708,1.2711,2374,5357,92.26,,,,,,,,
2006-09-19,117.86,118.11,117.62,117.67,117.93,9354,37480,1.2708,1.2726,1.2678,1.2684,3191,5895,92.12,,,,,,,,
2006-09-20,117.57,117.68,116.98,117.15,117.3,11359,32169,1.2677,1.269,1.2666,1.2671,2774,8246,92.29,,,,,,,,
2006-09-21,117.32,117.47,116.95,117.17,117.1,10276,30774,1.2694,1.2736,1.2684,1.2729,3520,5800,92.95,,,,,,,,
2006-09-22,116.37,116.61,116.2,116.42,116.4,12952,24483,1.2788,1.2825,1.2778,1.2821,3649,7801,92.83,,,,,,,,
2006-09-25,116.55,116.69,116.13,116.24,116.32,9302,22635,1.279,1.282,1.278,1.2786,3839,5883,92.86,,,,,,,,
2006-09-26,116.39,116.59,116.26,116.41,116.35,8706,33112,1.2756,1.2761,1.273,1.2742,3797,3373,92.49,,,,,,,,
2006-09-27,117.06,117.17,116.9,117.16,117.05,11550,34925,1.2697,1.27,1.2672,1.2693,3315,5081,92.15,,,,,,,,
2006-09-28,117.45,117.72,117.34,117.66,117.5,8957,25401,1.2714,1.2733,1.2701,1.2717,3360,6549,91.92,,,,,,,,
2006-09-29,117.77,118.12,117.52,118.05,117.8,12275,30936,1.2707,1.2713,1.2664,1.2672,4224,5217,91.76,,,,,,,,
2006-10-02,118.04,118.39,117.87,118.29,118.25,9265,18685,1.2684,1.2686,1.2664,1.2668,1817,6675,92.05,,,,,,,,
2006-10-03,117.63,117.74,117.38,117.49,117.68,7614,21082,1.2744,1.2765,1.2738,1.2747,2445,8223,91.88,,,,,,,,
2006-10-04,118.05,118.22,117.87,117.99,118.05,7318,26681,1.2732,1.2739,1.2714,1.2719,2769,10225,91.92,,,,,,,,
2006-10-05,117.79,117.87,117.52,117.67,117.68,8412,18655,1.2719,1.2719,1.2694,1.2713,2571,7145,92.1,,,,,,,,
2006-10-06,117.81,118.16,117.75,118,118,9756,23229,1.2694,1.2697,1.2671,1.2685,3316,6023,91.25,,,,,,,,
2006-10-10,119.08,119.35,118.9,119.2,119.1,12644,27364,1.2593,1.2613,1.2585,1.2599,3142,9312,90.9,,,,,,,,
2006-10-11,119.73,119.78,119.4,119.5,119.68,7944,25275,1.2535,1.255,1.2528,1.2544,2944,5871,90.91,,,,,,,,
2006-10-12,119.74,119.78,119.25,119.44,119.6,7867,26561,1.2522,1.2566,1.2517,1.2558,2774,3319,91.07,,,,,,,,
2006-10-13,119.33,119.45,119.08,119.17,119.3,10084,27786,1.2558,1.2578,1.2554,1.2565,3488,6565,90.85,,,,,,,,
2006-10-16,119.78,119.8,119.27,119.37,119.75,8112,24464,1.25,1.2517,1.249,1.2513,2613,2772,91.29,,,,,,,,
2006-10-17,119.1,119.14,118.85,118.91,119.08,10944,25898,1.253,1.2546,1.2524,1.2543,3025,4033,91.46,,,,,,,,
2006-10-18,118.68,118.78,118.31,118.56,118.69,11444,28453,1.254,1.2559,1.2537,1.2552,2238,1477,91.34,,,,,,,,
2006-10-19,118.92,119.02,118.45,118.48,118.88,7149,23152,1.2542,1.2563,1.2533,1.2559,2882,3179,91.76,,,,,,,,
2006-10-20,118.33,118.41,118.22,118.37,118.33,8742,36286,1.2629,1.264,1.2618,1.2627,2734,4793,91.3,,,,,,,,
2006-10-23,118.61,118.95,118.57,118.95,118.8,6998,34157,1.2619,1.2621,1.2584,1.2592,2431,6869,90.99,,,,,,,,
2006-10-24,119.34,119.58,119.25,119.51,119.4,8374,34499,1.2549,1.2552,1.2526,1.2532,2763,4159,90.96,,,,,,,,
2006-10-25,119.35,119.43,119.05,119.09,119.24,8264,38200,1.2558,1.2577,1.2554,1.2562,3576,6785,90.99,,,,,,,,
2006-10-26,118.92,119.04,118.68,118.76,118.8,8571,31178,1.2615,1.2666,1.2608,1.2656,4789,5699,91.29,,,,,,,,
2006-10-27,118.63,118.73,118.34,118.51,118.45,11768,35918,1.2689,1.2714,1.2672,1.2681,4808,5221,91.72,,,,,,,,
2006-10-30,117.54,117.59,117.2,117.42,117.4,10294,25574,1.2729,1.2733,1.2712,1.2723,3996,4622,91.79,,,,,,,,
2006-10-31,117.64,117.84,117.31,117.74,117.65,12059,31328,1.2716,1.2724,1.268,1.2686,3322,9344,92.07,,,,,,,,
2006-11-01,116.79,117.14,116.75,117.1,116.97,10027,37512,1.2765,1.2768,1.2744,1.2748,2200,9776,91.99,,,,,,,,
2006-11-02,117.24,117.38,117.03,117.28,117.27,9994,21654,1.2754,1.2763,1.2737,1.2744,2900,9097,91.9,,,,,,,,
2006-11-06,117.94,118.19,117.79,118.18,118.05,7477,17738,1.2718,1.2723,1.2702,1.2709,1659,5994,91.11,,,,,,,,
2006-11-07,118.18,118.31,117.66,117.81,118.23,10233,25692,1.2726,1.2772,1.2723,1.2757,3770,6350,91.39,,,,,,,,
2006-11-08,117.61,117.8,117.49,117.67,117.63,8296,35362,1.2778,1.2785,1.2764,1.2773,2833,8064,91.29,,,,,,,,
2006-11-09,117.85,117.99,117.76,117.78,117.87,7072,24679,1.2759,1.2787,1.275,1.2786,3032,6185,91.13,,,,,,,,
2006-11-10,117.8,117.94,117.37,117.63,117.6,12273,27621,1.2835,1.2869,1.2831,1.2859,4674,4568,91.3,,,,,,,,
2006-11-13,117.54,117.57,117.13,117.42,117.38,9697,27635,1.2848,1.2878,1.2845,1.286,2808,5669,90.97,,,,,,,,
2006-11-14,117.64,118.17,117.41,117.53,117.75,13672,28599,1.2821,1.2832,1.2801,1.283,3764,7916,91.38,,,,,,,,
2006-11-15,117.64,117.93,117.53,117.74,117.7,10107,35302,1.2812,1.283,1.28,1.2822,3614,7437,91.14,,,,,,,,
2006-11-16,117.91,118.13,117.75,118.12,118,10354,23394,1.2824,1.2834,1.2815,1.2821,2484,6028,91.02,,,,,,,,
2006-11-17,118.25,118.47,118.18,118.37,118.3,8713,30940,1.2792,1.2798,1.2762,1.2776,4232,5419,91.37,,,,,,,,
2006-11-20,117.89,117.99,117.79,117.93,117.93,8039,25970,1.2821,1.2846,1.2818,1.2834,2885,5254,91.12,,,,,,,,
2006-11-21,118.08,118.26,117.88,118.13,118.08,7771,34747,1.2816,1.284,1.2809,1.2826,2218,6054,91.16,,,,,,,,
2006-11-22,117.89,117.94,117.38,117.48,117.85,10541,26619,1.2842,1.2873,1.2841,1.2868,3070,4468,91.84,,,,,,,,
2006-11-24,116.29,116.49,116.18,116.34,116.4,12488,27890,1.2951,1.2974,1.2945,1.2971,4483,6409,92.2,,,,,,,,
2006-11-27,115.52,116.23,115.4,116.05,115.65,14096,28175,1.3157,1.3166,1.3113,1.3126,7060,5027,91.95,,,,,,,,
2006-11-28,116.12,116.21,115.89,116.11,116.11,10816,25527,1.3132,1.3148,1.3119,1.314,4609,6645,91.74,,,,,,,,
2006-11-29,116.08,116.29,115.58,115.9,115.77,13426,33490,1.3202,1.3218,1.3175,1.3181,5099,6057,91.53,,,,,,,,
2006-11-30,116.44,116.56,115.98,116.12,116.4,12179,46469,1.3147,1.3197,1.3143,1.3187,4838,15326,91.79,,,,,,,,
2006-12-01,115.7,116.08,115.48,115.87,115.7,13744,40048,1.3251,1.3282,1.3232,1.3272,4452,7733,91.94,,,,,,,,
2006-12-04,115.24,115.84,115.1,115.61,115.58,10813,37939,1.3354,1.337,1.3305,1.3309,5745,6531,92,,,,,,,,
2006-12-05,115.39,115.43,114.84,114.98,115.33,12539,38675,1.3335,1.3346,1.3309,1.3312,4070,7346,92.21,,,,,,,,
2006-12-06,114.96,114.99,114.53,114.81,114.87,10897,37894,1.3316,1.3342,1.3306,1.3308,4635,7603,91.93,,,,,,,,
2006-12-07,115.35,115.39,114.76,114.82,115.1,9661,37259,1.3286,1.3324,1.3277,1.3323,4489,8488,91.89,,,,,,,,
2006-12-08,115.16,115.41,115.13,115.38,115.25,10359,23748,1.3285,1.329,1.3272,1.3276,3842,7600,91.25,,,,,,,,
2006-12-11,116.25,116.96,116.16,116.65,116.7,12438,30229,1.3186,1.3215,1.313,1.3203,7885,5112,90.77,,,,,,,,
2006-12-12,116.78,116.98,116.71,116.8,116.83,8368,39054,1.325,1.3268,1.323,1.3233,5368,5572,90.76,,,,,,,,
2006-12-13,116.72,117.05,116.66,116.96,117,8835,46556,1.3282,1.3288,1.3266,1.3269,3556,8224,90.25,,,,,,,,
2006-12-14,117.42,117.66,117.36,117.42,117.52,7823,44513,1.3217,1.3238,1.3203,1.3235,3251,4201,90.11,,,,,,,,
2006-12-15,117.78,118.13,117.66,117.88,117.93,12097,42222,1.3154,1.3173,1.3139,1.3163,4934,7284,89.99,,,,,,,,
2006-12-18,118.04,118.12,117.87,117.97,118.05,6169,34430,1.3083,1.3115,1.308,1.3098,3299,9897,90.12,,,,,,,,
2006-12-19,118.07,118.26,117.82,118.27,118.05,9933,26108,1.3102,1.3124,1.3084,1.3119,4063,8945,90.02,,,,,,,,
2006-12-20,118.02,118.26,117.99,118.19,118.15,8190,38578,1.3207,1.3245,1.3195,1.3209,4464,9058,89.71,,,,,,,,
2006-12-21,118.35,118.5,118.31,118.37,118.38,7837,37924,1.3186,1.3213,1.317,1.3204,3187,5478,89.84,,,,,,,,
2006-12-22,118.29,118.4,118.23,118.38,118.34,5359,22727,1.3181,1.3209,1.3174,1.3204,2027,6285,89.51,,,,,,,,
2006-12-25,118.77,118.94,118.74,118.84,118.86,1733,9741,1.3134,1.3137,1.3107,1.3137,806,0,89.63,,,,,,,,
2006-12-26,118.86,119,118.72,118.89,118.96,4422,20113,1.3134,1.3142,1.312,1.313,1165,0,89.38,,,,,,,,
2006-12-27,119.13,119.22,118.58,118.7,119.03,8474,29445,1.3111,1.3172,1.3096,1.3155,3264,6563,89.55,,,,,,,,
2006-12-28,118.79,118.92,118.61,118.75,118.78,8280,27086,1.3123,1.3131,1.3107,1.3127,3644,12270,89.34,,,,,,,,
2006-12-29,118.91,119.05,118.74,118.92,118.95,6540,34790,1.3146,1.3183,1.3138,1.3176,2045,7237,89.13,,,,,,,,
2007-01-04,119.37,119.44,119.24,119.34,119.36,6732,35732,1.3169,1.318,1.3156,1.3171,4292,6959,89.43,1264,66,-0.491,-1.402,-4.77,-4.69,6.7,6.8
2007-01-05,118.84,119.05,118.15,118.44,118.37,16034,27106,1.309,1.3105,1.3063,1.3102,4542,8099,89.92,1735,27,-0.535,-1.391,-4.78,-4.7,7,6.8
2007-01-09,118.71,119.04,118.69,118.98,118.9,8917,33015,1.3038,1.3054,1.3023,1.304,3014,7929,89.43,2945,247,-0.52,-1.394,-4.76,-4.68,6.5,6.6
2007-01-10,119.31,119.5,119.13,119.28,119.38,8160,36793,1.2995,1.3004,1.2953,1.2993,5241,4347,89.35,2122,155,-0.506,-1.403,-4.77,-4.7,6.4,6.4
2007-01-11,119.54,119.98,119.51,119.96,119.63,13432,39940,1.2938,1.297,1.2936,1.2967,4527,3940,88.76,2108,102,-0.492,-1.407,-4.76,-4.69,6.5,6.6
2007-01-12,120.35,120.74,120.32,120.48,120.6,11626,20556,1.2894,1.2918,1.2877,1.2914,4979,3247,88.79,2600,0,-0.495,-1.417,-4.76,-4.69,6.7,6.7
2007-01-15,120.27,120.44,120.07,120.25,120.24,7760,31518,1.2927,1.2957,1.2915,1.2946,2580,5784,88.64,2994,0,-0.539,-1.407,-4.74,-4.67,6.7,6.7
2007-01-16,120.45,120.63,120.23,120.34,120.55,8434,38648,1.2934,1.2973,1.2924,1.2965,3988,5646,88.48,2785,39,-0.52,-1.406,-4.71,-4.67,6.7,6.7
2007-01-17,120.81,120.88,120.61,120.67,120.84,10511,41736,1.2916,1.2939,1.2912,1.2921,3248,4924,88.38,3952,66,-0.518,-1.43,-4.83,-4.74,6.8,6.7
2007-01-18,120.63,121.34,120.48,121.22,120.62,19838,31267,1.2939,1.2978,1.2934,1.2962,4162,7401,87.86,1009,0,-0.507,-1.45,-4.86,-4.74,6.3,6.6
2007-01-19,121.29,121.4,121.15,121.2,121.3,8005,27133,1.2961,1.3001,1.2957,1.2987,5135,3159,87.86,2503,0,-0.511,-1.448,-4.89,-4.77,6.3,6.5
2007-01-22,121.3,121.48,121.21,121.37,121.34,6771,32643,1.2962,1.2977,1.2955,1.2971,1840,5912,87.64,640,89,-0.542,-1.449,-4.87,-4.77,6.4,6.5
2007-01-23,121.64,121.75,121.47,121.52,121.7,7801,28793,1.2951,1.2974,1.2929,1.2969,4649,5554,87.61,3072,160,-0.529,-1.453,-4.89,-4.77,6.4,6.5
2007-01-24,121.69,121.79,120.85,120.94,120.9,16743,30941,1.3021,1.3037,1.3007,1.3015,3818,3717,87.97,2476,89,-0.51,-1.451,-4.87,-4.77,6.7,6.6
2007-01-25,120.9,121.21,120.19,120.54,120.45,17989,23661,1.2962,1.2992,1.2953,1.2986,4146,5422,88.04,3274,0,-0.489,-1.404,-4.87,-4.77,7.7,7.4
2007-01-26,121.61,121.65,121.22,121.54,121.54,11884,20405,1.2936,1.2944,1.2919,1.2931,4350,5093,87.93,2046,40,-0.476,-1.404,-4.86,-4.78,7.1,7.1
2007-01-29,121.49,122.2,121.44,121.89,121.99,14807,29445,1.2924,1.2926,1.29,1.2921,3204,6418,87.74,2533,80,-0.461,-1.391,-4.86,-4.78,7.1,7.1
2007-01-30,121.74,122,121.56,121.92,121.6,11445,21733,1.2962,1.2971,1.2946,1.2964,3049,8597,87.8,1641,89,-0.461,-1.44,-4.86,-4.78,7.1,7.1
2007-01-31,121.7,121.75,121.17,121.34,121.68,12319,29437,1.2964,1.2974,1.2951,1.2952,3120,7103,88.34,2079,0,-0.461,-1.438,-4.88,-4.79,7.5,7.3
2007-02-01,120.76,120.92,120.45,120.69,120.74,13737,31953,1.3022,1.304,1.3015,1.302,3229,5767,88.15,3458,65,-0.456,-1.46,-4.86,-4.79,8.1,7.6
2007-02-02,120.82,120.84,120.64,120.77,120.78,9938,26355,1.3017,1.3025,1.3013,1.3017,4037,4904,88.03,1498,0,-0.453,-1.441,-4.82,-4.77,7.7,7.3
2007-02-05,121,121.19,120.52,120.61,120.8,9345,26403,1.2961,1.2962,1.2932,1.2954,4241,3919,88.64,2436,0,-0.456,-1.425,-4.85,-4.77,7.4,7.2
2007-02-06,120.22,120.47,120.02,120.39,120.12,10445,23248,1.2933,1.2936,1.2913,1.2927,3618,3771,88.67,3275,60,-0.452,-1.417,-4.82,-4.76,7.8,7.4
2007-02-07,120.07,120.48,120,120.45,120.2,9309,25944,1.2984,1.2995,1.2974,1.2985,3758,4438,88.2,2754,88,-0.452,-1.413,-4.82,-4.74,7.8,7.4
2007-02-08,120.6,121.22,120.58,121.14,120.78,11946,33562,1.3023,1.3027,1.3005,1.3008,3447,5294,87.92,2575,0,-0.453,-1.434,-4.82,-4.74,7.4,7.1
2007-02-09,121.16,121.49,120.99,121.32,121.34,10446,25833,1.3037,1.3044,1.3003,1.3005,3363,4467,87.48,1456,0,-0.456,-1.427,-4.83,-4.75,7.3,7
2007-02-13,121.79,121.96,121.32,121.51,121.45,11088,30124,1.2961,1.3001,1.2955,1.2999,3711,4728,87.95,1588,328,-0.456,-1.431,-4.82,-4.76,6.8,6.9
2007-02-14,121.28,121.36,121.05,121.21,121.28,10144,34375,1.3032,1.3085,1.3025,1.3077,7106,4849,87.98,2256,180,-0.453,-1.423,-4.8,-4.74,7.1,6.9
2007-02-15,120.31,120.78,119.77,119.97,120.1,19883,40656,1.3138,1.3153,1.313,1.3135,4067,4498,89.07,3192,89,-0.448,-1.415,-4.79,-4.71,7.9,7.4
2007-02-16,119.41,119.58,119.22,119.44,119.38,13711,20383,1.3133,1.3146,1.3129,1.3138,2811,2275,88.93,2559,65,-0.441,-1.401,-4.74,-4.69,7.9,7.4
2007-02-19,119.36,119.6,119.23,119.46,119.45,6450,18479,1.3148,1.3164,1.3137,1.3154,2435,3867,88.79,730,0,-0.456,-1.386,-4.74,-4.69,7.5,7.2
2007-02-20,119.72,120,119.58,119.95,119.73,9858,31098,1.3152,1.319,1.3148,1.316,6081,1869,88.5,2080,0,-0.441,-1.388,-4.73,-4.68,7.3,7.2
2007-02-21,120.03,120.55,119.71,120.45,120.25,18989,21933,1.3147,1.3166,1.3135,1.3156,3435,2948,87.82,1356,795,-0.438,-1.378,-4.67,-4.63,7.2,7
2007-02-22,120.96,121.27,120.84,121.25,121.02,11711,40189,1.3139,1.3144,1.3086,1.3091,4161,5944,87.38,3588,0,-0.437,-1.431,-4.64,-4.62,6.6,6.7
2007-02-23,121.5,121.64,121.32,121.35,121.48,9859,29880,1.3124,1.3131,1.311,1.3128,2536,3551,87.66,2765,0,-0.44,-1.42,-4.65,-4.62,6.8,6.7
2007-02-26,120.98,121.07,120.77,120.88,120.9,9164,33332,1.3182,1.3199,1.3169,1.3179,4825,4422,87.95,686,219,-0.466,-1.426,-4.62,-4.61,6.8,6.8
2007-02-27,120.66,120.75,119.91,119.95,120.2,17032,32016,1.3195,1.3205,1.3162,1.317,7416,6611,90.01,2894,0,-0.492,-1.418,-4.6,-4.61,7.2,6.9
2007-02-28,118.1,118.72,117.93,118.59,118.48,25244,40687,1.3232,1.3242,1.3197,1.321,5962,6831,89.54,2730,0,-0.466,-1.409,-4.57,-4.55,8.6,7.8
2007-03-01,118.76,118.87,118.08,118.11,118.3,18113,39816,1.3228,1.324,1.3204,1.3228,4345,5128,90.33,3115,248,-0.466,-1.38,-4.57,-4.56,7.9,7.5
2007-03-02,117.74,117.83,117.48,117.65,117.65,14838,29712,1.317,1.3188,1.3164,1.3178,3439,3908,91.04,1718,0,-0.461,-1.367,-4.55,-4.54,8.5,7.8
2007-03-05,116.11,116.78,115.19,115.33,115.6,27726,27387,1.3184,1.3213,1.312,1.3142,6447,7261,92.34,2292,186,-0.482,-1.344,-4.54,-4.54,9.8,8.6
2007-03-06,115.6,116.57,115.22,116.39,116.45,19434,38513,1.3086,1.3127,1.3081,1.3123,5378,4662,91.32,3556,0,-0.476,-1.356,-4.6,-4.55,9.3,8.2
2007-03-07,116.8,116.9,116.21,116.46,116.35,15560,39059,1.3137,1.3142,1.311,1.3124,3439,4071,91.66,2840,306,-0.461,-1.392,-4.59,-4.58,8.9,8
2007-03-08,115.7,116.83,115.55,116.62,115.88,22582,36516,1.3177,1.3182,1.3167,1.3171,2874,4232,90.83,3752,0,-0.461,-1.361,-4.58,-4.56,9,8.3
2007-03-09,117.17,117.49,117.09,117.38,117.4,13618,27275,1.3138,1.3158,1.313,1.3146,3186,5289,89.94,2822,0,-0.463,-1.373,-4.58,-4.58,8.8,7.9
2007-03-12,118.21,118.5,118,118.4,118.25,12091,29101,1.3126,1.3133,1.311,1.3127,3351,4993,90.28,2928,155,-0.496,-1.386,-4.57,-4.58,8.3,7.5
2007-03-13,117.6,117.78,117.26,117.31,117.47,11339,25075,1.3188,1.3196,1.3163,1.3167,3509,2585,91.45,2685,195,-0.477,-1.376,-4.57,-4.58,8.6,7.7
2007-03-14,116.03,116.4,115.76,116.05,116.2,16971,38944,1.3189,1.3208,1.3183,1.3197,2605,4464,90.74,2604,0,-0.456,-1.382,-4.56,-4.55,10.1,8.6
2007-03-15,117.28,117.58,117.03,117.27,117.2,15676,43535,1.3232,1.3234,1.321,1.3214,3445,4019,90.35,2533,0,-0.46,-1.362,-4.55,-4.54,9.2,8.3
2007-03-16,117.16,117.5,116.75,116.85,117.13,16620,28001,1.3281,1.3314,1.3235,1.3307,9193,5724,90.83,1917,168,-0.459,-1.362,-4.55,-4.55,9.3,8.3
2007-03-19,116.42,117.45,116.25,117.18,117.22,13157,33401,1.3318,1.3325,1.3286,1.3304,3679,2545,90.2,1860,0,-0.469,-1.357,-4.49,-4.52,10.1,8.6
2007-03-20,117.63,118.02,117.3,117.75,117.83,13461,30039,1.3313,1.3314,1.3276,1.3305,3806,5681,90.26,2703,0,-0.458,-1.395,-4.51,-4.53,9.2,8.2
2007-03-22,117.43,117.65,117.25,117.32,117.5,11404,36120,1.3398,1.3412,1.3367,1.3378,5771,5196,89.44,5380,0,-0.457,-1.365,-4.52,-4.54,8.6,8
2007-03-23,118.12,118.26,117.87,117.96,118,12810,24327,1.3332,1.3338,1.3318,1.333,4258,5212,89.52,2563,40,-0.462,-1.378,-4.54,-4.56,8.2,7.7
2007-03-26,118.04,118.24,117.8,118.09,117.98,10321,32479,1.3274,1.3283,1.3255,1.3274,5150,4470,89.46,990,0,-0.447,-1.379,-4.54,-4.57,8.4,7.7
2007-03-27,118.24,118.36,117.88,118.06,118.18,9489,43383,1.3329,1.334,1.3323,1.3341,4292,7241,89.72,2830,0,-0.437,-1.387,-4.59,-4.59,8.2,7.7
2007-03-28,117.98,118,117.08,117.38,117.4,15898,43531,1.3349,1.3363,1.3328,1.3336,2746,9220,90.5,2658,0,-0.422,-1.369,-4.62,-4.61,9.1,8
2007-03-29,116.92,117.53,116.67,117.42,117.15,14637,43842,1.331,1.3329,1.3302,1.3321,2539,6067,89.53,2913,194,-0.451,-1.363,-4.61,-4.59,9.3,8.2
2007-03-30,118.11,118.2,117.47,118.05,117.65,16718,40181,1.3329,1.3348,1.3316,1.3317,3485,13750,89.66,3290,0,-0.515,-1.372,-4.63,-4.61,9.1,8.2
2007-04-02,117.76,118.08,117.46,117.79,117.95,9474,38387,1.3353,1.3375,1.3332,1.3347,3714,8430,89.59,1117,0,-0.501,-1.387,-4.64,-4.61,9.2,8.2
2007-04-03,117.85,118.6,117.73,118.52,117.77,12312,41718,1.3373,1.3382,1.3354,1.3362,2930,6031,88.78,2012,0,-0.486,-1.373,-4.62,-4.59,8.9,8
2007-04-04,118.88,119.02,118.69,118.82,118.9,12650,35741,1.3324,1.336,1.3318,1.3351,4325,6994,88.89,3516,80,-0.476,-1.387,-4.64,-4.61,8.4,7.6
2007-04-05,118.68,118.8,118.49,118.73,118.67,7617,39539,1.3375,1.3377,1.3354,1.337,2521,5183,88.72,3225,68,-0.46,-1.383,-4.65,-4.6,8.1,7.7
2007-04-06,118.72,118.9,118.69,118.8,118.75,5106,35136,1.3425,1.3432,1.3411,1.3419,2776,0,88.41,1080,130,-0.461,-1.384,-4.65,-4.6,8.1,7.7
2007-04-09,119.36,119.39,119.25,119.28,119.36,4224,34948,1.3369,1.3376,1.3354,1.3366,2496,321,88.42,874,0,-0.462,-1.393,-4.64,-4.61,8,7.6
2007-04-10,119.28,119.32,118.76,119.16,119.05,11438,51333,1.3354,1.3434,1.3351,1.3409,5696,9839,88.48,2402,223,-0.492,-1.392,-4.64,-4.62,8.2,7.6
2007-04-11,119.18,119.31,118.88,119.21,119.15,10302,47602,1.3429,1.3436,1.3415,1.3424,3655,7918,88.22,3435,0,-0.477,-1.392,-4.64,-4.62,8,7.6
2007-04-12,119.34,119.52,119.22,119.27,119.32,9070,53870,1.3436,1.3478,1.343,1.3468,5160,8817,88.29,3532,0,-0.462,-1.409,-4.64,-4.61,7.5,7.4
2007-04-13,119.01,119.16,118.53,118.6,118.94,13116,48386,1.3486,1.3534,1.3482,1.3525,6133,10985,88.11,1362,156,-0.461,-1.388,-4.66,-4.62,7.5,7.3
2007-04-16,119.27,119.67,118.99,119.5,119.5,11502,49011,1.3569,1.3577,1.3539,1.3555,5050,8136,87.73,3241,359,-0.462,-1.394,-4.64,-4.61,7.5,7.2
2007-04-17,119.75,119.82,119.12,119.31,119.6,12430,35677,1.3528,1.3547,1.3525,1.354,3708,4781,88.23,4039,27,-0.495,-1.396,-4.66,-4.62,7.4,7.1
2007-04-18,118.84,119.03,118.52,118.66,118.72,12187,33608,1.3573,1.3604,1.3569,1.3589,4975,6965,88.3,2919,331,-0.476,-1.386,-4.65,-4.61,7.8,7.4
2007-04-19,118.36,118.58,117.61,117.95,118.3,20753,32684,1.3616,1.362,1.3562,1.3585,4915,4182,88.45,2147,0,-0.459,-1.378,-4.67,-4.62,8.3,7.8
2007-04-20,118.43,118.83,118.25,118.72,118.65,12254,49775,1.3625,1.3637,1.3606,1.3615,4308,4474,88.28,1516,96,-0.458,-1.379,-4.62,-4.59,7.7,7.5
2007-04-23,118.78,119.01,118.24,118.33,118.95,10802,29348,1.36,1.3607,1.357,1.3572,3743,2360,88.37,1549,0,-0.46,-1.381,-4.66,-4.61,7.7,7.4
2007-04-24,118.46,118.67,118.24,118.64,118.47,11974,33110,1.358,1.3585,1.3548,1.3565,4012,5042,88.33,1896,34,-0.506,-1.378,-4.66,-4.6,7.7,7.4
2007-04-25,118.57,118.59,118.27,118.5,118.4,8953,42457,1.3635,1.3652,1.3623,1.364,4605,3910,88.15,1053,0,-0.52,-1.437,-4.65,-4.6,7.3,7.3
2007-04-26,118.67,119.07,118.54,118.94,118.62,11689,34030,1.364,1.3654,1.3634,1.364,3346,3852,87.69,1600,276,-0.473,-1.394,-4.62,-4.59,7.2,7.2
2007-04-27,119.55,119.75,119.32,119.41,119.6,13077,48859,1.3595,1.3608,1.3587,1.3601,3844,4436,87.55,996,120,-0.507,-1.403,-4.62,-4.59,7.1,7.1
2007-05-01,119.46,119.6,119.36,119.55,119.55,4970,36546,1.3654,1.3661,1.3627,1.3639,1509,3430,87.44,470,42,-0.477,-1.404,-4.63,-4.59,7.2,7.1
2007-05-02,119.78,120.15,119.47,119.99,119.88,14817,43289,1.3605,1.3606,1.356,1.3573,4335,5757,87.24,1857,642,-0.48,-1.408,-4.65,-4.59,7,7
2007-05-07,120.1,120.18,119.79,119.94,119.93,7324,34521,1.3593,1.3612,1.3592,1.3606,2863,5013,87.07,1321,134,-0.511,-1.41,-4.64,-4.59,6.9,6.8
2007-05-08,120.12,120.13,119.69,119.96,119.85,10185,33872,1.3598,1.3622,1.3594,1.3601,3771,5583,87.18,1891,228,-0.497,-1.413,-4.66,-4.61,6.9,6.8
2007-05-09,119.95,120.04,119.66,119.84,119.78,7878,37814,1.354,1.3553,1.3535,1.354,3022,6906,87.12,993,28,-0.479,-1.44,-4.64,-4.6,6.9,6.9
2007-05-10,120.16,120.24,119.95,120.2,120.05,10582,33793,1.3535,1.3563,1.3522,1.3558,4337,6117,87.41,3883,56,-0.479,-1.41,-4.63,-4.59,6.7,6.7
2007-05-11,119.9,120.02,119.71,119.88,119.9,13321,31584,1.3477,1.3488,1.3463,1.348,3371,4001,87.09,779,28,-0.479,-1.409,-4.64,-4.59,6.6,6.7
2007-05-14,120.12,120.34,120.04,120.22,120.2,7084,37646,1.3542,1.355,1.3525,1.3546,3595,4462,86.89,2180,0,-0.511,-1.411,-4.63,-4.59,6.6,6.7
2007-05-15,120.46,120.54,120.13,120.23,120.34,10482,34189,1.3544,1.3562,1.3534,1.3542,3162,5701,86.88,3331,104,-0.498,-1.415,-4.65,-4.6,6.6,6.7
2007-05-16,120.23,120.39,120.15,120.37,120.23,7458,35910,1.3592,1.361,1.3589,1.3598,3073,3912,86.6,2358,0,-0.48,-1.442,-4.63,-4.59,6.4,6.5
2007-05-17,120.81,120.97,120.68,120.95,120.82,10410,33623,1.3523,1.3544,1.3516,1.3539,3138,5143,86.3,3258,125,-0.484,-1.421,-4.64,-4.59,6.2,6.5
2007-05-18,121.3,121.37,121.18,121.3,121.3,8716,27068,1.3496,1.35,1.348,1.35,4364,6964,86.43,1531,42,-0.488,-1.43,-4.67,-4.61,6.2,6.4
2007-05-21,121.16,121.32,121.08,121.29,121.26,7434,28781,1.3521,1.3525,1.3499,1.3502,2667,4569,86.17,704,91,-0.519,-1.43,-4.66,-4.61,6.4,6.5
2007-05-22,121.48,121.58,121.21,121.46,121.48,8082,33588,1.3463,1.3476,1.3453,1.3462,3619,5731,86.1,2082,0,-0.506,-1.431,-4.69,-4.61,6.2,6.5
2007-05-23,121.72,121.83,121.53,121.83,121.7,9444,40327,1.3451,1.3463,1.3419,1.3426,4632,7059,85.99,2378,70,-0.489,-1.465,-4.66,-4.61,6.3,6.4
2007-05-24,121.57,121.65,121.4,121.45,121.6,9966,30972,1.3457,1.346,1.343,1.3436,2607,4848,86.27,2053,84,-0.489,-1.43,-4.67,-4.6,6.3,6.4
2007-05-25,121.31,121.5,120.86,121.36,121.12,13775,10742,1.3423,1.344,1.3412,1.3438,4399,2624,85.9,1311,201,-0.488,-1.425,-4.66,-4.59,6.4,6.5
2007-05-28,121.78,121.82,121.62,121.69,121.67,4357,22200,1.3448,1.3458,1.3445,1.3457,1052,3455,85.91,504,0,-0.473,-1.43,-4.66,-4.6,6.4,6.6
2007-05-29,121.66,121.79,121.27,121.31,121.5,10377,32865,1.3453,1.3458,1.342,1.3454,4006,5619,85.98,2908,41,-0.457,-1.427,-4.67,-4.59,6.4,6.6
2007-05-30,121.6,121.75,121.29,121.63,121.54,11667,36514,1.3454,1.3457,1.3429,1.3436,3825,7573,86.01,1244,0,-0.488,-1.469,-4.66,-4.57,6.5,6.6
2007-05-31,121.57,121.68,121.46,121.63,121.62,9354,36435,1.3433,1.3447,1.3423,1.3439,2999,10406,85.88,2014,69,-0.488,-1.424,-4.65,-4.58,6.3,6.5
2007-06-01,121.74,121.98,121.7,121.9,121.93,9115,35956,1.3455,1.3456,1.3435,1.3443,3716,8712,85.59,505,0,-0.471,-1.429,-4.63,-4.58,6.2,6.4
2007-06-04,122.03,122.12,121.91,122.03,122,7582,37289,1.3444,1.3457,1.3433,1.3447,2542,6465,85.73,2561,0,-0.476,-1.43,-4.67,-4.58,6.1,6.3
2007-06-05,121.63,121.94,121.6,121.76,121.75,9052,22984,1.3493,1.3514,1.3489,1.3508,3308,7945,85.97,1692,329,-0.507,-1.429,-4.67,-4.58,5.7,6
2007-06-06,121.45,121.5,121.24,121.29,121.37,9681,38197,1.3518,1.3538,1.3512,1.3522,2604,10868,86.26,1000,157,-0.488,-1.451,-4.66,-4.57,5.9,6.1
2007-06-07,120.9,121.45,120.77,121.27,120.94,13313,22180,1.3498,1.3512,1.3492,1.3497,3721,7848,86.55,3644,117,-0.47,-1.413,-4.64,-4.55,6.3,6.5
2007-06-08,121.15,121.36,120.77,120.93,121.15,17216,26800,1.3427,1.3428,1.3391,1.3399,5373,6557,86.16,2318,104,-0.47,-1.411,-4.65,-4.56,6.7,6.8
2007-06-11,121.67,121.75,121.52,121.61,121.63,6866,27684,1.3358,1.3365,1.3333,1.3343,3569,8001,86.21,255,387,-0.472,-1.417,-4.65,-4.55,6.6,6.7
2007-06-12,121.77,121.79,121.6,121.66,121.68,8190,39683,1.3351,1.337,1.3347,1.3349,3147,10523,86.28,1028,42,-0.52,-1.416,-4.66,-4.55,6.3,6.4
2007-06-13,121.56,122.32,121.5,122.29,122.15,16523,38509,1.3302,1.3315,1.3275,1.3285,6165,5276,85.5,3136,0,-0.503,-1.46,-4.62,-4.52,6.3,6.4
2007-06-14,122.58,122.97,122.55,122.94,122.8,12266,40133,1.3309,1.3316,1.3291,1.3302,3450,7722,85.39,1880,90,-0.477,-1.422,-4.66,-4.53,6.2,6.5
2007-06-15,123.04,123.34,122.92,123.31,123.06,11472,24954,1.331,1.3331,1.3307,1.3315,3063,5448,84.81,3009,42,-0.477,-1.427,-4.65,-4.53,6.3,6.5
2007-06-18,123.49,123.63,123.4,123.47,123.5,8507,24761,1.3388,1.3406,1.338,1.3393,3026,4742,84.56,1483,171,-0.479,-1.439,-4.65,-4.55,6.4,6.6
2007-06-19,123.64,123.73,123.51,123.67,123.61,8482,36754,1.3417,1.3437,1.3404,1.3406,4328,8916,84.69,4623,11,-0.51,-1.44,-4.64,-4.55,6.2,6.5
2007-06-20,123.44,123.47,123.1,123.37,123.34,11079,42256,1.3425,1.3438,1.3415,1.3427,2639,8048,84.61,2262,0,-0.496,-1.481,-4.67,-4.55,6,6.3
2007-06-21,123.57,123.75,123.45,123.7,123.64,8977,29634,1.34,1.3404,1.3373,1.338,4180,2797,84.5,3136,0,-0.479,-1.44,-4.64,-4.55,5.8,6.4
2007-06-22,123.78,124.14,123.72,124.07,123.95,15115,38097,1.339,1.3424,1.3382,1.3406,3286,3327,84.3,1823,68,-0.479,-1.441,-4.63,-4.54,6,6.4
2007-06-25,123.85,123.94,123.67,123.74,123.88,9896,26686,1.3465,1.3474,1.344,1.3445,2864,5740,84.47,2781,68,-0.479,-1.44,-4.63,-4.54,6.2,6.5
2007-06-26,123.55,123.69,123.17,123.21,123.4,16082,43308,1.3464,1.3467,1.3432,1.3452,2972,4579,84.78,1616,122,-0.509,-1.438,-4.64,-4.56,6.4,6.6
2007-06-27,122.95,123.23,122.41,122.6,122.99,19445,40962,1.3451,1.3458,1.3416,1.343,3842,9521,85.08,3735,90,-0.508,-1.416,-4.66,-4.57,7.5,7.3
2007-06-28,123.29,123.37,122.79,123.09,122.98,15731,42109,1.3455,1.3483,1.3442,1.3451,3488,6644,84.76,2810,206,-0.491,-1.43,-4.63,-4.54,7.5,7.3
2007-06-29,123.22,123.53,123.11,123.48,123.23,12282,42240,1.3438,1.3458,1.3431,1.3447,3385,12073,84.6,1829,139,-0.491,-1.432,-4.62,-4.54,6.8,6.8
2007-07-02,123.22,123.28,122.63,122.65,123,10106,27718,1.3536,1.3571,1.3529,1.3565,3766,12173,84.84,1261,0,-0.509,-1.43,-4.65,-4.55,6.8,6.8
2007-07-03,122.29,122.69,122.19,122.43,122.35,11161,21535,1.3621,1.3634,1.3599,1.3601,5168,3009,84.82,3179,90,-0.509,-1.423,-4.66,-4.53,7.2,7.2
2007-07-04,122.46,122.51,122.22,122.37,122.4,8390,27103,1.3607,1.3631,1.3606,1.3622,2930,9875,84.64,2113,94,-0.491,-1.468,-4.66,-4.54,7,7.1
2007-07-05,122.73,122.89,122.56,122.6,122.8,9851,36464,1.3618,1.3645,1.3605,1.3644,4414,11098,84.53,1366,80,-0.494,-1.425,-4.67,-4.54,6.7,6.9
2007-07-06,122.97,123.3,122.87,123.21,122.95,11581,36459,1.3595,1.3601,1.3576,1.3589,5904,7511,84.19,2030,98,-0.497,-1.429,-4.68,-4.53,6.6,6.7
2007-07-09,123.46,123.67,123.36,123.46,123.63,8979,28797,1.3626,1.3638,1.3611,1.3624,2935,7288,84.12,1834,21,-0.529,-1.431,-4.66,-4.53,6.5,6.6
2007-07-10,123.33,123.48,123.17,123.33,123.25,9754,25538,1.3622,1.3632,1.3595,1.3631,5041,5411,85.03,3999,187,-0.511,-1.43,-4.65,-4.53,6.4,6.5
2007-07-11,121.73,121.87,120.99,121.28,121.7,23082,34487,1.3745,1.3772,1.3732,1.3743,4893,6464,84.43,2949,289,-0.489,-1.435,-4.68,-4.53,7.9,7.3
2007-07-12,122.36,122.41,121.83,122.04,122.3,12743,36608,1.3746,1.3792,1.3744,1.3787,3118,9912,84.37,2209,90,-0.49,-1.414,-4.65,-4.52,7.2,7.1
2007-07-13,122.43,122.62,122.32,122.4,122.45,9861,28998,1.3784,1.3792,1.3764,1.3781,3285,8331,84.7,3272,131,-0.527,-1.415,-4.69,-4.52,7,7
2007-07-17,121.88,122.09,121.69,121.83,121.93,9495,43384,1.3776,1.3799,1.3769,1.3791,3596,6560,84.38,1721,110,-0.508,-1.409,-4.69,-4.52,7.3,7.3
2007-07-18,122.09,122.22,121.58,121.93,121.95,14969,26420,1.3795,1.3834,1.3782,1.3786,6066,9233,84.62,1925,335,-0.49,-1.438,-4.67,-4.52,7.5,7.3
2007-07-19,121.95,122.01,121.74,121.87,121.95,7493,31493,1.3806,1.3815,1.3786,1.38,4649,5937,84.53,1482,144,-0.49,-1.408,-4.66,-4.51,7,7.1
2007-07-20,122.12,122.44,122.05,122.39,122.22,10735,35579,1.3799,1.3807,1.3786,1.3795,3199,6429,85.06,1997,90,-0.49,-1.409,-4.65,-4.51,6.6,6.7
2007-07-23,121.29,121.6,120.8,120.92,120.93,16414,28170,1.3838,1.3843,1.3821,1.3825,2941,5755,85.13,3611,172,-0.518,-1.397,-4.67,-4.51,7.9,7.5
2007-07-24,120.98,121.14,120.41,120.53,120.6,17684,37096,1.3801,1.3834,1.3799,1.3808,3191,3488,85.69,2896,211,-0.499,-1.393,-4.65,-4.52,7.9,7.6
2007-07-25,120.27,120.34,119.8,120.14,119.95,20766,27569,1.382,1.3829,1.3761,1.377,6550,5382,85.7,5523,184,-0.481,-1.418,-4.65,-4.52,8.3,7.8
2007-07-26,120.57,120.75,120.26,120.36,120.63,11845,31069,1.3722,1.3728,1.3705,1.3714,3840,2949,87.23,3475,422,-0.481,-1.389,-4.63,-4.51,7.6,7.5
2007-07-27,118.89,119.29,118.18,119.07,118.9,24607,31116,1.3751,1.3753,1.3692,1.3706,4720,7877,87.52,4062,784,-0.477,-1.366,-4.67,-4.5,9.1,8.4
2007-07-30,118.34,119.04,118.04,118.97,118.52,17741,31716,1.3634,1.367,1.361,1.3669,3842,4338,87.06,3387,187,-0.519,-1.362,-4.63,-4.49,9.6,8.6
2007-07-31,119.2,119.26,118.78,118.99,118.95,17370,47414,1.3723,1.3727,1.3692,1.3708,4129,10335,87.48,4077,145,-0.508,-1.37,-4.65,-4.5,9.2,8.4
2007-08-01,118.53,118.72,117.6,117.87,118.5,25496,31995,1.3673,1.368,1.3643,1.3655,4117,9190,87.24,2840,301,-0.488,-1.386,-4.66,-4.5,10,8.9
2007-08-02,118.88,119.16,118.34,118.79,118.8,14207,34950,1.3665,1.3681,1.3653,1.3665,3283,5515,86.97,3240,118,-0.477,-1.367,-4.66,-4.5,9.3,8.7
2007-08-03,119.16,119.32,119.06,119.13,119.25,10293,42011,1.3706,1.3714,1.3684,1.369,4319,5103,87.8,1365,69,-0.478,-1.369,-4.65,-4.49,8.9,8.5
2007-08-06,117.6,117.8,117.19,117.73,117.6,16025,30305,1.3819,1.384,1.3808,1.3814,4630,4756,87.09,3050,286,-0.499,-1.339,-4.62,-4.45,10.4,9.4
2007-08-07,118.71,118.9,118.53,118.72,118.68,11582,31503,1.3811,1.3816,1.379,1.3805,3103,6349,87.25,2378,142,-0.49,-1.356,-4.64,-4.46,9.8,9.1
2007-08-08,119.05,119.24,118.75,119.21,118.95,13210,38350,1.3754,1.3758,1.3721,1.3746,3574,3150,86.45,5284,278,-0.477,-1.401,-4.65,-4.46,9.3,8.7
2007-08-09,119.72,119.77,118.89,119.05,119.68,14174,49543,1.3802,1.3816,1.3754,1.3774,3301,7104,87.9,4079,62,-0.482,-1.38,-4.68,-4.51,8.7,8.3
2007-08-10,117.94,118.34,117.72,118.08,117.9,17708,43735,1.3667,1.3695,1.3649,1.3687,4583,7780,87.77,4460,364,-0.501,-1.381,-4.92,-4.57,10.6,9.6
2007-08-13,118.33,118.49,118,118.29,118.22,9393,36437,1.3689,1.3709,1.3654,1.3667,2389,9770,88.04,1874,119,-0.555,-1.391,-4.96,-4.6,10.8,9.6
2007-08-14,118.26,118.29,117.77,117.94,117.93,12339,44440,1.3609,1.3625,1.3566,1.3568,4615,5470,88.85,1861,243,-0.531,-1.386,-4.91,-4.59,11,9.8
2007-08-15,117.54,117.65,116.61,116.94,117.4,19092,43542,1.3532,1.3537,1.3475,1.3491,4383,6517,89.9,4801,269,-0.507,-1.399,-4.88,-4.59,12.1,10.4
2007-08-16,116.3,116.74,115.71,116.07,116,31110,48327,1.3432,1.3447,1.3386,1.3439,6629,10264,92.31,4549,132,-0.479,-1.35,-4.79,-4.55,13.6,12
2007-08-17,113.75,114.6,111.6,112.72,112.4,36437,42899,1.3429,1.3431,1.3375,1.3409,3152,9695,91.66,6276,77,-0.46,-1.302,-4.74,-4.52,22.5,17.3
2007-08-20,114.24,115.43,113.7,115.3,114.4,17968,54088,1.3476,1.3508,1.3475,1.3502,2338,5669,91.23,5180,84,-0.504,-1.346,-4.65,-4.39,15.2,11.5
2007-08-21,114.7,115.24,114.02,114.3,114.73,18354,49308,1.3473,1.3486,1.346,1.3478,2478,6514,91.7,3666,299,-0.499,-1.347,-4.74,-4.44,15.1,11.9
2007-08-22,114.43,115.07,113.99,114.87,114.38,13403,40341,1.347,1.3492,1.345,1.3486,3539,5899,90.72,3684,135,-0.477,-1.31,-4.68,-4.37,15.4,12.2
2007-08-23,115.84,116.08,115.36,115.93,115.9,18701,39293,1.3548,1.3559,1.3536,1.354,2972,6809,89.95,4128,184,-0.471,-1.319,-4.72,-4.45,11.5,10.1
2007-08-24,116.08,116.45,115.53,116.11,116.15,14953,35147,1.3565,1.3574,1.3555,1.3572,1894,10424,89.46,2482,81,-0.477,-1.33,-4.78,-4.49,12.4,10.1
2007-08-27,116.66,116.75,116.11,116.17,116.24,8862,27904,1.3681,1.3684,1.3661,1.366,2191,5371,89.97,2567,0,-0.462,-1.341,-4.77,-4.51,12.3,10.1
2007-08-28,115.65,115.77,115.33,115.51,115.55,14919,31575,1.3637,1.3643,1.3618,1.3641,3216,11633,91.43,1738,0,-0.444,-1.341,-4.76,-4.54,12.8,10.4
2007-08-29,113.98,114.57,113.86,114.43,114.05,19192,44247,1.3578,1.3607,1.3563,1.3596,4962,11355,89.68,5890,14,-0.436,-1.34,-4.9,-4.63,14.9,11.8
2007-08-30,115.71,116.11,115.21,115.65,115.75,14192,41074,1.367,1.3676,1.363,1.3638,3989,11455,90.01,5614,228,-0.484,-1.376,-5.03,-4.71,13.4,11
2007-08-31,116.01,116.54,115.81,116.24,116.2,15644,26495,1.3671,1.3676,1.3632,1.3661,3981,8968,90.03,2832,0,-0.493,-1.413,-5.08,-4.8,13,11
2007-09-03,115.82,116.11,115.66,116.02,115.98,6528,25428,1.3632,1.3653,1.3626,1.3652,2018,12867,89.86,2669,0,-0.499,-1.435,-5.15,-4.89,13.5,11
2007-09-04,115.77,116,115.36,115.4,115.95,10905,45732,1.3614,1.3625,1.3599,1.3604,3572,11537,89.63,4350,155,-0.554,-1.456,-5.21,-4.97,13.3,11
2007-09-05,116.42,116.47,115.64,115.79,115.84,12725,40661,1.3624,1.3629,1.357,1.3575,3828,9825,90.47,4309,28,-0.529,-1.436,-5.14,-4.91,13.3,11.1
2007-09-06,114.95,115.57,114.81,115.37,115.4,13767,35822,1.3653,1.3655,1.3636,1.3652,2691,9364,90.2,3390,51,-0.496,-1.429,-5.15,-4.89,13.5,11.2
2007-09-07,115.47,115.65,114.93,115.19,115.1,12978,39614,1.3693,1.3696,1.3664,1.3678,3960,8685,91.75,3995,0,-0.491,-1.425,-5.11,-4.89,12.7,11
2007-09-10,112.9,113.38,112.6,113.37,113.2,19624,40017,1.3779,1.38,1.3767,1.3791,2864,6778,91.36,1958,203,-0.472,-1.363,-5,-4.76,14.7,12
2007-09-11,113.56,113.91,113.39,113.59,113.6,9518,51740,1.3793,1.3807,1.3778,1.3792,2986,10681,90.77,918,118,-0.506,-1.363,-5,-4.74,13.2,11.2
2007-09-12,114.13,114.35,113.78,114.07,114.1,13048,39417,1.3838,1.388,1.3825,1.3848,5027,9410,90.61,4077,282,-0.49,-1.368,-4.99,-4.75,12.5,10.6
2007-09-13,114.26,114.58,114.1,114.47,114.3,10833,53714,1.3896,1.391,1.3881,1.3902,3883,11542,89.88,3631,0,-0.453,-1.343,-4.75,-4.64,11.6,10.3
2007-09-14,114.82,115.4,114.51,115,115,16864,49972,1.3873,1.3896,1.3863,1.3884,2545,7633,89.72,5452,42,-0.454,-1.341,-4.73,-4.6,11.4,10
2007-09-18,115.05,115.12,114.79,114.97,114.95,10835,46974,1.3867,1.3872,1.3829,1.3859,2691,9021,88.87,2065,91,-0.47,-1.297,-4.6,-4.46,11.7,10
2007-09-19,115.74,116.09,115.67,115.89,115.87,14146,53963,1.3975,1.3988,1.3962,1.3971,5336,8621,88.84,3092,0,-0.439,-1.246,-4.4,-4.25,10.2,9.1
2007-09-20,115.96,116.05,115.3,115.61,115.9,12161,37112,1.3974,1.4066,1.3964,1.4039,6151,10877,89.65,1579,118,-0.413,-1.229,-4.27,-4.15,9,8.6
2007-09-21,114.94,115.14,114.59,115.03,114.95,17315,36279,1.407,1.412,1.4066,1.4085,4642,10307,88.94,3438,0,-0.416,-1.214,-4.35,-4.18,10,9.3
2007-09-25,114.84,114.98,114.58,114.72,114.7,9273,45143,1.4074,1.4087,1.4062,1.4075,4442,7470,89.44,2597,28,-0.447,-1.226,-4.38,-4.22,9.7,9
2007-09-26,114.61,115.1,114.54,114.96,114.82,11833,43445,1.4149,1.4163,1.4122,1.4128,4703,5918,88.84,2276,55,-0.458,-1.225,-4.34,-4.21,9.9,9.1
2007-09-27,115.45,115.69,115.4,115.52,115.56,11542,34388,1.4129,1.4166,1.4124,1.4135,3354,7882,88.65,3846,160,-0.426,-1.267,-4.27,-4.15,9.2,8.7
2007-09-28,115.55,115.64,114.9,115.27,115.05,15395,46200,1.4157,1.4182,1.4147,1.4169,3377,16099,88.99,3206,28,-0.432,-1.26,-4.35,-4.18,9.1,8.5
2007-10-01,114.88,115.58,114.73,115.55,114.9,11954,40618,1.4271,1.4283,1.4221,1.4221,2633,11835,88.22,795,134,-0.46,-1.249,-4.36,-4.2,9.7,8.9
2007-10-02,115.77,115.84,115.28,115.45,115.4,10651,42760,1.4235,1.4237,1.418,1.4182,5816,8542,88.41,1843,0,-0.45,-1.247,-4.38,-4.22,9.5,8.7
2007-10-03,115.63,116.23,115.56,115.99,116,11745,43004,1.4154,1.4187,1.4147,1.4177,3897,8239,87.74,2057,71,-0.436,-1.271,-4.37,-4.2,9.3,8.5
2007-10-04,116.7,116.77,116.4,116.56,116.64,9677,40947,1.41,1.4109,1.4078,1.41,3964,6097,87.88,3620,235,-0.44,-1.263,-4.38,-4.23,9.5,8.5
2007-10-05,116.45,116.62,116.37,116.51,116.45,10619,40384,1.4137,1.4143,1.4111,1.4116,5320,4768,87.33,2897,204,-0.481,-1.266,-4.36,-4.25,9.2,8.3
2007-10-09,117.38,117.46,117.05,117.31,117.15,8803,39799,1.4046,1.4055,1.4015,1.4043,4314,8541,87.3,1869,235,-0.47,-1.282,-4.37,-4.27,8.4,7.7
2007-10-10,117.22,117.43,117.12,117.33,117.2,9435,50536,1.4108,1.413,1.4094,1.4124,3581,8434,87.17,1966,201,-0.458,-1.32,-4.39,-4.26,7.9,7.4
2007-10-11,117.13,117.38,117.06,117.26,117.14,8273,46572,1.4139,1.4197,1.4135,1.4197,4184,6690,87,1718,131,-0.439,-1.269,-4.34,-4.23,7.8,7.4
2007-10-12,117.47,117.5,117.14,117.32,117.4,8912,56555,1.42,1.421,1.417,1.4192,2758,12981,86.78,1880,15,-0.437,-1.253,-4.32,-4.18,7.5,7.3
2007-10-15,117.64,117.83,117.42,117.7,117.68,7263,35745,1.4167,1.4223,1.4162,1.4216,2185,9339,86.99,1366,0,-0.46,-1.256,-4.26,-4.17,7.6,7.3
2007-10-16,117.43,117.46,116.45,116.77,117.38,13223,35879,1.4201,1.4226,1.416,1.4167,2908,5957,87.44,1718,248,-0.449,-1.256,-4.3,-4.18,8.1,7.5
2007-10-17,117.05,117.06,116.18,116.58,116.4,17483,53474,1.4177,1.419,1.4158,1.4184,2621,6955,87.54,2502,0,-0.435,-1.285,-4.34,-4.18,9.3,8.4
2007-10-18,116.37,116.64,116.28,116.31,116.52,12677,49654,1.4207,1.4253,1.4197,1.4245,4679,5260,88.12,2562,0,-0.489,-1.244,-4.31,-4.17,9.2,8.4
2007-10-19,115.55,115.62,114.85,115.33,115.1,17465,38885,1.4292,1.432,1.4266,1.4274,4579,5033,89,3162,87,-0.466,-1.218,-4.29,-4.14,10.6,9.2
2007-10-22,113.48,114.32,113.25,114.05,113.8,20392,35890,1.4338,1.4349,1.4297,1.4312,5742,11873,89.19,4545,89,-0.44,-1.196,-4.2,-4.09,10.9,9.2
2007-10-23,114.4,114.82,114.24,114.39,114.58,12398,45280,1.4176,1.4218,1.4172,1.4211,5008,9842,88.81,2617,414,-0.427,-1.196,-4.18,-4.08,10.3,8.8
2007-10-24,114.92,114.96,114.21,114.36,114.8,14061,40898,1.4258,1.4267,1.419,1.4221,3273,8631,89.18,5633,30,-0.415,-1.219,-4.2,-4.07,9.7,8.6
2007-10-25,114.05,114.25,113.88,114.21,114.03,10076,35503,1.4262,1.429,1.4248,1.4255,4306,9705,89.02,6180,72,-0.41,-1.177,-4.17,-4.03,10.1,9
2007-10-26,114.1,114.57,113.93,114.43,114.3,8879,27703,1.4324,1.4375,1.4318,1.4366,4671,4034,88.8,3615,72,-0.407,-1.174,-4.13,-4.01,9.9,8.8
2007-10-29,114.22,114.32,114.01,114.19,114.17,7158,34340,1.4406,1.4435,1.4402,1.4422,4196,8939,88.33,880,0,-0.389,-1.166,-4.08,-3.99,10,8.8
2007-10-30,114.71,114.74,114.39,114.52,114.52,9573,39161,1.4416,1.4424,1.4375,1.4399,4510,7161,88.31,1110,0,-0.417,-1.167,-4.09,-3.99,9.8,8.7
2007-10-31,114.79,114.81,114.53,114.78,114.75,11652,45476,1.444,1.4466,1.4429,1.4453,4977,12152,87.47,1989,289,-0.409,-1.196,-4.14,-3.99,9.4,8.5
2007-11-01,115.41,115.57,115.18,115.56,115.33,11999,38464,1.4471,1.448,1.4456,1.4462,4762,7436,88.27,2345,0,-0.396,-1.179,-4.11,-3.99,8.8,8.2
2007-11-02,114.48,114.93,114.37,114.54,114.65,15288,30018,1.4425,1.4474,1.4419,1.4469,5690,5487,87.94,2229,109,-0.391,-1.178,-4.09,-4.02,9.4,8.6
2007-11-05,114.57,114.82,114.27,114.36,114.6,9035,29151,1.4505,1.4523,1.4473,1.4491,3047,6903,88.27,3650,167,-0.389,-1.173,-4.06,-4,9.5,8.7
2007-11-06,114.34,114.77,114.27,114.69,114.45,9605,35789,1.4477,1.453,1.4468,1.4521,3700,8896,87.9,1492,0,-0.416,-1.18,-4.08,-4.02,9.6,8.8
2007-11-07,114.73,114.79,113.68,113.91,114,17565,23740,1.4563,1.4665,1.4555,1.4629,7430,5566,89.45,1535,403,-0.401,-1.22,-4.08,-4.05,10.1,9.1
2007-11-08,112.63,113.04,112,112.63,112.75,19126,27178,1.4622,1.4673,1.4615,1.4662,4275,6248,89.3,1376,270,-0.382,-1.155,-4.06,-4,12.7,10.6
2007-11-09,112.72,112.88,112.4,112.67,112.55,15367,13253,1.4678,1.4739,1.4674,1.4705,5847,1096,90.93,2341,64,-0.379,-1.146,-4.04,-3.98,12.2,10.6
2007-11-12,110.59,110.79,109.85,110.33,110.1,21500,25254,1.4658,1.4673,1.4624,1.4644,5387,6677,92.47,1745,225,-0.369,-1.112,-4.01,-3.94,16.5,13.1
2007-11-13,109.61,110.53,109.22,110.11,110.05,21530,34124,1.4523,1.4633,1.4521,1.4624,6049,10483,91,2948,222,-0.392,-1.107,-4,-3.93,15.9,12.8
2007-11-14,111.16,111.54,110.84,111.39,111.25,17417,34681,1.462,1.4673,1.4602,1.4654,4469,11819,90.66,3499,236,-0.388,-1.156,-4.04,-3.93,11.9,10.2
2007-11-15,111.3,111.69,111.05,111.4,111.4,16411,49319,1.4651,1.4704,1.464,1.468,4039,4327,91.74,4735,137,-0.38,-1.133,-4.09,-3.98,12,10.5
2007-11-16,110.49,110.66,109.78,110.1,110.05,16927,46884,1.462,1.4646,1.461,1.4645,4183,4702,90.96,2082,148,-0.391,-1.177,-4.25,-4.17,14,11.7
2007-11-19,110.83,111.07,110.37,110.67,111,9446,30695,1.467,1.4687,1.4641,1.4649,2863,4660,92.16,4013,0,-0.385,-1.168,-4.18,-4.13,13.4,11.3
2007-11-20,109.76,110.54,109.62,110.42,109.75,16740,44693,1.4668,1.4741,1.4635,1.4735,5050,7307,91.68,4812,0,-0.387,-1.171,-4.2,-4.15,13.8,11.6
2007-11-21,109.74,109.99,108.8,109.13,109,22289,6661,1.4832,1.4856,1.481,1.4815,3514,3518,93.16,3912,191,-0.384,-1.167,-4.23,-4.19,15,12.5
2007-11-22,108.37,109.17,108.29,108.84,108.95,13910,31062,1.4858,1.4873,1.4834,1.4847,2381,3665,93.14,2300,182,-0.378,-1.138,-4.16,-4.08,14.9,12.1
2007-11-26,108.66,108.79,108.13,108.45,108.5,13455,40982,1.4836,1.4868,1.4806,1.486,3070,7042,93.97,2848,180,-0.38,-1.14,-4.2,-4.11,14.2,12.3
2007-11-27,107.38,108.82,107.29,108.11,108.25,21318,44008,1.4873,1.4883,1.4845,1.4858,4187,9737,92.64,4937,0,-0.366,-1.145,-4.19,-4.13,14,12.1
2007-11-28,108.83,109.03,108.27,108.72,108.5,17816,40414,1.4836,1.484,1.4766,1.4771,5140,12098,91.6,3528,0,-0.355,-1.146,-4.2,-4.17,13.5,11.5
2007-11-29,109.97,110.32,109.68,109.75,109.98,13466,49553,1.484,1.4843,1.4795,1.4815,4456,6748,91.86,3154,0,-0.455,-1.182,-4.65,-4.25,12.5,10.8
2007-11-30,109.78,110.55,109.66,110.29,110.3,17559,49607,1.4759,1.478,1.4734,1.4749,4919,9747,90.91,2140,0,-0.428,-1.171,-4.5,-4.19,12.3,10.7
2007-12-03,110.93,111.01,110.45,110.51,110.6,8874,47096,1.4659,1.4709,1.464,1.4696,3807,7767,91.49,2778,0,-0.456,-1.172,-4.49,-4.19,12.1,10.5
2007-12-04,110.46,110.53,110.13,110.25,110.2,10669,40277,1.4669,1.4695,1.4646,1.4678,4232,9581,91.91,1841,30,-0.436,-1.158,-4.45,-4.15,12,10.4
2007-12-05,109.86,110.69,109.72,110.53,110.25,11739,34548,1.4764,1.477,1.4726,1.4737,3398,8323,91.21,2040,0,-0.419,-1.148,-4.4,-4.11,12.1,10.4
2007-12-06,110.93,111.19,110.72,110.9,110.96,12227,33088,1.4597,1.4622,1.4568,1.4583,4689,8473,90.78,2363,0,-0.417,-1.142,-4.36,-4.07,11.1,10.3
2007-12-07,111.38,111.47,111.18,111.23,111.34,9059,43924,1.4658,1.4659,1.4603,1.4609,3549,9707,90.41,2347,0,-0.414,-1.134,-4.32,-4.03,10.7,10.1
2007-12-10,111.67,111.87,111.35,111.62,111.6,9434,33206,1.4653,1.4658,1.4641,1.4654,3099,9319,90.27,2583,0,-0.456,-1.145,-4.32,-4.05,10,9.6
2007-12-11,111.82,111.95,111.65,111.87,111.9,9292,58325,1.4709,1.475,1.4705,1.4723,3721,7854,91.33,1875,0,-0.442,-1.149,-4.31,-4.06,10.2,9.8
2007-12-12,110.88,111.28,110.65,111.25,110.9,15004,44189,1.4662,1.4723,1.4652,1.4702,3583,9389,89.85,2055,45,-0.418,-1.147,-4.23,-4.08,10.6,10.1
2007-12-13,112.03,112.24,111.42,111.54,111.94,10007,37418,1.4712,1.4737,1.4706,1.4731,3347,5917,89.98,1645,0,-0.389,-1.107,-4.04,-3.91,10.2,10.1
2007-12-14,112.33,112.66,112.22,112.38,112.5,12077,31252,1.4627,1.4656,1.4613,1.4626,4732,6511,89.53,3286,95,-0.399,-1.133,-4.12,-3.98,10.2,10
2007-12-17,113.32,113.47,112.83,112.86,113.17,8862,40846,1.4418,1.4451,1.439,1.4417,4469,6685,89.96,2020,0,-0.459,-1.171,-4.29,-4.09,10.4,10
2007-12-18,112.86,113.33,112.75,113.06,113,10332,41250,1.4413,1.4418,1.4382,1.4411,3825,7647,89.62,2170,46,-0.495,-1.221,-4.77,-4.22,10.5,10
2007-12-19,113.34,113.41,113.17,113.26,113.25,8461,43408,1.4419,1.4424,1.4383,1.4388,3088,6352,89.63,1980,0,-0.433,-1.15,-4.3,-4.01,9.9,9.6
2007-12-20,113.31,113.42,113.12,113.22,113.3,7950,37850,1.4383,1.439,1.4359,1.437,2792,7718,89.99,1453,0,-0.429,-1.126,-4.13,-3.93,9.9,9.5
2007-12-21,113.19,113.27,112.95,113.15,113.05,9294,25241,1.4332,1.441,1.4317,1.4396,3293,6831,89.11,1882,0,-0.421,-1.109,-4.06,-3.88,9.9,9.5
2007-12-25,114.19,114.33,113.94,114.17,114.08,3231,16180,1.4397,1.4397,1.439,1.4396,544,0,88.87,80,0,-0.436,-1.14,-4.29,-3.94,9.9,9.6
2007-12-26,114.21,114.39,113.92,114.2,114.2,6443,35166,1.4395,1.4417,1.4393,1.4417,1733,420,88.64,1175,0,-0.451,-1.162,-4.18,-3.89,9.5,9.4
2007-12-27,114.25,114.38,114.13,114.26,114.25,7343,51996,1.4487,1.4515,1.447,1.4507,2734,8604,88.83,840,162,-0.389,-1.099,-3.95,-3.8,9.6,9.4
2007-12-28,113.87,114.02,112.83,113.12,114,10581,40933,1.4612,1.466,1.4594,1.4648,2379,6055,89.77,675,261,-0.394,-1.108,-4.05,-3.88,10.3,9.6
2008-01-04,109.52,109.6,108.78,109.27,109.15,14882,53079,1.4745,1.4752,1.4706,1.4707,2947,8037,92.67,2390,154,-0.361,-1.015,-3.82,-3.66,13.5,11.7
2008-01-07,108.64,109.37,108.5,109.34,108.98,14187,42869,1.475,1.4755,1.4664,1.4667,4897,7347,92.22,1110,210,-0.391,-1.005,-3.79,-3.64,13.4,11.9
2008-01-08,109.25,109.59,109,109.44,109.26,10653,50368,1.4683,1.4735,1.4681,1.4722,4785,5498,92.38,964,110,-0.371,-0.986,-3.69,-3.56,13.1,11.6
2008-01-09,108.99,109.73,108.79,109.6,109.65,14613,51206,1.4708,1.4741,1.4705,1.473,3285,3185,91.43,1050,60,-0.354,-0.963,-3.63,-3.47,12.6,11.3
2008-01-10,109.9,110.1,109.55,109.86,110.05,12530,51613,1.4662,1.4698,1.465,1.4674,3555,5907,91.84,1886,0,-0.341,-0.951,-3.61,-3.43,11.9,11
2008-01-11,109.63,109.72,108.64,108.94,109.55,16506,52259,1.48,1.4816,1.4775,1.4801,4876,4086,92.25,3941,129,-0.364,-0.934,-3.53,-3.38,11.7,10.8
2008-01-15,108.28,108.35,107.45,107.6,107.82,15616,48590,1.4868,1.4892,1.4862,1.4868,4287,8838,93.89,2313,0,-0.335,-0.859,-3.38,-3.15,13.1,11.7
2008-01-16,106.77,106.96,105.97,106.3,106.75,21159,53599,1.4804,1.486,1.4775,1.4824,6542,6809,93.45,3509,22,-0.316,-0.828,-3.35,-3.08,14.9,13
2008-01-17,107.36,107.62,106.87,107.44,107.05,16297,48488,1.4662,1.4685,1.463,1.4649,6889,8771,94.54,4437,204,-0.305,-0.822,-3.3,-3.02,13.8,12.5
2008-01-18,106.41,107.38,106.35,107.24,107.1,16744,17596,1.464,1.4658,1.461,1.4635,4612,1993,94.21,3153,0,-0.302,-0.814,-3.27,-3,14.5,13
2008-01-21,106.9,106.98,106.08,106.34,106.7,14928,22494,1.4597,1.4604,1.4524,1.4538,8167,8405,95.57,530,72,-0.318,-0.802,-3.25,-2.97,14.2,12.6
2008-01-22,105.64,106.52,105.62,106.02,105.9,23230,43644,1.4419,1.446,1.4376,1.4381,7681,7152,94.68,1931,138,-0.298,-0.775,-3.16,-2.89,15.8,13.7
2008-01-23,107.1,107.38,106.09,106.53,107.05,21113,42809,1.4644,1.4685,1.4594,1.4604,6721,8342,94.37,3588,222,-0.244,-0.662,-2.66,-2.46,14.6,12.8
2008-01-24,106.75,106.98,106.16,106.38,106.55,18481,31038,1.4626,1.4637,1.4592,1.4594,5069,7619,93.61,3505,0,-0.237,-0.636,-2.58,-2.36,14.2,12.8
2008-01-25,107.18,107.71,107,107.64,107.13,18677,49429,1.4772,1.4776,1.4733,1.4758,2906,6397,94.05,2484,0,-0.255,-0.696,-2.75,-2.53,12.8,11.9
2008-01-28,106.77,106.96,106,106.47,106.83,14362,37895,1.4691,1.471,1.4665,1.4677,3465,7105,93.69,1939,452,-0.238,-0.67,-2.69,-2.49,14,12.4
2008-01-29,106.99,107.14,106.38,106.75,106.8,15029,42697,1.4786,1.4798,1.4757,1.4765,3664,7868,93.44,2912,485,-0.228,-0.656,-2.65,-2.45,13.7,12.3
2008-01-30,107.07,107.18,106.52,106.66,106.8,13260,60401,1.4769,1.4784,1.4755,1.4768,3477,9581,94.02,2808,0,-0.246,-0.657,-2.67,-2.46,13.1,11.7
2008-01-31,106.22,106.78,106.03,106.63,106.36,17656,68496,1.4828,1.4915,1.4818,1.4858,7371,18656,93.82,3295,0,-0.221,-0.634,-2.57,-2.3,13.5,11.8
2008-02-01,106.26,106.55,106.22,106.45,106.37,12574,43813,1.4864,1.4889,1.4848,1.488,4598,11405,93.81,2078,0,-0.22,-0.618,-2.56,-2.27,12.3,11.5
2008-02-04,106.61,106.98,106.51,106.73,106.8,10338,50405,1.4803,1.4843,1.4793,1.4842,4252,6602,93.56,2168,65,-0.229,-0.639,-2.66,-2.36,11.7,11
2008-02-05,106.71,107.07,106.58,106.99,106.73,10437,42094,1.4827,1.4835,1.4802,1.4805,5822,8572,93.83,1719,155,-0.237,-0.646,-2.75,-2.41,11.4,10.7
2008-02-06,106.54,106.86,106.2,106.29,106.55,12343,40757,1.4636,1.4661,1.462,1.4628,4456,7151,94.06,5224,259,-0.237,-0.611,-2.58,-2.29,12.1,11.1
2008-02-07,106.39,106.62,106.28,106.53,106.35,8589,39196,1.4614,1.464,1.4606,1.4612,4846,4343,93.44,350,288,-0.216,-0.59,-2.51,-2.21,11.9,11.1
2008-02-08,107.33,107.68,107.15,107.52,107.34,10845,34479,1.4475,1.45,1.445,1.4479,2963,10909,93.56,2675,321,-0.216,-0.588,-2.49,-2.19,11.7,11
2008-02-12,106.87,107.1,106.78,107.09,106.94,9559,50998,1.4502,1.4549,1.4497,1.4541,3468,5748,93.41,1541,126,-0.216,-0.581,-2.5,-2.17,12.1,11.2
2008-02-13,107.37,107.42,106.99,107.28,107.18,10474,44225,1.4581,1.459,1.454,1.4544,3385,7768,92.59,2178,284,-0.228,-0.58,-2.47,-2.16,11.9,10.9
2008-02-14,108.29,108.37,108.01,108.27,108.22,10395,53540,1.4554,1.4615,1.4549,1.4609,4807,8128,92.85,1633,46,-0.222,-0.587,-2.54,-2.17,11.1,10.5
2008-02-15,107.81,108.32,107.65,108.28,107.85,13346,10187,1.4642,1.4665,1.4631,1.4646,3681,4122,92.74,1774,90,-0.222,-0.588,-2.54,-2.17,10.9,10.3
2008-02-18,107.8,108.06,107.72,108.02,107.85,6708,47072,1.4673,1.469,1.466,1.4674,2662,8280,92.32,610,0,-0.235,-0.597,-2.61,-2.21,11.3,10.5
2008-02-19,108.19,108.28,107.65,107.77,108.18,12302,47963,1.4649,1.4742,1.4642,1.4733,5018,9892,92.65,3162,0,-0.225,-0.606,-2.59,-2.24,11.1,10.3
2008-02-20,107.95,108.18,107.51,107.58,107.9,15231,54383,1.4729,1.4731,1.4696,1.4698,4657,13041,92.35,2795,0,-0.241,-0.614,-2.59,-2.27,11.4,10.4
2008-02-21,108.05,108.29,107.95,108.12,108.1,10554,42260,1.4722,1.4746,1.4706,1.4722,4146,7920,92.78,2224,37,-0.225,-0.633,-2.58,-2.28,11,10.3
2008-02-22,107.44,107.57,107.26,107.33,107.48,11733,43225,1.4814,1.4825,1.4789,1.4811,4220,7209,92.89,1485,356,-0.222,-0.617,-2.56,-2.27,10.9,10.5
2008-02-25,107.35,107.46,107.18,107.45,107.3,9182,34252,1.4832,1.484,1.4808,1.4814,4079,4524,92.07,745,109,-0.218,-0.614,-2.52,-2.28,11,10.7
2008-02-26,108.06,108.14,107.78,108.06,108.05,9589,44744,1.4834,1.484,1.4778,1.4787,6085,10077,92.47,1480,392,-0.219,-0.618,-2.51,-2.29,10.6,10.2
2008-02-27,107.4,107.41,106.79,107.07,107.06,15109,49146,1.4998,1.5058,1.4973,1.5025,8256,9828,92.75,1985,592,-0.228,-0.603,-2.47,-2.22,10.8,10.2
2008-02-28,106.4,106.51,106.2,106.41,106.3,11729,55444,1.5117,1.5125,1.5085,1.5096,5296,7957,93.51,1900,120,-0.216,-0.58,-2.35,-2.13,11.4,10.8
2008-02-29,104.94,105.38,104.27,104.34,104.73,22607,52443,1.5191,1.5237,1.5168,1.5232,4242,12963,95.13,2551,301,-0.209,-0.551,-2.31,-2.05,13,11.8
2008-03-03,103.09,103.63,102.61,102.69,103.05,23600,40154,1.5201,1.5238,1.5187,1.5201,4261,9221,95.31,4194,0,-0.212,-0.525,-2.24,-1.99,15.5,13.5
2008-03-04,103.54,103.59,103.05,103.18,103.4,13996,59840,1.5198,1.5206,1.5174,1.5178,4335,6506,95.41,1320,0,-0.207,-0.521,-2.25,-1.97,14.3,12.7
2008-03-05,103.4,103.72,103.3,103.63,103.4,11003,52042,1.5208,1.522,1.517,1.5183,6338,5594,94.71,2611,0,-0.202,-0.533,-2.26,-1.97,14.1,12.5
2008-03-06,103.94,104.01,103.52,103.58,103.78,11848,46370,1.5278,1.5308,1.5264,1.5291,4391,6244,95.9,1331,0,-0.199,-0.517,-2.22,-1.94,13.2,12.1
2008-03-07,102.59,102.92,102.32,102.44,102.84,18190,50087,1.5384,1.5432,1.5372,1.5386,5316,9752,95.92,2601,0,-0.185,-0.489,-2.09,-1.86,14.6,13.3
2008-03-10,102.29,102.5,101.83,102.06,102,12439,59834,1.5392,1.5407,1.5361,1.5385,4306,7536,96.95,2312,0,-0.191,-0.479,-2.04,-1.83,15.1,13.5
2008-03-11,101.48,102.2,101.42,102.2,101.62,17153,64336,1.5338,1.537,1.5335,1.5355,6023,8342,95.24,2394,32,-0.189,-0.479,-2.08,-1.83,15.1,13.5
2008-03-12,103.28,103.53,102.83,103.08,103.05,14002,51556,1.5342,1.539,1.5335,1.5372,4914,10597,96.54,1895,156,-0.19,-0.51,-2.14,-1.89,13.8,12.5
2008-03-13,101.5,101.7,100.02,100.19,100.4,31253,52260,1.5541,1.5592,1.5522,1.5566,3762,7910,97.5,6963,0,-0.18,-0.482,-2.08,-1.88,16.9,14.9
2008-03-14,100.71,101.05,99.84,100.29,100.17,19748,60621,1.5622,1.5652,1.5586,1.5592,4484,8560,99.15,3749,98,-0.175,-0.466,-2.02,-1.81,16.4,14.5
2008-03-17,98.17,99.12,95.77,97.38,97,35290,67561,1.5751,1.5905,1.5689,1.5765,7352,8782,101.16,3575,156,-0.153,-0.384,-1.71,-1.54,20.8,17.9
2008-03-18,97.12,97.64,96.86,97.61,97.2,15979,59394,1.5744,1.5793,1.5715,1.5755,3786,10574,98.45,5184,126,-0.16,-0.387,-1.91,-1.52,19.5,16.4
2008-03-19,99.86,100.45,98.8,99.06,99.55,23469,62437,1.5655,1.573,1.5615,1.5713,5054,5990,99.41,3884,0,-0.172,-0.403,-2.01,-1.58,16.9,14.7
2008-03-21,99.38,99.74,99,99.68,99.55,7332,36440,1.5437,1.5465,1.5405,1.5458,1689,198,99.02,638,0,-0.182,-0.437,-2.12,-1.71,16.3,14.4
2008-03-24,99.63,100.03,99.42,99.99,99.84,8443,41035,1.5407,1.5425,1.5341,1.5383,4189,1197,97.81,1045,92,-0.197,-0.438,-2.15,-1.71,16.4,14.3
2008-03-25,100.77,101.04,100.08,100.55,100.7,15911,51845,1.5433,1.5572,1.5408,1.5543,5526,8089,98.08,1356,122,-0.191,-0.45,-2.14,-1.75,16.5,14.2
2008-03-26,100.09,100.33,99.65,100.16,99.85,14040,41986,1.5611,1.5656,1.5585,1.56,4586,7940,98.62,5779,142,-0.193,-0.5,-2.23,-1.91,16.4,14.1
2008-03-27,99.16,99.45,98.56,99.39,98.8,15238,56728,1.5822,1.5845,1.576,1.5767,7364,10165,98.21,1345,0,-0.18,-0.465,-2.18,-1.85,17.4,14.8
2008-03-28,99.54,100.21,99.29,100.01,99.5,11874,57128,1.5811,1.5817,1.5746,1.5773,3002,19098,98.69,2285,156,-0.187,-0.475,-2.25,-1.88,16.4,14.6
2008-03-31,99.36,100.2,98.8,99.37,100.1,19173,61289,1.5773,1.5817,1.576,1.5797,4338,11663,98.25,1747,0,-0.188,-0.482,-2.26,-1.91,16.8,14.7
2008-04-01,99.79,100.25,99.59,100.12,99.83,14673,45051,1.5759,1.5786,1.5649,1.5682,5956,8026,96.25,2498,0,-0.217,-0.498,-2.29,-1.97,16.4,14.3
2008-04-02,101.53,102.34,101.5,101.94,101.77,15995,45985,1.5619,1.5623,1.5535,1.5611,6828,5995,95.64,3215,0,-0.216,-0.544,-2.3,-2.04,15,13.4
2008-04-03,102.24,102.95,102.22,102.68,102.75,13387,41546,1.5675,1.5689,1.5605,1.5627,5431,12136,95.75,2167,0,-0.197,-0.523,-2.29,-2.01,14.9,13.3
2008-04-04,102.43,102.7,102.2,102.32,102.5,12182,44645,1.566,1.5722,1.5639,1.5721,3755,6804,96.41,3152,98,-0.192,-0.51,-2.24,-1.96,15,13.4
2008-04-07,101.64,102.85,101.52,102.72,102.4,10599,42078,1.5732,1.5734,1.5628,1.5667,5068,6273,95.49,1900,0,-0.186,-0.492,-2.17,-1.89,14.7,13.2
2008-04-08,102.53,102.59,101.85,101.97,102.3,12123,43150,1.5708,1.5799,1.5694,1.5758,5885,7566,95.31,2672,80,-0.194,-0.481,-2.13,-1.85,13.7,12.6
2008-04-09,102.73,102.84,102.17,102.27,102.33,10338,40721,1.5697,1.5743,1.5683,1.5716,4160,8054,95.97,1504,0,-0.186,-0.487,-2.11,-1.88,13.5,12.5
2008-04-10,101.76,101.9,100.73,101.04,101.1,17884,60454,1.5818,1.5857,1.5812,1.5846,5432,6305,95.75,1222,0,-0.185,-0.498,-2.19,-1.95,14.4,13.5
2008-04-11,101.68,102.28,101.53,101.81,101.9,13217,46431,1.5758,1.585,1.5739,1.5826,5135,9478,96.69,2404,32,-0.181,-0.488,-2.13,-1.89,14.2,13.3
2008-04-14,101.15,101.51,100.45,100.55,101.42,13291,51682,1.5711,1.5792,1.567,1.5785,8509,7993,96.53,330,145,-0.176,-0.484,-2.09,-1.89,15.5,13.9
2008-04-15,101.1,101.47,100.8,100.94,101.13,10436,50571,1.5825,1.5865,1.581,1.5859,5519,9609,95.98,1252,0,-0.19,-0.487,-2.11,-1.9,15.1,13.8
2008-04-16,101.7,101.94,101.48,101.51,101.85,10790,51889,1.5786,1.5851,1.5762,1.5843,6560,8701,95.66,1155,255,-0.197,-0.531,-2.25,-2.06,14.5,13.5
2008-04-17,101.84,102.18,101.7,101.78,102,12998,46925,1.5939,1.5976,1.5898,1.5973,7850,9356,95.12,3075,0,-0.196,-0.564,-2.3,-2.16,13.7,13.1
2008-04-18,102.38,102.57,102.27,102.48,102.55,10703,39563,1.5907,1.5956,1.5885,1.595,5095,9602,94.19,2280,32,-0.2,-0.563,-2.34,-2.17,13.4,12.9
2008-04-21,103.86,104.07,103.32,103.33,103.9,11375,31865,1.5809,1.5883,1.5792,1.588,5606,5436,94.42,2675,96,-0.206,-0.59,-2.37,-2.24,13.1,12.2
2008-04-22,103.19,103.37,102.78,103.18,103.05,12547,40425,1.5914,1.5922,1.5835,1.5884,6888,10940,94.48,1520,97,-0.226,-0.582,-2.39,-2.23,14,12.7
2008-04-23,102.92,103.16,102.82,103.02,103.03,9487,44783,1.5974,1.5998,1.594,1.5976,6011,10161,94.24,4030,176,-0.215,-0.576,-2.34,-2.21,13.6,12.6
2008-04-24,103.49,103.9,103.32,103.71,103.35,10763,47210,1.5882,1.5889,1.5796,1.5839,8762,8705,93.82,1616,177,-0.195,-0.561,-2.25,-2.13,12.6,12.2
2008-04-25,104.37,104.74,104.07,104.71,104.33,12408,40610,1.5676,1.5707,1.5582,1.5583,7533,6633,93.82,916,158,-0.189,-0.559,-2.17,-2.09,12.3,11.8
2008-04-28,104.65,104.82,104.41,104.57,104.7,9021,50000,1.5618,1.5682,1.5595,1.5633,3347,11409,94,700,48,-0.207,-0.571,-2.22,-2.13,12.3,11.8
2008-04-30,103.92,104.21,103.7,104.05,104.08,10800,74596,1.5576,1.561,1.5553,1.5572,4269,14915,94.25,1860,48,-0.201,-0.563,-2.24,-2.07,12.4,11.8
2008-05-01,103.93,104.2,103.54,104.13,103.7,7119,33546,1.5626,1.5644,1.5519,1.5537,5433,6464,94.02,1566,0,-0.21,-0.541,-2.2,-2.03,12.3,11.6
2008-05-02,104.39,105.05,104.33,104.73,104.63,12025,56033,1.5479,1.5485,1.544,1.5466,4185,6206,93.27,956,254,-0.206,-0.541,-2.21,-2.02,11.8,11.4
2008-05-07,104.92,105.14,104.65,105.05,104.86,9187,51374,1.552,1.5539,1.5467,1.5499,5776,6681,94.12,1440,126,-0.195,-0.532,-2.15,-1.93,10.8,10.7
2008-05-08,104.91,104.95,103.68,103.81,104.82,14842,53311,1.5344,1.5405,1.5285,1.5334,10564,9020,95.25,908,0,-0.183,-0.509,-2.03,-1.9,11.2,11
2008-05-09,103.85,103.96,103,103.1,103.5,13961,51061,1.5406,1.5483,1.5394,1.5467,4782,9170,95.86,1110,0,-0.178,-0.498,-2,-1.88,12.2,11.6
2008-05-12,102.65,103.8,102.58,103.76,102.87,10934,46043,1.5469,1.5484,1.5367,1.5396,4957,7962,94.93,2184,32,-0.187,-0.497,-1.97,-1.88,12.7,12
2008-05-13,103.88,104,103.55,103.62,103.9,11583,54178,1.5532,1.5566,1.5505,1.5526,5300,7633,94.24,1314,316,-0.186,-0.519,-2.01,-1.95,11.9,11.4
2008-05-14,104.76,105.21,104.58,105.16,104.83,13628,57137,1.5471,1.5483,1.5408,1.5415,6103,9041,94.18,2493,14,-0.186,-0.539,-2.05,-1.96,11.2,10.9
2008-05-15,105.17,105.3,104.57,104.82,105.27,10010,51340,1.5467,1.5547,1.5452,1.5523,6341,7138,94.33,1967,97,-0.185,-0.531,-2.05,-1.98,10.9,10.7
2008-05-16,104.74,104.9,104.15,104.25,104.74,10156,42942,1.546,1.5505,1.544,1.5495,4080,7441,94.58,1130,0,-0.175,-0.507,-1.94,-1.89,10.8,10.6
2008-05-19,104.12,104.3,103.84,103.89,104.1,7110,36542,1.5584,1.5603,1.5561,1.5597,3894,5818,94.39,80,0,-0.181,-0.496,-1.89,-1.86,11.4,10.9
2008-05-20,104.45,104.49,103.72,103.81,104.15,11209,36253,1.5528,1.561,1.5505,1.5596,6957,7491,94.85,1296,0,-0.17,-0.484,-1.83,-1.82,11.4,11
2008-05-21,103.67,103.69,103.13,103.32,103.2,12301,45804,1.5649,1.57,1.563,1.5643,4838,8208,95.08,2088,279,-0.157,-0.478,-1.76,-1.77,12.3,11.6
2008-05-22,103.05,103.28,102.73,103.23,102.85,13782,43921,1.5782,1.5814,1.5754,1.5764,4291,7022,94.16,3011,0,-0.158,-0.47,-1.77,-1.78,12.6,12
2008-05-23,104.04,104.26,103.79,103.89,104.13,9640,22418,1.5732,1.5741,1.5698,1.5721,3222,3702,94.8,806,183,-0.161,-0.486,-1.79,-1.82,11.8,11.4
2008-05-26,103.19,103.41,103.14,103.36,103.3,3870,27268,1.578,1.5792,1.5748,1.5768,1437,4638,94.79,638,113,-0.172,-0.491,-1.81,-1.86,12.4,11.7
2008-05-27,103.4,103.99,103.27,103.87,103.36,9381,52370,1.578,1.5818,1.5727,1.5743,5951,9712,94.2,1413,0,-0.169,-0.495,-1.83,-1.86,12.4,11.7
2008-05-28,104.24,104.33,103.89,103.96,104.05,11710,54919,1.5689,1.576,1.5666,1.5751,5259,12875,93.75,3520,81,-0.17,-0.499,-1.89,-1.89,11.8,11.2
2008-05-29,104.65,105.2,104.61,105,104.85,10383,47674,1.5657,1.5665,1.5565,1.5589,5486,8802,93.13,3448,176,-0.179,-0.535,-2.04,-1.99,11,10.8
2008-05-30,105.57,105.73,105.24,105.46,105.66,11777,58801,1.5517,1.5541,1.547,1.5475,4734,13975,93,2154,253,-0.177,-0.53,-2.01,-1.96,10.9,10.7
2008-06-02,105.44,105.53,104.96,105.09,105.45,8833,42704,1.5559,1.5565,1.5515,1.5529,2630,8027,93.95,610,79,-0.189,-0.519,-1.95,-1.92,11,10.6
2008-06-03,104.37,104.71,103.96,104.25,104.25,14132,51726,1.5541,1.5594,1.5521,1.5585,3439,8487,93.46,2099,79,-0.179,-0.508,-1.93,-1.9,12.1,11.2
2008-06-04,104.97,105.3,104.8,104.9,105.15,10667,49812,1.5451,1.5462,1.5421,1.5441,5138,6089,93.43,2862,214,-0.176,-0.522,-1.94,-1.89,11.6,11.1
2008-06-05,105.3,105.93,105.2,105.9,105.4,14342,54521,1.5435,1.5455,1.5385,1.5438,7583,5990,92.77,2853,191,-0.172,-0.519,-1.95,-1.92,11.3,11
2008-06-06,105.9,106.26,105.84,106.04,106.1,10891,56347,1.5597,1.5618,1.5573,1.5596,5314,13312,93.47,1891,63,-0.176,-0.532,-1.99,-1.96,11.1,10.8
2008-06-09,104.84,105.43,104.45,105.24,105.25,9612,41065,1.578,1.5843,1.5766,1.5827,4854,7626,92.42,1660,181,-0.175,-0.531,-1.99,-1.97,11.9,11.4
2008-06-10,106.34,106.83,106.24,106.66,106.7,15388,41567,1.5648,1.5654,1.5558,1.5574,9973,7702,91.68,1687,89,-0.187,-0.553,-1.97,-2.02,12.2,11.4
2008-06-11,107.34,107.76,107.3,107.55,107.43,12737,48616,1.5461,1.5516,1.5453,1.5484,4912,5103,91.98,2230,79,-0.18,-0.581,-1.94,-2.04,12,11.4
2008-06-12,106.85,107.64,106.8,107.51,107.28,10858,51016,1.5561,1.5566,1.5395,1.5429,9086,9000,91.31,2312,80,-0.178,-0.557,-1.98,-2.02,11.8,11.4
2008-06-13,107.91,108.09,107.65,108.07,107.9,11236,38821,1.5447,1.5483,1.5387,1.5388,6316,4417,91.25,3879,81,-0.187,-0.579,-2.07,-2.09,11.5,11.3
2008-06-16,108.3,108.59,108.05,108.49,108.25,8267,39643,1.5386,1.5422,1.5347,1.5378,5512,8033,91.02,500,32,-0.194,-0.6,-2.14,-2.16,11.3,10.9
2008-06-17,108.23,108.28,107.61,107.76,107.85,12707,42889,1.5466,1.5552,1.5461,1.5517,7871,7212,90.97,2806,79,-0.21,-0.598,-2.12,-2.16,10.8,10.7
2008-06-18,107.92,108.24,107.84,108.19,107.9,8598,43426,1.5518,1.5537,1.5475,1.5524,3777,7744,91.03,1544,0,-0.198,-0.58,-2.06,-2.05,10.3,10.3
2008-06-19,107.82,107.87,107.42,107.52,107.65,10244,51274,1.5546,1.5586,1.5526,1.5537,6654,10218,90.92,1204,236,-0.176,-0.553,-1.96,-1.98,10.5,10.5
2008-06-20,108.02,108.07,107.67,107.7,107.88,10351,42679,1.5499,1.5562,1.5492,1.5561,3761,11203,91.4,1293,40,-0.176,-0.538,-1.95,-1.95,10.2,10.3
2008-06-23,107.33,107.61,107.16,107.59,107.36,9529,42337,1.5604,1.5628,1.552,1.5534,3552,6177,91.15,1245,0,-0.178,-0.548,-1.98,-1.99,10.8,10.7
2008-06-24,107.88,108.24,107.78,107.94,108.1,9858,44237,1.5522,1.558,1.5492,1.5571,5205,7174,91.03,1520,0,-0.191,-0.554,-1.98,-2,10.6,10.5
2008-06-25,107.83,108.05,107.66,107.98,107.81,8445,42281,1.5574,1.5578,1.5537,1.5563,3244,8303,90.88,2559,0,-0.185,-0.567,-1.99,-2.01,10.5,10.4
2008-06-26,107.86,108.19,107.71,108.09,107.97,10500,60919,1.5665,1.5685,1.563,1.5647,4677,7962,91.69,3737,64,-0.181,-0.549,-1.94,-1.98,10.1,10.2
2008-06-27,106.85,107.22,106.35,106.35,106.92,17264,50550,1.5762,1.5765,1.572,1.5744,3404,12159,92.18,4084,192,-0.179,-0.538,-1.94,-1.97,11,11
2008-06-30,106.29,106.47,105.25,105.33,106.4,15652,58411,1.5794,1.5816,1.5772,1.5801,3537,15477,92.18,1784,564,-0.186,-0.527,-1.92,-1.95,11.9,11.4
2008-07-01,106.05,106.39,105.52,105.82,106.22,14898,52479,1.5762,1.5778,1.5723,1.5757,4715,8791,92.25,1635,79,-0.182,-0.532,-1.93,-1.97,11.8,11.4
2008-07-02,106.18,106.26,105.78,106.16,106,13054,41001,1.5791,1.585,1.5787,1.5823,5752,8221,92.29,4561,40,-0.186,-0.548,-2.03,-2.02,11.8,11.6
2008-07-03,105.89,106.19,105.77,106.04,106,11435,16092,1.588,1.589,1.5858,1.5867,6442,6539,91.75,2842,0,-0.186,-0.551,-2.03,-2.03,11.8,11.5
2008-07-04,106.71,106.88,106.62,106.74,106.75,5767,41496,1.5687,1.5727,1.5673,1.5717,4755,5692,91.76,1846,80,-0.179,-0.539,-1.94,-1.97,10.6,10.6
2008-07-07,106.75,107.65,106.66,107.63,107.3,10207,33707,1.5695,1.5703,1.5612,1.5625,5261,13041,91.38,1016,0,-0.192,-0.541,-1.95,-1.97,10.5,10.5
2008-07-08,107.07,107.24,106.37,106.41,107.06,12227,44292,1.5725,1.5735,1.5678,1.5732,5541,9888,91.08,2019,175,-0.186,-0.542,-1.95,-1.98,10.6,10.5
2008-07-09,107.48,107.64,107.02,107.53,107.47,12034,46020,1.5666,1.5728,1.565,1.5681,5773,8547,91.36,1225,0,-0.187,-0.575,-2.02,-2.03,10.6,10.6
2008-07-10,106.89,107.32,106.7,107.17,106.9,11734,44684,1.573,1.5762,1.5715,1.5726,4337,13021,91.02,2081,52,-0.185,-0.55,-2.01,-2.01,10.7,10.6
2008-07-11,107.01,107.3,106.9,107.21,107.02,9863,33368,1.5788,1.5801,1.5765,1.578,3389,11657,91.49,2364,121,-0.186,-0.555,-2.01,-2.02,10.5,10.4
2008-07-14,106.59,106.71,106.13,106.6,106.7,10924,40840,1.5901,1.5966,1.5863,1.5879,5636,6272,91.6,1545,198,-0.201,-0.577,-2.05,-2.12,11.4,10.9
2008-07-15,106.22,106.28,105.35,105.42,105.85,16541,41189,1.589,1.5981,1.5882,1.5977,6587,10007,92.73,1740,82,-0.192,-0.569,-2.03,-2.1,11.8,11.3
2008-07-16,104.76,104.88,103.91,104.03,104.79,16093,52841,1.5917,1.5945,1.5881,1.5928,5710,8136,92.41,3045,0,-0.182,-0.562,-2.02,-2.06,13.1,12.4
2008-07-17,105.1,105.5,104.76,105.44,104.9,14728,45982,1.5825,1.5875,1.5813,1.586,4492,10570,91.43,2046,631,-0.181,-0.556,-1.99,-2.06,12.5,12
2008-07-18,106.24,106.46,105.97,106.35,106.45,13415,43957,1.5852,1.5888,1.5823,1.5846,3282,9852,90.84,2028,190,-0.198,-0.562,-2.03,-2.07,11.7,11.4
2008-07-22,106.54,106.59,106.32,106.46,106.48,8245,39341,1.5914,1.5942,1.591,1.5925,2531,11997,90.64,1409,281,-0.191,-0.565,-2.01,-2.07,11.6,11.3
2008-07-23,107.26,107.85,107.17,107.69,107.33,11938,42214,1.578,1.5798,1.5745,1.5767,3658,15891,90.28,1891,238,-0.185,-0.586,-1.99,-2.08,10.9,10.9
2008-07-24,107.91,107.99,107.68,107.83,107.85,10617,43179,1.5685,1.5708,1.5653,1.5657,5083,11650,90.82,2261,48,-0.184,-0.573,-1.98,-2.07,10.5,10.7
2008-07-25,107.3,107.45,106.58,106.79,107.32,12641,50316,1.5685,1.5731,1.5663,1.5705,3185,8542,90.32,1025,0,-0.179,-0.562,-1.94,-2.06,11.2,11
2008-07-28,107.88,108.08,107.58,107.75,107.98,9176,49096,1.5693,1.5725,1.5684,1.5719,3159,13036,90.67,838,288,-0.178,-0.57,-1.98,-2.07,10.7,10.7
2008-07-29,107.45,107.63,107.3,107.57,107.4,10662,56105,1.5744,1.5757,1.5726,1.575,3368,14728,90.29,2338,368,-0.18,-0.579,-2.07,-2.1,10.6,10.6
2008-07-30,108.08,108.23,107.87,107.95,108.1,10914,47955,1.559,1.5607,1.556,1.5605,5283,13964,90.32,2225,32,-0.2,-0.604,-2.08,-2.11,10.1,10.3
2008-07-31,108.15,108.21,107.77,108.13,107.99,11760,55782,1.5582,1.564,1.557,1.5617,5022,24510,90.49,3047,97,-0.184,-0.562,-1.98,-2.04,9.9,10.2
2008-08-01,107.75,107.89,107.32,107.44,107.62,13339,47461,1.5581,1.5597,1.555,1.5575,6140,12855,90.8,1458,174,-0.188,-0.572,-2.02,-2.08,9.9,10.2
2008-08-04,107.56,107.85,107.46,107.8,107.55,7263,46425,1.5568,1.5596,1.5564,1.5583,2252,8764,90.36,975,0,-0.199,-0.573,-2.01,-2.08,10,10.2
2008-08-05,108.22,108.32,107.68,107.82,108.2,10189,48005,1.5566,1.5577,1.5496,1.5499,6264,9190,90.55,1880,16,-0.195,-0.581,-2.03,-2.1,9.8,10.1
2008-08-06,108.34,108.55,108.22,108.33,108.42,13620,51017,1.5466,1.5516,1.545,1.5497,5543,11931,89.42,2479,78,-0.189,-0.594,-2.02,-2.09,9.6,9.9
2008-08-07,109.49,109.68,109.32,109.45,109.4,13872,45745,1.5423,1.5483,1.5402,1.5466,6659,11241,89.97,2687,120,-0.191,-0.596,-2.02,-2.1,9.5,9.7
2008-08-08,109.34,109.95,109.3,109.85,109.6,14629,54581,1.5314,1.5335,1.514,1.5167,14004,6363,90.02,1580,97,-0.19,-0.59,-2.01,-2.1,9.5,9.7
2008-08-11,109.69,110.35,109.62,109.84,109.93,8808,42592,1.4937,1.5045,1.492,1.5034,9679,5715,90.27,1640,475,-0.21,-0.597,-2.01,-2.12,10.1,10
2008-08-12,110.12,110.33,109.86,109.9,110.16,9218,38269,1.4913,1.4928,1.4816,1.4908,10860,8723,90.94,2227,112,-0.208,-0.6,-2.05,-2.13,9.8,9.9
2008-08-13,109.29,109.37,108.35,108.77,108.8,18803,49002,1.4891,1.498,1.4886,1.4937,7235,8581,90.81,1790,0,-0.202,-0.613,-2.08,-2.15,11.1,10.8
2008-08-14,109.2,109.61,109.04,109.5,109.4,9066,48457,1.49,1.493,1.4852,1.4916,7393,8963,90.82,2110,0,-0.198,-0.604,-2.1,-2.16,10.6,10.6
2008-08-15,109.79,110.48,109.63,110.34,110.3,10967,43468,1.4776,1.4803,1.4719,1.4734,9189,8132,90.45,1891,220,-0.195,-0.607,-2.05,-2.15,10.4,10.2
2008-08-18,110.33,110.48,109.97,110.26,110.17,7936,41505,1.469,1.4768,1.4671,1.4749,5076,8795,90.77,2499,39,-0.207,-0.602,-2.05,-2.13,10.2,10
2008-08-19,110.11,110.33,109.67,110.02,110,11107,46159,1.4697,1.4703,1.463,1.4666,5864,11174,91.03,1810,147,-0.199,-0.608,-2.02,-2.15,10,9.9
2008-08-20,109.67,110.15,109.62,110.13,109.87,8607,43020,1.4794,1.4806,1.4738,1.476,5985,9235,90.89,870,0,-0.192,-0.627,-2.02,-2.16,10.1,10
2008-08-21,109.71,109.85,108.64,108.96,109.7,16611,49191,1.4752,1.4832,1.4732,1.4786,7631,8605,91.76,3137,0,-0.19,-0.593,-2.02,-2.13,10.2,10.1
2008-08-22,108.45,109.2,108.43,109.11,108.65,10940,53046,1.4889,1.49,1.485,1.4864,4782,7821,90.64,1520,70,-0.183,-0.579,-1.95,-2.08,10.6,10.5
2008-08-25,109.93,110.29,109.8,109.97,110.27,7335,44980,1.4784,1.4791,1.4696,1.4743,4066,7605,91.58,697,0,-0.205,-0.602,-2.03,-2.11,10,9.9
2008-08-26,109.33,109.9,109.14,109.83,109.45,10065,59531,1.4728,1.476,1.4657,1.4704,9082,9054,91.61,2483,128,-0.196,-0.596,-2.01,-2.12,10.5,10.3
2008-08-27,109.57,109.73,108.91,109.02,109.28,11545,45036,1.4647,1.4743,1.4634,1.4723,8565,10040,91.46,2687,48,-0.189,-0.575,-1.94,-2.08,10.5,10.3
2008-08-28,109.41,109.62,108.79,108.91,109,11477,48799,1.4748,1.4807,1.4715,1.4763,7166,11887,91.48,1569,154,-0.18,-0.572,-1.98,-2.07,10.4,10.2
2008-08-29,109.42,109.57,108.68,108.8,109.1,12916,29525,1.4703,1.4758,1.4687,1.4741,5507,8937,92.25,1137,195,-0.178,-0.562,-1.95,-2.03,10.3,10.2
2008-09-01,108.47,108.68,107.63,107.72,108.5,12626,33577,1.47,1.4718,1.4618,1.4652,5632,9255,93.1,665,46,-0.176,-0.557,-1.94,-2.03,11,10.5
2008-09-02,108.07,108.54,107.77,108.31,108.25,15582,40288,1.4583,1.4598,1.4495,1.4501,8909,9684,93.03,2464,257,-0.188,-0.553,-1.95,-2.02,11.1,10.6
2008-09-03,108.47,109.09,108.44,108.91,108.9,11491,42377,1.4484,1.4532,1.4406,1.4421,10551,11991,93.53,1687,153,-0.181,-0.559,-1.93,-2.03,10.8,10.4
2008-09-04,108.33,108.54,107.85,108.35,108.1,11512,39424,1.4516,1.4544,1.447,1.4538,8097,6392,94.86,3390,315,-0.176,-0.552,-1.95,-2.02,11.2,10.9
2008-09-05,106.54,107.35,105.67,106.49,106.75,25617,54441,1.426,1.4318,1.4223,1.4281,8497,10932,94.39,2929,119,-0.17,-0.54,-1.9,-1.99,13.3,11.9
2008-09-08,108.62,109.05,108.15,108.79,108.5,16289,42971,1.4354,1.4429,1.4298,1.431,11448,10278,93.83,2210,0,-0.176,-0.548,-1.94,-1.99,12.2,11
2008-09-09,108.04,108.2,107.25,107.8,107.5,12717,53626,1.4137,1.4156,1.4047,1.4123,9209,9198,95.26,1945,0,-0.188,-0.541,-1.9,-1.98,13.2,11.6
2008-09-10,106.98,107.65,106.66,107.18,107.15,14976,56383,1.4096,1.4178,1.4092,1.4163,6998,13445,94.72,2154,0,-0.187,-0.54,-1.95,-1.98,13.5,11.7
2008-09-11,107.41,107.87,107.04,107.22,107.4,10741,54811,1.3938,1.3988,1.3925,1.3932,7305,11126,95.41,1424,332,-0.171,-0.532,-1.9,-1.95,12.6,11.3
2008-09-12,107.15,107.7,106.88,107.5,107.16,11282,54937,1.401,1.41,1.3973,1.4075,6665,10506,94.22,1400,648,-0.169,-0.53,-1.88,-1.95,12.7,11.4
2008-09-16,104.24,104.54,103.62,103.73,104.3,22972,51860,1.4245,1.4281,1.4181,1.4241,6401,10532,96.8,4332,0,-0.272,-0.625,-2.93,-2.37,18.1,14.5
2008-09-17,106.13,106.71,105.15,105.2,106.2,17017,52695,1.4169,1.4268,1.4102,1.423,5060,8030,97.28,2040,0,-0.438,-0.83,-4.79,-3.09,16.9,13.8
2008-09-18,104.37,105.57,104.18,105.32,104.55,13934,52756,1.4317,1.4394,1.4287,1.4337,6278,12536,96.47,1858,227,-0.552,-0.938,-6.33,-3.54,18.4,15.3
2008-09-19,105.92,107.53,105.4,107.24,107,22384,44116,1.4303,1.4336,1.4157,1.4211,8216,8211,94.23,2442,0,-0.452,-0.978,-5.07,-3.61,16.1,13.8
2008-09-22,106.78,107.17,106.12,106.21,106.5,13609,36689,1.4493,1.4575,1.4439,1.4558,5624,11704,95.46,1879,484,-0.418,-0.885,-4.41,-3.25,16.5,13.8
2008-09-24,105.61,106.35,105.36,106.17,105.5,11362,52128,1.4687,1.4708,1.464,1.4654,4290,5884,95.36,3480,134,-0.373,-0.942,-4.08,-3.51,16.8,14.1
2008-09-25,106.1,106.26,105.47,105.77,105.8,10732,52078,1.4653,1.4768,1.4618,1.4707,5434,8697,94.93,3056,0,-0.38,-1.012,-4.31,-3.78,15.8,13.6
2008-09-26,106.05,106.53,105.33,105.35,105.9,14284,58029,1.4666,1.4678,1.4568,1.4575,3273,6032,95.7,2753,221,-0.34,-0.948,-3.73,-3.5,16.2,14.1
2008-09-29,106.34,106.97,106.05,106.15,106.7,13140,54262,1.4538,1.4562,1.4308,1.4352,6410,12327,98.02,1635,94,-0.353,-1.125,-3.51,-3.97,16.2,13.9
2008-09-30,104.21,104.8,103.5,104.76,104.3,18292,59931,1.4368,1.4425,1.4338,1.4365,4648,11698,96.75,2872,0,-0.433,-1.2,-4.52,-4.35,19.4,16
2008-10-01,106.02,106.54,105.7,106.29,105.9,11233,50663,1.4119,1.4164,1.4075,1.4128,6162,11589,97.27,1487,123,-0.552,-1.435,-5.86,-5.19,17.4,14.4
2008-10-02,106.09,106.29,105.29,105.33,105.8,9759,44972,1.3991,1.4022,1.3855,1.3881,7611,7396,98.2,1730,176,-0.383,-1.152,-4.2,-4.26,17,14.3
2008-10-03,104.98,105.48,104.86,105.02,105.04,10204,47692,1.3787,1.3903,1.3772,1.3837,9006,8351,98.33,1301,0,-0.36,-1.108,-3.96,-4.11,16.9,14.5
2008-10-06,104.57,105.15,102.85,103.73,103.7,19273,51554,1.3649,1.3678,1.355,1.3615,9548,9850,103.19,540,0,-0.32,-1.012,-3.38,-3.83,19.5,16
2008-10-07,101.61,103.29,101.28,102.71,102.95,18969,42386,1.3516,1.3623,1.3482,1.3576,7059,6491,103.49,2481,44,-0.347,-0.998,-3.79,-3.79,22.8,17.6
2008-10-08,101.32,101.64,99.61,100.12,99.9,22496,51016,1.3572,1.3686,1.3544,1.3614,4931,6731,106.43,3101,138,-0.552,-1.363,-6.39,-5.15,24.9,19.1
2008-10-09,99.77,101.35,99.2,101.17,100.5,16902,45235,1.3612,1.3741,1.358,1.3735,5444,6106,105.92,2394,0,-0.415,-1.22,-4.77,-4.73,21.5,17.5
2008-10-10,99.02,99.8,97.91,99.17,99,20908,46619,1.3562,1.3651,1.3508,1.3611,4171,7204,105.24,2065,30,-0.532,-1.195,-5.87,-4.73,28.3,21.5
2008-10-14,102.64,103.06,101.9,102.47,102.8,17431,63646,1.3659,1.3695,1.3598,1.3666,4457,7245,102.23,3127,0,-0.31,-0.953,-3.4,-3.63,20.4,16.5
2008-10-15,101.56,102.18,101.13,101.29,101.4,11872,57717,1.3565,1.3644,1.3536,1.3593,3715,10418,105.52,2502,145,-0.307,-0.962,-3.5,-3.58,21.1,17.1
2008-10-16,99.31,100.75,99.26,100.41,100.2,14592,49466,1.3437,1.3516,1.3347,1.3415,5274,10080,104.36,1428,182,-0.312,-0.96,-3.61,-3.75,24,19
2008-10-17,101.42,101.84,100.95,101.05,101.6,11281,48860,1.3488,1.3517,1.3425,1.3446,3075,9792,103.88,915,124,-0.297,-0.915,-3.4,-3.53,20,16.7
2008-10-20,101.51,102.42,101.41,102.24,102.2,9043,52963,1.3446,1.353,1.3402,1.3483,3688,11141,103.96,2315,0,-0.233,-0.738,-2.41,-2.82,18.7,15.8
2008-10-21,102.12,102.16,100.98,101.21,101.8,8865,53960,1.3339,1.3354,1.3237,1.3261,5331,10346,106.98,2444,0,-0.188,-0.638,-2.01,-2.45,17.5,14.9
2008-10-22,100.22,100.56,98.87,99.3,99.65,14996,80736,1.3009,1.3077,1.274,1.2866,9126,9454,110.99,2224,108,-0.19,-0.658,-2.14,-2.53,20.5,16.9
2008-10-23,97.75,98.33,96.85,97.69,97.5,17701,52162,1.2774,1.2863,1.2727,1.282,5679,7201,110.9,2473,211,-0.208,-0.728,-2.39,-2.91,25.9,20.1
2008-10-24,97.61,97.96,94.75,95.16,95.5,23584,58305,1.2907,1.2972,1.2625,1.2667,5752,8373,115.45,1195,0,-0.218,-0.812,-2.66,-3.34,29,23
2008-10-27,93.54,94.5,91.88,92.97,94,14782,41095,1.2624,1.2687,1.2423,1.2442,3769,6664,118.19,1652,0,-0.172,-0.685,-2.21,-2.87,38.2,26.8
2008-10-28,93.22,96.2,92.6,94.55,93.6,17634,50560,1.2466,1.2588,1.233,1.2477,5825,6434,110.6,2872,22,-0.162,-0.662,-2.1,-2.7,36,25.5
2008-10-29,98.21,99.79,96.08,96.86,97.5,16309,55176,1.2807,1.2845,1.2625,1.2691,5665,5423,110.68,2543,228,-0.148,-0.595,-1.96,-2.42,32.9,23.4
2008-10-30,97.56,99.13,97.23,98.75,98.5,14407,42716,1.2958,1.33,1.2943,1.3212,9096,6825,108.27,2936,1083,-0.128,-0.555,-1.56,-2.2,30,22.2
2008-10-31,98.79,99.05,96.35,97.01,98.3,13644,43644,1.2871,1.2895,1.2668,1.2703,6065,8280,109.37,810,143,-0.128,-0.508,-1.57,-2.03,30.2,22.1
2008-11-04,99.02,99.35,98.35,99.11,99,9528,39963,1.2617,1.2657,1.2527,1.2642,5842,7604,106.69,2449,62,-0.065,-0.318,-0.73,-1.25,26.4,21.1
2008-11-05,99.79,99.93,99.28,99.38,99.75,11334,46824,1.2984,1.3032,1.2795,1.2843,5892,8095,109.17,1980,0,-0.07,-0.312,-0.81,-1.19,23.8,19.1
2008-11-06,98.22,98.38,97.57,97.92,97.9,11827,53377,1.2913,1.2955,1.2827,1.2862,4762,5930,110.39,2069,46,-0.077,-0.312,-0.94,-1.24,25.5,20.7
2008-11-07,97.28,97.81,96.75,97.59,97.4,12514,39414,1.2689,1.2788,1.2653,1.2777,4939,4171,109.62,560,0,-0.072,-0.332,-0.88,-1.33,25.4,20.8
2008-11-10,99.04,99.3,98.7,99.13,99,9418,13360,1.2823,1.2898,1.2777,1.2821,4114,1502,109.93,640,0,-0.065,-0.312,-0.78,-1.23,23.5,19.6
2008-11-11,97.98,98.31,97.49,97.65,98,9501,24194,1.2747,1.2772,1.2675,1.2728,5112,3504,110.94,1857,59,-0.058,-0.278,-0.66,-1.11,23.9,19.7
2008-11-12,97.3,98.08,97.15,97.96,97.55,10757,33600,1.2513,1.263,1.2477,1.2605,5781,5001,114.85,1163,39,-0.049,-0.253,-0.58,-0.98,24.9,20.1
2008-11-13,94.83,96.1,94.53,95.66,95.6,14238,34655,1.2458,1.2507,1.2388,1.2408,5649,3646,111.08,970,0,-0.078,-0.32,-0.97,-1.3,27.7,22.8
2008-11-14,97.6,98.1,96.81,96.89,97.1,9845,36430,1.2787,1.2831,1.2706,1.2708,4286,5083,112.32,1374,0,-0.115,-0.458,-1.41,-1.84,26.9,21.6
2008-11-17,96.24,97.56,95.87,97.11,97,9765,36531,1.2524,1.2608,1.2515,1.259,4043,5694,113.15,200,0,-0.102,-0.462,-1.26,-1.86,27.4,21.8
2008-11-18,96.41,96.78,96.24,96.61,96.65,8888,40135,1.2644,1.2665,1.258,1.265,4009,5461,112.69,1558,140,-0.078,-0.388,-0.9,-1.57,26.4,21.3
2008-11-19,96.77,97.12,96.33,96.74,96.5,9239,40966,1.2636,1.2648,1.2607,1.2646,2545,6931,114.9,1664,0,-0.075,-0.378,-0.9,-1.49,24.2,19.7
2008-11-20,96.03,96.12,94.97,95.25,95,13000,37385,1.2503,1.2535,1.247,1.2508,4228,4372,118.06,1095,947,-0.075,-0.377,-0.91,-1.55,24.7,20.6
2008-11-21,94.06,95.17,93.65,94.99,94.2,14109,38971,1.2439,1.2546,1.2423,1.2537,3706,5133,114.73,1272,128,-0.078,-0.405,-0.98,-1.66,25.3,21.8
2008-11-25,96.88,97.4,96.24,96.58,96.65,9040,39682,1.2915,1.2955,1.2822,1.2875,5647,4466,114.47,1212,336,-0.098,-0.455,-1.14,-1.86,22.3,18.9
2008-11-26,95.46,95.56,94.72,94.94,95,9251,20444,1.3031,1.307,1.2947,1.2955,5060,3578,114.02,1617,156,-0.1,-0.445,-1.18,-1.85,22.9,19.5
2008-11-27,95.64,95.72,94.99,95.12,95.1,6648,32448,1.2895,1.2938,1.287,1.2894,3020,8787,114.52,1520,0,-0.2,-0.458,-2.16,-1.9,20.9,18.4
2008-11-28,95.45,95.61,95.16,95.31,95.25,8192,46200,1.2894,1.2958,1.288,1.2939,3873,10752,114.59,2745,39,-0.175,-0.428,-1.94,-1.79,20.5,18.3
2008-12-01,95.36,95.57,95.05,95.07,95.3,8867,45672,1.2667,1.2711,1.262,1.2684,3912,7116,118.37,1319,0,-0.148,-0.398,-1.69,-1.67,20,17.9
2008-12-02,93.22,93.83,92.87,93.29,93.2,12369,50196,1.2598,1.265,1.258,1.2619,3159,7993,117.88,1866,0,-0.142,-0.383,-1.71,-1.64,21.3,20.1
2008-12-03,93.17,93.65,92.86,93.31,93.25,10127,38310,1.271,1.2743,1.2673,1.2696,3676,5589,117.58,2149,0,-0.138,-0.362,-1.71,-1.55,23.1,20.4
2008-12-04,93.16,93.42,92.66,92.8,93,10318,30862,1.2706,1.2728,1.2647,1.2654,3140,6050,119.16,1299,89,-0.107,-0.295,-1.33,-1.25,22.7,20.5
2008-12-05,92.48,92.6,92.1,92.24,92.5,10188,34489,1.2774,1.2799,1.2732,1.2766,3629,4969,118.3,1406,0,-0.088,-0.288,-1.1,-1.24,22.5,21.1
2008-12-08,92.79,93.13,92.57,93.02,92.8,8169,28551,1.2732,1.2887,1.2723,1.2873,3105,5880,117.53,1109,0,-0.078,-0.255,-0.88,-1.09,21.4,20.1
2008-12-09,93,93.1,92.38,92.56,92.8,7889,39243,1.2914,1.2957,1.2843,1.2869,3168,5213,118.31,1505,0,-0.058,-0.238,-0.68,-1.02,20.5,19.2
2008-12-10,92.35,92.9,92.08,92.53,92.6,10321,31453,1.2928,1.3005,1.291,1.2984,3029,6026,116.89,1853,207,-0.063,-0.24,-0.76,-1.03,19.4,18.8
2008-12-11,92.84,92.9,92.26,92.52,92.4,8754,38882,1.3014,1.3159,1.3001,1.3117,5431,5997,117.55,1486,179,-0.068,-0.258,-0.85,-1.1,18.1,17.9
2008-12-12,91.53,91.88,88.1,89.58,89.3,21273,38879,1.3329,1.3405,1.3253,1.3296,7763,7603,118.28,2026,89,-0.04,-0.23,-0.51,-1.02,22.8,20.4
2008-12-15,90.73,91.35,90.49,90.97,91,8250,34122,1.3443,1.35,1.338,1.3442,5382,3971,118.17,1172,89,-0.032,-0.2,-0.37,-0.87,22,20
2008-12-16,90.53,90.73,90.1,90.3,90.5,7164,34408,1.3695,1.3737,1.3672,1.3706,4497,8097,119.11,1662,167,-0.023,-0.177,-0.27,-0.78,20.9,19.5
2008-12-17,88.69,89.22,88.24,88.7,89,12649,45148,1.4066,1.4192,1.3998,1.408,5811,7513,120.46,5261,106,-0.017,-0.103,-0.21,-0.46,23,20.6
2008-12-18,87.29,88.28,87.19,87.92,87.5,13189,44331,1.4407,1.4493,1.4347,1.4419,5156,6331,117.97,3394,682,-0.015,-0.098,-0.19,-0.43,22.5,20.9
2008-12-19,89.53,89.87,88.87,88.93,89.2,10928,37240,1.4293,1.431,1.4205,1.4271,4908,5276,118.71,2215,174,-0.018,-0.122,-0.22,-0.54,20.7,19.3
2008-12-22,89.53,90.24,89.15,89.85,89.98,8266,36369,1.3976,1.41,1.3914,1.4053,2341,2844,117.79,1236,28,-0.048,-0.175,-0.61,-0.77,19.8,18.8
2008-12-24,90.89,90.99,90.26,90.38,90.4,5444,25052,1.3938,1.398,1.3913,1.3962,1257,4207,117.24,250,0,-0.05,-0.172,-0.64,-0.76,18.1,17.9
2008-12-25,90.53,90.64,90.25,90.38,90.45,2024,6505,1.4006,1.403,1.3981,1.4013,307,0,117.58,0,0,-0.057,-0.188,-0.73,-0.82,17.8,17.7
2008-12-26,90.53,90.84,90.34,90.52,90.4,4321,23649,1.4014,1.4075,1.399,1.406,1097,518,116.87,100,0,-0.039,-0.168,-0.5,-0.73,17.9,17.9
2008-12-29,90.64,90.75,90.28,90.36,90.55,5662,37809,1.4105,1.427,1.4067,1.4269,3711,3340,117.05,480,0,-0.033,-0.163,-0.42,-0.71,17.8,17.3
2008-12-30,90.66,90.99,90.1,90.28,90.75,6656,41178,1.4034,1.4135,1.3918,1.4089,2631,4054,117.32,180,116,-0.049,-0.17,-0.62,-0.75,17.9,17.5
2009-01-05,92.09,92.2,91.8,92.02,92,8314,40507,1.3959,1.3963,1.3843,1.3928,4693,8923,114.13,497,84,-0.048,-0.168,-0.56,-0.73,18.1,17.5
2009-01-06,93.21,93.62,92.85,93.54,93.1,9560,46044,1.3638,1.366,1.345,1.3462,6427,4401,113.8,2939,0,-0.026,-0.138,-0.31,-0.59,18.3,17.3
2009-01-07,93.39,94.15,93.2,93.48,93.9,10587,39891,1.3504,1.3605,1.343,1.3583,6427,8757,115,3396,168,-0.028,-0.133,-0.34,-0.56,18.1,17
2009-01-08,92.75,92.92,91.62,91.77,92.8,10435,33635,1.3616,1.3669,1.3555,1.3581,4694,10062,116.83,1369,0,-0.023,-0.123,-0.28,-0.53,18.8,17.5
2009-01-09,91.39,91.59,91.05,91.16,91.15,9148,38047,1.3698,1.3715,1.363,1.3673,3826,12275,118.5,1422,0,-0.023,-0.107,-0.26,-0.46,19,17.8
2009-01-13,89.46,89.54,89,89.27,89.45,9538,36430,1.3359,1.3374,1.322,1.3273,4217,8622,120.84,834,0,-0.022,-0.087,-0.26,-0.38,19.2,18
2009-01-14,89.37,89.84,89.21,89.78,89.5,8724,41994,1.3199,1.3328,1.3172,1.3312,4675,7527,121.5,1878,0,-0.037,-0.115,-0.46,-0.51,19,18.1
2009-01-15,89.15,89.26,88.75,89.08,89.2,12122,48797,1.3213,1.322,1.3135,1.315,4705,7108,120.64,1277,64,-0.039,-0.131,-0.5,-0.58,19.6,18.7
2009-01-16,89.97,90.58,89.74,90.31,90.3,10989,26900,1.316,1.3277,1.3122,1.3239,5266,5262,119.05,290,0,-0.047,-0.168,-0.6,-0.74,19.1,18.6
2009-01-19,91.21,91.33,90.32,90.63,91.03,7617,23303,1.3357,1.3385,1.3275,1.3294,3752,4691,119.72,1078,0,-0.048,-0.159,-0.57,-0.7,18.1,17.6
2009-01-20,90.64,90.7,90.08,90.42,90.4,8624,47250,1.3092,1.3101,1.293,1.2946,6453,4024,121.57,864,99,-0.04,-0.139,-0.49,-0.61,19.6,18.1
2009-01-21,89.82,90.08,89.68,89.91,89.9,9277,43629,1.2884,1.302,1.2845,1.2906,7243,6571,121.46,980,77,-0.037,-0.149,-0.47,-0.66,21.4,19.3
2009-01-22,89.07,89.55,88.62,89.34,89.15,11570,34162,1.2996,1.3064,1.2945,1.3004,4399,8367,122.48,932,78,-0.049,-0.18,-0.63,-0.79,23.3,20.4
2009-01-23,89.14,89.21,88.31,88.34,88.55,10614,40992,1.3005,1.303,1.2845,1.2862,4990,4960,122.98,434,0,-0.041,-0.164,-0.53,-0.74,23.1,20.7
2009-01-26,88.44,89.34,88.27,88.63,88.88,7428,31047,1.2898,1.2964,1.2861,1.2901,3146,3294,122.05,1171,0,-0.039,-0.173,-0.52,-0.77,23.2,21.1
2009-01-27,89.27,90.08,88.7,90.03,89.45,9678,34084,1.3187,1.3278,1.3137,1.3262,5170,5069,122.19,885,0,-0.038,-0.172,-0.52,-0.76,22.2,20.7
2009-01-28,89.33,89.48,88.88,89.17,89.1,10648,41099,1.3215,1.3275,1.3169,1.327,5398,6790,120.04,1633,0,-0.035,-0.156,-0.5,-0.69,22.4,20.8
2009-01-29,90.49,90.66,89.67,90.23,90.42,12064,40554,1.3154,1.318,1.3049,1.3081,6206,12118,121.12,1640,0,-0.039,-0.166,-0.55,-0.7,20.8,19.5
2009-01-30,89.93,90.15,89.21,89.51,89.6,12238,38599,1.2938,1.2948,1.287,1.2895,5331,10885,121.77,2281,0,-0.043,-0.172,-0.61,-0.74,21.4,20
2009-02-02,89.71,90.01,89.35,89.37,89.75,8799,47319,1.2751,1.2783,1.2706,1.2719,4449,9680,122.63,451,250,-0.052,-0.208,-0.74,-0.9,21.4,20.5
2009-02-03,89.36,90,89.27,89.73,89.7,9256,49659,1.2814,1.2914,1.2806,1.2869,5471,9405,121.94,1170,0,-0.068,-0.238,-0.97,-1.05,21.6,20.2
2009-02-04,89.37,89.69,88.83,88.88,89.4,11807,40884,1.3012,1.307,1.2955,1.2982,6188,7461,122.28,2310,0,-0.052,-0.212,-0.74,-0.94,20.5,20
2009-02-05,89.46,89.7,89.2,89.49,89.4,9428,47066,1.2856,1.2865,1.2798,1.2846,5510,6735,119.83,1165,20,-0.055,-0.22,-0.79,-0.97,20,20
2009-02-06,91.18,91.33,90.73,90.93,90.92,11613,44728,1.2789,1.2812,1.2748,1.2767,4381,7699,118.41,2691,0,-0.047,-0.207,-0.66,-0.91,18,18.1
2009-02-09,92.09,92.42,90.9,91.17,91.55,10774,35641,1.2959,1.2992,1.2878,1.2896,4406,7226,118.95,784,0,-0.045,-0.189,-0.63,-0.83,18.2,17.5
2009-02-10,91.32,91.66,90.98,91.34,91.4,9929,46852,1.2959,1.3009,1.281,1.2895,8658,8727,121.02,3338,146,-0.045,-0.185,-0.63,-0.81,18.5,17.9
2009-02-12,90.31,90.42,89.89,90.16,90,7900,38958,1.2867,1.2943,1.2858,1.2936,5070,7332,120.52,1093,0,-0.041,-0.177,-0.58,-0.78,18.8,18.1
2009-02-13,90.69,91.27,90.54,91.19,91,9019,25140,1.2886,1.2943,1.2853,1.2932,6064,3103,119.12,1151,0,-0.038,-0.168,-0.53,-0.73,18.4,18
2009-02-16,91.49,91.95,91.43,91.57,91.6,6475,27168,1.279,1.2809,1.2727,1.275,5071,3318,119.74,1177,0,-0.039,-0.17,-0.54,-0.74,17.9,17.5
2009-02-17,91.73,92.75,91.64,92.26,92.5,10813,42589,1.28,1.28,1.2602,1.2635,9902,6912,119.9,1502,0,-0.041,-0.177,-0.57,-0.77,17.2,16.7
2009-02-18,92.3,92.64,92.09,92.59,92.27,7691,47173,1.2583,1.2632,1.2558,1.2612,5750,5884,118.28,1433,0,-0.05,-0.211,-0.62,-0.92,16.7,16.2
2009-02-19,93.66,93.85,93.3,93.57,93.65,9571,35176,1.2567,1.2603,1.2528,1.2593,5580,7050,117.58,1220,54,-0.047,-0.212,-0.64,-0.88,16.5,16.2
2009-02-20,94.02,94.23,93.97,94.09,94.05,9344,43462,1.2657,1.2694,1.2564,1.2595,5919,7233,118.62,3254,40,-0.039,-0.195,-0.53,-0.81,16.6,16.2
2009-02-23,93.51,93.66,92.76,93.37,93,11491,39938,1.2791,1.2992,1.278,1.2957,9230,7037,117.13,335,0,-0.039,-0.184,-0.53,-0.79,18,17.6
2009-02-24,94.37,95.45,94.26,95.36,95.1,12747,44471,1.2671,1.2762,1.2663,1.2748,7793,7526,114.34,1245,40,-0.039,-0.181,-0.52,-0.76,18.3,17.7
2009-02-25,96.58,97.35,96.36,97.17,96.9,14875,38207,1.2871,1.2883,1.2805,1.2873,6666,8183,113.83,1510,27,-0.047,-0.189,-0.54,-0.77,18.5,16.8
2009-02-26,97.4,97.98,97.32,97.94,97.8,11005,47330,1.2717,1.2762,1.2683,1.271,5298,8264,112.61,2563,0,-0.045,-0.196,-0.53,-0.78,17.8,16.6
2009-02-27,98.35,98.61,97.32,97.87,97.55,14312,39515,1.2718,1.275,1.2688,1.2704,7988,8446,114.07,650,195,-0.049,-0.201,-0.58,-0.8,17.8,16.7
2009-03-02,97.21,97.9,96.92,97.26,97.5,9548,46296,1.2591,1.2636,1.2545,1.2596,6253,4489,115.04,1448,0,-0.053,-0.198,-0.59,-0.79,18.9,17.3
2009-03-03,97.1,97.92,96.99,97.76,97.45,9396,38824,1.2563,1.2676,1.2537,1.2654,6476,8040,113.99,2073,0,-0.049,-0.198,-0.56,-0.79,18.8,17.4
2009-03-04,98.53,98.85,98.14,98.83,98.47,9824,47044,1.2529,1.2565,1.2457,1.2511,9336,7133,112.38,3177,313,-0.048,-0.191,-0.56,-0.74,18.8,17.1
2009-03-05,99.04,99.69,98.9,99.61,99.25,9051,38748,1.2634,1.2664,1.2576,1.2611,5492,7121,114.27,1420,0,-0.047,-0.188,-0.54,-0.73,17.4,16.1
2009-03-06,98.16,98.51,97.21,97.36,98.15,10549,38550,1.2546,1.2725,1.2535,1.2695,6934,5573,113.49,2223,0,-0.048,-0.194,-0.56,-0.77,18.3,16.6
2009-03-09,97.96,98.74,97.9,98.67,98.2,6780,42370,1.2717,1.2728,1.2614,1.2656,4015,6893,113.11,865,0,-0.052,-0.2,-0.57,-0.79,18.2,16.6
2009-03-10,98.95,99.14,98.34,98.65,98.9,8825,36888,1.2619,1.273,1.258,1.2725,6821,6647,112.51,1471,0,-0.056,-0.227,-0.64,-0.9,18.2,16.7
2009-03-11,98.8,98.86,98.26,98.57,98.58,8360,41109,1.2716,1.2737,1.2616,1.2659,6713,7209,113.72,1894,0,-0.049,-0.227,-0.57,-0.88,18.2,16.9
2009-03-12,97.25,97.46,95.95,96.34,96.3,14796,41743,1.2807,1.2872,1.2747,1.2756,6251,6768,112.93,1550,100,-0.047,-0.198,-0.56,-0.8,19.1,18
2009-03-13,97.35,98.21,97.13,97.99,97.6,9914,51192,1.2899,1.2936,1.2869,1.2915,5469,4403,112.62,1173,65,-0.046,-0.189,-0.54,-0.75,18.5,17.3
2009-03-16,98.11,98.5,97.55,98.26,98.2,7908,45553,1.2882,1.2956,1.2835,1.2946,5437,3626,111.88,1166,203,-0.047,-0.188,-0.52,-0.74,18.4,17.5
2009-03-17,98.26,98.86,98.18,98.67,98.45,8202,50536,1.2974,1.3034,1.2954,1.299,7110,6235,111.21,2094,164,-0.039,-0.188,-0.44,-0.74,17.9,16.7
2009-03-18,98.79,98.85,98.28,98.55,98.5,7790,44665,1.3032,1.3066,1.2995,1.3011,6105,4891,112.77,658,165,-0.039,-0.172,-0.45,-0.68,17.4,16.5
2009-03-19,96.41,96.62,95.27,95.48,95.4,13411,55380,1.3486,1.3507,1.3417,1.3487,8045,7954,114.38,2074,178,-0.028,-0.132,-0.34,-0.54,20.5,18.6
2009-03-23,95.97,96.57,95.39,95.99,96.2,9305,49991,1.3628,1.3735,1.3613,1.3711,5313,4741,111.23,1025,95,-0.028,-0.121,-0.31,-0.49,19.1,17.6
2009-03-24,97.11,98.58,96.92,98.3,97.85,11232,50040,1.3619,1.3678,1.359,1.3604,5155,6829,110.53,2183,39,-0.036,-0.159,-0.41,-0.63,18.2,16.4
2009-03-25,98.32,98.35,97.35,97.73,97.8,10452,48469,1.348,1.3497,1.3442,1.345,5146,6244,110.7,2441,139,-0.04,-0.176,-0.47,-0.69,17.9,16.4
2009-03-26,97.77,98.22,97.45,98.11,97.77,8742,42226,1.3574,1.3617,1.3538,1.3579,4398,7166,109.18,1310,39,-0.038,-0.158,-0.45,-0.63,17.9,16.6
2009-03-27,98.72,98.85,97.7,97.9,98.5,10587,51989,1.3529,1.3592,1.3523,1.3566,5264,9198,110.8,1014,242,-0.038,-0.149,-0.46,-0.6,17.4,16.4
2009-03-30,98.08,98.32,95.98,96.18,98.15,11520,49406,1.3267,1.3286,1.3165,1.3177,5068,7519,112.36,1060,127,-0.039,-0.151,-0.48,-0.61,19.1,17.1
2009-03-31,97.42,98.5,97.29,98.31,98.1,15572,53966,1.319,1.328,1.3175,1.3276,6343,5396,109.83,1407,375,-0.041,-0.151,-0.42,-0.6,18.5,16.7
2009-04-01,99.33,99.48,98.21,98.62,98.85,11263,45127,1.3257,1.3266,1.3167,1.3199,4950,9642,110.07,903,90,-0.04,-0.151,-0.42,-0.6,18.5,16.6
2009-04-02,98.55,99.19,98.4,99.13,98.75,8859,41506,1.3241,1.3312,1.3237,1.3254,4100,7582,107.95,1993,173,-0.039,-0.152,-0.45,-0.6,18.4,16.5
2009-04-03,99.71,100.18,99.33,99.79,100,13204,35525,1.3474,1.3495,1.3398,1.3431,6440,7891,107.1,1654,119,-0.038,-0.158,-0.45,-0.62,17.9,16.3
2009-04-06,100.57,101.24,100.24,101.17,100.8,10677,41253,1.3536,1.3582,1.3509,1.3532,3761,8896,106.46,1655,90,-0.038,-0.155,-0.45,-0.6,16.5,15.5
2009-04-07,100.41,101.05,100.22,100.55,100.6,11479,37512,1.3324,1.3408,1.3321,1.3357,4768,9787,107.48,1777,90,-0.039,-0.151,-0.43,-0.59,15.6,15
2009-04-08,100.66,100.88,99.45,99.67,100.4,13123,40420,1.3269,1.3283,1.3148,1.3189,7003,9662,108.3,2218,147,-0.038,-0.151,-0.44,-0.59,15.4,14.9
2009-04-09,99.89,100.28,99.64,100.15,99.8,8804,45440,1.3252,1.3324,1.3232,1.3314,3984,10959,107.41,532,0,-0.038,-0.151,-0.45,-0.59,15.3,15.2
2009-04-10,100.64,100.74,100.21,100.47,100.65,4102,22071,1.312,1.3166,1.309,1.3129,1755,394,107.68,150,0,-0.042,-0.153,-0.5,-0.6,15.2,14.9
2009-04-13,100.42,100.73,100.23,100.66,100.4,3974,25349,1.3154,1.3215,1.3126,1.3203,2202,402,107.39,140,0,-0.04,-0.159,-0.47,-0.62,15.4,14.8
2009-04-14,100.35,100.43,99.43,99.64,99.85,13405,48523,1.3377,1.3381,1.3279,1.3289,5034,8789,108.66,0,103,-0.043,-0.159,-0.48,-0.63,15.6,14.8
2009-04-15,99.01,99.15,98.15,98.76,98.8,13044,52336,1.3268,1.3275,1.3204,1.3228,4847,5013,108.26,605,110,-0.046,-0.16,-0.54,-0.64,16.2,15.4
2009-04-16,99.27,99.52,98.57,98.65,99.45,8862,52855,1.322,1.3269,1.3152,1.3164,5041,7090,108.44,1400,0,-0.042,-0.153,-0.5,-0.6,15.4,14.9
2009-04-17,99.48,99.77,99.25,99.4,99.7,8880,46435,1.319,1.3198,1.3065,1.309,7306,7981,108.89,559,329,-0.039,-0.149,-0.47,-0.59,14.9,14.6
2009-04-20,99.32,99.42,98.63,99.04,98.85,6942,39094,1.3008,1.3049,1.2967,1.2985,5321,7333,111.01,460,110,-0.039,-0.15,-0.47,-0.59,15,14.3
2009-04-21,97.76,98.47,97.73,98.02,98.05,11400,48679,1.2905,1.2954,1.2897,1.294,4964,9387,109.82,660,0,-0.047,-0.155,-0.52,-0.62,15.8,14.7
2009-04-22,98.54,98.75,98.04,98.16,98.2,8269,42590,1.2938,1.2958,1.2887,1.2928,4017,10153,110.52,1374,0,-0.041,-0.157,-0.46,-0.63,15.5,14.6
2009-04-23,98.07,98.2,97.63,98.16,97.82,8516,48791,1.3008,1.3051,1.298,1.301,4430,8818,110.2,1369,63,-0.038,-0.146,-0.46,-0.58,14.8,14.5
2009-04-24,97.87,98.05,96.63,97.08,97.8,12386,49351,1.3126,1.3213,1.3114,1.3192,5007,8417,110.67,882,0,-0.031,-0.134,-0.38,-0.54,15.1,15
2009-04-27,96.74,97.12,96.51,96.73,96.7,9822,44724,1.3219,1.3242,1.312,1.3166,4879,7092,111.88,440,0,-0.029,-0.137,-0.37,-0.55,15.5,15.1
2009-04-28,96.37,96.73,95.63,95.88,96,13606,52972,1.3024,1.3036,1.2985,1.3025,3958,13942,112.06,1039,263,-0.04,-0.142,-0.48,-0.56,15.3,15.1
2009-04-30,97.61,97.87,97.15,97.67,97.6,11767,47573,1.3267,1.3385,1.3248,1.3376,5307,6858,108.66,1061,63,-0.047,-0.146,-0.54,-0.58,14.5,14.2
2009-05-01,98.91,99.36,98.55,99.27,99.1,8438,30164,1.3245,1.3305,1.322,1.3285,2073,4918,107.94,1043,280,-0.039,-0.141,-0.45,-0.54,14.1,14.1
2009-05-07,98.65,98.98,98.35,98.92,98.7,8617,46624,1.3302,1.3323,1.3252,1.3254,4589,5303,107.14,1310,0,-0.037,-0.123,-0.43,-0.48,13.1,13.1
2009-05-08,99.18,99.49,98.94,99.39,99.3,7906,48921,1.3387,1.3433,1.3342,1.3397,5442,8294,107.19,616,116,-0.032,-0.12,-0.37,-0.47,12.7,12.7
2009-05-11,98.75,98.82,98.16,98.28,98.5,9574,41908,1.3634,1.3668,1.3593,1.3608,4770,7903,108.58,1206,40,-0.033,-0.111,-0.36,-0.44,12.2,12.3
2009-05-12,97.61,97.68,97.13,97.65,97.3,8608,48007,1.3585,1.3656,1.3564,1.3651,5738,12640,109.45,1277,89,-0.029,-0.107,-0.33,-0.43,13.9,13.6
2009-05-13,96.24,96.7,95.78,96.41,96.2,12448,45799,1.3677,1.3722,1.3642,1.3699,6272,5576,111.11,955,76,-0.029,-0.109,-0.34,-0.43,14.8,14.3
2009-05-14,95.39,95.77,95.15,95.55,95.5,10308,42597,1.3541,1.3598,1.3526,1.3595,6585,8237,110.48,1230,89,-0.028,-0.097,-0.33,-0.39,14.9,14.5
2009-05-15,95.99,96.2,94.99,95.29,96.03,9753,41492,1.3631,1.365,1.3576,1.3608,5458,6901,111.55,1120,142,-0.029,-0.093,-0.35,-0.38,14,13.9
2009-05-18,95.02,95.47,94.55,95.39,94.85,9478,41633,1.3455,1.3485,1.3422,1.3462,4308,6462,109.74,660,366,-0.038,-0.102,-0.43,-0.42,15,14.5
2009-05-19,96.32,96.7,96.13,96.68,96.4,8905,44058,1.3552,1.3618,1.3531,1.3611,4304,5496,109.85,1060,134,-0.036,-0.099,-0.41,-0.4,14,13.7
2009-05-20,96.2,96.22,95.48,95.99,95.92,9065,43581,1.3645,1.3652,1.3584,1.3631,4566,6618,110.8,1292,0,-0.028,-0.088,-0.33,-0.35,14,13.9
2009-05-21,94.58,94.95,94.28,94.77,94.5,11073,43425,1.3784,1.3809,1.3762,1.3779,5225,6075,111.16,1644,0,-0.027,-0.073,-0.33,-0.3,14.6,14.2
2009-05-22,93.92,94.33,93.86,94.26,94.15,10071,23599,1.3942,1.3978,1.3898,1.3932,5595,6057,110.36,741,76,-0.028,-0.087,-0.34,-0.36,15.2,14.9
2009-05-25,94.57,95.23,94.42,94.99,94.5,5630,25831,1.4026,1.4036,1.3972,1.3985,3788,3794,110.34,256,89,-0.038,-0.101,-0.43,-0.41,15.4,15
2009-05-26,94.92,95.08,94.51,94.66,94.7,7625,50160,1.4009,1.4023,1.393,1.394,5266,6589,110.4,705,155,-0.029,-0.094,-0.34,-0.38,15.4,14.9
2009-05-27,95.24,95.51,94.93,95.22,95.4,9905,51344,1.3993,1.4002,1.3925,1.3981,4846,9058,110.42,829,96,-0.038,-0.111,-0.44,-0.44,15.2,14.9
2009-05-28,95.61,97.05,95.28,96.62,95.93,14409,43918,1.3832,1.3882,1.3793,1.388,5112,9253,108.34,2142,237,-0.036,-0.109,-0.44,-0.44,14.8,14.6
2009-05-29,96.73,96.95,96.25,96.45,96.5,9510,42286,1.3948,1.4022,1.3926,1.4001,5469,8325,109.47,826,116,-0.033,-0.101,-0.4,-0.4,14.4,14.4
2009-06-01,95.47,95.49,94.65,94.76,94.9,8677,47161,1.4104,1.4227,1.4099,1.4219,5327,8077,107.69,632,39,-0.03,-0.1,-0.37,-0.41,15.2,14.9
2009-06-02,96.44,96.65,96.1,96.51,96.3,9470,41403,1.4181,1.4184,1.4102,1.4125,7304,11211,108.39,1219,92,-0.039,-0.111,-0.45,-0.45,15.3,14.9
2009-06-03,95.46,96.38,95.38,96.26,95.65,9907,42702,1.4288,1.4338,1.426,1.4265,6964,10800,108.63,1822,89,-0.033,-0.104,-0.39,-0.41,15.6,15.4
2009-06-04,95.98,96.4,95.9,96.21,96.15,8787,45489,1.4142,1.4234,1.4135,1.4228,6470,9960,107.97,980,92,-0.029,-0.094,-0.36,-0.38,15.3,15.2
2009-06-05,96.65,96.9,96.55,96.72,96.75,8114,39865,1.4168,1.4229,1.4162,1.4188,5221,5991,106.11,1505,327,-0.03,-0.098,-0.37,-0.39,15.2,15.1
2009-06-08,98.67,98.86,98.28,98.56,98.42,9071,37504,1.3976,1.4004,1.3885,1.3895,5200,7124,106.59,780,0,-0.036,-0.114,-0.43,-0.45,14.9,14.7
2009-06-09,98.49,98.58,97.87,98.17,98.1,9300,39280,1.3929,1.3965,1.3853,1.3941,6494,7039,107.42,1337,133,-0.038,-0.11,-0.43,-0.43,15.1,14.9
2009-06-10,97.43,97.74,97.08,97.61,97.6,9539,36499,1.4063,1.4134,1.4051,1.4126,7244,5134,106.66,829,147,-0.029,-0.097,-0.34,-0.38,15.5,15.2
2009-06-11,98.23,98.3,97.63,97.84,98.02,7282,37820,1.3989,1.4063,1.3968,1.3994,6108,6370,106.86,744,78,-0.029,-0.091,-0.35,-0.36,14.7,14.8
2009-06-12,97.56,98.13,97.47,98.04,97.75,11360,24696,1.4125,1.413,1.4055,1.4064,4963,3487,106.23,1441,230,-0.028,-0.09,-0.34,-0.35,14.4,14.5
2009-06-15,98.44,98.58,98.11,98.25,98.22,6485,37093,1.3978,1.4,1.3863,1.3874,5407,6303,107.47,380,119,-0.029,-0.091,-0.35,-0.36,14.1,14.2
2009-06-16,97.64,97.85,96.08,96.61,96.85,14224,36238,1.3775,1.3876,1.3748,1.386,9308,7090,108.98,953,0,-0.029,-0.09,-0.32,-0.36,14.9,14.8
2009-06-17,96.02,96.78,95.97,96.48,96.45,10264,41769,1.3816,1.3927,1.3806,1.3899,6208,6476,109.59,911,0,-0.029,-0.099,-0.33,-0.37,14.9,14.8
2009-06-18,95.98,96.1,95.63,95.84,95.75,8105,36890,1.3968,1.3991,1.3922,1.3947,4561,8236,108.81,754,0,-0.029,-0.097,-0.36,-0.38,15.6,15.4
2009-06-19,96.69,96.97,96.5,96.83,96.6,6566,39875,1.3909,1.3948,1.3883,1.3934,4396,6620,109.02,925,78,-0.035,-0.109,-0.43,-0.43,14.5,14.6
2009-06-22,96.1,96.33,95.78,96.13,96,5806,28686,1.3936,1.3947,1.3848,1.3882,4292,9304,109.76,280,42,-0.037,-0.11,-0.46,-0.44,14.7,14.8
2009-06-23,95.43,95.93,94.97,95.23,95.2,11879,34915,1.385,1.3904,1.383,1.3891,5197,5073,110.22,872,69,-0.038,-0.11,-0.44,-0.45,15.6,15.3
2009-06-24,95.33,95.66,95.03,95.35,95.41,7154,29041,1.4067,1.4137,1.4062,1.4109,5294,6253,109.85,1141,0,-0.038,-0.11,-0.46,-0.44,15.8,15.6
2009-06-25,95.71,96.55,95.62,96.35,96.2,9674,26433,1.3942,1.3983,1.3929,1.3952,4969,7263,109.43,1456,327,-0.033,-0.102,-0.41,-0.41,14.5,14.8
2009-06-26,95.78,96.05,95.62,95.93,95.76,7583,36264,1.4011,1.4062,1.3983,1.4039,4687,6153,110.04,655,0,-0.037,-0.101,-0.44,-0.41,14.4,14.6
2009-06-29,95.17,95.59,95.16,95.53,95.35,6474,30471,1.4069,1.4077,1.3982,1.4019,4666,10926,109.03,766,0,-0.038,-0.103,-0.43,-0.42,14.6,14.6
2009-06-30,96.16,96.33,95.31,95.56,95.95,10299,34794,1.4098,1.4153,1.4071,1.411,5018,8368,108.63,555,119,-0.037,-0.103,-0.43,-0.42,13.7,13.8
2009-07-01,96.25,97,96.17,96.78,96.8,8734,37514,1.4043,1.4086,1.4,1.4079,4305,6931,107.98,619,261,-0.035,-0.109,-0.42,-0.43,13.2,13.5
2009-07-02,96.52,96.8,96.38,96.66,96.58,6015,40868,1.4146,1.4154,1.4082,1.409,4807,8086,109.28,735,92,-0.033,-0.1,-0.39,-0.4,12.8,13.2
2009-07-03,95.83,96.13,95.7,95.93,95.8,4412,29066,1.3963,1.4028,1.3943,1.401,3403,9525,109.15,1251,0,-0.029,-0.099,-0.35,-0.4,13,13.3
2009-07-06,95.88,96.02,95.1,95.19,95.45,8253,30044,1.3961,1.3999,1.3914,1.3935,4326,5832,110.05,527,219,-0.029,-0.097,-0.33,-0.39,13.2,13.4
2009-07-07,95.22,95.46,95.02,95.19,95.32,6237,36561,1.3992,1.3994,1.3904,1.3926,5543,5714,110.82,604,0,-0.029,-0.099,-0.34,-0.4,13.4,13.7
2009-07-08,94.63,94.85,94.08,94.27,94.6,10833,32337,1.3898,1.3926,1.386,1.3889,5556,11771,113.43,1377,0,-0.029,-0.099,-0.35,-0.39,14.4,14.4
2009-07-09,92.72,93.52,92.38,93.36,93.25,12502,34143,1.3864,1.3963,1.3858,1.3962,5253,8551,112.92,506,0,-0.028,-0.091,-0.34,-0.38,15.4,15.2
2009-07-10,93.17,93.19,92.48,92.75,93.08,7874,34884,1.4015,1.403,1.3901,1.3911,5824,9973,113.85,1034,98,-0.029,-0.091,-0.36,-0.38,14.8,14.9
2009-07-13,92.47,92.95,92.04,92.46,92.6,7996,40768,1.3974,1.3979,1.3899,1.395,4203,5594,113.4,310,0,-0.029,-0.091,-0.34,-0.38,16,15.4
2009-07-14,93.09,93.35,92.81,93.08,93.05,9731,38650,1.4004,1.4015,1.396,1.3986,5305,9222,112.54,515,0,-0.029,-0.099,-0.35,-0.41,15.7,15.2
2009-07-15,93.65,93.66,93.26,93.47,93.56,6660,44707,1.398,1.407,1.3963,1.4049,4837,6494,111.07,555,0,-0.029,-0.101,-0.36,-0.41,14.6,14.6
2009-07-16,94.31,94.45,93.72,93.78,94.32,8998,46235,1.4094,1.4108,1.4056,1.4096,4437,6637,111.3,853,345,-0.029,-0.099,-0.35,-0.41,14.3,14.4
2009-07-17,93.71,93.9,93.48,93.71,93.65,6217,44716,1.4132,1.4142,1.4077,1.4083,4072,9302,111.02,434,0,-0.029,-0.099,-0.33,-0.41,14.5,14.5
2009-07-21,94.15,94.22,93.75,94.09,94,6679,39757,1.4211,1.4234,1.4184,1.4214,3291,8305,111.07,719,149,-0.028,-0.093,-0.33,-0.38,14.4,14.4
2009-07-22,93.55,93.75,93.4,93.57,93.5,9008,36215,1.4198,1.4222,1.4169,1.4184,4006,6881,111.17,664,78,-0.028,-0.09,-0.34,-0.36,14.7,14.7
2009-07-23,93.58,94.43,93.53,94.36,94.2,8978,30062,1.4204,1.4266,1.42,1.4235,4496,6233,109.71,918,0,-0.027,-0.087,-0.33,-0.36,14.3,14.6
2009-07-24,94.97,95.17,94.59,94.84,94.7,9158,34986,1.4162,1.4225,1.4135,1.4214,5054,3695,109.76,490,92,-0.028,-0.09,-0.34,-0.37,13.8,14.1
2009-07-27,94.73,95.06,94.69,95.02,94.85,7040,32160,1.4194,1.4268,1.4172,1.4252,4234,6386,109.16,298,134,-0.028,-0.09,-0.32,-0.37,13.7,14
2009-07-28,95.18,95.27,94.93,95.18,95.07,7785,32006,1.4246,1.4305,1.4219,1.4285,5342,5522,109.98,845,472,-0.025,-0.088,-0.29,-0.36,13.4,13.8
2009-07-29,94.44,94.68,94.01,94.42,94.2,9307,40944,1.4146,1.4195,1.411,1.4162,6050,12261,109.81,565,0,-0.025,-0.08,-0.3,-0.33,13.7,14
2009-07-30,95.11,95.31,94.84,94.99,95,7264,38250,1.4017,1.4094,1.401,1.4049,6749,8864,108.97,577,0,-0.025,-0.083,-0.3,-0.33,13.6,14
2009-07-31,95.57,95.68,95.21,95.61,95.33,8470,39347,1.4085,1.4145,1.4067,1.4115,5817,4242,109.47,575,0,-0.021,-0.08,-0.25,-0.32,13.3,13.9
2009-08-03,94.64,95.03,94.6,95.02,94.73,6642,29074,1.4288,1.431,1.4206,1.4227,6452,9003,108.41,456,232,-0.028,-0.083,-0.31,-0.34,14,14
2009-08-04,95.18,95.47,94.93,94.95,95.22,8881,27360,1.4409,1.4432,1.4377,1.4404,4777,7867,108.46,609,0,-0.026,-0.083,-0.29,-0.34,14,14.1
2009-08-05,95.31,95.4,94.87,95.02,95,7438,28207,1.4416,1.4423,1.4368,1.4402,4473,5517,108.81,300,0,-0.028,-0.084,-0.33,-0.33,14,14.1
2009-08-06,94.81,95.23,94.78,95.19,95.15,7887,34716,1.441,1.4432,1.4385,1.4406,3731,7372,108.47,1780,0,-0.028,-0.082,-0.34,-0.33,13.9,14.2
2009-08-07,95.49,95.56,95.22,95.39,95.4,8493,34747,1.4371,1.4373,1.434,1.4356,4208,3770,106.33,606,0,-0.025,-0.081,-0.3,-0.32,13.9,14.2
2009-08-10,97.37,97.72,97.07,97.39,97.25,9602,40800,1.419,1.4217,1.418,1.4192,3189,4787,107.02,310,92,-0.028,-0.082,-0.31,-0.32,14.1,14.2
2009-08-11,97.02,97.11,96.55,96.87,96.7,8651,36524,1.413,1.4181,1.4123,1.4168,3601,10096,108.51,280,120,-0.027,-0.081,-0.31,-0.32,14.2,14.3
2009-08-12,95.94,96.09,95.13,95.26,95.52,9685,35014,1.4151,1.4165,1.4088,1.4114,4073,7562,108.3,834,134,-0.022,-0.08,-0.26,-0.32,14.6,14.6
2009-08-13,96.19,96.44,95.8,96.39,96.1,6861,33296,1.4217,1.427,1.4202,1.425,4790,6104,108.63,1284,92,-0.021,-0.079,-0.25,-0.32,14.3,14.5
2009-08-14,95.29,95.46,94.85,95.21,95.3,6626,33174,1.4274,1.4304,1.4253,1.4271,3798,7285,109.5,486,0,-0.019,-0.073,-0.23,-0.29,14.4,14.6
2009-08-17,94.73,94.87,94.38,94.67,94.6,8095,32631,1.4167,1.4195,1.4115,1.4125,5006,4182,110.6,400,330,-0.027,-0.07,-0.28,-0.28,14.9,14.8
2009-08-18,94.46,95.2,94.34,95.1,94.75,7344,40402,1.4107,1.414,1.4068,1.4127,4995,3966,110.01,580,264,-0.025,-0.071,-0.27,-0.29,14.7,14.9
2009-08-19,94.88,94.97,94.14,94.29,94.6,8694,34098,1.4166,1.4172,1.4086,1.4098,5051,6273,110.63,499,417,-0.025,-0.071,-0.28,-0.28,14.3,14.4
2009-08-20,94.12,94.56,93.98,94.31,94.38,8327,30854,1.425,1.4255,1.4207,1.4221,5603,4243,110.28,509,92,-0.019,-0.069,-0.23,-0.28,14.1,14.4
2009-08-21,94.26,94.3,93.47,93.92,93.9,9569,27750,1.4255,1.43,1.4209,1.4297,5876,7360,109.89,635,162,-0.018,-0.06,-0.22,-0.25,13.4,14
2009-08-24,94.59,94.98,94.4,94.97,94.65,7138,30694,1.434,1.4359,1.4283,1.4299,3726,8083,109.71,580,0,-0.019,-0.062,-0.21,-0.25,13.5,13.9
2009-08-25,94.4,94.58,93.79,94.32,94,8870,25400,1.4292,1.4308,1.4254,1.4271,4566,7251,110.28,370,92,-0.019,-0.061,-0.22,-0.25,13.7,14
2009-08-26,93.94,94.3,93.87,94.18,94,6754,31112,1.4284,1.4353,1.4281,1.4339,4388,7273,110.37,817,42,-0.019,-0.06,-0.23,-0.24,13.4,13.9
2009-08-27,94.1,94.3,93.37,93.69,93.9,9880,29241,1.4237,1.4269,1.4219,1.4242,4471,9459,111.1,255,0,-0.018,-0.055,-0.23,-0.23,13.1,13.8
2009-08-28,93.65,93.99,93.42,93.93,93.75,6708,38896,1.437,1.4377,1.4326,1.4332,4055,8132,111,1033,0,-0.018,-0.051,-0.23,-0.21,13.2,14
2009-08-31,93.38,93.55,92.54,92.78,92.7,11360,35329,1.4303,1.4314,1.4257,1.4281,3495,5467,111.6,270,0,-0.018,-0.051,-0.23,-0.21,14,14.3
2009-09-01,92.89,93.38,92.85,93.27,93.1,7460,41397,1.4336,1.4378,1.4321,1.4369,4413,7962,112.18,912,0,-0.019,-0.057,-0.22,-0.24,14.2,14.4
2009-09-02,92.71,93.06,92.51,92.66,92.87,10134,37837,1.4209,1.4247,1.419,1.4213,3917,6053,112.94,670,0,-0.019,-0.061,-0.23,-0.25,14.1,14.4
2009-09-03,92.24,92.51,91.94,92.43,92.25,9128,41338,1.4273,1.4312,1.4252,1.4294,3600,8844,112.29,1268,0,-0.019,-0.061,-0.24,-0.26,14.1,14.4
2009-09-04,92.71,92.88,92.51,92.86,92.63,7760,9742,1.4256,1.4289,1.4236,1.4271,3070,3555,111.63,700,0,-0.019,-0.06,-0.24,-0.25,13.8,14.3
2009-09-07,93.17,93.31,92.93,93.24,93.15,4412,23644,1.4322,1.4362,1.4302,1.4347,2629,3768,111.38,603,0,-0.019,-0.06,-0.24,-0.25,13,13.5
2009-09-08,92.94,93.11,92.27,92.39,92.9,7037,42189,1.4334,1.4426,1.4329,1.4417,6190,10071,111.86,500,0,-0.018,-0.059,-0.21,-0.25,12.7,13.4
2009-09-09,92.33,92.6,92.25,92.5,92.37,5573,38606,1.4502,1.4518,1.4467,1.4486,5379,5012,112.1,788,0,-0.018,-0.051,-0.21,-0.21,12.9,13.6
2009-09-10,92.16,92.25,91.89,92.16,92.2,7058,42037,1.455,1.4586,1.4543,1.4571,5205,7538,112.37,768,0,-0.017,-0.05,-0.22,-0.21,12.9,13.7
2009-09-11,91.72,91.78,90.67,90.94,91.4,11170,33451,1.4582,1.4628,1.4572,1.4607,5215,5429,113.59,210,0,-0.018,-0.051,-0.23,-0.22,13.1,14.2
2009-09-14,90.41,90.76,90.18,90.59,90.4,7935,40890,1.4578,1.4598,1.4515,1.4566,4783,4612,113.34,430,0,-0.018,-0.051,-0.23,-0.22,14,14.4
2009-09-15,90.88,91.28,90.8,91.12,91.03,6801,46846,1.4641,1.4647,1.4592,1.4601,5439,4844,112.99,841,0,-0.018,-0.053,-0.22,-0.23,13.7,14.2
2009-09-16,90.92,91.17,90.22,90.29,90.97,10492,39045,1.4671,1.4709,1.466,1.4705,5548,8425,112.76,1260,30,-0.018,-0.051,-0.23,-0.22,13.3,14.1
2009-09-17,91.05,91.23,90.52,90.57,91.15,9063,32327,1.4709,1.4765,1.4704,1.4744,5125,9652,112.54,920,0,-0.018,-0.059,-0.22,-0.25,13.3,14
2009-09-18,91.22,91.45,91.04,91.25,91.2,6571,29555,1.4733,1.4744,1.4663,1.4669,4007,7467,112.38,1257,0,-0.018,-0.061,-0.22,-0.25,13.3,14.1
2009-09-24,91.32,91.62,90.42,90.63,91.28,7225,29609,1.4728,1.4769,1.4685,1.4765,5833,4863,112.42,750,0,-0.018,-0.058,-0.23,-0.25,12.9,13.4
2009-09-25,90.84,91.35,90.52,90.6,90.7,10739,31033,1.4651,1.4706,1.4615,1.4685,6374,9050,114.43,500,0,-0.018,-0.051,-0.23,-0.22,12.9,13.5
2009-09-28,88.7,89.65,88.23,89.57,88.9,14524,40660,1.4709,1.4721,1.4565,1.4607,6690,9166,114.58,480,0,-0.018,-0.051,-0.24,-0.22,15.1,14.8
2009-09-29,89.91,90.23,89.63,89.72,90.1,12323,41995,1.4623,1.4645,1.4568,1.4578,5043,6329,114.02,460,0,-0.018,-0.068,-0.22,-0.28,14.2,14.2
2009-09-30,90.24,90.42,89.55,89.76,89.77,11916,43887,1.4594,1.4645,1.4578,1.4606,6267,5787,114.2,480,0,-0.018,-0.06,-0.23,-0.25,14,14
2009-10-01,89.91,90.17,89.69,89.98,89.82,6603,36984,1.4655,1.4668,1.4551,1.4592,6180,9038,114.65,756,0,-0.018,-0.059,-0.23,-0.25,14.1,14
2009-10-02,89.54,89.63,89.21,89.37,89.5,8793,36249,1.4516,1.4563,1.4502,1.4542,5975,9784,114.27,320,50,-0.017,-0.053,-0.22,-0.23,14,13.9
2009-10-05,89.69,89.96,89.45,89.84,89.8,5085,27196,1.4599,1.4656,1.4582,1.4623,4128,8142,114.27,361,50,-0.016,-0.053,-0.19,-0.23,13.7,13.8
2009-10-06,89.63,89.65,88.85,89.27,89.1,10330,36227,1.4658,1.4749,1.4646,1.4719,7877,7812,114.92,1355,0,-0.016,-0.053,-0.2,-0.23,14.3,14
2009-10-07,88.84,89.07,88.08,88.15,88.9,9798,43557,1.4722,1.4735,1.4684,1.4723,4329,9023,115.2,918,0,-0.016,-0.06,-0.2,-0.25,14,14
2009-10-08,88.54,88.72,88.15,88.28,88.45,7040,38347,1.4715,1.4788,1.4684,1.4778,6005,9402,115.12,1201,0,-0.018,-0.06,-0.23,-0.26,14.6,14.3
2009-10-09,88.77,89.43,88.38,89.29,89.2,8573,35433,1.4773,1.4794,1.4704,1.4725,5501,10275,113.58,1073,0,-0.018,-0.06,-0.22,-0.26,14,14.1
2009-10-13,89.7,90.19,89.62,90.12,90.02,7361,35263,1.4791,1.4799,1.4762,1.4767,3788,6840,113.42,365,0,-0.018,-0.061,-0.22,-0.26,13.7,13.8
2009-10-14,89.85,89.89,88.83,89.19,89.3,9311,33528,1.4851,1.4902,1.4839,1.4898,7299,6367,113.41,863,138,-0.016,-0.06,-0.2,-0.25,13.8,13.8
2009-10-15,89.41,89.67,89.27,89.54,89.4,7793,35846,1.4932,1.4967,1.4925,1.4935,5141,10510,111.95,232,0,-0.016,-0.059,-0.2,-0.25,13.8,14
2009-10-16,90.82,91.22,90.52,91.17,90.9,10778,32524,1.4955,1.4967,1.4891,1.4905,5016,11292,111.8,742,44,-0.016,-0.06,-0.2,-0.25,13.6,13.9
2009-10-19,90.91,91.13,90.49,90.6,90.9,5978,19962,1.4895,1.4947,1.483,1.4937,5441,9191,111.97,1869,0,-0.018,-0.059,-0.2,-0.25,13.7,13.8
2009-10-20,90.76,90.8,90.07,90.31,90.4,6860,32563,1.4968,1.4994,1.4954,1.4962,5987,6159,111.88,550,0,-0.018,-0.059,-0.21,-0.25,13.8,14
2009-10-21,90.8,90.92,90.48,90.71,90.81,6355,34311,1.4931,1.4965,1.4889,1.4956,6366,6630,111.5,1033,80,-0.016,-0.057,-0.19,-0.24,13.8,14
2009-10-22,90.88,91.58,90.77,91.43,91.15,7555,34648,1.5014,1.5036,1.4966,1.4975,7352,6295,111.24,702,0,-0.015,-0.051,-0.18,-0.21,13.4,13.7
2009-10-23,91.43,91.93,91.28,91.82,91.65,7347,37105,1.504,1.5061,1.4992,1.5026,5096,5493,110.32,713,0,-0.011,-0.05,-0.13,-0.21,12.8,13.2
2009-10-26,92.13,92.2,91.57,91.84,91.87,6398,24971,1.4991,1.5064,1.4981,1.5036,4799,4041,110.5,520,0,-0.016,-0.051,-0.18,-0.21,13.2,13.4
2009-10-27,92.22,92.33,91.93,92.04,92.07,6422,32880,1.4858,1.4926,1.4849,1.4888,6878,4447,111.18,960,0,-0.015,-0.051,-0.18,-0.21,13.2,13.5
2009-10-28,91.67,91.81,91.07,91.16,91.15,10000,32090,1.482,1.4841,1.4789,1.4827,6459,8759,112.98,1052,0,-0.011,-0.05,-0.13,-0.21,13.3,13.7
2009-10-29,90.61,90.81,90.24,90.66,90.3,8843,34425,1.4715,1.4747,1.4684,1.4736,6060,5652,111.64,170,0,-0.011,-0.05,-0.14,-0.21,13.8,14.3
2009-10-30,91.52,91.58,90.84,91.11,91.38,8363,28142,1.4839,1.4859,1.4816,1.4827,4274,8594,113.5,825,0,-0.011,-0.05,-0.14,-0.21,13.2,13.8
2009-11-02,89.72,90.25,89.19,90.13,90,7987,32941,1.4706,1.478,1.4681,1.4748,4883,5931,113.31,660,75,-0.015,-0.051,-0.18,-0.22,14,14.2
2009-11-04,90.44,90.61,90.04,90.56,90.18,4746,28719,1.4733,1.4757,1.4703,1.4746,3474,7286,112.28,843,70,-0.011,-0.053,-0.14,-0.22,13.8,14.3
2009-11-05,90.71,90.86,90.3,90.42,90.47,6305,33890,1.4867,1.4882,1.4812,1.4827,5609,7172,112.33,979,0,-0.011,-0.053,-0.14,-0.22,13.4,14.1
2009-11-06,90.8,90.86,90.42,90.46,90.7,6371,42576,1.4877,1.4883,1.4855,1.4877,3701,8278,113.27,380,0,-0.011,-0.05,-0.14,-0.21,13,13.7
2009-11-09,89.88,90.26,89.7,90.12,90.12,5764,27668,1.4863,1.498,1.4854,1.4976,6218,4732,112.66,383,0,-0.011,-0.05,-0.13,-0.21,13,13.6
2009-11-10,89.87,90.05,89.68,89.87,89.96,6022,18923,1.5003,1.5013,1.495,1.4971,5353,657,112.85,1310,0,-0.011,-0.05,-0.13,-0.21,12.3,13.2
2009-11-11,89.7,90.03,89.29,90.03,89.6,9818,25226,1.5,1.5015,1.4969,1.5009,5494,5249,112.73,656,44,-0.011,-0.051,-0.14,-0.21,12.2,13.3
2009-11-12,89.93,89.99,89.65,89.81,89.95,6741,31425,1.4983,1.5016,1.4959,1.4964,4654,7981,112.42,625,0,-0.011,-0.05,-0.14,-0.21,11.8,12.9
2009-11-13,90.29,90.42,90.14,90.29,90.23,5722,31774,1.4858,1.4883,1.4833,1.4874,3946,8411,113.03,222,0,-0.011,-0.05,-0.14,-0.21,11.4,12.7
2009-11-16,89.64,89.72,89.38,89.57,89.57,5323,33651,1.4961,1.4994,1.4918,1.4984,4626,10660,113.56,1338,0,-0.011,-0.05,-0.14,-0.21,11.6,12.6
2009-11-17,89.03,89.17,88.82,88.86,89.05,7244,40289,1.4983,1.5,1.4936,1.4966,5575,7550,113.5,884,0,-0.011,-0.049,-0.13,-0.21,11.6,12.5
2009-11-18,89.28,89.37,89.09,89.16,89.25,4551,30705,1.4876,1.4907,1.4857,1.4891,5197,6490,113.32,610,0,-0.011,-0.047,-0.14,-0.2,11.3,12.4
2009-11-19,89.41,89.42,88.85,88.91,89.31,7161,27457,1.4954,1.4966,1.487,1.4877,6456,9501,114.07,565,0,-0.011,-0.042,-0.14,-0.18,10.9,12.1
2009-11-20,88.92,89.05,88.67,88.79,88.9,6265,28173,1.4914,1.4935,1.4882,1.4912,5004,10773,114.39,321,0,-0.011,-0.04,-0.13,-0.17,11,12.2
2009-11-24,88.92,89.06,88.57,88.66,88.88,6290,39021,1.4957,1.4972,1.4889,1.4911,5069,8036,114.56,250,0,-0.011,-0.037,-0.14,-0.16,10.7,12.1
2009-11-25,88.61,88.63,88.2,88.36,88.35,8101,12727,1.4968,1.5007,1.4956,1.5002,4802,6422,115.61,413,0,-0.008,-0.032,-0.1,-0.14,10.7,12.3
2009-11-26,87.35,87.48,86.29,86.79,87.35,13248,32871,1.5125,1.5142,1.5062,1.509,6024,5150,117.09,380,0,-0.006,-0.027,-0.08,-0.12,12.7,13.9
2009-11-27,85.17,86.55,84.82,86.16,86,17001,46796,1.4969,1.5017,1.483,1.4862,9490,9060,117.4,1037,70,-0.015,-0.045,-0.18,-0.2,15,15.1
2009-11-30,86.65,87.02,86.03,86.15,86.75,10397,39613,1.4999,1.5084,1.4966,1.506,7612,8074,117.41,390,0,-0.015,-0.042,-0.18,-0.19,14.3,14.5
2009-12-01,86.28,87.54,86.17,87.04,86.9,13041,39792,1.5035,1.5041,1.497,1.5028,4872,7638,116.69,855,0,-0.015,-0.041,-0.19,-0.18,13.7,14.1
2009-12-02,86.66,87.32,86.59,87.21,87,7257,52880,1.509,1.5103,1.5065,1.5087,3584,12284,115.8,746,0,-0.016,-0.047,-0.21,-0.21,12.8,13.6
2009-12-03,87.64,87.93,87.4,87.76,87.7,9136,40505,1.5065,1.5128,1.5042,1.5117,5036,5525,114.56,1200,0,-0.016,-0.047,-0.21,-0.21,12.1,13.4
2009-12-04,88.27,88.42,88,88.09,88.2,8583,43126,1.5063,1.5092,1.5038,1.5085,3630,10256,112.11,850,70,-0.017,-0.049,-0.22,-0.22,12.3,13.4
2009-12-07,90.06,90.38,89.7,89.84,90,11206,36680,1.4872,1.4905,1.4852,1.4875,6146,5034,113.51,1045,0,-0.018,-0.05,-0.21,-0.22,12.8,13.5
2009-12-08,89.36,89.51,88.77,88.95,89,7767,48046,1.4837,1.4867,1.4792,1.4793,5623,7169,115.28,880,0,-0.019,-0.053,-0.23,-0.23,13,13.8
2009-12-09,88.42,88.7,87.79,87.91,88.4,8963,52652,1.4694,1.4736,1.4665,1.4714,6737,6200,115.96,424,100,-0.023,-0.058,-0.29,-0.26,13.5,14.3
2009-12-10,88.11,88.39,87.73,87.96,87.85,7714,41456,1.4738,1.4759,1.4699,1.4705,5388,7984,115.44,1255,110,-0.019,-0.05,-0.25,-0.22,13.6,14.5
2009-12-11,88.28,88.97,88.2,88.69,88.73,8002,43877,1.473,1.474,1.4708,1.4723,3938,4834,114.48,363,0,-0.019,-0.052,-0.24,-0.23,13.1,14.3
2009-12-14,89.28,89.32,88.36,88.55,88.5,8674,40821,1.4625,1.4685,1.46,1.4675,7328,5576,114.94,755,70,-0.021,-0.053,-0.25,-0.23,13.1,14
2009-12-15,88.68,89.13,88.61,89.12,88.7,7288,46875,1.4655,1.4659,1.4607,1.461,5521,5789,113.98,767,80,-0.021,-0.057,-0.25,-0.25,13.2,14
2009-12-16,89.48,89.73,89.39,89.7,89.6,6757,51362,1.454,1.4561,1.451,1.4519,6156,9764,113.79,475,110,-0.025,-0.058,-0.31,-0.25,13.5,14.3
2009-12-17,89.87,90.27,89.57,89.72,90.1,9603,48336,1.4524,1.4534,1.4369,1.4405,15373,7841,114.2,731,0,-0.021,-0.057,-0.27,-0.24,13,14.3
2009-12-18,89.69,89.99,88.84,89.84,89.65,10235,38528,1.4344,1.4412,1.4306,1.4381,8572,4843,113.5,160,0,-0.019,-0.05,-0.24,-0.22,13.2,14.4
2009-12-21,90.45,90.65,90.25,90.47,90.4,4209,40305,1.4332,1.436,1.43,1.4324,3666,11964,112.77,120,0,-0.019,-0.05,-0.23,-0.22,13.7,14.6
2009-12-22,91.09,91.49,91,91.19,91.37,8598,31211,1.4285,1.433,1.4266,1.4308,3859,6444,111.98,772,80,-0.018,-0.05,-0.22,-0.21,13.7,14.6
2009-12-24,91.64,91.76,91.13,91.23,91.67,5675,18930,1.4337,1.4371,1.4325,1.4366,1597,1605,111.95,432,70,-0.016,-0.047,-0.2,-0.2,13.7,14.9
2009-12-25,91.44,91.67,91.27,91.3,91.45,2104,8736,1.438,1.4396,1.4358,1.4395,346,122,112.26,50,0,-0.016,-0.047,-0.2,-0.2,13.8,14.9
2009-12-28,91.51,91.79,91.42,91.51,91.55,5596,36302,1.4374,1.4396,1.435,1.4382,2020,3715,111.81,390,0,-0.016,-0.048,-0.2,-0.2,13.9,14.9
2009-12-29,91.71,91.78,91.62,91.72,91.73,4822,43962,1.4374,1.4423,1.4354,1.4416,3147,5558,111.4,359,100,-0.012,-0.047,-0.15,-0.2,14,14.9
2009-12-30,92,92.26,91.91,92.13,92.06,6564,37884,1.4342,1.4359,1.4306,1.4355,2327,3648,110.81,650,0,-0.011,-0.043,-0.13,-0.18,14,14.8
2010-01-04,92.76,93.22,92.7,93.04,93.05,7450,49525,1.4316,1.4337,1.4257,1.4304,5828,8382,110.19,671,0,-0.016,-0.048,-0.18,-0.2,14,14.7
2010-01-05,92.49,92.55,91.63,91.9,91.75,9837,37700,1.4425,1.4485,1.4407,1.4454,7135,8770,111.17,600,148,-0.015,-0.047,-0.18,-0.2,13.7,14.2
2010-01-06,91.57,92.25,91.53,92.12,91.6,8410,37906,1.4365,1.437,1.4282,1.4329,6839,6894,110.18,130,0,-0.011,-0.043,-0.13,-0.18,13.3,13.8
2010-01-07,92.36,92.88,92.11,92.79,92.2,10265,39483,1.4403,1.4447,1.4356,1.4388,6228,9445,109.22,582,0,-0.011,-0.041,-0.13,-0.17,12.8,13.3
2010-01-08,93.46,93.77,93.13,93.28,93.3,11263,48572,1.4318,1.4335,1.4286,1.4319,5432,8535,109.71,580,100,-0.016,-0.048,-0.18,-0.2,13.2,13.3
2010-01-12,92.11,92.43,91.72,91.89,92.25,8937,50010,1.4509,1.4521,1.4454,1.4507,6494,10697,111.56,320,0,-0.016,-0.047,-0.18,-0.2,12.6,12.9
2010-01-13,91.11,91.36,90.91,91.27,91.12,7967,49269,1.4477,1.4515,1.4456,1.4485,6051,5410,110.97,951,100,-0.016,-0.047,-0.19,-0.2,13,13.3
2010-01-14,91.39,91.93,91.3,91.85,91.75,6791,47565,1.4522,1.4557,1.4498,1.4531,5679,10649,111.12,740,0,-0.015,-0.047,-0.19,-0.2,12.3,13.1
2010-01-15,91.28,91.33,90.82,90.96,91.1,8258,16506,1.45,1.4512,1.4397,1.4414,8433,1500,111.93,740,0,-0.011,-0.041,-0.14,-0.18,11.9,12.7
2010-01-18,90.86,91.07,90.72,90.99,90.9,5175,24930,1.4369,1.4395,1.4335,1.4384,4797,4821,111.84,1175,110,-0.011,-0.041,-0.13,-0.18,12.2,13
2010-01-19,90.71,90.79,90.34,90.62,90.5,10575,34944,1.4404,1.4415,1.4383,1.4405,4981,6788,111.63,693,0,-0.011,-0.04,-0.13,-0.17,12.2,12.8
2010-01-20,91.21,91.37,90.88,90.91,91.15,7390,41873,1.4281,1.4295,1.4167,1.4196,13074,5120,112.07,974,100,-0.011,-0.04,-0.14,-0.17,11.7,12.6
2010-01-21,91.21,91.67,91.19,91.52,91.55,8011,27935,1.4114,1.4137,1.4067,1.4089,10750,5485,113.26,1103,0,-0.011,-0.04,-0.13,-0.17,11.7,12.7
2010-01-22,90.46,90.54,89.78,90.43,89.95,13609,31233,1.4099,1.4158,1.4067,1.415,7487,7969,114.1,150,130,-0.011,-0.04,-0.14,-0.17,12.9,13.3
2010-01-25,90.02,90.35,89.82,90.23,90.09,7050,31791,1.4155,1.4173,1.4134,1.4151,3848,4737,113.39,1020,0,-0.011,-0.04,-0.14,-0.17,13,13.4
2010-01-26,90.42,90.56,89.54,90.13,90.4,15615,31423,1.4148,1.418,1.4071,1.4092,10389,6555,114.53,532,0,-0.009,-0.04,-0.12,-0.17,12.8,13.2
2010-01-27,89.64,89.73,89.14,89.37,89.2,11566,33971,1.4079,1.4096,1.404,1.4058,7776,9451,114.23,495,0,-0.008,-0.037,-0.11,-0.16,13.4,13.7
2010-01-28,89.96,90.52,89.88,90.43,90.31,10128,36894,1.4029,1.4041,1.393,1.4036,10597,14269,114.36,1045,0,-0.007,-0.038,-0.09,-0.16,12.7,13.3
2010-01-29,89.81,90.3,89.57,90.19,89.85,10475,34229,1.3965,1.3971,1.3912,1.3964,9568,5145,114.2,631,0,-0.006,-0.037,-0.08,-0.15,13,13.4
2010-02-01,90.25,90.44,89.89,90.35,90.2,7453,28658,1.3875,1.39,1.3852,1.3881,6716,4963,113.56,241,80,-0.006,-0.037,-0.08,-0.16,12.9,13.4
2010-02-02,90.77,90.92,90.58,90.73,90.82,7973,31044,1.3921,1.3952,1.3886,1.3935,8223,7506,113.7,398,189,-0.008,-0.037,-0.11,-0.16,12.7,13.1
2010-02-03,90.44,90.56,90.3,90.39,90.4,5983,34986,1.3976,1.3989,1.3947,1.3977,6390,7587,113.05,691,124,-0.008,-0.037,-0.11,-0.16,12,12.7
2010-02-04,90.86,91.06,90.79,91.03,90.9,6564,27641,1.3899,1.3903,1.3855,1.3857,8272,5888,116.25,864,0,-0.008,-0.037,-0.11,-0.16,12.1,12.7
2010-02-05,89.39,89.79,88.9,89.52,89.67,13025,32897,1.3744,1.3747,1.3669,1.3688,10903,3635,116.14,525,92,-0.008,-0.037,-0.11,-0.16,13.3,13.4
2010-02-08,89.28,89.5,89.15,89.4,89.4,6027,40465,1.3644,1.3678,1.3622,1.3662,7179,3662,116.17,634,0,-0.011,-0.043,-0.15,-0.19,13.2,13.6
2010-02-09,89.23,89.65,89.16,89.56,89.38,8650,49549,1.3657,1.3745,1.3644,1.3731,8078,8836,115.06,1266,80,-0.011,-0.047,-0.15,-0.21,12.8,13.4
2010-02-10,89.82,90.02,89.53,89.75,89.8,7849,36425,1.3781,1.3808,1.3734,1.3765,7005,8537,114.92,923,0,-0.011,-0.043,-0.15,-0.19,12.4,12.9
2010-02-12,89.82,90.15,89.58,90.06,89.68,7666,21487,1.3688,1.3695,1.3632,1.3638,7949,5183,114.92,295,100,-0.011,-0.043,-0.15,-0.19,11.9,12.6
2010-02-15,90.07,90.25,89.98,90.15,90.17,2931,23386,1.3623,1.3631,1.3578,1.3611,3159,4282,114.88,195,0,-0.011,-0.043,-0.15,-0.19,11.9,12.5
2010-02-16,90.06,90.11,89.71,89.82,89.8,4420,29750,1.3598,1.3666,1.3588,1.3649,5671,6471,114.24,525,0,-0.011,-0.043,-0.15,-0.19,11.6,12.5
2010-02-17,90.25,90.38,90.14,90.24,90.32,6850,38729,1.3762,1.3782,1.3738,1.3775,5360,9121,113.07,910,70,-0.011,-0.043,-0.15,-0.19,11.4,12.2
2010-02-18,91.09,91.28,90.82,90.99,91.08,7210,31797,1.3608,1.3613,1.354,1.3544,9052,6255,112.61,660,70,-0.011,-0.043,-0.15,-0.18,11.7,12.3
2010-02-19,91.97,92.1,91.68,91.96,91.9,10286,29606,1.3467,1.3535,1.3443,1.3475,10356,3987,112.84,1223,204,-0.011,-0.05,-0.15,-0.21,11.7,12.3
2010-02-22,91.63,91.9,91.46,91.5,91.64,5250,28401,1.3631,1.3655,1.3602,1.3636,6203,6931,113.25,312,0,-0.011,-0.047,-0.15,-0.2,11.7,12.3
2010-02-23,91.28,91.3,90.86,91,91.1,7753,26274,1.3606,1.3683,1.3588,1.3679,8323,6863,114.71,510,241,-0.011,-0.047,-0.15,-0.2,11.4,12.3
2010-02-24,90.17,90.36,90.1,90.32,90.23,6459,35572,1.3524,1.3552,1.3503,1.3529,6518,8845,114.7,640,0,-0.015,-0.048,-0.18,-0.21,11.7,12.5
2010-02-25,90.3,90.33,89.23,89.29,89.65,10462,47069,1.3545,1.3548,1.3451,1.3481,9793,7685,116.2,930,78,-0.011,-0.043,-0.14,-0.18,11.4,12.4
2010-02-26,89.29,89.51,89.05,89.34,89.25,7992,39600,1.3536,1.3604,1.3531,1.3562,9025,6436,116.1,540,0,-0.011,-0.043,-0.14,-0.18,11.6,12.4
2010-03-01,88.86,89.32,88.81,89.24,89,6000,39413,1.364,1.365,1.3585,1.3625,7483,6997,115.85,240,0,,,,,,
2010-03-02,89.18,89.38,89.08,89.25,89.3,6477,33088,1.3562,1.3577,1.3504,1.3528,6736,7344,116.05,330,226,,,,,,
2010-03-03,88.78,88.96,88.47,88.79,88.7,9989,33912,1.362,1.3655,1.3607,1.3624,8552,4115,116.28,413,169,,,,,,
2010-03-04,88.61,88.64,88.14,88.4,88.45,9362,34027,1.37,1.3712,1.3634,1.364,6569,5317,115.79,1244,88,,,,,,
2010-03-05,89.18,89.45,88.96,89.38,89.25,8429,34338,1.3582,1.3603,1.3569,1.3592,6223,4351,113.93,437,0,,,,,,
2010-03-08,90.61,90.69,90.35,90.39,90.43,9009,31440,1.3638,1.3705,1.3625,1.3686,6106,6765,113.81,545,178,,,,,,
2010-03-09,90.31,90.33,89.86,89.95,90,8828,30713,1.3619,1.3636,1.3595,1.362,6150,8274,114.32,586,77,,,,,,
2010-03-10,90.01,90.15,89.85,90,90.02,5885,41207,1.3606,1.3613,1.355,1.3557,3838,6998,113.41,737,0,,,,,,
2010-03-11,90.49,90.55,90.2,90.37,90.45,5981,31156,1.3644,1.3659,1.3622,1.3635,3454,4410,113.4,279,0,,,,,,
2010-03-12,90.67,90.75,90.48,90.64,90.63,7309,33912,1.3685,1.3708,1.367,1.3699,5947,7217,113.06,335,0,,,,,,
2010-03-15,90.71,90.81,90.55,90.73,90.7,6479,33585,1.3774,1.3775,1.3726,1.3738,4961,7430,113.36,700,185,,,,,,
2010-03-16,90.33,90.5,89.97,90.29,90.25,9700,45256,1.3674,1.3701,1.3657,1.3664,5952,8241,113.42,367,0,,,,,,
2010-03-17,90.32,90.67,90.02,90.46,90.43,10496,42001,1.3768,1.3818,1.3764,1.3796,6392,5951,113.28,651,91,,,,,,
2010-03-18,90.42,90.46,89.96,90.05,90.17,10762,40364,1.3737,1.3741,1.3648,1.3653,9503,5700,113.49,1062,0,,,,,,
2010-03-19,90.49,90.6,90.34,90.51,90.46,6626,48988,1.3612,1.3627,1.3599,1.3619,5854,7461,113.49,626,0,,,,,,
2010-03-23,90.34,90.39,90.07,90.18,90.3,6118,40502,1.3567,1.357,1.3503,1.3511,5668,5768,113.71,431,0,,,,,,
2010-03-24,90.39,90.67,90.35,90.65,90.45,10563,61140,1.3469,1.35,1.3403,1.3427,13599,5938,111.85,600,0,,,,,,
2010-03-25,92.02,92.19,91.76,91.9,91.82,13824,55006,1.3329,1.3347,1.3283,1.332,8556,6676,111.44,665,223,,,,,,
2010-03-26,92.53,92.77,92.39,92.66,92.5,9978,46229,1.3306,1.3358,1.3268,1.3351,8308,3661,111.43,896,0,,,,,,
2010-03-29,92.41,92.79,92.36,92.64,92.65,7608,49364,1.3445,1.3501,1.3419,1.3499,6788,7525,111.13,482,0,,,,,,
2010-03-30,92.42,92.73,92.12,92.54,92.18,11403,47178,1.349,1.3536,1.347,1.3514,5198,8948,110.86,838,60,,,,,,
2010-03-31,92.94,93.6,92.75,93.27,93.25,17668,58771,1.3435,1.3442,1.3384,1.3434,7922,8565,109.81,320,0,,,,,,
2010-04-01,93.53,93.73,93.28,93.62,93.4,10820,49520,1.3527,1.3562,1.3476,1.3502,6916,8371,109.14,668,0,,,,,,
2010-04-02,93.74,94.07,93.68,93.95,93.75,7099,32899,1.3588,1.3591,1.3552,1.3554,2636,1205,108.38,480,0,,,,,,
2010-04-05,94.54,94.7,94.31,94.56,94.4,5519,26985,1.3495,1.3539,1.3464,1.3483,3290,1117,108.57,230,77,,,,,,
2010-04-06,94.29,94.38,93.77,93.86,94.06,10875,60401,1.3468,1.3496,1.3404,1.3414,7682,11122,109.32,835,0,,,,,,
2010-04-07,93.63,94.27,93.56,93.86,93.75,9079,46370,1.3383,1.3409,1.3357,1.3382,5703,10895,109.95,760,0,,,,,,
2010-04-08,93.21,93.45,93.06,93.12,93.37,11026,45008,1.3332,1.3348,1.3285,1.3293,7480,11956,109.8,340,117,,,,,,
2010-04-09,93.42,93.73,93.35,93.5,93.55,8185,49461,1.3376,1.3415,1.3342,1.341,6614,11688,109.73,270,0,,,,,,
2010-04-12,93.09,93.49,93,93.46,93.15,6885,47479,1.3658,1.3692,1.3599,1.3606,11913,7390,109.56,330,252,,,,,,
2010-04-13,93.21,93.41,92.57,93.25,92.77,13601,49683,1.3587,1.362,1.3568,1.3596,8624,9229,109.62,560,90,,,,,,
2010-04-14,93.24,93.51,93.16,93.47,93.24,7795,51750,1.3615,1.3665,1.3605,1.3629,7094,6292,109.32,282,77,,,,,,
2010-04-15,93.31,93.53,93.01,93.17,93.4,7694,50252,1.3657,1.3666,1.3585,1.3594,6710,9013,109.67,448,77,,,,,,
2010-04-16,93.13,93.15,92.51,92.61,92.71,9840,50314,1.3566,1.3582,1.3514,1.3536,8010,8313,110.89,355,0,,,,,,
2010-04-19,91.95,92.21,91.6,91.79,92.09,8564,41809,1.3477,1.3499,1.3437,1.3457,7705,4070,110.78,170,0,,,,,,
2010-04-20,92.48,92.9,92.4,92.86,92.6,8357,41181,1.3489,1.3502,1.3449,1.348,6609,6750,109.74,430,0,,,,,,
2010-04-21,93.13,93.39,92.97,93.24,93.18,7688,43171,1.3423,1.3447,1.3397,1.3435,7308,5529,109.79,523,0,,,,,,
2010-04-22,93.01,93.17,92.74,93.04,92.85,8536,45702,1.3388,1.3422,1.3373,1.3414,6755,5997,109.63,390,110,,,,,,
2010-04-23,93.53,93.64,93.31,93.37,93.4,7923,35353,1.3223,1.329,1.3202,1.3268,11197,4052,108.85,220,0,,,,,,
2010-04-26,94.19,94.37,93.94,94.09,94.23,8366,29899,1.3362,1.3397,1.3346,1.3364,7017,6859,108.77,380,0,,,,,,
2010-04-27,93.87,94.03,93.68,93.8,93.81,8811,46310,1.3395,1.3413,1.3345,1.3349,6558,13422,110.24,310,0,,,,,,
2010-04-28,93.2,93.37,92.99,93.27,93.15,10318,39157,1.3181,1.3218,1.3162,1.3189,8994,12131,109.25,680,0,,,,,,
2010-04-30,93.96,94.21,93.89,94.18,94.06,9140,48518,1.3251,1.3307,1.3226,1.3293,4397,7515,109.23,410,0,,,,,,
2010-05-06,93.88,93.99,93.29,93.6,93.85,11079,58675,1.2817,1.2857,1.2738,1.2797,9422,6942,115.52,558,104,,,,,,
2010-05-07,91.37,92.78,90.02,92.13,91.8,29081,52219,1.2655,1.2741,1.2586,1.2717,12294,10206,113.85,640,100,,,,,,
2010-05-10,92.2,93.44,91.76,93.39,92.7,12640,54136,1.287,1.3046,1.2808,1.3039,14961,10366,111.13,490,0,,,,,,
2010-05-11,93.01,93.39,92.32,92.74,92.7,11558,46886,1.2738,1.2803,1.2679,1.2747,9886,6564,112.18,245,0,,,,,,
2010-05-12,92.81,93.04,92.44,93.03,92.8,8869,52722,1.264,1.2675,1.2605,1.2666,8241,9164,111.49,855,100,,,,,,
2010-05-13,93.2,93.65,93.07,93.41,93.2,7576,45538,1.2646,1.2685,1.2623,1.2649,5831,8779,112.27,655,80,,,,,,
2010-05-14,92.6,93.1,92.51,92.74,92.75,8142,46459,1.2532,1.2575,1.2518,1.2524,8521,9278,113.14,260,106,,,,,,
2010-05-17,92.27,92.39,91.76,92.01,92.15,10937,46795,1.2359,1.2373,1.2235,1.2272,13247,7892,113.1,170,0,,,,,,
2010-05-18,92.54,92.97,92.34,92.75,92.48,7993,46357,1.2384,1.2422,1.2314,1.2385,8997,3819,113.99,255,0,,,,,,
2010-05-19,91.87,92.16,91.55,91.92,91.9,13325,47981,1.2145,1.2229,1.2143,1.2195,11580,11681,114.65,530,26,,,,,,
2010-05-20,91.79,91.88,90.85,91.39,91.7,11706,51669,1.2385,1.2436,1.2321,1.2419,9442,9640,117.83,517,50,,,,,,
2010-05-21,89.87,90.49,89.22,89.89,90.1,15104,44695,1.2537,1.2672,1.246,1.25,12394,5747,117.12,852,13,,,,,,
2010-05-24,90.18,90.45,89.74,90.23,90.25,9106,40464,1.2512,1.2559,1.2466,1.2468,6864,4333,117.17,140,0,,,,,,
2010-05-25,90.09,90.31,89.58,89.74,90.1,13979,45145,1.2339,1.2352,1.222,1.2238,9864,4075,117.69,606,70,,,,,,
2010-05-26,90.33,90.51,90,90.19,90.2,8847,57181,1.2333,1.2364,1.2262,1.2295,8000,6351,118.21,381,106,,,,,,
2010-05-27,89.98,90.4,89.91,90.29,90.03,8408,57385,1.2184,1.2341,1.2154,1.2279,9196,7534,115.85,455,120,,,,,,
2010-05-28,90.99,91.41,90.83,91.32,91.3,11433,19457,1.2367,1.2381,1.2281,1.2349,7918,4881,116.09,550,0,,,,,,
2010-05-31,91.23,91.63,90.94,91.49,91.38,7307,27177,1.2289,1.2335,1.227,1.2309,3899,4446,115.59,120,0,,,,,,
2010-06-01,91.16,91.28,90.64,90.82,91,9205,49839,1.2271,1.2308,1.2175,1.2202,9223,11135,116.54,350,0,,,,,,
2010-06-02,91.16,91.78,90.99,91.61,91.45,10365,49653,1.2246,1.2263,1.2185,1.223,8708,8300,114.68,570,0,,,,,,
2010-06-03,92.09,92.53,92.04,92.51,92.2,9212,38646,1.2252,1.2327,1.2226,1.2294,6909,7806,114.12,550,0,,,,,,
2010-06-04,92.6,92.87,92.52,92.72,92.75,7791,38024,1.2179,1.2191,1.2158,1.2194,5856,3421,115.86,265,87,,,,,,
2010-06-07,91.62,91.9,90.97,91.49,91.25,10931,35949,1.193,1.1966,1.1876,1.1922,9347,4790,116.87,300,0,,,,,,
2010-06-08,91.57,91.92,91.45,91.72,91.8,10031,48650,1.1923,1.1982,1.1916,1.1952,6786,4348,116.48,320,0,,,,,,
2010-06-09,91.33,91.58,91.25,91.47,91.5,7531,45814,1.1959,1.1979,1.1924,1.1954,5394,2360,116.73,460,61,,,,,,
2010-06-10,91.35,91.39,90.87,90.93,91.2,9558,49419,1.199,1.2063,1.1957,1.2012,8037,4580,116.08,370,62,,,,,,
2010-06-11,91.48,91.76,91.29,91.59,91.56,7344,38617,1.2131,1.2149,1.2093,1.2114,6293,5023,115.76,565,0,,,,,,
2010-06-14,91.65,92.03,91.6,91.9,91.88,6765,31442,1.2204,1.2208,1.2116,1.2174,6433,3540,115.33,227,0,,,,,,
2010-06-15,91.63,91.7,91.08,91.2,91.55,8637,55108,1.2212,1.2232,1.2168,1.2194,7502,5777,115.19,808,87,,,,,,
2010-06-16,91.53,91.82,91.4,91.69,91.47,6575,39283,1.2316,1.2354,1.2275,1.2287,5088,5325,115.22,1347,129,,,,,,
2010-06-17,91.32,91.44,91.14,91.18,91.3,9205,41403,1.2299,1.2312,1.2242,1.2278,5087,4681,115.57,190,0,,,,,,
2010-06-18,90.89,90.96,90.67,90.7,90.88,6607,43549,1.2389,1.2415,1.2368,1.2398,4627,3867,115.73,415,12,,,,,,
2010-06-21,90.56,90.96,90.3,90.78,90.75,9998,38592,1.2416,1.2467,1.2369,1.2428,7127,4139,114.87,75,0,,,,,,
2010-06-22,91.03,91.1,90.74,90.79,90.95,6820,37709,1.2321,1.2354,1.2284,1.2317,7340,6904,115.9,346,0,,,,,,
2010-06-23,90.38,90.59,90.34,90.45,90.5,5609,41211,1.2264,1.2295,1.2244,1.2292,4279,5371,116.86,205,0,,,,,,
2010-06-24,89.95,89.98,89.55,89.68,89.9,7941,38834,1.2307,1.2352,1.2285,1.2286,5168,5240,117.23,365,0,,,,,,
2010-06-25,89.57,89.78,89.42,89.68,89.68,6812,34966,1.2336,1.2352,1.2297,1.2331,5316,5170,117.56,360,0,,,,,,
2010-06-28,89.3,89.45,89.28,89.39,89.33,5017,33867,1.2387,1.2398,1.2348,1.2354,4043,4756,117.49,220,0,,,,,,
2010-06-29,89.39,89.42,88.56,88.63,88.77,11419,42682,1.2287,1.229,1.2212,1.2216,5343,7624,119.12,220,0,,,,,,
2010-06-30,88.59,88.73,88.39,88.66,88.6,8726,50530,1.2185,1.224,1.2167,1.223,6048,11214,119.22,220,0,,,,,,
2010-07-01,88.53,88.57,88.08,88.44,88.48,10612,57181,1.2229,1.2248,1.2193,1.2248,7033,7595,119.77,494,0,,,,,,
2010-07-02,87.76,88.22,87.55,87.93,87.98,10516,24105,1.2512,1.2532,1.2483,1.2499,6796,1553,119.47,672,0,,,,,,
2010-07-05,87.76,88.01,87.65,87.85,87.9,4358,29088,1.2547,1.2563,1.2522,1.2533,3049,4574,119.51,305,0,,,,,,
2010-07-06,87.51,87.93,87.42,87.87,87.5,8867,42343,1.2507,1.2601,1.2479,1.2592,8821,11112,119.54,210,87,,,,,,
2010-07-07,87.67,87.68,87.12,87.19,87.5,8801,38050,1.2623,1.2628,1.2568,1.2584,5478,8056,119.21,517,0,,,,,,
2010-07-08,87.83,88.47,87.67,88.31,88.35,11187,39639,1.2625,1.2688,1.262,1.2651,6355,6497,118.05,490,62,,,,,,
2010-07-09,88.52,88.71,88.38,88.46,88.55,7153,31718,1.269,1.2722,1.2674,1.2693,4541,5884,117.66,389,0,,,,,,
2010-07-12,88.84,89.15,88.59,88.86,89.08,7620,36804,1.264,1.2647,1.2567,1.2578,3804,5150,117.81,510,0,,,,,,
2010-07-13,88.76,88.87,88.38,88.42,88.72,6798,39933,1.2603,1.2614,1.2524,1.2534,5605,7477,117.32,715,87,,,,,,
2010-07-14,88.82,89.12,88.68,88.86,88.95,8790,44771,1.2721,1.2734,1.2691,1.2716,4642,5755,117.69,332,59,,,,,,
2010-07-15,88.33,88.4,87.86,87.94,88.2,8761,41980,1.2735,1.2765,1.2708,1.274,4890,6840,118.68,360,0,,,,,,
2010-07-16,87.44,87.5,86.97,87.24,87.21,9724,43115,1.292,1.2948,1.2891,1.2942,3422,6728,120.21,607,124,,,,,,
2010-07-20,86.77,87.19,86.69,86.84,87,7830,37920,1.294,1.3029,1.2927,1.2981,5487,5542,118.84,240,80,,,,,,
2010-07-21,87.41,87.45,87.07,87.16,87.25,6273,36508,1.2906,1.2913,1.2869,1.2887,3908,6683,119.72,395,0,,,,,,
2010-07-22,86.85,86.98,86.34,86.56,86.5,10430,36837,1.276,1.2817,1.2737,1.2812,4776,4666,119.42,694,0,,,,,,
2010-07-23,87.21,87.23,86.73,86.95,86.9,7827,30180,1.2912,1.2917,1.2861,1.2885,4815,5169,118.64,310,0,,,,,,
2010-07-26,87.67,87.72,87.17,87.22,87.63,7058,28865,1.2924,1.2959,1.288,1.2922,3875,6373,119.11,400,0,,,,,,
2010-07-27,86.91,87.26,86.83,87.25,86.94,7146,30780,1.2982,1.3022,1.2974,1.2983,5556,5259,117.64,343,0,,,,,,
2010-07-28,87.77,88.08,87.63,88.04,87.7,10077,38074,1.2989,1.3042,1.2968,1.2992,4101,8971,118.36,301,0,,,,,,
2010-07-29,87.44,87.52,87.1,87.34,87.2,7738,33985,1.3,1.3047,1.2977,1.3027,5443,8874,119.02,611,0,,,,,,
2010-07-30,86.76,86.92,86.17,86.37,86.5,13631,41294,1.3067,1.3093,1.3042,1.3052,5562,4832,119.36,380,0,,,,,,
2010-08-02,86.52,86.83,86.34,86.74,86.57,6559,26602,1.306,1.309,1.3054,1.3075,3707,6176,118.79,220,0,,,,,,
2010-08-03,86.54,86.65,85.84,85.99,86.4,9352,37491,1.3172,1.323,1.3148,1.3219,4080,7218,119.68,302,0,,,,,,
2010-08-04,85.88,85.91,85.32,85.53,85.5,10407,37817,1.3221,1.324,1.3195,1.3199,4521,8847,119.13,641,0,,,,,,
2010-08-05,86.35,86.46,86.01,86.33,86.15,6903,32381,1.3155,1.3175,1.312,1.3147,4572,7280,119.67,460,0,,,,,,
2010-08-06,85.82,86.19,85.74,86.1,86.08,7973,30705,1.318,1.3203,1.3175,1.3197,2661,6161,119.87,426,0,,,,,,
2010-08-09,85.36,85.74,85.31,85.65,85.43,5675,33917,1.3283,1.3308,1.327,1.329,2879,3700,119.36,400,0,,,,,,
2010-08-10,85.94,86.06,85.64,85.66,85.77,7380,38865,1.3216,1.3231,1.3135,1.317,5662,4668,120.28,446,115,,,,,,
2010-08-11,85.31,85.47,85.06,85.1,85.35,10896,37912,1.3156,1.3186,1.3031,1.3065,7031,5339,121.39,340,0,,,,,,
2010-08-12,85.13,85.8,84.94,85.71,85.4,11838,39362,1.285,1.2931,1.2831,1.2925,7455,6248,120.66,180,0,,,,,,
2010-08-13,86.17,86.19,85.84,85.93,86.1,7215,47795,1.2843,1.2905,1.2826,1.2863,4801,5679,120.44,60,0,,,,,,
2010-08-16,85.98,86.24,85.71,85.86,85.82,7130,43034,1.2757,1.2833,1.2734,1.281,5089,4283,121.47,250,115,,,,,,
2010-08-17,85.19,85.45,85.11,85.26,85.3,7428,44180,1.2814,1.2877,1.2805,1.2866,4092,3877,120.83,550,0,,,,,,
2010-08-18,85.62,85.69,85.34,85.48,85.47,7351,32344,1.287,1.288,1.2824,1.2845,4191,4392,120.94,0,1,,,,,,
2010-08-19,85.46,85.92,85.4,85.78,85.75,9917,41481,1.2796,1.2856,1.2773,1.2793,7226,5568,121.13,394,0,,,,,,
2010-08-20,85.22,85.54,85.19,85.35,85.37,7017,30319,1.2808,1.2832,1.2792,1.2819,4467,3677,121.1,246,63,,,,,,
2010-08-23,85.57,85.67,85.3,85.4,85.36,5531,38425,1.27,1.2729,1.2683,1.2695,3323,5753,121.97,293,0,,,,,,
2010-08-24,85.09,85.18,84.45,84.56,84.95,12507,55078,1.2632,1.266,1.2613,1.2625,5146,5868,124.04,230,0,,,,,,
2010-08-25,84.19,84.6,84.13,84.57,84.4,13158,44906,1.2636,1.2712,1.2628,1.2684,5762,7906,123.03,536,0,,,,,,
2010-08-26,84.79,84.89,84.58,84.72,84.77,8823,47569,1.2672,1.2745,1.265,1.2718,6442,6616,122.95,300,89,,,,,,
2010-08-27,84.32,84.85,84.27,84.66,84.35,12065,46688,1.2704,1.2737,1.2693,1.2728,3517,4529,121.69,640,0,,,,,,
2010-08-30,85.6,85.91,84.91,85.12,85.88,12384,41837,1.2753,1.2765,1.2715,1.2732,2676,3925,122.88,0,0,,,,,,
2010-08-31,84.61,84.66,84.06,84.24,84.25,11836,58562,1.2664,1.2671,1.2627,1.266,4346,11479,123.54,410,0,,,,,,
2010-09-01,84.13,84.58,84.02,84.18,84.4,11564,49493,1.2674,1.273,1.2663,1.2724,4495,7903,122.62,447,80,,,,,,
2010-09-02,84.52,84.55,84.07,84.16,84.15,9582,35808,1.2795,1.2822,1.2777,1.2797,4713,6761,122.76,703,0,,,,,,
2010-09-03,84.37,84.42,84.17,84.3,84.35,8033,27072,1.2815,1.2836,1.2811,1.2831,2901,2906,122.41,315,0,,,,,,
2010-09-06,84.47,84.5,84.12,84.16,84.37,5131,26608,1.2887,1.292,1.2871,1.2899,3176,6255,122.51,50,0,,,,,,
2010-09-07,84.17,84.27,83.73,83.9,84.21,9141,46646,1.2819,1.2876,1.2781,1.2793,7255,7952,123.58,330,0,,,,,,
2010-09-08,83.76,83.87,83.34,83.68,83.61,8775,46175,1.2693,1.2733,1.2676,1.2685,4954,11664,123.27,204,0,,,,,,
2010-09-09,84,84.04,83.6,83.65,83.98,7079,46409,1.2728,1.2743,1.2665,1.268,4339,6042,123.29,323,0,,,,,,
2010-09-10,83.91,84.29,83.81,83.94,84.1,10838,44212,1.2679,1.274,1.2643,1.2739,6041,5844,122.67,555,0,,,,,,
2010-09-13,84.25,84.36,83.85,83.93,84.15,6879,48682,1.2761,1.2833,1.2704,1.281,7360,4911,122.73,30,0,,,,,,
2010-09-14,83.62,83.76,83.09,83.22,83.4,11049,55995,1.2864,1.291,1.2845,1.29,5035,5287,123.41,588,0,,,,,,
2010-09-15,83.09,85.5,82.87,85.46,85,57189,60480,1.2996,1.3024,1.2956,1.2987,7918,6704,119.54,510,0,,,,,,
2010-09-16,85.59,85.76,85.23,85.41,85.4,11672,63320,1.301,1.3036,1.2976,1.3015,4426,7045,119.37,173,0,,,,,,
2010-09-17,85.82,85.94,85.59,85.82,85.8,9593,56194,1.3068,1.3157,1.306,1.3149,5695,12906,119.18,411,0,,,,,,
2010-09-21,85.73,85.77,85.28,85.43,85.55,7835,41291,1.3063,1.31,1.3057,1.309,4231,8422,119.67,270,0,,,,,,
2010-09-22,84.99,85.19,84.74,84.84,84.85,9208,42719,1.3284,1.333,1.3248,1.33,7248,10840,120.11,231,0,,,,,,
2010-09-24,84.57,85.4,84.37,84.71,84.55,14755,38702,1.3294,1.3356,1.3286,1.3313,6586,10141,120.26,240,0,,,,,,
2010-09-27,84.33,84.39,84.12,84.17,84.27,7650,53242,1.3479,1.3495,1.3446,1.3458,4715,5310,120.18,280,449,,,,,,
2010-09-28,84.27,84.35,84.15,84.21,84.2,9620,53830,1.343,1.3472,1.3383,1.3405,7272,7525,120.53,260,0,,,,,,
2010-09-29,83.94,84.09,83.5,83.62,83.95,9680,52145,1.3573,1.3639,1.3567,1.3613,5071,10870,120.54,350,88,,,,,,
2010-09-30,83.77,83.81,83.19,83.32,83.4,14308,56870,1.3625,1.3638,1.356,1.3623,7376,10718,120.81,1225,0,,,,,,
2010-10-01,83.51,83.58,83.32,83.34,83.5,7756,40087,1.3631,1.369,1.3619,1.368,5162,8628,120.73,1,80,,,,,,
2010-10-04,83.36,83.88,83.2,83.24,83.33,8162,33375,1.3777,1.379,1.3715,1.3735,5857,11717,120.77,147,0,,,,,,
2010-10-05,83.59,83.99,83.4,83.51,83.8,12416,42268,1.365,1.3775,1.3637,1.3769,8651,7963,120.6,520,0,,,,,,
2010-10-06,83.16,83.27,83.04,83.11,83.18,7046,47557,1.3854,1.3873,1.3823,1.3854,6395,6422,120.65,307,68,,,,,,
2010-10-07,82.98,83.05,82.24,82.44,82.95,9385,43015,1.3916,1.3994,1.3898,1.3985,6321,10801,121.47,194,0,,,,,,
2010-10-08,82.35,82.52,82.15,82.4,82.37,7583,47123,1.3925,1.3962,1.3903,1.3918,6737,9798,122.04,463,0,,,,,,
2010-10-12,82.3,82.38,81.8,81.93,81.94,8942,38242,1.3865,1.3886,1.3807,1.3814,7259,7614,122.56,207,0,,,,,,
2010-10-13,81.81,82.01,81.74,81.9,81.8,7168,47229,1.3921,1.3996,1.3912,1.3995,7091,8679,122.07,364,0,,,,,,
2010-10-14,81.72,81.84,81.08,81.11,81.2,12738,43306,1.3983,1.412,1.3956,1.4116,11073,5214,122.21,262,0,,,,,,
2010-10-15,81.59,81.62,81.13,81.26,81.58,8422,53500,1.4025,1.4097,1.4008,1.4087,9736,9635,122.38,491,0,,,,,,
2010-10-18,81.34,81.48,81.13,81.25,81.3,7082,47512,1.3952,1.3975,1.3854,1.3863,9682,5133,122.91,274,0,,,,,,
2010-10-19,81.19,81.56,81.14,81.39,81.3,7262,50097,1.3964,1.4005,1.3886,1.3918,9895,6299,123.17,770,61,,,,,,
2010-10-20,81.46,81.66,81.2,81.21,81.38,7996,40188,1.3701,1.3821,1.3697,1.3813,10631,5745,123.23,279,0,,,,,,
2010-10-21,81.11,81.84,80.91,81.1,81.1,11937,34817,1.3979,1.3982,1.3872,1.3968,14263,7789,123.16,437,60,,,,,,
2010-10-22,81.28,81.37,80.99,81.17,81.19,6761,33850,1.3913,1.397,1.3882,1.3902,8844,8020,123.02,260,75,,,,,,
2010-10-25,81.3,81.42,80.45,80.5,80.75,8320,34262,1.3963,1.408,1.3934,1.4032,6623,6535,123.61,150,0,,,,,,
2010-10-26,80.82,81.21,80.61,81.2,80.8,9823,28072,1.3923,1.3982,1.3907,1.3946,7636,8907,122.99,530,0,,,,,,
2010-10-27,81.43,81.99,81.32,81.99,81.65,10897,42538,1.3846,1.3878,1.3772,1.3802,9985,14370,123.01,390,0,,,,,,
2010-10-28,81.58,81.74,81.22,81.35,81.64,8207,48039,1.3794,1.3853,1.3768,1.3815,7416,11298,123.68,402,0,,,,,,
2010-10-29,80.94,81.08,80.53,80.68,80.58,11776,41798,1.3945,1.3952,1.385,1.3859,8289,7823,124.45,80,0,,,,,,
2010-11-01,80.36,81.6,80.24,80.47,80.65,9141,45389,1.3975,1.4012,1.3894,1.3977,6052,6449,124.36,110,64,,,,,,
2010-11-02,80.59,80.76,80.48,80.61,80.56,7162,38052,1.3909,1.3946,1.3882,1.3929,4055,12984,123.75,361,71,,,,,,
2010-11-04,81.07,81.23,80.75,81.05,80.82,9405,46775,1.4125,1.4148,1.4103,1.4141,8722,10692,122.89,200,0,,,,,,
2010-11-05,80.79,81,80.63,80.81,80.8,10281,48503,1.4229,1.4249,1.4184,1.4187,7535,9018,122.33,468,84,,,,,,
2010-11-08,81.16,81.43,81.14,81.2,81.22,7002,44283,1.4075,1.4085,1.3919,1.397,9999,9514,122.95,140,0,,,,,,
2010-11-09,81.11,81.23,80.71,80.84,80.95,7926,53384,1.3867,1.3928,1.3836,1.3845,9985,7163,122.3,732,64,,,,,,
2010-11-10,81.59,81.91,81.55,81.83,81.75,10618,29521,1.3769,1.3801,1.3735,1.3784,8964,3659,121.2,160,78,,,,,,
2010-11-11,82.23,82.34,82.04,82.23,82.22,7339,31714,1.3775,1.3822,1.3755,1.3777,7125,5628,121.16,171,0,,,,,,
2010-11-12,82.44,82.54,81.72,81.86,82.4,9893,55930,1.3622,1.3672,1.3575,1.3595,10994,6504,121.46,696,0,,,,,,
2010-11-15,82.49,82.98,82.4,82.82,82.72,9826,40763,1.369,1.3751,1.3656,1.3666,7218,7560,121.01,230,0,,,,,,
2010-11-16,83.17,83.24,82.85,83.05,83.06,12175,36007,1.3573,1.3657,1.356,1.36,9216,8370,120.96,733,0,,,,,,
2010-11-17,83.38,83.49,83.26,83.42,83.4,6307,38064,1.3495,1.3518,1.3468,1.3483,6700,7871,121.17,230,0,,,,,,
2010-11-18,83.14,83.4,83.11,83.26,83.24,8579,47557,1.3553,1.3612,1.3526,1.3587,8462,6453,120.15,680,0,,,,,,
2010-11-19,83.54,83.66,83.3,83.31,83.55,10592,49046,1.3658,1.3698,1.3608,1.3694,5890,8030,120.11,530,0,,,,,,
2010-11-22,83.49,83.58,83.34,83.42,83.45,6651,40914,1.3742,1.3786,1.3714,1.3732,6255,8807,120.48,215,119,,,,,,
2010-11-24,83.29,83.37,82.98,83.04,83.22,7469,31206,1.3386,1.3419,1.336,1.3407,9008,3912,121.04,531,0,,,,,,
2010-11-25,83.53,83.59,83.4,83.51,83.5,6616,34764,1.3358,1.336,1.3307,1.3333,5643,5980,120.83,471,0,,,,,,
2010-11-26,83.66,83.96,83.55,83.91,83.76,8607,56622,1.334,1.3361,1.3246,1.3256,8040,7690,120.81,150,0,,,,,,
2010-11-29,84.18,84.2,83.82,83.87,84.1,7262,55124,1.3238,1.33,1.3182,1.3299,10516,10237,120.72,167,28,,,,,,
2010-11-30,84.28,84.3,83.91,84.03,84.15,9837,50919,1.3101,1.3151,1.3075,1.3119,11795,10099,121.8,791,0,,,,,,
2010-12-01,83.69,83.71,83.38,83.58,83.64,8688,54756,1.2996,1.3053,1.297,1.3047,8835,12402,120.46,886,156,,,,,,
2010-12-02,84.15,84.21,83.98,84.15,84.1,6063,63781,1.3125,1.3167,1.3087,1.3162,7999,8130,120.74,525,0,,,,,,
2010-12-03,83.76,83.89,83.54,83.65,83.7,8129,50969,1.3213,1.3234,1.3193,1.3212,5909,11693,122.14,280,0,,,,,,
2010-12-06,82.79,82.99,82.67,82.78,82.88,6734,36686,1.3414,1.3423,1.3331,1.3365,7327,7585,122.05,260,0,,,,,,
2010-12-07,82.69,82.72,82.34,82.62,82.6,8000,41235,1.3289,1.3353,1.3277,1.3336,6638,11872,120.96,270,0,,,,,,
2010-12-08,83.49,84.03,83.46,83.88,83.9,11828,48523,1.3246,1.328,1.3192,1.3208,9383,7125,120.34,476,0,,,,,,
2010-12-09,84.12,84.12,83.65,83.82,83.85,9590,30850,1.3249,1.3323,1.3244,1.3307,5943,9079,120.69,767,0,,,,,,
2010-12-10,83.83,83.87,83.65,83.73,83.72,6912,31257,1.3242,1.3282,1.3222,1.3268,3575,8834,120.4,259,0,,,,,,
2010-12-13,83.99,84.22,83.9,84.21,84.12,8354,40078,1.3198,1.322,1.3183,1.3202,3392,8218,120.9,275,90,,,,,,
2010-12-14,83.45,83.55,83.33,83.38,83.46,6513,41533,1.3395,1.3462,1.3373,1.3456,4956,8101,120.41,565,0,,,,,,
2010-12-15,83.82,83.95,83.61,83.95,83.85,8249,42639,1.3358,1.3382,1.329,1.3299,7436,7480,120.19,697,0,,,,,,
2010-12-16,84.28,84.38,84.14,84.24,84.26,8125,35088,1.3225,1.3244,1.3207,1.3237,5282,7880,120.55,350,0,,,,,,
2010-12-17,84.06,84.08,83.78,83.93,83.89,8042,44039,1.3239,1.3326,1.3235,1.331,7953,8052,120.62,440,0,,,,,,
2010-12-20,84.02,84.13,83.82,83.87,83.88,6149,39635,1.3163,1.3186,1.3125,1.3167,4434,5906,121.07,230,0,,,,,,
2010-12-21,83.79,83.8,83.56,83.74,83.68,5787,46470,1.3117,1.3202,1.3114,1.3182,5242,8000,121.01,230,0,,,,,,
2010-12-22,83.81,83.86,83.63,83.69,83.77,6496,32071,1.3091,1.3151,1.308,1.3129,3969,4994,121.11,0,0,,,,,,
2010-12-24,83.03,83.18,82.91,82.97,83,4201,40047,1.3123,1.3145,1.309,1.3134,1283,2539,121.86,80,0,,,,,,
2010-12-27,82.96,82.98,82.65,82.76,82.95,4658,26411,1.308,1.3171,1.3073,1.3155,2563,4452,121.88,80,0,,,,,,
2010-12-28,82.76,82.81,82.36,82.42,82.51,8515,42500,1.3189,1.3255,1.316,1.3213,5195,4987,122.47,430,27,,,,,,
2010-12-29,82.37,82.45,82.06,82.06,82.3,5094,44024,1.3085,1.3157,1.3083,1.3141,3400,6210,123.29,400,0,,,,,,
2010-12-30,81.64,81.67,81.28,81.51,81.45,6729,38301,1.3223,1.326,1.3217,1.3231,2358,5329,123,713,0,,,,,,
2011-01-04,81.68,82.28,81.61,82.28,82.1,7550,44761,1.3356,1.3378,1.3324,1.3354,7021,11559,122.2,391,0,,,,,,
2011-01-05,82.05,82.21,81.88,81.96,82.03,8307,52682,1.3319,1.3325,1.3257,1.3272,6894,8621,120.81,470,0,,,,,,
2011-01-06,83.19,83.4,83.08,83.13,83.22,9911,44032,1.3156,1.317,1.3098,1.3114,5676,9064,121.01,590,13,,,,,,
2011-01-07,83.32,83.56,83.23,83.48,83.33,8150,58384,1.298,1.3022,1.2965,1.2986,8660,12788,121.47,615,110,,,,,,
2011-01-11,82.72,83.16,82.68,83.11,83.08,7110,51115,1.2965,1.2991,1.2913,1.2932,9410,9471,121.16,337,218,,,,,,
2011-01-12,83.37,83.42,83,83.01,83.31,7040,43901,1.2984,1.3017,1.2965,1.3007,9430,10781,120.9,430,79,,,,,,
2011-01-13,83.09,83.15,82.95,83.01,83.09,7401,41421,1.3127,1.314,1.3088,1.3131,8611,14527,120.84,500,80,,,,,,
2011-01-14,82.77,82.83,82.46,82.51,82.75,8799,16713,1.3351,1.3403,1.3322,1.3394,8033,5790,120.75,1279,0,,,,,,
2011-01-17,82.91,83.01,82.82,82.91,82.9,4364,38186,1.3379,1.3384,1.3286,1.3293,5829,8549,121.15,0,0,,,,,,
2011-01-18,82.68,82.76,82.43,82.54,82.51,6437,47840,1.3283,1.3368,1.3254,1.3349,8951,8985,121.01,245,0,,,,,,
2011-01-19,82.63,82.69,82.04,82.06,82.23,9410,49460,1.3378,1.3508,1.3368,1.3485,8344,13150,121.81,328,93,,,,,,
2011-01-20,82.16,82.25,82,82.2,82.15,8005,52056,1.3451,1.3488,1.3419,1.3424,6482,10344,120.58,235,90,,,,,,
2011-01-21,82.94,83.09,82.74,82.78,83.03,8941,48318,1.3467,1.3533,1.345,1.3517,8471,12132,120.91,640,0,,,,,,
2011-01-24,82.61,82.85,82.54,82.84,82.77,6323,41479,1.362,1.3642,1.3577,1.3585,7089,11200,120.94,30,76,,,,,,
2011-01-25,82.55,82.64,82.33,82.41,82.43,7685,41754,1.3643,1.3688,1.3628,1.3668,8914,13611,121.33,450,132,,,,,,
2011-01-26,82.27,82.28,81.99,82.15,82.05,7357,46600,1.3687,1.37,1.3658,1.3672,6668,13221,121.27,524,66,,,,,,
2011-01-27,82.18,83.09,82,82.86,82.15,12070,59297,1.371,1.373,1.365,1.3674,8197,14269,120.16,150,0,,,,,,
2011-01-28,82.89,82.93,82.57,82.65,82.72,9540,49035,1.3722,1.3744,1.3694,1.3702,6593,15358,121.74,330,90,,,,,,
2011-01-31,82.11,82.23,81.92,82.04,82.05,7731,46344,1.3573,1.3637,1.357,1.3622,7036,14458,121.66,480,0,,,,,,
2011-02-01,82.11,82.15,81.75,81.8,82.02,9441,42539,1.3713,1.3757,1.3693,1.3744,6675,11639,122.15,230,0,,,,,,
2011-02-02,81.41,81.6,81.35,81.48,81.5,8384,50706,1.3829,1.3862,1.3821,1.3836,5830,15208,121.85,391,0,,,,,,
2011-02-03,81.51,81.7,81.49,81.55,81.64,5268,39267,1.3817,1.3825,1.3785,1.3812,5007,12948,122.03,220,91,,,,,,
2011-02-04,81.67,81.7,81.5,81.6,81.58,7045,37701,1.3624,1.3642,1.362,1.3622,4728,7774,121.27,425,119,,,,,,
2011-02-07,82.23,82.47,82.16,82.47,82.23,6777,46889,1.3574,1.3627,1.3563,1.3587,4968,6040,120.83,457,0,,,,,,
2011-02-08,82.31,82.38,82.11,82.13,82.29,7046,45794,1.3594,1.3647,1.3574,1.3626,8134,12854,120.85,467,0,,,,,,
2011-02-09,82.31,82.52,82.25,82.42,82.35,9309,42806,1.3626,1.3663,1.3613,1.3637,5247,11247,120.76,390,0,,,,,,
2011-02-10,82.42,82.72,82.34,82.63,82.53,10155,49117,1.372,1.373,1.3667,1.368,5641,13335,119.87,310,0,,,,,,
2011-02-14,83.44,83.53,83.1,83.19,83.19,7069,43694,1.3512,1.3558,1.3502,1.3538,6330,8895,120.02,321,71,,,,,,
2011-02-15,83.42,83.63,83.19,83.6,83.28,9108,44152,1.348,1.3528,1.3461,1.347,7033,12826,119.38,549,119,,,,,,
2011-02-16,83.72,83.83,83.62,83.73,83.75,8326,39749,1.3498,1.357,1.3485,1.3545,6338,13206,119.2,260,119,,,,,,
2011-02-17,83.61,83.69,83.47,83.54,83.58,7599,46902,1.3574,1.361,1.3552,1.3566,6445,12844,119.52,584,0,,,,,,
2011-02-18,83.31,83.41,83.2,83.29,83.28,7220,19317,1.3623,1.3628,1.3585,1.3594,7248,6065,119.47,440,151,,,,,,
2011-02-21,83.11,83.21,83.01,83.13,83.12,4935,32677,1.3713,1.3715,1.3666,1.3682,3867,8558,119.63,150,41,,,,,,
2011-02-22,83.08,83.55,82.84,83.25,83.07,14325,55096,1.3682,1.3684,1.3526,1.3549,10478,13731,120.51,799,0,,,,,,
2011-02-23,82.78,82.89,82.52,82.72,82.85,8846,41145,1.3673,1.3735,1.365,1.372,6613,12215,120.71,654,0,,,,,,
2011-02-24,82.45,82.52,81.84,81.87,82.17,11385,46380,1.3761,1.3785,1.3707,1.3708,7350,14786,121.53,633,77,,,,,,
2011-02-25,82.05,82.06,81.79,81.83,81.95,7774,42455,1.382,1.3839,1.3798,1.3821,5527,8242,121.82,290,0,,,,,,
2011-02-28,81.64,81.79,81.62,81.68,81.7,8313,52138,1.3734,1.3786,1.3712,1.3763,4344,15748,121.5,320,105,,,,,,
2011-03-01,81.89,82.24,81.74,82.19,81.93,9136,47937,1.3821,1.3831,1.3786,1.3811,5459,10584,121.39,750,0,,,,,,
2011-03-02,81.92,82.11,81.83,82.05,81.93,6776,41005,1.3768,1.3786,1.3744,1.3776,5298,8017,121.16,280,0,,,,,,
2011-03-03,81.85,81.93,81.77,81.89,81.84,7063,41623,1.3865,1.3877,1.3847,1.3869,6166,8394,120.08,444,230,,,,,,
2011-03-04,82.38,82.46,82.29,82.41,82.34,8313,43302,1.3956,1.3967,1.395,1.396,4532,7274,120.18,180,78,,,,,,
2011-03-07,82.36,82.39,82.14,82.23,82.37,5923,36467,1.3991,1.4,1.3962,1.3975,4272,7794,120.29,115,147,,,,,,
2011-03-08,82.3,82.5,82.21,82.45,82.25,6643,38173,1.3963,1.3989,1.394,1.3953,6201,11760,119.82,578,0,,,,,,
2011-03-09,82.83,82.94,82.65,82.82,82.85,6437,40656,1.3894,1.391,1.3873,1.3903,5924,10024,119.59,150,0,,,,,,
2011-03-10,82.84,82.96,82.7,82.77,82.82,9307,49122,1.3903,1.3925,1.3805,1.3831,8894,8054,119.73,273,91,,,,,,
2011-03-11,82.92,83.3,82.66,82.8,82.82,9679,37144,1.3801,1.3833,1.3791,1.3809,3974,6965,121.14,202,188,,,,,,
2011-03-14,81.3,82.46,80.6,82.1,82.2,12564,44912,1.3935,1.3978,1.3917,1.3938,4165,6983,121.28,385,0,,,,,,
2011-03-15,81.84,82.05,81.22,81.52,81.85,14591,41479,1.399,1.4,1.3893,1.3918,6307,3445,122.98,300,91,,,,,,
2011-03-16,81.04,81.18,80.75,80.93,80.83,9896,45095,1.3986,1.4002,1.3959,1.3964,3476,4412,124.93,868,85,,,,,,
2011-03-17,79.16,79.75,77.15,79.22,79.2,23136,41904,1.3881,1.3978,1.3869,1.3957,4788,4035,125.77,500,0,,,,,,
2011-03-18,79.58,82,79.07,81.7,81.3,39099,26401,1.4031,1.4095,1.398,1.405,6787,7536,122.68,270,133,,,,,,
2011-03-22,81.23,81.29,80.85,81.03,80.9,7040,35624,1.4215,1.4243,1.4204,1.4235,2234,4350,121.79,346,111,,,,,,
2011-03-23,81.05,81.08,80.7,80.74,81.05,8390,39461,1.417,1.4201,1.415,1.4163,4402,6613,122.1,415,0,,,,,,
2011-03-24,80.87,81.06,80.76,80.87,80.96,6393,35644,1.4104,1.4114,1.4054,1.4072,5980,3391,121.8,360,0,,,,,,
2011-03-25,81.03,81.05,80.95,80.99,81,8607,32180,1.417,1.4194,1.4151,1.4185,3049,5355,121.35,370,0,,,,,,
2011-03-28,81.58,81.85,81.39,81.69,81.73,10384,40152,1.4035,1.4079,1.4021,1.4072,3697,6170,120.9,430,0,,,,,,
2011-03-29,81.72,81.79,81.54,81.73,81.7,8735,54234,1.4073,1.4144,1.4061,1.4131,3834,10017,119.66,529,0,,,,,,
2011-03-30,82.51,83.15,82.38,83.01,82.46,11233,35519,1.4121,1.4127,1.406,1.4079,4649,7569,118.89,611,0,,,,,,
2011-03-31,83.14,83.22,82.57,82.84,83.13,16226,37703,1.4127,1.4187,1.4116,1.4186,5811,8025,118.43,750,0,,,,,,
2011-04-01,83.42,83.75,83.19,83.67,83.46,14093,37249,1.4156,1.418,1.4146,1.4155,4485,12055,116.78,387,0,,,,,,
2011-04-04,84.18,84.4,83.99,84.05,84.16,7430,36958,1.4235,1.4269,1.4214,1.4225,4567,11926,116.78,722,0,,,,,,
2011-04-05,84.36,84.49,84.07,84.35,84.31,7886,30673,1.4205,1.4233,1.417,1.4185,3989,8590,115.61,350,80,,,,,,
2011-04-06,84.98,85.53,84.95,85.04,85.3,13990,40957,1.4233,1.4315,1.4218,1.4299,5758,16603,114.53,450,0,,,,,,
2011-04-07,85.45,85.5,85.11,85.25,85.3,8282,41270,1.4325,1.4335,1.428,1.4286,6788,11037,115.32,865,142,,,,,,
2011-04-08,84.9,85.39,84.87,85.24,85.13,12115,30576,1.4298,1.4421,1.4292,1.4414,9355,15651,115.09,280,0,,,,,,
2011-04-11,85.14,85.16,84.63,84.75,84.7,8542,35645,1.4481,1.4485,1.4441,1.446,3347,16783,115.51,818,0,,,,,,
2011-04-12,84.45,84.79,83.47,84.33,83.9,16936,43627,1.4423,1.4442,1.4376,1.4426,6545,14115,116.99,639,0,,,,,,
2011-04-13,83.76,84.26,83.5,84.05,83.95,9732,45464,1.4482,1.4519,1.4455,1.4505,5268,14505,116.58,400,0,,,,,,
2011-04-14,83.73,83.9,83.2,83.48,83.48,10745,51664,1.4454,1.4514,1.4408,1.4499,7882,16762,116.9,445,0,,,,,,
2011-04-15,83.67,83.79,82.96,83.03,83.65,9302,42138,1.4501,1.4504,1.4452,1.4467,4874,14265,117.46,371,0,,,,,,
2011-04-18,83.09,83.27,82.79,82.98,82.95,10386,40312,1.4397,1.442,1.43,1.4339,7304,12270,118.55,432,0,,,,,,
2011-04-19,82.48,82.7,82.32,82.52,82.45,9776,34835,1.4236,1.4265,1.4206,1.4254,7046,16938,118.39,460,0,,,,,,
2011-04-20,82.8,83.1,82.53,82.78,82.82,12788,42819,1.4366,1.4438,1.4329,1.4434,8265,15297,117.9,427,0,,,,,,
2011-04-21,82.5,82.58,81.86,82.08,82,12077,35015,1.4519,1.4642,1.4506,1.4641,7509,16656,118.65,857,68,,,,,,
2011-04-22,81.87,82.1,81.66,81.99,81.85,4434,18198,1.4559,1.4589,1.4541,1.4561,1874,0,118.71,205,0,,,,,,
2011-04-25,82.04,82.44,81.85,82.13,82.19,6781,20104,1.4587,1.4606,1.4526,1.4575,3572,1680,118.84,290,0,,,,,,
2011-04-26,81.68,81.97,81.56,81.72,81.78,8117,52548,1.4551,1.461,1.4494,1.46,8656,21326,119.1,1530,0,,,,,,
2011-04-27,81.39,81.91,81.27,81.79,81.5,11483,40838,1.4705,1.4715,1.4642,1.4666,7579,14626,117.8,313,0,,,,,,
2011-04-28,82.25,82.28,81.55,81.6,82.06,12544,42624,1.4788,1.4882,1.4777,1.4836,7886,16816,118.56,240,0,,,,,,
2011-05-02,81.23,81.69,81,81.51,81.5,6941,27548,1.4816,1.4865,1.4762,1.4802,3787,7844,118.8,190,0,,,,,,
2011-05-06,80.32,80.64,80.24,80.41,80.5,11578,45300,1.4559,1.4588,1.4523,1.4531,10781,13769,120.88,310,0,,,,,,
2011-05-09,80.79,80.84,80.51,80.65,80.6,6324,38599,1.4389,1.444,1.434,1.4435,8117,19325,121.08,502,0,,,,,,
2011-05-10,80.17,80.88,80.15,80.81,80.3,8995,55061,1.4369,1.4378,1.4271,1.4362,9055,13288,120.19,340,0,,,,,,
2011-05-11,80.98,81.1,80.66,80.72,80.9,8234,45420,1.4401,1.4423,1.4368,1.4385,6618,20229,120.41,1730,0,,,,,,
2011-05-12,81.04,81.35,80.9,81.1,81.1,8413,51128,1.4205,1.4235,1.4182,1.4223,7078,18816,120.62,435,0,,,,,,
2011-05-13,81.01,81.09,80.35,80.52,80.95,9085,49153,1.423,1.4315,1.4185,1.4303,7416,15935,121.18,447,65,,,,,,
2011-05-16,80.72,81.07,80.63,80.95,81,6065,41650,1.4067,1.4149,1.4048,1.4144,6091,11074,121.35,205,0,,,,,,
2011-05-17,80.87,81.68,80.74,81.63,81.4,9058,42526,1.4146,1.4193,1.413,1.4162,6458,11157,120.19,704,100,,,,,,
2011-05-18,81.51,81.55,80.97,81.02,81.4,9148,44885,1.4267,1.4286,1.4233,1.4256,7291,18012,119.73,290,70,,,,,,
2011-05-19,81.73,81.85,81.52,81.81,81.66,8109,50578,1.4258,1.4307,1.4217,1.4235,8514,16138,119.61,819,0,,,,,,
2011-05-20,81.73,81.86,81.58,81.62,81.68,6439,40325,1.4325,1.4344,1.4294,1.4337,6965,10964,119.61,760,0,,,,,,
2011-05-23,81.66,82.03,81.32,81.43,81.98,7395,40183,1.4117,1.4143,1.3997,1.4011,10619,10282,119.75,263,0,,,,,,
2011-05-24,81.98,82.09,81.62,81.84,81.81,6948,26934,1.4012,1.4086,1.4002,1.4057,7420,14233,119.63,780,0,,,,,,
2011-05-25,82.04,82.17,81.8,82.09,82,8486,49107,1.4093,1.4105,1.4011,1.4038,9579,10401,119.68,1326,0,,,,,,
2011-05-26,82.03,82.09,81.66,81.93,82,8201,43364,1.4069,1.4196,1.4068,1.4177,9505,13341,120.36,564,0,,,,,,
2011-05-27,81.13,81.36,80.89,80.99,81,9690,25481,1.4144,1.4278,1.4125,1.4252,10319,16751,120.69,1046,0,,,,,,
2011-05-30,80.87,81.01,80.76,80.83,80.8,4450,15858,1.429,1.4318,1.4258,1.4276,2583,5990,120.4,180,15,,,,,,
2011-05-31,80.86,81.77,80.71,81.6,80.85,14279,38365,1.4333,1.4415,1.4285,1.4414,9829,22326,119.27,635,0,,,,,,
2011-06-01,81.36,81.5,81.15,81.39,81.35,7529,39063,1.4425,1.4448,1.439,1.4418,6967,15378,120.28,550,0,,,,,,
2011-06-02,80.94,81.33,80.81,80.97,80.95,9859,38882,1.4346,1.4393,1.4325,1.4391,6544,19581,120.1,590,0,,,,,,
2011-06-03,80.89,81.02,80.62,80.65,80.66,8929,43176,1.4487,1.4518,1.4462,1.4481,5904,19122,120.74,380,0,,,,,,
2011-06-06,80.23,80.4,80.17,80.23,80.25,6967,26127,1.4652,1.4659,1.4619,1.462,4074,12311,121.14,290,0,,,,,,
2011-06-07,80.12,80.33,80.1,80.23,80.22,5994,34949,1.4591,1.4665,1.4563,1.4659,6375,19917,120.98,390,0,,,,,,
2011-06-08,80.19,80.29,79.75,79.84,79.95,12956,35317,1.468,1.4694,1.4644,1.4664,6425,17677,121.49,370,0,,,,,,
2011-06-09,79.88,80.31,79.84,80.1,80.05,9663,46382,1.4592,1.4645,1.4582,1.463,5920,21702,120.89,856,0,,,,,,
2011-06-10,80.37,80.47,79.96,80.09,80.08,8732,45972,1.4538,1.4552,1.4445,1.4458,6541,15742,121.35,490,0,,,,,,
2011-06-13,80.36,80.7,80.27,80.33,80.53,7060,34497,1.4336,1.4369,1.4322,1.4365,4763,16107,121.38,600,0,,,,,,
2011-06-14,80.2,80.46,80.09,80.37,80.2,6506,42498,1.4416,1.4472,1.4378,1.4457,6061,19577,120.83,880,80,,,,,,
2011-06-15,80.52,80.64,80.39,80.6,80.57,7088,42849,1.4433,1.445,1.4354,1.4372,7715,17044,120.75,320,0,,,,,,
2011-06-16,80.85,81.03,80.48,80.62,80.95,8325,55764,1.4192,1.4204,1.409,1.4138,11648,18690,121.28,490,0,,,,,,
2011-06-17,80.59,80.68,80.39,80.49,80.62,7513,51712,1.4202,1.4223,1.4128,1.4138,8095,13241,121.9,290,0,,,,,,
2011-06-20,80.16,80.24,80.02,80.16,80.2,6139,42783,1.4257,1.4294,1.4191,1.4209,6194,11188,121.64,465,0,,,,,,
2011-06-21,80.21,80.35,80.09,80.19,80.2,6056,44143,1.4362,1.4385,1.4305,1.4364,9202,17249,121.32,576,100,,,,,,
2011-06-22,80.25,80.34,80.16,80.21,80.26,6362,35241,1.4377,1.442,1.4345,1.4401,7406,13901,121.25,443,125,,,,,,
2011-06-23,80.37,80.65,80.33,80.56,80.47,9130,49130,1.4331,1.4337,1.425,1.4266,8293,9928,121.22,595,92,,,,,,
2011-06-24,80.5,80.61,80.41,80.58,80.5,6731,44585,1.4262,1.4279,1.4198,1.4209,6442,13749,121.54,407,0,,,,,,
2011-06-27,80.47,80.89,80.43,80.79,80.7,7871,35665,1.4154,1.4188,1.4102,1.4135,8089,13637,120.87,275,88,,,,,,
2011-06-28,80.78,80.92,80.72,80.83,80.77,6022,55671,1.431,1.433,1.4255,1.4318,6742,19093,120.25,400,0,,,,,,
2011-06-29,81.06,81.12,80.93,81.08,81.06,7702,48282,1.4358,1.4418,1.4339,1.4393,5692,12786,120.4,435,0,,,,,,
2011-06-30,80.75,80.87,80.31,80.42,80.72,11420,48461,1.4464,1.4522,1.4429,1.449,8905,20463,120.54,1816,0,,,,,,
2011-07-01,80.71,80.89,80.53,80.78,80.84,7487,25012,1.4475,1.4553,1.4467,1.4509,6094,6960,119.99,150,0,,,,,,
2011-07-04,80.83,80.91,80.54,80.67,80.75,4548,31494,1.4564,1.4579,1.4511,1.4526,5206,10506,119.9,130,0,,,,,,
2011-07-05,80.79,81.18,80.73,81.15,80.85,8880,38958,1.4542,1.4553,1.446,1.4479,7513,7492,119.75,391,0,,,,,,
2011-07-06,81.09,81.12,80.79,80.97,80.85,5518,47922,1.4435,1.4467,1.4363,1.4375,8090,10086,120.15,180,86,,,,,,
2011-07-07,80.88,81.02,80.8,80.97,80.93,6517,45870,1.4335,1.4348,1.4276,1.4296,7255,8286,119.48,80,108,,,,,,
2011-07-08,81.27,81.37,81.21,81.34,81.28,8190,37926,1.4361,1.437,1.4309,1.4319,5401,9571,120.38,669,0,,,,,,
2011-07-11,80.68,80.83,80.52,80.75,80.76,6443,50039,1.4212,1.4227,1.4133,1.4142,8215,10257,121.53,150,0,,,,,,
2011-07-12,80.35,80.38,79.7,79.78,80.16,12636,57957,1.4039,1.4063,1.3838,1.3846,17611,9824,123.29,360,0,,,,,,
2011-07-13,79.46,79.57,79.13,79.4,79.43,10729,54027,1.399,1.4067,1.3952,1.4047,11168,12897,123.3,943,0,,,,,,
2011-07-14,78.86,79.6,78.45,79.06,79,14593,42355,1.4269,1.4282,1.4168,1.4203,11411,12881,122.89,564,0,,,,,,
2011-07-15,79.01,79.27,78.89,79.2,79.13,7278,54608,1.4162,1.4199,1.4095,1.4111,5599,9016,122.91,375,0,,,,,,
2011-07-19,79.05,79.15,78.97,79.05,79.04,5989,51593,1.4127,1.4163,1.407,1.4146,6678,10700,122.75,100,0,,,,,,
2011-07-20,79.18,79.32,78.83,78.94,79.15,7519,48599,1.417,1.4192,1.4133,1.4175,6305,13142,123.2,540,0,,,,,,
2011-07-21,78.81,79.03,78.61,78.78,78.81,9209,39983,1.4261,1.4295,1.4209,1.4241,8122,14283,123.48,295,0,,,,,,
2011-07-22,78.56,78.74,78.43,78.68,78.6,7959,45862,1.4409,1.4438,1.4382,1.4395,7203,11794,123.13,800,0,,,,,,
2011-07-25,78.39,78.56,78.21,78.23,78.38,8916,43615,1.4367,1.4404,1.4332,1.436,5022,13834,123.5,370,0,,,,,,
2011-07-26,78.31,78.71,77.88,78.07,78,12704,53382,1.4373,1.4522,1.4358,1.4502,9408,21389,123.73,530,143,,,,,,
2011-07-27,78.01,78.02,77.57,77.64,77.84,9004,56724,1.4509,1.4536,1.447,1.448,6512,22430,123.83,446,0,,,,,,
2011-07-28,77.94,78.03,77.63,77.68,77.95,7942,59928,1.4362,1.438,1.433,1.4375,7160,15257,124.34,203,75,,,,,,
2011-07-29,77.83,77.87,77.45,77.59,77.55,11659,53339,1.4327,1.4364,1.4259,1.428,9227,27882,125.73,190,0,,,,,,
2011-08-01,77.35,78.05,77.14,77.55,77.8,13458,48209,1.4356,1.4424,1.4347,1.4389,5429,19613,125.12,210,0,,,,,,
2011-08-02,77.57,77.84,77.18,77.23,77.45,11696,48718,1.4273,1.4283,1.4158,1.4191,6533,14878,125.46,480,0,,,,,,
2011-08-03,77.31,77.41,76.98,77.18,77.25,8628,52085,1.4184,1.4261,1.4143,1.4239,8051,8937,125.46,345,0,,,,,,
2011-08-04,77.14,79.94,77,79.89,79.47,103943,50842,1.435,1.4369,1.4258,1.4261,7008,11070,123.39,810,0,,,,,,
2011-08-05,79.08,79.41,78.31,78.54,79.3,17654,34406,1.4076,1.4169,1.4055,1.4159,9411,10079,123.71,260,0,,,,,,
2011-08-08,78.25,78.48,77.74,77.88,78.1,10286,55628,1.4308,1.4401,1.429,1.4357,8983,8012,125.43,710,0,,,,,,
2011-08-09,77.67,77.85,77.05,77.31,77.25,13392,58594,1.4175,1.4282,1.4152,1.4206,8291,11790,126.11,470,79,,,,,,
2011-08-10,77.15,77.4,76.66,76.69,77.05,11716,69931,1.4354,1.4393,1.4311,1.4378,5529,7057,126.76,240,100,,,,,,
2011-08-11,76.83,77.3,76.3,76.6,76.7,13363,50779,1.4136,1.4273,1.4122,1.4251,8054,11145,126.46,629,0,,,,,,
2011-08-12,76.94,77.02,76.63,76.65,76.98,7440,59326,1.4216,1.4238,1.415,1.4202,5654,5731,126.72,602,0,,,,,,
2011-08-15,76.89,77.1,76.8,76.87,77,5629,48786,1.4284,1.4329,1.4267,1.4308,5918,4108,125.93,90,0,,,,,,
2011-08-16,76.82,76.92,76.74,76.88,76.85,5143,47332,1.4438,1.4448,1.4365,1.4398,5698,4307,126.02,330,0,,,,,,
2011-08-17,76.75,76.81,76.56,76.6,76.7,4708,46954,1.4381,1.4418,1.4325,1.439,5961,9208,126.23,330,0,,,,,,
2011-08-18,76.63,76.72,76.53,76.59,76.65,5630,40494,1.4429,1.4435,1.438,1.4409,5396,10808,126.79,235,0,,,,,,
2011-08-19,76.64,77,76.38,76.48,76.54,9917,49269,1.4295,1.434,1.426,1.4279,5469,7084,126.81,100,0,,,,,,
2011-08-22,76.85,77.23,76.56,76.75,76.8,8374,41612,1.4367,1.4413,1.4347,1.441,4465,7064,126.41,424,0,,,,,,
2011-08-23,76.93,76.94,76.65,76.65,76.79,5919,58002,1.4358,1.4477,1.4354,1.4465,6913,4648,126.39,390,0,,,,,,
2011-08-24,76.66,76.88,76.53,76.64,76.78,8294,51104,1.4439,1.4442,1.438,1.4396,6653,12666,126.05,540,0,,,,,,
2011-08-25,77.02,77.23,76.85,77.02,76.98,9403,48131,1.4408,1.4469,1.439,1.4455,5955,11810,125.43,757,0,,,,,,
2011-08-26,77.41,77.47,76.91,77.05,77.42,7556,45351,1.4388,1.445,1.437,1.4428,6266,11753,126.33,140,0,,,,,,
2011-08-29,76.76,76.82,76.62,76.65,76.74,5299,42123,1.4481,1.455,1.4466,1.4529,6309,7350,125.91,699,0,,,,,,
2011-08-30,76.95,76.99,76.66,76.7,76.89,6917,52365,1.4516,1.4533,1.4472,1.4482,5001,8386,126.26,355,0,,,,,,
2011-08-31,76.73,76.77,76.53,76.58,76.59,8958,53077,1.4439,1.4466,1.4417,1.4468,5359,12371,126.25,30,0,,,,,,
2011-09-01,76.77,77.25,76.68,76.92,76.95,14661,61787,1.4364,1.4379,1.429,1.4302,6821,12085,125.99,120,0,,,,,,
2011-09-02,76.89,76.97,76.77,76.82,76.87,6961,15552,1.427,1.4288,1.4209,1.4233,5747,7940,126.32,205,123,,,,,,
2011-09-05,76.85,76.96,76.69,76.81,76.76,5590,40766,1.415,1.4173,1.4113,1.4144,5228,6088,126.56,205,0,,,,,,
2011-09-06,76.93,76.97,76.72,76.75,76.81,10385,53028,1.4069,1.4115,1.4038,1.4112,11767,8666,125.76,1070,80,,,,,,
2011-09-07,77.54,77.72,77.07,77.24,77.2,9217,59068,1.401,1.4093,1.3995,1.4083,7231,13343,126.14,1048,160,,,,,,
2011-09-08,77.35,77.42,77.23,77.41,77.37,6440,49375,1.408,1.4096,1.405,1.4062,4606,6085,126.18,392,60,,,,,,
2011-09-09,77.57,77.59,77.43,77.55,77.54,7990,58445,1.3892,1.3937,1.3862,1.3881,8693,7599,126.65,614,58,,,,,,
2011-09-12,77.47,77.59,76.76,76.86,77.5,10710,55215,1.3582,1.3622,1.3495,1.3562,13501,9827,127.56,0,0,,,,,,
2011-09-13,77.2,77.25,76.92,76.96,77.04,8699,58273,1.364,1.3695,1.358,1.3585,9870,10274,128.3,310,108,,,,,,
2011-09-14,76.95,77.06,76.84,76.91,76.92,8636,53667,1.3681,1.3705,1.3592,1.3657,9740,9362,128.9,150,0,,,,,,
2011-09-15,76.73,76.8,76.65,76.72,76.72,8267,46920,1.3747,1.3775,1.3703,1.3767,6744,3687,128.55,515,0,,,,,,
2011-09-16,76.73,76.87,76.68,76.77,76.8,7007,53116,1.3881,1.3884,1.3785,1.3796,5196,11568,128.47,160,0,,,,,,
2011-09-20,76.69,76.77,76.45,76.54,76.52,7421,54398,1.3622,1.3681,1.3594,1.3669,8760,10626,129.87,400,0,,,,,,
2011-09-21,76.41,76.85,76.11,76.35,76.35,9241,70858,1.3707,1.3724,1.3667,1.3675,5340,16275,130.72,416,0,,,,,,
2011-09-22,76.63,76.97,76.4,76.44,76.77,10938,56233,1.3576,1.3601,1.3515,1.3524,6644,11185,132.16,700,110,,,,,,
2011-09-26,76.65,76.76,76.22,76.51,76.62,8193,62894,1.3516,1.3551,1.3361,1.3421,9550,14387,131.57,883,0,,,,,,
2011-09-27,76.44,76.56,76.26,76.4,76.3,8182,56144,1.3497,1.3569,1.3478,1.3511,5958,11907,130.25,599,79,,,,,,
2011-09-28,76.7,76.87,76.39,76.43,76.54,9296,57771,1.3586,1.3638,1.3541,1.3638,5993,18103,131.08,470,0,,,,,,
2011-09-29,76.55,76.6,76.42,76.48,76.53,7677,40470,1.3523,1.3664,1.352,1.3659,7134,13746,130.63,430,0,,,,,,
2011-09-30,76.72,76.87,76.49,76.7,76.63,13226,49408,1.3596,1.3601,1.3488,1.3527,6118,14905,130.88,470,0,,,,,,
2011-10-03,77.2,77.27,76.76,76.92,77,8839,40411,1.3357,1.337,1.3314,1.3357,6659,9161,132.05,130,77,,,,,,
2011-10-04,76.62,76.74,76.54,76.68,76.69,7767,61196,1.3187,1.3225,1.3145,1.3158,8917,9001,131.33,210,0,,,,,,
2011-10-05,76.82,76.89,76.61,76.67,76.7,7270,50419,1.3317,1.3337,1.326,1.3299,7556,10501,131.21,656,0,,,,,,
2011-10-06,76.81,76.83,76.69,76.74,76.74,6537,50886,1.3344,1.3366,1.3312,1.3337,8738,10820,130.96,220,0,,,,,,
2011-10-07,76.7,76.73,76.59,76.65,76.7,6037,37818,1.3427,1.3465,1.3403,1.3446,5449,5023,130.98,356,0,,,,,,
2011-10-11,76.67,76.76,76.63,76.7,76.69,5298,64250,1.3627,1.3672,1.3617,1.3638,4786,7255,130.38,245,0,,,,,,
2011-10-12,76.71,76.73,76.63,76.65,76.71,8390,55906,1.3634,1.3689,1.3582,1.3689,7561,9166,128.7,470,0,,,,,,
2011-10-13,77.1,77.29,77.03,77.14,77.08,10843,59189,1.3778,1.3824,1.3767,1.381,6108,9345,129.47,420,0,,,,,,
2011-10-14,76.91,77,76.86,76.98,76.96,6710,57948,1.3752,1.3815,1.3724,1.3769,6474,9287,128.57,888,118,,,,,,
2011-10-17,77.23,77.45,77.09,77.43,77.27,7670,66899,1.3872,1.3898,1.3827,1.3893,5161,9136,129.48,250,80,,,,,,
2011-10-18,76.84,76.88,76.73,76.81,76.83,6004,73781,1.3744,1.3788,1.3689,1.3713,5981,12267,129.51,350,80,,,,,,
2011-10-19,76.78,76.83,76.66,76.76,76.75,5539,62697,1.3733,1.384,1.3725,1.3812,7485,8417,129.38,300,0,,,,,,
2011-10-20,76.84,76.86,76.67,76.69,76.84,5916,56714,1.3767,1.3783,1.3674,1.3713,8051,9602,129.7,290,41,,,,,,
2011-10-21,76.88,76.92,76.66,76.71,76.76,7299,41717,1.3795,1.3809,1.3728,1.3737,5037,10159,130.3,577,77,,,,,,
2011-10-24,76.42,76.49,76.15,76.24,76.25,6596,30233,1.3849,1.3955,1.383,1.3888,6207,8613,130.14,650,64,,,,,,
2011-10-25,76.21,76.24,76.04,76.12,76.12,8115,54986,1.3919,1.3945,1.3877,1.3928,5681,7696,130.12,180,0,,,,,,
2011-10-26,76.14,76.17,75.86,75.92,76.03,6967,51565,1.39,1.3941,1.3893,1.3934,3964,5713,129.96,480,0,,,,,,
2011-10-27,76.18,76.28,75.84,75.93,76.26,9794,58152,1.3885,1.4037,1.3865,1.4008,11000,10043,129.24,160,0,,,,,,
2011-10-28,75.98,76,75.82,75.84,75.86,7492,51812,1.4199,1.42,1.4157,1.4171,4564,7851,129.37,1026,0,,,,,,
2011-10-31,75.77,79.55,75.52,78.81,79.2,146491,63351,1.4139,1.4171,1.3974,1.4045,10903,12680,126.3,670,0,,,,,,
2011-11-01,78.32,79.1,78.01,78.1,78.1,18948,75624,1.3859,1.3871,1.3747,1.3775,8748,18954,126.69,872,0,,,,,,
2011-11-02,78.31,78.41,78.09,78.14,78.12,11024,77554,1.3656,1.3763,1.3637,1.3759,7886,16041,127.09,366,222,,,,,,
2011-11-04,78.07,78.12,77.99,78.05,78.1,12371,64215,1.3822,1.3837,1.3788,1.3801,4545,12138,126.4,250,121,,,,,,
2011-11-07,78.16,78.19,78.06,78.18,78.14,4977,64803,1.3787,1.3832,1.3715,1.3726,5383,9353,126.88,332,78,,,,,,
2011-11-08,78.09,78.1,77.99,78.05,78.05,6805,50913,1.3759,1.3778,1.3728,1.3733,4966,9729,127.19,435,192,,,,,,
2011-11-09,77.71,77.79,77.54,77.6,77.57,7521,72064,1.3825,1.386,1.3784,1.3792,7063,6029,127.95,360,0,,,,,,
2011-11-10,77.77,77.88,77.64,77.65,77.79,8112,28409,1.3526,1.356,1.3485,1.3497,8907,3867,128.2,410,121,,,,,,
2011-11-11,77.67,77.69,77.37,77.46,77.55,5994,42515,1.3609,1.3648,1.3579,1.3624,4202,5545,128.56,420,0,,,,,,
2011-11-14,77.18,77.28,77.06,77.1,77.13,7297,69037,1.3785,1.3808,1.3733,1.3737,4796,8936,129.15,534,0,,,,,,
2011-11-15,77.1,77.51,76.92,76.98,77.1,8959,50385,1.3625,1.3641,1.3576,1.3602,4494,7072,129.46,490,206,,,,,,
2011-11-16,77.09,77.15,76.94,76.96,77.09,7070,61305,1.3504,1.3538,1.3429,1.3457,8120,9850,129.67,420,121,,,,,,
2011-11-17,77.08,77.1,76.95,76.98,77.04,7236,61951,1.344,1.3518,1.3421,1.3475,5980,7562,129.93,270,107,,,,,,
2011-11-18,76.97,77.04,76.68,76.73,76.97,8425,54566,1.3454,1.3534,1.3448,1.3515,5009,7748,129.96,450,192,,,,,,
2011-11-21,76.86,76.92,76.76,76.8,76.83,6294,50297,1.3536,1.354,1.3475,1.3493,4545,9269,130.52,654,0,,,,,,
2011-11-22,76.94,77.35,76.87,76.99,76.97,9978,39948,1.3483,1.3532,1.3469,1.3526,3288,9436,130.36,447,0,,,,,,
2011-11-24,77.28,77.33,77.01,77.15,77.07,6980,45023,1.3346,1.3393,1.3341,1.3375,2705,6766,130.66,448,78,,,,,,
2011-11-25,77.19,77.55,77.12,77.36,77.38,10385,51292,1.333,1.335,1.3298,1.3307,3782,7809,130.06,402,93,,,,,,
2011-11-28,77.69,77.76,77.46,77.72,77.63,7275,54593,1.3311,1.3335,1.3275,1.3296,6191,9737,129.25,260,0,,,,,,
2011-11-29,78.09,78.29,77.89,77.93,78.2,11428,60848,1.3315,1.3373,1.3286,1.3344,4548,10149,129.01,506,93,,,,,,
2011-11-30,77.98,78.13,77.86,78.01,78.05,9970,56282,1.3323,1.3359,1.3259,1.3271,5200,10308,129.01,1500,235,,,,,,
2011-12-01,77.59,77.72,77.48,77.63,77.68,8047,67424,1.3441,1.3473,1.343,1.3442,4381,7540,128.66,200,236,,,,,,
2011-12-02,77.77,77.88,77.71,77.77,77.78,5476,48327,1.3466,1.3488,1.3449,1.3479,2666,6560,128.11,449,215,,,,,,
2011-12-05,78.1,78.11,77.9,77.99,78,6372,46695,1.3417,1.3451,1.3398,1.3447,2899,6304,128.25,467,0,,,,,,
2011-12-06,77.81,77.85,77.68,77.76,77.77,7274,54557,1.3387,1.3402,1.3335,1.3349,5202,9800,128.42,390,197,,,,,,
2011-12-07,77.76,77.79,77.62,77.69,77.72,6384,63079,1.341,1.3453,1.34,1.3436,4351,8407,128.65,990,150,,,,,,
2011-12-08,77.68,77.7,77.57,77.6,77.65,7666,60009,1.3399,1.3427,1.3392,1.3414,4460,12399,129.04,520,0,,,,,,
2011-12-09,77.69,77.74,77.56,77.68,77.7,6779,53871,1.3345,1.3372,1.3282,1.3298,7852,11172,128.88,746,117,,,,,,
2011-12-12,77.62,77.67,77.57,77.62,77.65,5010,41776,1.337,1.338,1.33,1.3309,4321,8072,129.28,705,120,,,,,,
2011-12-13,77.96,77.97,77.78,77.81,77.94,4979,51669,1.3164,1.3212,1.316,1.3193,6259,6023,129.61,404,0,,,,,,
2011-12-14,77.97,78.05,77.88,77.99,77.97,5172,57095,1.3018,1.3055,1.3015,1.3021,5688,5149,129.76,296,0,,,,,,
2011-12-15,78.13,78.15,77.9,77.94,78.07,5164,50671,1.2985,1.3029,1.2979,1.3023,4268,8416,129.94,590,176,,,,,,
2011-12-16,77.86,77.91,77.8,77.89,77.88,5399,41690,1.3029,1.3045,1.301,1.302,4670,5870,129.68,785,83,,,,,,
2011-12-19,77.82,78.18,77.75,77.92,77.89,7580,41797,1.3036,1.3041,1.2983,1.3009,3473,4810,129.59,472,53,,,,,,
2011-12-20,78.02,78.06,77.93,77.96,78.01,5579,52664,1.3006,1.3017,1.2993,1.3014,3423,6976,129.39,1077,0,,,,,,
2011-12-21,77.86,77.91,77.7,77.73,77.87,6373,40037,1.3087,1.3128,1.3075,1.3124,5107,5750,129.09,370,0,,,,,,
2011-12-22,78.09,78.14,78.02,78.12,78.12,6014,29168,1.3036,1.3078,1.3033,1.3065,3097,8039,128.72,50,0,,,,,,
2011-12-26,78.09,78.1,77.95,78,77.98,2525,10147,1.3043,1.3074,1.3039,1.3072,473,1377,128.99,30,0,,,,,,
2011-12-27,78.01,78.03,77.87,77.92,77.92,4800,38785,1.3048,1.3079,1.3043,1.3072,1939,6668,129.25,470,0,,,,,,
2011-12-28,77.88,77.91,77.75,77.8,77.81,6274,65064,1.3068,1.3077,1.3057,1.3063,1647,13462,129.46,1266,0,,,,,,
2011-12-29,77.95,77.99,77.67,77.71,77.76,5045,47262,1.2925,1.2943,1.2887,1.2932,3673,6595,129.92,420,0,,,,,,
2011-12-30,77.66,77.74,77.51,77.57,77.72,5217,42431,1.2953,1.2964,1.2927,1.2941,1526,3668,131.04,350,0,,,,,,
2012-01-04,76.74,76.8,76.62,76.69,76.66,5488,45754,1.3054,1.3058,1.3023,1.3041,4773,8491,131.09,460,0,,,,,,
2012-01-05,76.72,76.85,76.65,76.78,76.73,6040,50772,1.293,1.2946,1.291,1.2935,6536,10770,130.94,798,0,,,,,,
2012-01-06,77.17,77.26,77.08,77.18,77.19,7990,47529,1.2792,1.2799,1.2763,1.2776,4854,9364,131.38,787,39,,,,,,
2012-01-10,76.88,76.91,76.78,76.86,76.87,5949,50658,1.2772,1.2797,1.276,1.2765,4808,10944,131.19,383,0,,,,,,
2012-01-11,76.87,76.95,76.82,76.93,76.92,6055,70493,1.2754,1.2779,1.2729,1.2754,5849,11458,131.43,935,115,,,,,,
2012-01-12,76.87,76.97,76.82,76.96,76.91,8246,61751,1.2722,1.2728,1.27,1.2709,3939,14208,131.28,684,232,,,,,,
2012-01-13,76.8,76.85,76.68,76.69,76.79,7259,33656,1.2821,1.2879,1.2808,1.2861,7520,8537,131.22,180,78,,,,,,
2012-01-16,76.94,77.06,76.8,76.83,76.84,4717,39393,1.2649,1.267,1.2626,1.2659,4103,7964,131.51,540,128,,,,,,
2012-01-17,76.83,76.88,76.58,76.6,76.83,8393,49959,1.2667,1.2768,1.2648,1.2761,7221,10901,131.09,620,76,,,,,,
2012-01-18,76.83,76.85,76.65,76.72,76.69,6109,51636,1.2746,1.2807,1.2735,1.2796,7192,9881,130.62,705,115,,,,,,
2012-01-19,76.8,76.85,76.72,76.76,76.76,5725,51543,1.2864,1.288,1.2842,1.2848,6257,7391,129.84,150,99,,,,,,
2012-01-20,77.09,77.31,77.06,77.21,77.12,8105,56965,1.2962,1.2986,1.2954,1.2967,4977,10563,130.09,1024,128,,,,,,
2012-01-23,76.98,77.08,76.92,77.05,77.02,5647,31696,1.2887,1.2909,1.2877,1.29,5167,4994,129.7,40,115,,,,,,
2012-01-24,77.01,77.05,76.96,77.01,76.99,7401,39077,1.3023,1.3037,1.2987,1.3036,5565,5774,128.59,340,0,,,,,,
2012-01-25,77.68,77.98,77.61,77.93,77.95,11335,45317,1.3036,1.3047,1.3015,1.303,3548,8847,128.13,690,102,,,,,,
2012-01-26,77.78,77.82,77.52,77.54,77.76,7626,56092,1.3106,1.3134,1.309,1.3104,4234,7175,128.54,300,0,,,,,,
2012-01-27,77.47,77.49,76.9,77.05,77.38,11862,47296,1.309,1.312,1.3077,1.3089,5353,10419,129.46,450,141,,,,,,
2012-01-30,76.75,76.78,76.65,76.7,76.68,5832,48361,1.3206,1.3222,1.3135,1.3156,3324,6407,130.36,730,15,,,,,,
2012-01-31,76.38,76.42,76.18,76.3,76.36,11166,56210,1.3138,1.32,1.3134,1.3163,6943,7794,130.44,710,89,,,,,,
2012-02-01,76.28,76.31,76.11,76.19,76.2,6960,80920,1.3076,1.3091,1.3026,1.3049,6505,9966,130.22,,,,,,,,
2012-02-02,76.19,76.21,76.11,76.13,76.14,6043,59029,1.317,1.3197,1.3161,1.3185,4857,6736,130.08,,,,,,,,
2012-02-03,76.19,76.26,76.14,76.19,76.19,6064,45595,1.3136,1.3156,1.3114,1.3149,4967,8693,129.2,,,,,,,,
2012-02-06,76.57,76.81,76.5,76.61,76.75,6863,46557,1.3124,1.3132,1.3053,1.3093,6093,5488,129.58,,,,,,,,
2012-02-07,76.57,76.78,76.52,76.64,76.71,8066,49136,1.3118,1.3166,1.3089,1.3148,5901,5843,128.87,,,,,,,,
2012-02-08,76.77,77.16,76.75,77.07,76.95,10535,47656,1.3248,1.3288,1.3241,1.3269,5356,9759,128.27,,,,,,,,
2012-02-09,77.08,77.24,77.01,77.23,77.16,8256,38356,1.3248,1.3313,1.3215,1.3282,6924,8172,127.32,,,,,,,,
2012-02-10,77.66,77.75,77.52,77.69,77.64,7865,43145,1.3275,1.3291,1.3241,1.3255,4371,9193,127.78,,,,,,,,
2012-02-13,77.71,77.78,77.57,77.7,77.63,6974,37195,1.3241,1.3278,1.3201,1.3254,4944,9518,127.69,,,,,,,,
2012-02-14,77.52,78.08,77.36,77.98,77.9,12700,33964,1.3154,1.3192,1.3128,1.3153,4996,8126,126.55,,,,,,,,
2012-02-15,78.4,78.67,78.36,78.47,78.51,11794,43622,1.3129,1.3189,1.3109,1.3166,5183,11314,126.65,,,,,,,,
2012-02-16,78.51,78.7,78.37,78.63,78.43,8202,52726,1.3056,1.3067,1.2993,1.3022,8883,7857,125.76,,,,,,,,
2012-02-17,78.83,79.19,78.79,79.08,79.07,12142,29770,1.3127,1.3147,1.3115,1.3143,2888,3490,124.71,,,,,,,,
2012-02-20,79.79,79.89,79.42,79.44,79.52,10652,36865,1.3224,1.3237,1.3175,1.3195,3847,6710,124.27,,,,,,,,
2012-02-21,79.62,79.85,79.55,79.8,79.73,8704,68015,1.3208,1.3293,1.3187,1.3254,8316,7771,124.22,,,,,,,,
2012-02-22,79.86,80.08,79.68,80.04,80.04,14255,51062,1.325,1.3262,1.3211,1.3259,3048,6601,123.4,,,,,,,,
2012-02-23,80.27,80.35,80.07,80.12,80.19,10609,40474,1.3256,1.3287,1.3231,1.3274,4426,11440,123.56,,,,,,,,
2012-02-24,79.95,80.71,79.93,80.57,80.55,14522,36238,1.3375,1.3385,1.3357,1.3375,3471,5405,121.61,,,,,,,,
2012-02-27,81.47,81.66,80.95,81.11,81.15,15271,53387,1.3467,1.348,1.3432,1.3459,3413,8665,122.63,,,,,,,,
2012-02-28,80.47,80.69,80.01,80.65,80.25,11843,60353,1.3407,1.3452,1.3391,1.3446,3943,8978,122.61,,,,,,,,
2012-02-29,80.48,80.7,80.26,80.49,80.65,11895,41480,1.3479,1.3486,1.3455,1.3461,3078,9486,121.68,,,,,,,,
2012-03-01,81.29,81.4,80.83,81.07,81.2,13827,54816,1.3325,1.3357,1.3307,1.3317,3930,12139,121.69,,,,,,,,
2012-03-02,81.09,81.71,81.09,81.71,81.48,13454,49942,1.3327,1.3333,1.3265,1.3267,3310,7627,120.97,,,,,,,,
2012-03-05,81.62,81.87,81.15,81.19,81.58,10049,46224,1.3186,1.3214,1.3172,1.3183,4090,7058,121.52,,,,,,,,
2012-03-06,81.54,81.59,81.27,81.28,81.41,10886,65830,1.3224,1.3226,1.3187,1.3194,2884,8260,122.99,,,,,,,,
2012-03-07,80.64,80.94,80.59,80.77,80.72,9645,48087,1.312,1.3153,1.311,1.3137,2943,3013,122.52,,,,,,,,
2012-03-08,81.36,81.4,81.08,81.33,81.3,9787,47087,1.3141,1.3183,1.3135,1.3179,3187,7506,121.4,,,,,,,,
2012-03-09,81.6,81.9,81.46,81.64,81.62,12088,41231,1.3272,1.3275,1.3217,1.3222,3266,12110,120.28,,,,,,,,
2012-03-12,82.36,82.54,82.11,82.23,82.24,10485,30862,1.3122,1.3125,1.3079,1.311,3763,4823,120.87,,,,,,,,
2012-03-13,82.38,82.51,81.97,82.39,82.35,14215,54784,1.317,1.3192,1.3148,1.3165,4966,8909,119.84,,,,,,,,
2012-03-14,82.97,83.32,82.87,83.24,83.15,14301,52205,1.308,1.309,1.3031,1.3048,4749,9157,119.15,,,,,,,,
2012-03-15,83.83,84.19,83.51,83.74,83.98,16596,48025,1.3021,1.3067,1.3004,1.3052,5919,6589,119.12,,,,,,,,
2012-03-16,83.5,83.63,83.28,83.54,83.55,8961,38754,1.3077,1.31,1.3068,1.3078,3396,7398,119.02,,,,,,,,
2012-03-19,83.46,83.57,83.07,83.14,83.53,8395,46992,1.3176,1.3188,1.3158,1.3161,1827,8522,118.98,,,,,,,,
2012-03-21,83.67,83.75,83.53,83.66,83.66,8934,52734,1.3238,1.3284,1.3224,1.3252,5509,7621,119.15,,,,,,,,
2012-03-22,83.2,83.47,83.14,83.27,83.3,14610,40554,1.3218,1.3255,1.321,1.3223,4504,6987,120.52,,,,,,,,
2012-03-23,82.53,82.95,82.5,82.79,82.71,10530,41737,1.3205,1.325,1.319,1.3239,3471,6850,120.57,,,,,,,,
2012-03-26,82.61,82.78,82.45,82.72,82.7,10366,37855,1.3282,1.3285,1.3234,1.3239,2303,6486,119.62,,,,,,,,
2012-03-27,83.01,83.04,82.75,82.77,82.87,10800,38731,1.3358,1.3366,1.3327,1.3344,2905,6568,119.25,,,,,,,,
2012-03-28,83.07,83.19,82.61,82.8,82.98,12778,51155,1.3329,1.3363,1.3313,1.3358,3359,9818,119.69,,,,,,,,
2012-03-29,82.85,82.97,82.25,82.42,82.65,10902,42887,1.3325,1.3346,1.3307,1.334,2514,9504,120.41,,,,,,,,
2012-03-30,82.3,82.51,81.83,82.17,82.15,14828,49508,1.3315,1.3375,1.33,1.3353,5086,10576,119.6,,,,,,,,
2012-04-02,82.89,83.31,82.76,82.91,83,12559,51788,1.3357,1.3377,1.3333,1.3363,2370,7896,120.68,,,,,,,,
2012-04-03,81.65,82.23,81.55,82.08,81.85,11392,40399,1.3329,1.3356,1.3315,1.3339,2472,6647,119.78,,,,,,,,
2012-04-04,82.86,82.94,82.57,82.71,82.85,9108,38223,1.3224,1.3239,1.3182,1.3191,5160,10328,120.59,,,,,,,,
2012-04-05,82.44,82.47,82.13,82.26,82.25,8177,37959,1.3144,1.3164,1.313,1.3145,3865,6144,120.91,,,,,,,,
2012-04-06,82.22,82.42,82.16,82.42,82.26,6753,17021,1.3063,1.3079,1.3054,1.3063,2055,133,121.97,,,,,,,,
2012-04-09,81.29,81.58,81.19,81.32,81.48,7733,27525,1.3087,1.3096,1.3033,1.3077,2687,401,122.26,,,,,,,,
2012-04-10,81.65,81.87,81.06,81.18,81.77,11426,49292,1.3109,1.3145,1.3073,1.3085,5027,6004,123.69,,,,,,,,
2012-04-11,80.68,80.95,80.58,80.61,80.74,10105,51343,1.3072,1.3133,1.3067,1.3102,3716,8300,123.34,,,,,,,,
2012-04-12,81.01,81.13,80.83,80.99,81,8594,51329,1.3119,1.3151,1.3103,1.3112,4676,8352,122.91,,,,,,,,
2012-04-13,80.95,81.2,80.86,80.93,80.98,8546,41450,1.3189,1.3202,1.316,1.3168,3037,8944,123.04,,,,,,,,
2012-04-16,80.92,81,80.44,80.55,80.5,8272,43933,1.3043,1.3076,1.2995,1.3016,6692,11552,123.82,,,,,,,,
2012-04-17,80.41,80.6,80.34,80.58,80.42,7348,45818,1.3126,1.3147,1.309,1.3142,5293,9951,123.08,,,,,,,,
2012-04-18,81.07,81.43,80.88,81.32,81.38,9892,56953,1.3135,1.3142,1.3087,1.3112,4570,10726,122.52,,,,,,,,
2012-04-19,81.32,81.56,81.17,81.47,81.5,8825,40374,1.3118,1.3145,1.3106,1.3142,3329,6691,122.03,,,,,,,,
2012-04-20,81.62,81.71,81.5,81.61,81.63,7021,34334,1.3144,1.3165,1.3129,1.3151,5223,7027,121.94,,,,,,,,
2012-04-23,81.6,81.67,80.98,81.06,81.3,9118,49783,1.3208,1.3211,1.3137,1.3144,3730,4124,122.68,,,,,,,,
2012-04-24,81.09,81.23,80.86,81.17,81.15,7295,44784,1.3149,1.3183,1.3145,1.3171,3758,7846,122.33,,,,,,,,
2012-04-25,81.4,81.56,81.27,81.3,81.43,8212,41418,1.3196,1.322,1.3186,1.3208,3054,7216,122.22,,,,,,,,
2012-04-26,81.32,81.43,81.11,81.12,81.15,7893,39320,1.3231,1.3263,1.3217,1.3257,3115,7290,122.53,,,,,,,,
2012-04-27,81.07,81.45,80.4,80.74,81.15,17704,35726,1.3191,1.3212,1.3158,1.3184,6390,6889,123.37,,,,,,,,
2012-05-01,79.94,79.95,79.64,79.74,79.85,6658,30398,1.3239,1.3273,1.3234,1.3267,2195,4856,123.68,,,,,,,,
2012-05-02,80.23,80.61,80.09,80.33,80.25,9508,43948,1.3239,1.3242,1.3168,1.3176,2994,10255,123.82,,,,,,,,
2012-05-07,79.84,79.98,79.65,79.86,79.8,7435,36455,1.2963,1.303,1.2956,1.3015,12225,9463,124.72,,,,,,,,
2012-05-08,79.93,80.08,79.82,79.93,80,6944,61208,1.306,1.3067,1.301,1.3024,5663,9879,125.04,,,,,,,,
2012-05-09,79.88,79.95,79.72,79.81,79.87,6813,40621,1.2993,1.3006,1.2965,1.2994,8048,12162,125.78,,,,,,,,
2012-05-10,79.71,79.78,79.61,79.75,79.7,6478,41491,1.2936,1.2969,1.2925,1.2961,5726,8534,125.22,,,,,,,,
2012-05-11,79.88,79.99,79.72,79.81,79.85,6763,48560,1.2934,1.2944,1.2905,1.2924,7204,8253,125.38,,,,,,,,
2012-05-14,80.02,80.19,79.9,80.16,80.03,6033,39413,1.2897,1.2905,1.2873,1.2885,6658,14956,125.99,,,,,,,,
2012-05-15,79.87,79.95,79.82,79.92,79.87,5697,45879,1.283,1.2869,1.2814,1.2866,5929,11110,125.73,,,,,,,,
2012-05-16,80.31,80.45,80.21,80.39,80.38,8569,47560,1.2735,1.2738,1.2682,1.2714,8707,14045,125.74,,,,,,,,
2012-05-17,80.37,80.4,80.25,80.32,80.3,5376,41496,1.2733,1.275,1.2715,1.2723,5305,9373,127.51,,,,,,,,
2012-05-18,79.43,79.47,79.19,79.29,79.4,9129,52407,1.2698,1.2708,1.2642,1.2673,7887,12048,127.92,,,,,,,,
2012-05-21,79.19,79.33,79.11,79.31,79.15,5641,53921,1.2772,1.2813,1.2749,1.2774,8680,6360,127.27,,,,,,,,
2012-05-22,79.42,79.57,79.27,79.56,79.39,8219,55610,1.2813,1.2818,1.2782,1.28,7296,6616,126.57,,,,,,,,
2012-05-23,80.02,80.08,79.45,79.52,79.55,10273,37712,1.2661,1.2688,1.2644,1.2662,10351,12000,127.77,,,,,,,,
2012-05-24,79.45,79.57,79.39,79.42,79.45,5173,44449,1.2561,1.26,1.2516,1.2539,9572,11523,127.79,,,,,,,,
2012-05-25,79.68,79.83,79.55,79.63,79.68,6979,14692,1.2536,1.2585,1.2518,1.2583,7510,6315,127.72,,,,,,,,
2012-05-28,79.61,79.7,79.33,79.4,79.45,4504,32759,1.2567,1.2625,1.256,1.2589,7192,4520,127.89,,,,,,,,
2012-05-29,79.58,79.65,79.42,79.48,79.53,5586,52703,1.2521,1.2575,1.2509,1.2571,6421,10982,127.96,,,,,,,,
2012-05-30,79.53,79.57,79.3,79.36,79.46,6488,54859,1.2478,1.2493,1.2439,1.2454,8892,13722,129.26,,,,,,,,
2012-05-31,78.99,79.14,78.71,78.81,78.8,10438,43295,1.2373,1.2418,1.2358,1.2405,6796,12331,130.79,,,,,,,,
2012-06-01,78.56,78.68,78.34,78.5,78.64,12931,60522,1.2363,1.2366,1.2324,1.2349,8783,9506,131.24,,,,,,,,
2012-06-04,78.08,78.5,78,78,78.17,6368,46646,1.2399,1.2437,1.2386,1.2417,5806,5508,130.41,,,,,,,,
2012-06-05,78.36,78.47,78.1,78.23,78.35,6746,50421,1.2527,1.2543,1.244,1.2448,10475,8945,129.79,,,,,,,,
2012-06-06,78.74,79.18,78.61,79.16,78.8,10009,53798,1.2461,1.2521,1.2441,1.2516,10574,7492,128.46,,,,,,,,
2012-06-07,79.3,79.48,79.21,79.28,79.35,10791,54151,1.2576,1.2586,1.254,1.2548,6669,6053,127.8,,,,,,,,
2012-06-08,79.71,79.75,79.18,79.25,79.65,10377,36839,1.2568,1.2575,1.2473,1.249,6791,9962,128.27,,,,,,,,
2012-06-11,79.56,79.73,79.4,79.55,79.63,5723,39852,1.2645,1.2669,1.2591,1.2609,8312,7485,128.31,,,,,,,,
2012-06-12,79.32,79.69,79.17,79.57,79.24,8876,53407,1.2479,1.2523,1.2444,1.2497,7350,7798,128.16,,,,,,,,
2012-06-13,79.53,79.69,79.52,79.57,79.64,6714,41501,1.2501,1.2535,1.2473,1.2528,6708,9131,127.98,,,,,,,,
2012-06-14,79.39,79.48,79.32,79.35,79.43,5851,40370,1.2575,1.2589,1.2553,1.2581,5060,11978,128.07,,,,,,,,
2012-06-15,79.43,79.51,78.79,79,79.48,11080,53012,1.2627,1.2647,1.2613,1.262,4889,11288,128.94,,,,,,,,
2012-06-18,79.08,79.3,78.94,79.26,79.27,7367,44332,1.2705,1.2748,1.2674,1.2683,10903,8114,128.32,,,,,,,,
2012-06-19,79.03,79.12,78.85,78.9,78.98,4700,49559,1.2597,1.2621,1.2577,1.2595,8308,6548,128.23,,,,,,,,
2012-06-20,79.06,79.13,78.79,78.85,78.88,7187,45142,1.268,1.2694,1.2662,1.2672,4666,7744,127.32,,,,,,,,
2012-06-21,79.44,79.74,79.39,79.62,79.62,8758,36554,1.2681,1.2701,1.2643,1.265,5912,5230,126.78,,,,,,,,
2012-06-22,80.05,80.52,80,80.36,80.42,12429,30338,1.255,1.2565,1.252,1.2535,4538,8268,126.52,,,,,,,,
2012-06-25,80.58,80.63,80.03,80.07,80.3,8780,35158,1.2538,1.2559,1.2485,1.2496,5546,10342,127.93,,,,,,,,
2012-06-26,79.66,79.79,79.43,79.52,79.73,8295,54463,1.2503,1.2526,1.2495,1.2516,5413,5722,128.07,,,,,,,,
2012-06-27,79.47,79.67,79.36,79.65,79.4,7164,60229,1.2486,1.2509,1.248,1.2499,4065,12462,127.7,,,,,,,,
2012-06-28,79.68,79.75,79.33,79.42,79.47,7839,37393,1.2471,1.2525,1.2433,1.2459,6989,8715,128.29,,,,,,,,
2012-06-29,79.31,79.75,79.08,79.61,79.3,11983,40450,1.2441,1.2629,1.2433,1.2571,14311,8323,126.73,,,,,,,,
2012-07-02,79.84,79.98,79.5,79.64,79.76,7977,37159,1.2655,1.2671,1.2612,1.2637,4549,10084,127.3,,,,,,,,
2012-07-03,79.46,79.86,79.41,79.8,79.52,8258,21591,1.258,1.2614,1.2576,1.258,3440,10619,126.61,,,,,,,,
2012-07-04,79.86,79.89,79.59,79.78,79.76,5834,46339,1.2605,1.2607,1.2575,1.2581,3065,6135,126.68,,,,,,,,
2012-07-05,79.95,80.1,79.56,79.67,79.93,9215,46010,1.2516,1.2539,1.2512,1.2523,4055,13496,126.97,,,,,,,,
2012-07-06,79.87,80.02,79.8,79.88,79.97,7051,42970,1.2393,1.2396,1.2368,1.2385,3675,8544,127.84,,,,,,,,
2012-07-09,79.5,79.78,79.43,79.69,79.65,6286,41806,1.227,1.2307,1.2257,1.2289,4425,9654,127.99,,,,,,,,
2012-07-10,79.57,79.59,79.24,79.25,79.51,6856,53704,1.2317,1.2322,1.2281,1.2292,4894,9164,128.24,,,,,,,,
2012-07-11,79.36,79.43,79.24,79.32,79.35,4537,48761,1.2256,1.2278,1.2247,1.2269,4016,3228,127.72,,,,,,,,
2012-07-12,79.61,79.97,79.24,79.27,79.62,8929,46187,1.2245,1.2248,1.221,1.2211,4440,10382,128.78,,,,,,,,
2012-07-13,79.33,79.4,79.21,79.29,79.38,5458,39466,1.2188,1.2218,1.2181,1.2201,4943,13816,128.77,,,,,,,,
2012-07-17,78.84,79.06,78.79,79.03,78.89,5238,50294,1.2266,1.2314,1.2266,1.2289,4602,4131,128.63,,,,,,,,
2012-07-18,79.09,79.16,78.94,79.05,79.08,5138,48705,1.2296,1.2307,1.2267,1.2281,4751,5386,129.04,,,,,,,,
2012-07-19,78.8,78.82,78.46,78.6,78.59,6208,43367,1.2277,1.2322,1.2275,1.2295,4342,4425,129.3,,,,,,,,
2012-07-20,78.75,78.81,78.53,78.6,78.75,7469,41212,1.2277,1.2284,1.2247,1.2269,4318,6517,129.84,,,,,,,,
2012-07-23,78.47,78.54,77.95,78.01,78.4,8133,59688,1.2128,1.2134,1.2082,1.2091,7350,8152,130.47,,,,,,,,
2012-07-24,78.3,78.37,78.1,78.14,78.25,6282,43675,1.2124,1.2138,1.2093,1.2105,4265,6801,131.01,,,,,,,,
2012-07-25,78.13,78.24,78.07,78.21,78.12,5503,51668,1.2062,1.2119,1.2054,1.2089,6038,6177,130.73,,,,,,,,
2012-07-26,78.11,78.24,78.05,78.16,78.1,6364,43913,1.214,1.2161,1.2128,1.2148,4304,5053,130.16,,,,,,,,
2012-07-27,78.33,78.38,78.18,78.27,78.27,7312,53467,1.2278,1.2314,1.227,1.2276,4796,11141,129.47,,,,,,,,
2012-07-30,78.51,78.54,78.26,78.27,78.37,4785,34386,1.2303,1.231,1.2271,1.2285,3394,6095,130.03,,,,,,,,
2012-07-31,78.13,78.29,78.1,78.28,78.15,7503,65790,1.226,1.229,1.2251,1.2263,3890,10751,129.87,,,,,,,,
2012-08-01,78.13,78.21,77.9,78.18,77.99,8181,64650,1.2293,1.2335,1.2281,1.2318,4794,11175,129.6,,,,,,,,
2012-08-02,78.39,78.54,78.37,78.47,78.45,6862,46854,1.2239,1.2265,1.2217,1.2264,6702,7955,130.09,,,,,,,,
2012-08-03,78.23,78.28,78.07,78.26,78.2,6343,48663,1.2179,1.2212,1.2167,1.2206,5712,8059,129.14,,,,,,,,
2012-08-06,78.62,78.65,78.34,78.36,78.54,5525,40884,1.2428,1.2444,1.2352,1.2362,6758,6434,129.38,,,,,,,,
2012-08-07,78.21,78.38,78.16,78.37,78.26,5054,59723,1.2389,1.2433,1.2377,1.2424,4211,6807,128.78,,,,,,,,
2012-08-08,78.61,78.66,78.34,78.36,78.55,8562,49962,1.2385,1.2402,1.2362,1.2371,4348,5498,129.06,,,,,,,,
2012-08-09,78.42,78.57,78.29,78.53,78.44,6674,44992,1.2372,1.2388,1.235,1.2352,3061,8669,128.89,,,,,,,,
2012-08-10,78.6,78.64,78.4,78.46,78.6,6266,42240,1.2293,1.2304,1.2262,1.2269,3275,4685,129.43,,,,,,,,
2012-08-13,78.26,78.4,78.2,78.24,78.26,4021,32621,1.2276,1.2301,1.2262,1.228,3196,5414,129.35,,,,,,,,
2012-08-14,78.35,78.6,78.32,78.57,78.43,5769,37615,1.2326,1.2386,1.2326,1.2378,3795,6118,128.73,,,,,,,,
2012-08-15,78.82,79,78.73,78.94,78.8,5837,38405,1.2324,1.2343,1.2317,1.2322,2268,8659,128.43,,,,,,,,
2012-08-16,79.01,79.36,78.96,79.24,79.1,10153,40707,1.2289,1.2306,1.2257,1.2267,3571,7943,127.74,,,,,,,,
2012-08-17,79.26,79.45,79.24,79.38,79.36,7771,39439,1.2358,1.2375,1.2338,1.2347,3711,6692,127.48,,,,,,,,
2012-08-20,79.53,79.66,79.4,79.51,79.57,6000,38957,1.2332,1.2369,1.2321,1.2355,2009,6433,127.66,,,,,,,,
2012-08-21,79.35,79.49,79.27,79.39,79.38,5001,41471,1.2352,1.2416,1.2347,1.2404,4136,7965,127.52,,,,,,,,
2012-08-22,79.26,79.35,79.16,79.3,79.23,6183,38301,1.2477,1.2478,1.2448,1.246,4585,8649,128.51,,,,,,,,
2012-08-23,78.56,78.63,78.47,78.6,78.55,5703,29223,1.2534,1.2572,1.2524,1.2557,4729,7077,128.59,,,,,,,,
2012-08-24,78.6,78.72,78.48,78.69,78.55,7632,37272,1.256,1.2581,1.2528,1.2534,3530,7558,128.48,,,,,,,,
2012-08-27,78.75,78.85,78.63,78.67,78.8,4173,39206,1.2505,1.2524,1.2492,1.2516,2137,6464,128.46,,,,,,,,
2012-08-28,78.76,78.78,78.49,78.59,78.55,7477,38783,1.2501,1.251,1.2466,1.2507,3964,8995,128.72,,,,,,,,
2012-08-29,78.59,78.63,78.48,78.5,78.6,6556,45902,1.2571,1.257,1.2532,1.2539,2739,12922,128.54,,,,,,,,
2012-08-30,78.74,78.75,78.6,78.65,78.63,4616,42327,1.2531,1.256,1.2524,1.2551,4171,8595,128.76,,,,,,,,
2012-08-31,78.54,78.64,78.39,78.46,78.45,9096,25317,1.251,1.2521,1.2493,1.2513,5406,2405,128.85,,,,,,,,
2012-09-03,78.3,78.4,78.2,78.35,78.27,3775,21620,1.2574,1.2585,1.2561,1.2572,2115,5045,128.95,,,,,,,,
2012-09-04,78.35,78.47,78.28,78.44,78.35,5605,38493,1.2586,1.2629,1.2581,1.2616,4107,12789,128.82,,,,,,,,
2012-09-05,78.49,78.54,78.36,78.38,78.51,6826,35461,1.2535,1.2568,1.2517,1.2528,5488,9631,128.87,,,,,,,,
2012-09-06,78.43,78.48,78.38,78.43,78.46,5540,42218,1.2601,1.2631,1.2593,1.2615,5600,6688,127.86,,,,,,,,
2012-09-07,78.9,79,78.86,78.93,78.89,7948,51409,1.2631,1.2685,1.2627,1.2672,5023,7340,128.33,,,,,,,,
2012-09-10,78.23,78.31,78.19,78.28,78.23,4659,44994,1.2796,1.2808,1.2777,1.2788,3530,13365,128.36,,,,,,,,
2012-09-11,78.24,78.26,78.17,78.21,78.22,6333,44528,1.2761,1.2818,1.2759,1.28,5030,16379,128.89,,,,,,,,
2012-09-12,77.77,77.97,77.74,77.85,77.88,6901,52375,1.2851,1.2886,1.2847,1.2865,5516,17128,128.62,,,,,,,,
2012-09-13,77.83,77.87,77.64,77.66,77.76,6689,49964,1.2902,1.2932,1.2898,1.291,3718,15849,128.96,,,,,,,,
2012-09-14,77.66,77.67,77.51,77.65,77.64,9674,37803,1.2993,1.3054,1.298,1.3024,5027,19601,126.85,,,,,,,,
2012-09-18,78.69,78.76,78.48,78.73,78.6,5876,55234,1.3108,1.312,1.307,1.3079,3432,19194,126.47,,,,,,,,
2012-09-19,78.77,79.23,78.58,79.05,79.15,15451,57335,1.3047,1.3085,1.3034,1.3065,4934,13092,127.11,,,,,,,,
2012-09-20,78.4,78.46,78.03,78.21,78.1,7873,55274,1.3058,1.3059,1.2944,1.2965,5816,18418,127.49,,,,,,,,
2012-09-21,78.22,78.38,78.11,78.21,78.34,7214,35526,1.2974,1.3004,1.2959,1.2973,5990,11414,127.55,,,,,,,,
2012-09-24,78.13,78.17,78.01,78.08,78.06,5647,38388,1.2967,1.2979,1.2928,1.2954,5165,7457,128.29,,,,,,,,
2012-09-25,77.88,77.91,77.74,77.77,77.85,6494,57638,1.2941,1.2954,1.2887,1.2901,4656,7972,128.37,,,,,,,,
2012-09-26,77.75,77.82,77.69,77.7,77.74,8284,66673,1.2899,1.2913,1.2857,1.2876,5201,11001,128.59,,,,,,,,
2012-09-27,77.7,77.76,77.62,77.71,77.67,7064,53450,1.2878,1.29,1.2866,1.2884,3933,12095,128.57,,,,,,,,
2012-09-28,77.62,77.64,77.44,77.58,77.57,10157,52767,1.2913,1.2945,1.2908,1.2932,4311,12912,127.99,,,,,,,,
2012-10-01,77.96,78.03,77.79,77.93,77.93,5546,50127,1.2807,1.2876,1.2804,1.2869,4828,9256,127.85,,,,,,,,
2012-10-02,78.05,78.16,78.01,78.07,78.05,6509,42761,1.2888,1.2918,1.288,1.2897,2738,8613,127.78,,,,,,,,
2012-10-03,78.23,78.31,78.11,78.2,78.22,6795,40395,1.2911,1.2918,1.2877,1.2912,3570,8960,127.4,,,,,,,,
2012-10-04,78.45,78.72,78.43,78.61,78.6,7383,43446,1.2923,1.2954,1.2905,1.2948,3144,15993,127.09,,,,,,,,
2012-10-05,78.52,78.57,78.27,78.4,78.56,7691,45954,1.3013,1.3022,1.2995,1.3006,2277,8855,126.76,,,,,,,,
2012-10-09,78.3,78.44,78.22,78.3,78.3,5184,47580,1.2975,1.299,1.291,1.2926,3734,6337,127.9,,,,,,,,
2012-10-10,78.25,78.36,78.19,78.33,78.25,6156,62593,1.286,1.2884,1.2835,1.2871,5379,9631,127.77,,,,,,,,
2012-10-11,78.08,78.17,77.94,78.09,78.08,8297,52281,1.2859,1.2876,1.2825,1.2866,5475,13431,127.21,,,,,,,,
2012-10-12,78.41,78.54,78.32,78.49,78.4,6410,47389,1.2932,1.2984,1.2923,1.2983,3530,13863,126.93,,,,,,,,
2012-10-15,78.48,78.66,78.34,78.58,78.49,10141,50570,1.2935,1.2955,1.2891,1.2948,4616,15811,126.7,,,,,,,,
2012-10-16,78.8,78.94,78.69,78.92,78.82,11245,51262,1.2968,1.3013,1.2944,1.3002,4152,8921,125.9,,,,,,,,
2012-10-17,78.86,78.91,78.61,78.81,78.82,9141,47259,1.3106,1.3124,1.3084,1.3099,5521,5983,125.5,,,,,,,,
2012-10-18,79.07,79.22,79,79.1,79.14,10350,57409,1.3112,1.3119,1.3082,1.3091,3558,8402,125.18,,,,,,,,
2012-10-19,79.33,79.42,79.27,79.36,79.35,6267,35928,1.3069,1.3077,1.3046,1.307,3492,8487,125.28,,,,,,,,
2012-10-22,79.28,79.69,79.22,79.7,79.32,8771,28175,1.3023,1.3066,1.3017,1.3043,2749,8842,124.24,,,,,,,,
2012-10-23,80,80.01,79.77,79.79,79.99,9957,42778,1.3071,1.3075,1.3022,1.3029,3380,11057,124.61,,,,,,,,
2012-10-24,79.83,79.93,79.76,79.78,79.85,7347,43986,1.2974,1.2996,1.294,1.2959,3855,10633,124.68,,,,,,,,
2012-10-25,79.86,80.19,79.8,80.15,80.1,12780,55328,1.2965,1.3015,1.2962,1.3011,3702,11282,123.79,,,,,,,,
2012-10-26,80.22,80.38,79.84,79.97,80.24,9890,37650,1.2939,1.2956,1.2916,1.2928,3501,12404,124.86,,,,,,,,
2012-10-29,79.65,79.76,79.59,79.66,79.66,5583,54471,1.2922,1.2944,1.2903,1.2905,2539,15489,124.74,,,,,,,,
2012-10-30,79.78,80.16,79.28,79.47,79.5,10988,50169,1.2907,1.2942,1.2886,1.2934,3726,10918,124.78,,,,,,,,
2012-10-31,79.68,79.73,79.51,79.73,79.64,7477,71844,1.2962,1.2977,1.2946,1.2973,3984,8323,124.51,,,,,,,,
2012-11-01,79.86,80.13,79.78,79.98,80.02,7945,66971,1.2965,1.297,1.2927,1.2941,3340,6202,123.97,,,,,,,,
2012-11-02,80.22,80.34,80.13,80.34,80.26,7781,46645,1.2947,1.295,1.2888,1.2904,4463,7790,123.78,,,,,,,,
2012-11-05,80.52,80.57,80.31,80.34,80.48,5892,60027,1.2823,1.2843,1.2787,1.2792,5420,8486,124.14,,,,,,,,
2012-11-06,80.17,80.29,79.96,80.07,80.2,5848,53340,1.28,1.2803,1.2769,1.2785,4602,7275,123.98,,,,,,,,
2012-11-07,80.29,80.41,79.81,80.28,80.1,10380,57504,1.2806,1.2876,1.2783,1.2869,8457,7593,124.51,,,,,,,,
2012-11-08,79.99,80.03,79.78,79.88,79.96,6594,42411,1.2757,1.2782,1.2743,1.2767,4774,8550,125.6,,,,,,,,
2012-11-09,79.5,79.61,79.43,79.48,79.53,8972,27607,1.2742,1.2791,1.2733,1.2754,5538,14455,125.49,,,,,,,,
2012-11-12,79.47,79.56,79.41,79.46,79.48,4221,55390,1.2722,1.2739,1.27,1.271,3404,7590,125.39,,,,,,,,
2012-11-13,79.62,79.64,79.22,79.3,79.62,8934,73660,1.2706,1.271,1.2673,1.2688,5668,12120,125.64,,,,,,,,
2012-11-14,79.47,79.95,79.39,79.91,79.51,10939,67921,1.271,1.2736,1.27,1.2732,4382,6309,124.21,,,,,,,,
2012-11-15,80.21,80.95,80.13,80.85,80.21,16007,81521,1.273,1.2753,1.2717,1.2739,4012,10296,122.78,,,,,,,,
2012-11-16,81.14,81.27,80.9,81.12,81.13,11883,52268,1.2782,1.2788,1.2748,1.2757,3513,8497,122.71,,,,,,,,
2012-11-19,81.56,81.59,81.13,81.29,81.47,9727,67708,1.2759,1.2774,1.274,1.2763,4732,12492,122.27,,,,,,,,
2012-11-20,81.37,81.42,81.13,81.18,81.26,9340,47516,1.2767,1.2815,1.2765,1.2788,6610,14320,121.83,,,,,,,,
2012-11-21,81.75,82.12,81.65,82.07,81.85,17032,30178,1.2813,1.2823,1.2736,1.2764,8359,11432,120.55,,,,,,,,
2012-11-22,82.58,82.59,82.37,82.54,82.47,11768,31459,1.2864,1.2868,1.2826,1.2848,4093,20485,120.59,,,,,,,,
2012-11-26,82.56,82.63,82.07,82.18,82.3,11956,55688,1.2973,1.2985,1.2945,1.2973,3103,20090,120.88,,,,,,,,
2012-11-27,81.88,82.31,81.86,82.29,82,10884,61264,1.2989,1.301,1.2969,1.2993,6848,17728,120.85,,,,,,,,
2012-11-28,82.1,82.22,81.72,81.87,81.83,13920,66823,1.2938,1.2946,1.2912,1.2923,5351,17350,120.93,,,,,,,,
2012-11-29,82.16,82.22,82,82.2,82.18,11778,67794,1.2951,1.2965,1.2939,1.2965,4860,10698,120.76,,,,,,,,
2012-11-30,82.15,82.65,82.04,82.63,82.45,16772,57797,1.2972,1.3028,1.297,1.302,6766,20034,120.26,,,,,,,,
2012-12-03,82.48,82.5,82.27,82.31,82.35,8006,51322,1.2996,1.3048,1.2984,1.3033,5047,16937,120.47,,,,,,,,
2012-12-04,82.15,82.26,81.92,81.95,82.1,9576,62926,1.3064,1.3077,1.3046,1.3072,4104,23122,120.96,,,,,,,,
2012-12-05,81.84,82.35,81.79,82.25,82.25,11105,72033,1.3099,1.3125,1.3091,1.3117,6586,11959,120.11,,,,,,,,
2012-12-06,82.45,82.62,82.36,82.43,82.42,8912,61069,1.3072,1.3077,1.3042,1.3049,4434,19044,120.32,,,,,,,,
2012-12-07,82.45,82.57,82.35,82.36,82.49,8565,59249,1.2962,1.2973,1.293,1.2937,3416,15594,120.26,,,,,,,,
2012-12-10,82.57,82.64,82.35,82.38,82.56,6240,59464,1.2906,1.2915,1.2886,1.2896,4620,13115,120.43,,,,,,,,
2012-12-11,82.37,82.44,82.31,82.39,82.37,4536,67347,1.2937,1.2963,1.2929,1.2942,4673,7976,120.1,,,,,,,,
2012-12-12,82.53,82.81,82.49,82.79,82.55,8133,41399,1.3012,1.3015,1.2996,1.3004,3239,6015,118.93,,,,,,,,
2012-12-13,83.22,83.67,83.13,83.52,83.4,14550,40674,1.3066,1.3098,1.3055,1.3087,4480,9246,118.42,,,,,,,,
2012-12-14,83.68,83.96,83.6,83.67,83.9,16608,61500,1.3077,1.3119,1.3067,1.3111,4355,9540,118.4,,,,,,,,
2012-12-17,84.15,84.33,83.86,84.02,84,14942,56011,1.3167,1.3188,1.3145,1.3158,3165,7175,117.84,,,,,,,,
2012-12-18,83.93,84.08,83.83,83.96,83.98,9298,57708,1.3161,1.3178,1.3156,1.3166,2004,17435,117.25,,,,,,,,
2012-12-19,84.37,84.44,84.17,84.38,84.35,12468,46468,1.3229,1.3256,1.3224,1.3241,4626,9817,116.95,,,,,,,,
2012-12-20,84.24,84.4,83.86,83.93,84.25,15493,37052,1.3213,1.3229,1.3187,1.3215,3989,11805,117.01,,,,,,,,
2012-12-21,84.44,84.45,83.86,83.99,83.93,13023,41789,1.3237,1.3251,1.318,1.3199,5560,16755,117.4,,,,,,,,
2012-12-25,84.83,84.96,84.65,84.8,84.83,4297,13300,1.3179,1.3188,1.317,1.3185,910,0,116.72,,,,,,,,
2012-12-26,85.03,85.38,84.73,85.36,85.15,10412,34815,1.3179,1.32,1.3171,1.3196,1868,4420,115.46,,,,,,,,
2012-12-27,85.69,85.87,85.48,85.65,85.8,9782,58578,1.3228,1.3252,1.322,1.325,2564,11393,114.78,,,,,,,,
2012-12-28,86.5,86.63,86.08,86.32,86.55,13527,58024,1.3248,1.3256,1.323,1.3251,2464,14032,114.92,,,,,,,,
2013-01-04,87.72,88.12,87.24,88.09,87.65,17048,73584,1.3024,1.3054,1.3008,1.3009,5167,12471,112.12,,,,,,,,
2013-01-07,88.22,88.37,87.69,87.77,88.08,13284,52754,1.3068,1.3079,1.3029,1.3034,3894,19593,112.54,,,,,,,,
2013-01-08,87.27,87.82,87.23,87.38,87.53,15667,52194,1.3123,1.314,1.3105,1.3115,5137,19072,113.52,,,,,,,,
2013-01-09,86.91,87.55,86.83,87.49,87.45,14643,53966,1.3083,1.3094,1.3066,1.3076,3773,25228,112.43,,,,,,,,
2013-01-10,88.14,88.31,87.86,88.29,88.14,12652,66261,1.3054,1.3074,1.3039,1.3068,3235,10764,110.85,,,,,,,,
2013-01-11,89.34,89.35,88.68,89.04,89,20305,58758,1.3274,1.3279,1.3248,1.3273,5194,23453,110.24,,,,,,,,
2013-01-15,89.45,89.63,88.62,88.83,89.58,18407,70883,1.3377,1.3394,1.3334,1.3348,4571,21426,110.75,,,,,,,,
2013-01-16,88.77,88.88,87.95,88.11,88.15,18248,67119,1.331,1.3318,1.3272,1.328,4762,21950,111.33,,,,,,,,
2013-01-17,88.67,88.8,88.14,88.61,88.65,16480,78252,1.3285,1.3315,1.327,1.3292,4610,15333,109.28,,,,,,,,
2013-01-18,89.84,90.21,89.64,90.03,90.05,20952,27908,1.3374,1.3398,1.3362,1.3394,4677,6555,109.2,,,,,,,,
2013-01-21,90.18,90.25,89.42,89.6,89.6,13669,46610,1.3318,1.3332,1.3302,1.3323,2052,14968,109.83,,,,,,,,
2013-01-22,89.63,90.18,88.9,89.1,89.15,30410,81663,1.331,1.3372,1.3298,1.3361,6046,13991,110.96,,,,,,,,
2013-01-23,88.53,88.79,88.06,88.29,88.65,16309,64075,1.3314,1.333,1.3288,1.3299,2566,14884,111.14,,,,,,,,
2013-01-24,88.58,89.46,88.42,89.28,88.55,16478,70012,1.3307,1.3347,1.3295,1.3305,4323,11422,109,,,,,,,,
2013-01-25,90.55,90.69,90.29,90.55,90.5,16503,59039,1.3368,1.342,1.3349,1.3409,5991,19563,108.34,,,,,,,,
2013-01-28,91.19,91.26,90.65,90.71,91.05,12146,45415,1.3465,1.347,1.3431,1.3433,3584,17056,108.64,,,,,,,,
2013-01-29,90.46,91.02,90.4,90.66,90.7,15535,66639,1.3448,1.3461,1.3428,1.3439,3568,24709,108.6,,,,,,,,
2013-01-30,90.79,91.07,90.67,91.05,90.93,12223,62445,1.3488,1.3516,1.3482,1.3513,5601,11954,108.07,,,,,,,,
2013-01-31,91.02,91.16,90.75,90.92,91.07,12639,65236,1.3568,1.3584,1.3545,1.3552,4460,19616,107.31,,,,,,,,
2013-02-01,91.72,92.29,91.61,92.09,92.18,17726,53801,1.3613,1.364,1.3575,1.3628,8669,18477,106.09,,,,,,,,
2013-02-04,92.77,92.91,92.5,92.75,92.67,13655,47668,1.3646,1.366,1.3619,1.3627,3442,8370,106.69,,,,,,,,
2013-02-05,92.17,92.56,91.96,92.2,92.28,16081,51180,1.3511,1.352,1.346,1.347,6673,9559,105.08,,,,,,,,
2013-02-06,93.58,94.07,93.45,93.83,93.8,19071,51677,1.3583,1.3597,1.353,1.3545,3275,9401,105.3,,,,,,,,
2013-02-07,93.44,93.71,93.29,93.52,93.38,13188,47197,1.3522,1.3543,1.3503,1.3528,4532,17789,105.47,,,,,,,,
2013-02-08,93.62,93.75,92.72,92.79,93.68,22246,50105,1.3383,1.3417,1.3381,1.3398,4099,21053,106.58,,,,,,,,
2013-02-12,94.19,94.39,93.87,94.23,94.25,11941,50676,1.3402,1.3411,1.3369,1.3381,2647,11573,105.59,,,,,,,,
2013-02-13,93.33,93.51,92.82,93.21,93.33,13722,59409,1.3453,1.3472,1.3438,1.3465,2118,21099,105.64,,,,,,,,
2013-02-14,93.24,93.72,93.14,93.46,93.48,11603,36448,1.3445,1.3456,1.3383,1.3389,4125,16119,106.29,,,,,,,,
2013-02-15,92.97,93.12,92.25,92.5,92.5,21220,15461,1.335,1.3394,1.3347,1.3379,5323,3251,105.59,,,,,,,,
2013-02-18,93.77,94.22,93.71,94.06,93.99,11483,28881,1.334,1.3357,1.3326,1.3337,2227,7995,105.23,,,,,,,,
2013-02-19,93.61,93.96,93.43,93.47,93.8,11645,59148,1.3349,1.3366,1.3335,1.3337,2022,9476,105.55,,,,,,,,
2013-02-20,93.71,93.83,93.12,93.36,93.72,13348,57054,1.3396,1.3434,1.3384,1.341,5288,11175,105.78,,,,,,,,
2013-02-21,93.66,93.87,93.35,93.47,93.46,10473,39618,1.3273,1.329,1.3235,1.3262,7331,10442,106.58,,,,,,,,
2013-02-22,93.16,93.42,92.92,93.28,93.3,11601,45278,1.3193,1.3222,1.3183,1.3213,4491,10563,106.12,,,,,,,,
2013-02-25,94.24,94.57,93.97,94.14,94.25,17483,51581,1.3192,1.3224,1.3182,1.3222,3702,18053,108.16,,,,,,,,
2013-02-26,92.37,92.75,91.4,91.81,92.5,21713,66741,1.3066,1.3089,1.3018,1.3049,8054,20575,107.99,,,,,,,,
2013-02-27,92.12,92.27,91.63,91.84,91.93,12643,50883,1.3068,1.3094,1.3042,1.3093,5288,12716,107.47,,,,,,,,
2013-02-28,92.33,92.68,92.17,92.36,92.48,13972,55918,1.3155,1.3162,1.3129,1.3143,4204,15541,107.24,,,,,,,,
2013-03-01,92.59,92.73,92.44,92.59,92.6,10023,49212,1.3061,1.3084,1.3053,1.3076,4464,14133,106.16,,,,,,,,
2013-03-04,93.57,93.73,93.28,93.44,93.6,9146,48083,1.3017,1.3031,1.2987,1.3009,4273,14535,106.35,,,,,,,,
2013-03-05,93.41,93.54,92.92,93.18,93.35,12258,63086,1.3035,1.3051,1.3022,1.3048,3357,15645,106.42,,,,,,,,
2013-03-06,93.3,93.38,92.99,93.29,93.18,8640,44989,1.3048,1.307,1.3042,1.3051,2478,11268,105.71,,,,,,,,
2013-03-07,93.94,94.13,93.79,93.97,94.1,11188,66822,1.2979,1.2997,1.2966,1.2996,3459,15163,104.64,,,,,,,,
2013-03-08,94.9,95.45,94.79,95.41,94.94,16010,45563,1.3109,1.3115,1.308,1.3088,3600,14139,103.51,,,,,,,,
2013-03-11,96.19,96.26,95.95,96.06,96.1,8235,27214,1.2988,1.3024,1.298,1.3008,2188,15294,103.21,,,,,,,,
2013-03-12,96.64,96.71,96.31,96.4,96.5,15164,46216,1.3033,1.3046,1.3003,1.3006,2730,15605,103.39,,,,,,,,
2013-03-13,95.84,96.11,95.44,95.49,95.8,11704,52080,1.3031,1.3065,1.3024,1.3062,3654,15021,103.47,,,,,,,,
2013-03-14,96.03,96.26,95.69,96.2,95.95,10863,54830,1.2959,1.2982,1.2943,1.2957,3807,10827,103.45,,,,,,,,
2013-03-15,95.96,96.28,95.89,96.05,96.15,10330,55075,1.3013,1.3042,1.3,1.3034,2880,12343,104.24,,,,,,,,
2013-03-18,94.9,94.99,94.32,94.76,94.75,15751,57290,1.2891,1.2925,1.2882,1.2923,12070,18012,104.52,,,,,,,,
2013-03-19,95.37,95.75,95.22,95.48,95.47,10234,52439,1.2944,1.297,1.2934,1.2945,5091,17442,104.67,,,,,,,,
2013-03-21,95.95,96.11,95.66,95.9,95.9,10301,48311,1.2939,1.2955,1.2927,1.2932,3081,16308,104.95,,,,,,,,
2013-03-22,94.92,95.14,94.54,94.59,94.92,12637,42256,1.2904,1.2925,1.2888,1.2901,3927,13735,105.31,,,,,,,,
2013-03-25,94.86,94.97,94.5,94.61,94.85,9994,48771,1.302,1.305,1.2963,1.2997,7316,13096,105.77,,,,,,,,
2013-03-26,93.94,94.46,93.87,94.24,94.07,10894,36496,1.2859,1.2885,1.2848,1.2858,4393,8609,105.38,,,,,,,,
2013-03-27,94.64,94.91,94.48,94.72,94.6,10648,49589,1.2861,1.2867,1.2817,1.2824,4263,11890,105.53,,,,,,,,
2013-03-28,94.32,94.44,93.98,94.2,94.15,10049,49066,1.2775,1.2815,1.2773,1.279,3807,15055,105.81,,,,,,,,
2013-03-29,94.19,94.3,93.92,94.04,94.05,8391,34212,1.2814,1.2837,1.279,1.2812,2622,0,105.72,,,,,,,,
2013-04-01,94.28,94.38,93.27,93.46,93.89,12548,23889,1.2806,1.2815,1.2772,1.2815,3113,597,106.79,,,,,,,,
2013-04-02,93.19,93.3,92.57,92.86,93.05,14630,55599,1.2849,1.2878,1.2843,1.2856,4009,15807,106.59,,,,,,,,
2013-04-03,93.35,93.69,93.32,93.43,93.53,9361,38163,1.282,1.2826,1.279,1.2802,3171,8879,107.04,,,,,,,,
2013-04-04,92.87,95.68,92.73,95.61,93.8,28763,47893,1.2849,1.2854,1.2784,1.28,4084,10769,103.27,,,,,,,,
2013-04-05,96.44,97.2,95.85,96.31,96.85,27878,49511,1.2926,1.2938,1.2901,1.2909,4386,9725,101.91,,,,,,,,
2013-04-08,98.79,99.03,98.08,98.84,98.6,20427,36183,1.2991,1.3006,1.2968,1.2995,3738,9513,100.09,,,,,,,,
2013-04-09,99.31,99.67,98.72,98.96,99.35,18214,50248,1.303,1.3068,1.3006,1.3019,4383,18014,100.18,,,,,,,,
2013-04-10,98.96,99.45,98.91,99.36,99.18,12815,50532,1.3081,1.3115,1.3073,1.3105,3060,16996,99.34,,,,,,,,
2013-04-11,99.69,99.84,99.36,99.64,99.58,12978,54214,1.3052,1.3086,1.3043,1.3075,3580,17598,99.37,,,,,,,,
2013-04-12,99.64,99.78,99.23,99.29,99.48,12176,29593,1.3116,1.3127,1.3064,1.3063,3288,17746,100.71,,,,,,,,
2013-04-15,98.43,98.71,97.55,98.16,98.64,17479,37976,1.3097,1.311,1.3065,1.3075,4223,16267,102.57,,,,,,,,
2013-04-16,96.82,97.9,96.53,97.77,97.05,23468,37899,1.3053,1.3083,1.3031,1.3049,3986,13840,101.37,,,,,,,,
2013-04-17,97.62,98.44,97.55,98.1,98.3,15225,51049,1.3179,1.3188,1.3154,1.3158,3593,11243,101.01,,,,,,,,
2013-04-18,98.05,98.38,97.62,97.99,97.83,14070,33723,1.3034,1.3061,1.3022,1.3053,4496,15009,100.95,,,,,,,,
2013-04-19,98.23,99.34,98.11,99.32,98.27,15158,27319,1.3053,1.3081,1.3049,1.3072,2613,9998,99.55,,,,,,,,
2013-04-22,99.82,99.89,99.59,99.71,99.8,12188,26307,1.3059,1.3083,1.3036,1.3038,2507,13139,99.91,,,,,,,,
2013-04-23,99.19,99.36,98.52,98.65,98.8,15427,33832,1.3059,1.3084,1.298,1.2987,4060,7747,99.77,,,,,,,,
2013-04-24,99.67,99.77,99.17,99.51,99.65,14346,44765,1.2995,1.3011,1.2955,1.2992,3732,7813,99.66,,,,,,,,
2013-04-25,99.44,99.57,98.99,99.22,99.54,14109,50451,1.3017,1.3062,1.3011,1.3033,4043,11286,99.79,,,,,,,,
2013-04-26,99.33,99.42,98.23,98.59,98.8,20871,41919,1.3005,1.3048,1.2999,1.3036,4371,14980,100.96,,,,,,,,
2013-04-30,97.89,98.13,97.68,97.83,97.91,12313,42088,1.3094,1.3121,1.3067,1.308,4137,12263,101.23,,,,,,,,
2013-05-01,97.27,97.54,97.05,97.45,97.25,8484,31077,1.3168,1.3179,1.3161,1.3172,2978,6153,101.32,,,,,,,,
2013-05-02,97.14,97.43,97.08,97.24,97.22,8895,42678,1.318,1.3189,1.3149,1.3162,3246,22902,100.87,,,,,,,,
2013-05-07,99.37,99.44,98.82,99.11,98.97,11039,31197,1.3073,1.3094,1.3068,1.3081,2767,10056,99.65,,,,,,,,
2013-05-08,98.8,99.16,98.64,98.85,98.9,11038,38563,1.3075,1.312,1.3071,1.3096,3790,12262,99.36,,,,,,,,
2013-05-09,98.89,98.99,98.65,98.84,98.88,6636,36401,1.3161,1.317,1.3144,1.3168,2732,15783,98.06,,,,,,,,
2013-05-10,100.84,101.39,100.54,101.37,100.94,22883,32583,1.3032,1.3051,1.3007,1.3036,4407,12937,97.43,,,,,,,,
2013-05-13,101.95,102.15,101.52,101.63,101.88,14207,35785,1.2968,1.2992,1.2953,1.2963,3500,11449,97.39,,,,,,,,
2013-05-14,101.68,101.83,101.25,101.39,101.44,15320,44819,1.2987,1.3027,1.2977,1.3001,4603,15772,96.9,,,,,,,,
2013-05-15,102.2,102.63,102.05,102.38,102.21,14185,45936,1.2937,1.2942,1.2888,1.2903,4653,14578,97.2,,,,,,,,
2013-05-16,102.25,102.54,101.98,102.44,102.15,13004,41272,1.2883,1.2889,1.2857,1.2861,3147,15543,97.26,,,,,,,,
2013-05-17,102.14,102.57,102.08,102.52,102.3,9124,30125,1.2883,1.2889,1.2851,1.2874,3806,19902,96.52,,,,,,,,
2013-05-20,102.73,102.92,102.52,102.53,102.84,11757,45915,1.2831,1.2865,1.2819,1.2865,3330,11246,97.21,,,,,,,,
2013-05-21,102.16,102.77,102.08,102.73,102.5,9808,53425,1.2891,1.2904,1.2862,1.2877,4160,15263,97,,,,,,,,
2013-05-22,102.44,102.85,102.35,102.79,102.6,10068,47904,1.292,1.2945,1.2904,1.2935,4080,11927,96.58,,,,,,,,
2013-05-23,103.19,103.57,101.44,101.94,103.1,30490,49868,1.2844,1.2876,1.2821,1.2865,5486,11698,97.61,,,,,,,,
2013-05-24,102.43,102.59,101.08,101.61,102.3,23479,14418,1.2923,1.2958,1.2905,1.2928,3517,13216,98.32,,,,,,,,
2013-05-27,101.1,101.3,100.79,101.01,101.02,9149,17064,1.2937,1.2947,1.2916,1.2941,1822,6777,98.55,,,,,,,,
2013-05-28,101.11,102.27,101.04,102.24,101.63,18056,39731,1.2934,1.2935,1.2885,1.2904,4463,17525,97.5,,,,,,,,
2013-05-29,102.51,102.52,101.58,101.7,102.3,14827,48436,1.2845,1.2878,1.2838,1.2863,4068,22843,98.64,,,,,,,,
2013-05-30,100.95,101.54,100.47,100.84,101.2,18501,38001,1.2947,1.2986,1.2934,1.2961,3557,17371,98.91,,,,,,,,
2013-05-31,101.12,101.28,100.5,100.63,101.03,16163,52602,1.3042,1.3059,1.3019,1.3033,3087,19445,99.41,,,,,,,,
2013-06-03,100.51,100.73,100.15,100.23,100.45,11088,38385,1.2995,1.3035,1.2986,1.3031,2815,15591,99.97,,,,,,,,
2013-06-04,99.74,100.42,99.34,100.29,99.74,16779,36963,1.3071,1.3085,1.3052,1.3066,3144,18940,99.53,,,,,,,,
2013-06-05,100.27,100.47,99.38,99.73,100.29,18473,43156,1.3072,1.3107,1.3065,1.308,3612,8963,100.53,,,,,,,,
2013-06-06,99.01,99.47,98.86,99.27,99.3,14494,48450,1.3087,1.313,1.3075,1.3119,3863,15099,102.45,,,,,,,,
2013-06-07,97.36,97.52,95.55,96.59,96.5,35985,48935,1.3243,1.3268,1.3236,1.3247,4291,19799,101.9,,,,,,,,
2013-06-10,98.37,98.45,97.71,98.39,98.25,16884,28584,1.3203,1.3228,1.3179,1.3211,2963,13846,100.95,,,,,,,,
2013-06-11,98.9,98.99,97.8,98.18,98.15,20123,50924,1.3252,1.3292,1.3249,1.3269,3817,17072,103.66,,,,,,,,
2013-06-12,96.26,97.02,95.95,96.81,96.4,12544,44674,1.3313,1.3335,1.3293,1.3308,3141,13381,103.64,,,,,,,,
2013-06-13,95.48,95.95,93.75,94.22,94.75,26062,49691,1.3346,1.339,1.3335,1.3346,4747,19258,104.11,,,,,,,,
2013-06-14,95.58,95.72,94.43,95.11,94.65,15555,47532,1.336,1.3374,1.3321,1.3324,2526,9802,105.51,,,,,,,,
2013-06-17,94.34,95.12,94.18,95,94.65,8599,38028,1.3354,1.3358,1.3319,1.3348,2694,13311,105.12,,,,,,,,
2013-06-18,94.58,95.17,94.43,95.1,94.81,10418,44574,1.3363,1.339,1.3325,1.3375,3167,6286,104.39,,,,,,,,
2013-06-19,95.6,95.66,94.89,95.04,95.5,12051,54788,1.3394,1.341,1.3385,1.3392,2869,10121,103.58,,,,,,,,
2013-06-20,96.59,98.17,96.2,98.1,97.03,18011,38925,1.3282,1.3302,1.3215,1.3225,5901,11054,103.08,,,,,,,,
2013-06-21,97.02,98.14,96.86,97.98,97.2,15169,45414,1.3229,1.3255,1.3199,1.3224,4082,12792,102.63,,,,,,,,
2013-06-24,98.4,98.71,97.96,98.33,98.4,13588,47523,1.3107,1.3125,1.308,1.3111,4930,12273,102.85,,,,,,,,
2013-06-25,97.63,98.07,97.28,97.41,97.75,14000,47962,1.3136,1.315,1.3109,1.3143,4265,18085,102.71,,,,,,,,
2013-06-26,98.17,98.24,97.32,97.58,98.14,10641,58023,1.3076,1.3087,1.3055,1.3074,4160,32904,102.92,,,,,,,,
2013-06-27,97.65,98.38,97.57,98.19,97.75,10113,48958,1.3016,1.3042,1.3005,1.3036,3237,15234,102.12,,,,,,,,
2013-06-28,98.51,99.03,98.37,98.83,98.87,16057,48086,1.3037,1.3076,1.3031,1.3047,3909,27041,101.26,,,,,,,,
2013-07-01,99.45,99.72,99.18,99.6,99.4,10319,37222,1.3008,1.3053,1.3006,1.3047,2443,17538,100.56,,,,,,,,
2013-07-02,99.64,99.91,99.51,99.71,99.6,9347,45393,1.3068,1.3078,1.305,1.3057,2697,20216,99.83,,,,,,,,
2013-07-03,100.77,100.86,100.02,100.11,100.7,14290,22074,1.2975,1.2984,1.2923,1.2929,4090,12806,100.54,,,,,,,,
2013-07-04,99.81,100.1,99.5,99.72,99.9,7380,36410,1.3021,1.3022,1.2984,1.2991,4179,10736,100.51,,,,,,,,
2013-07-05,100.25,100.47,100.13,100.28,100.33,10402,43419,1.2893,1.2915,1.2878,1.2884,4907,22443,99.7,,,,,,,,
2013-07-08,101.49,101.54,100.94,101.15,101.35,10611,59786,1.2814,1.2839,1.2812,1.2831,3500,21017,99.82,,,,,,,,
2013-07-09,100.94,101.3,100.77,101.16,101.05,10086,53359,1.2861,1.2898,1.2845,1.2876,3671,17857,99.66,,,,,,,,
2013-07-10,101.17,101.22,100.29,100.46,101.15,12451,56303,1.2779,1.2813,1.2765,1.2811,5317,13675,100.79,,,,,,,,
2013-07-11,99.04,99.64,98.27,99.3,98.65,17373,42660,1.3117,1.3208,1.3009,1.303,15213,17386,101.16,,,,,,,,
2013-07-12,98.83,99.32,98.67,99.11,99.03,9240,37653,1.3087,1.31,1.3037,1.3039,2794,11902,101.02,,,,,,,,
2013-07-16,99.96,100.07,99.48,99.6,99.95,7483,41204,1.3059,1.3099,1.3054,1.3071,2712,14627,100.84,,,,,,,,
2013-07-17,99.12,99.83,99.09,99.69,99.35,8831,55316,1.3148,1.3155,1.3123,1.3147,1729,24277,100.35,,,,,,,,
2013-07-18,99.58,100.35,99.48,100.26,99.7,10278,42502,1.3117,1.3126,1.3091,1.3102,2203,20529,99.68,,,,,,,,
2013-07-19,100.57,100.87,99.8,100.35,100.85,15585,35916,1.3109,1.3151,1.3089,1.3127,2492,10531,99.38,,,,,,,,
2013-07-22,100.39,100.63,99.6,100.01,99.95,13070,37038,1.3158,1.317,1.3138,1.3158,2946,12449,100.19,,,,,,,,
2013-07-23,99.33,99.65,99.14,99.48,99.5,7741,42812,1.3191,1.3207,1.318,1.3195,3978,20391,100.37,,,,,,,,
2013-07-24,99.52,99.98,99.39,99.94,99.52,8667,38357,1.3222,1.3255,1.3191,1.3243,3049,13680,99.67,,,,,,,,
2013-07-25,100.41,100.45,99.77,99.99,100.29,9482,47756,1.3191,1.3239,1.3188,1.3228,2492,14170,100.52,,,,,,,,
2013-07-26,99.27,99.39,98.62,98.71,99.3,12572,41539,1.3275,1.3291,1.327,1.3288,2636,20545,101.57,,,,,,,,
2013-07-29,97.97,98.29,97.64,97.98,97.8,11193,39108,1.3287,1.3294,1.3263,1.327,2087,17286,101.99,,,,,,,,
2013-07-30,98.05,98.47,97.85,98.16,98.12,10016,35596,1.3263,1.3278,1.3248,1.3271,3108,21888,102.06,,,,,,,,
2013-07-31,98.01,98.16,97.78,97.85,98.06,12430,42780,1.3267,1.3283,1.3242,1.3281,2483,27476,102.2,,,,,,,,
2013-08-01,97.86,98.8,97.66,98.6,98.35,11299,44780,1.3301,1.3311,1.3232,1.3238,3710,13711,100.74,,,,,,,,
2013-08-02,99.43,99.76,99.28,99.59,99.52,10100,37025,1.3213,1.3223,1.319,1.322,2758,24061,101.13,,,,,,,,
2013-08-05,98.94,99.15,98.3,98.41,99.08,7893,32131,1.3278,1.33,1.3265,1.329,1510,19121,101.75,,,,,,,,
2013-08-06,98.24,98.59,97.84,98.37,98,11262,37851,1.3258,1.3271,1.3246,1.326,1827,18981,102.25,,,,,,,,
2013-08-07,97.36,97.76,96.76,96.89,97.35,16128,33957,1.3308,1.3315,1.3276,1.3281,1890,19295,103.73,,,,,,,,
2013-08-08,96.57,96.95,96.09,96.21,96.72,12359,46417,1.3341,1.3369,1.3328,1.3346,2616,19562,103.11,,,,,,,,
2013-08-09,96.77,96.98,96.33,96.66,96.6,10270,32612,1.338,1.339,1.3371,1.3376,1626,18115,103.64,,,,,,,,
2013-08-12,96.05,96.86,95.92,96.76,96.22,9233,25263,1.3339,1.3344,1.3304,1.3308,2182,14774,103.08,,,,,,,,
2013-08-13,97.2,97.84,97.06,97.74,97.43,11212,29707,1.3292,1.3316,1.3286,1.3294,2656,12194,101.87,,,,,,,,
2013-08-14,98.16,98.43,97.87,98.2,98.22,9248,36700,1.3266,1.3281,1.3254,1.3271,2374,22863,101.94,,,,,,,,
2013-08-15,97.8,98.3,97.58,97.91,97.95,12581,41954,1.3265,1.3311,1.3255,1.3291,2949,17996,102.6,,,,,,,,
2013-08-16,97.08,97.76,97.05,97.35,97.55,8691,34894,1.3351,1.3356,1.3326,1.3344,1881,19543,102.48,,,,,,,,
2013-08-19,97.68,97.85,97.36,97.63,97.62,6593,34562,1.333,1.334,1.3315,1.3329,1569,15102,102.72,,,,,,,,
2013-08-20,97.63,97.87,96.97,97.06,97.7,10726,50127,1.3334,1.3356,1.3325,1.3345,2292,20656,102.95,,,,,,,,
2013-08-21,97.33,97.68,97.13,97.58,97.48,10199,49760,1.3421,1.3427,1.3386,1.3392,2789,13683,102.84,,,,,,,,
2013-08-22,97.81,98.33,97.7,98.22,98.2,11174,38841,1.3341,1.3358,1.3323,1.3352,2397,14538,101.78,,,,,,,,
2013-08-23,98.87,99.14,98.66,99.01,98.98,13473,65445,1.3355,1.3368,1.3336,1.3342,2259,15932,101.52,,,,,,,,
2013-08-26,98.73,98.84,98.44,98.53,98.7,6696,26971,1.3388,1.339,1.3365,1.3368,1323,12000,101.95,,,,,,,,
2013-08-27,98.28,98.53,97.76,97.85,98.15,10430,53543,1.3379,1.3391,1.3356,1.3377,2304,14033,103.68,,,,,,,,
2013-08-28,96.89,97.6,96.82,97.49,97.14,11303,58693,1.3391,1.3398,1.3371,1.3381,2468,19948,103.05,,,,,,,,
2013-08-29,97.75,98.27,97.45,98.15,97.85,10636,51710,1.3335,1.3343,1.3255,1.3264,4267,16096,102.4,,,,,,,,
2013-08-30,98.32,98.48,97.89,98.06,98.33,11431,31737,1.3237,1.3255,1.3222,1.3237,3022,8545,102.61,,,,,,,,
2013-09-02,98.39,99.38,98.27,99.32,98.6,11379,38974,1.3207,1.3226,1.3192,1.3211,3069,14656,101.27,,,,,,,,
2013-09-03,99.58,99.7,99.32,99.64,99.66,15094,34450,1.3189,1.3197,1.3161,1.3174,2474,15218,101.24,,,,,,,,
2013-09-04,99.56,99.81,99.41,99.59,99.58,10012,37220,1.3172,1.3176,1.3157,1.316,1625,23326,100.84,,,,,,,,
2013-09-05,99.74,100.09,99.57,99.97,99.7,14614,49759,1.32,1.3207,1.3163,1.3179,3481,18466,100.69,,,,,,,,
2013-09-06,100.13,100.24,99.5,99.57,99.8,14712,33811,1.3121,1.3138,1.3118,1.3121,3029,10951,101.45,,,,,,,,
2013-09-09,100.01,100.11,99.41,99.57,99.67,11948,41474,1.3173,1.3185,1.3167,1.3179,1647,18278,100.65,,,,,,,,
2013-09-10,99.72,100.18,99.47,100.07,99.7,10558,33695,1.3256,1.3275,1.3245,1.3253,1760,23519,99.84,,,,,,,,
2013-09-11,100.29,100.62,100.14,100.3,100.43,13689,44731,1.3268,1.3282,1.3245,1.3255,1966,19125,100.09,,,,,,,,
2013-09-12,99.81,99.98,99.19,99.57,99.5,13641,53981,1.3313,1.3324,1.33,1.3304,2438,21209,100.42,,,,,,,,
2013-09-13,99.58,99.98,99.47,99.69,99.7,9585,46608,1.3299,1.33,1.3265,1.3293,2654,16958,100.64,,,,,,,,
2013-09-17,99.09,99.36,99.01,99.24,99.22,7019,46060,1.3336,1.3358,1.3326,1.335,1900,18703,100.64,,,,,,,,
2013-09-18,99.16,99.34,99.07,99.09,99.23,6296,58440,1.3357,1.3364,1.3346,1.3352,1915,14249,101.23,,,,,,,,
2013-09-19,98.19,98.89,97.98,98.84,98.28,11947,57278,1.3524,1.3553,1.3502,1.3552,4286,15299,99.63,,,,,,,,
2013-09-20,99.41,99.56,99.17,99.24,99.52,9932,55713,1.3534,1.3541,1.3527,1.3535,1570,15288,99.92,,,,,,,,
2013-09-24,98.74,99.18,98.66,99.08,98.75,8083,63150,1.3497,1.3516,1.3489,1.3513,2184,22718,100.7,,,,,,,,
2013-09-25,98.73,98.8,98.49,98.54,98.65,7802,69722,1.3474,1.3488,1.3462,1.3486,1930,22662,100.98,,,,,,,,
2013-09-26,98.43,99.11,98.27,98.93,98.95,13891,84909,1.3517,1.3526,1.3512,1.3519,2512,22507,100.47,,,,,,,,
2013-09-27,98.92,99.04,98.53,98.6,98.93,9512,51774,1.3488,1.3502,1.3474,1.3496,1605,16501,101.29,,,,,,,,
2013-09-30,97.8,98.06,97.66,97.89,97.75,13498,55543,1.3495,1.3506,1.348,1.35,3113,18646,101.27,,,,,,,,
2013-10-01,98.38,98.73,97.83,97.93,98.37,12590,56583,1.3524,1.3588,1.3518,1.3567,3015,24430,101.44,,,,,,,,
2013-10-02,97.95,98.09,97.31,97.37,98.05,9874,65470,1.3523,1.3529,1.3507,1.3528,2469,13371,101.97,,,,,,,,
2013-10-03,97.36,97.87,97.25,97.85,97.65,10370,46012,1.359,1.3623,1.3578,1.3608,2638,12753,102,,,,,,,,
2013-10-04,97.27,97.41,96.95,97.09,97.25,10688,64594,1.3623,1.3631,1.3613,1.3619,1844,20987,101.77,,,,,,,,
2013-10-07,97.29,97.33,96.88,96.92,97.12,8287,37998,1.3569,1.3585,1.3562,1.358,1231,21761,102.6,,,,,,,,
2013-10-08,96.7,97.18,96.59,97.1,96.75,10873,58397,1.3581,1.3581,1.3558,1.3571,1445,16033,102.49,,,,,,,,
2013-10-09,96.92,97.47,96.83,97.33,97.36,9866,53550,1.3601,1.3605,1.3521,1.3528,2760,21314,102.07,,,,,,,,
2013-10-10,97.51,97.83,97.37,97.71,97.67,10881,53820,1.3519,1.3529,1.3488,1.3498,2639,14504,101.06,,,,,,,,
2013-10-11,98.25,98.55,97.91,98.29,98.29,11315,55208,1.3527,1.3563,1.352,1.3559,2637,10212,100.59,,,,,,,,
2013-10-15,98.63,98.7,98.37,98.41,98.48,6505,65156,1.3557,1.3571,1.355,1.3559,1985,22609,100.95,,,,,,,,
2013-10-16,98.58,98.63,98.14,98.38,98.55,9311,40390,1.3522,1.3529,1.3506,1.3522,2139,19951,100.21,,,,,,,,
2013-10-17,98.99,99.01,97.82,97.93,98.8,9962,43754,1.352,1.3636,1.3517,1.3629,3325,22590,100.7,,,,,,,,
2013-10-18,98.01,98.16,97.88,97.9,98.1,7091,34676,1.3669,1.3691,1.366,1.3682,2629,26043,100.9,,,,,,,,
2013-10-21,97.96,98.16,97.85,98.07,98.05,6502,35717,1.3682,1.3688,1.3667,1.3675,2520,6731,100.53,,,,,,,,
2013-10-22,98.21,98.38,98.13,98.32,98.32,6760,36638,1.3672,1.3681,1.3662,1.368,2055,14193,100.25,,,,,,,,
2013-10-23,98.15,98.19,97.26,97.39,97.4,10636,38489,1.3779,1.3793,1.3745,1.3754,4263,15189,101.16,,,,,,,,
2013-10-24,97.44,97.62,97.17,97.41,97.46,8605,41035,1.3779,1.3822,1.3776,1.3789,3836,14269,101.3,,,,,,,,
2013-10-25,97.4,97.44,96.94,97.02,97.26,12543,28335,1.3802,1.3832,1.3785,1.3826,3746,11400,101.08,,,,,,,,
2013-10-28,97.6,97.7,97.44,97.58,97.56,5995,25950,1.3805,1.3818,1.3796,1.3811,1590,15686,100.89,,,,,,,,
2013-10-29,97.63,97.71,97.46,97.49,97.56,6842,40251,1.3788,1.3794,1.377,1.3776,3439,18566,100.52,,,,,,,,
2013-10-30,98.2,98.31,98.1,98.27,98.2,6741,48417,1.3743,1.3749,1.3733,1.3741,2386,14877,100.23,,,,,,,,
2013-10-31,98.48,98.57,98.27,98.34,98.48,9150,52525,1.3723,1.3739,1.3688,1.3701,4617,28268,100.67,,,,,,,,
2013-11-01,98.34,98.37,97.8,98.13,97.95,9477,35194,1.358,1.3589,1.3539,1.3553,5999,19813,100.58,,,,,,,,
2013-11-05,98.63,98.67,98.21,98.23,98.48,6237,59133,1.3516,1.3522,1.349,1.3492,2266,7067,100.83,,,,,,,,
2013-11-06,98.48,98.76,98.4,98.58,98.54,7285,51981,1.3473,1.3521,1.3468,1.3504,3004,11890,100.57,,,,,,,,
2013-11-07,98.66,98.75,98.56,98.66,98.65,6118,35298,1.3518,1.3529,1.35,1.3522,2980,15993,101.36,,,,,,,,
2013-11-08,98.17,98.26,98.04,98.17,98.2,8789,18816,1.341,1.342,1.3389,1.3416,3428,4636,100.53,,,,,,,,
2013-11-11,99.21,99.24,98.92,98.97,98.97,4570,35276,1.3347,1.3379,1.3346,1.3375,2048,7668,100.53,,,,,,,,
2013-11-12,99.16,99.73,99.1,99.69,99.48,11923,45504,1.3408,1.3414,1.338,1.3387,3367,15249,100.1,,,,,,,,
2013-11-13,99.58,99.68,99.43,99.58,99.55,6597,39241,1.3438,1.3453,1.3428,1.3431,2837,12009,100.27,,,,,,,,
2013-11-14,99.25,99.77,99.14,99.75,99.68,12522,46743,1.3485,1.3499,1.3451,1.3458,2876,23810,99.51,,,,,,,,
2013-11-15,100.22,100.31,99.94,100.17,100.25,12566,44499,1.3446,1.3464,1.3446,1.345,2165,16920,99.24,,,,,,,,
2013-11-18,100.36,100.39,99.93,99.94,100.26,6187,36626,1.3483,1.3507,1.3475,1.3506,1432,18393,99.28,,,,,,,,
2013-11-19,99.86,99.99,99.56,99.83,99.85,8714,56553,1.3502,1.3525,1.3498,1.3519,1917,17549,99.09,,,,,,,,
2013-11-20,100.18,100.23,99.94,99.99,100.1,8376,35137,1.3565,1.358,1.3531,1.3534,2897,18269,99.46,,,,,,,,
2013-11-21,100.24,100.85,100.02,100.73,100.45,13214,37418,1.3431,1.344,1.3404,1.3409,2696,21680,98.43,,,,,,,,
2013-11-22,101.31,101.36,100.96,101,101.23,9000,54887,1.3472,1.349,1.3463,1.3485,1655,17062,98.16,,,,,,,,
2013-11-25,101.28,101.91,101.14,101.76,101.68,12842,46121,1.3552,1.356,1.3535,1.354,2069,17637,98,,,,,,,,
2013-11-26,101.38,101.7,101.34,101.49,101.5,7228,53623,1.3534,1.3548,1.3515,1.3541,2270,18414,98.25,,,,,,,,
2013-11-27,101.25,101.75,101.17,101.68,101.37,9694,45552,1.3567,1.36,1.3558,1.3578,3570,14107,97.51,,,,,,,,
2013-11-28,102.21,102.28,101.94,102.18,102.03,7678,40539,1.3573,1.3594,1.3564,1.3579,1981,16569,97.25,,,,,,,,
2013-11-29,102.3,102.61,102.12,102.24,102.4,11308,78799,1.3604,1.3622,1.36,1.3606,1827,14924,97.14,,,,,,,,
2013-12-02,102.5,102.65,102.22,102.53,102.45,7187,45704,1.3585,1.3615,1.3582,1.3607,2606,9066,96.73,,,,,,,,
2013-12-03,102.94,103.38,102.83,103.07,103.08,11343,60420,1.3542,1.3553,1.3525,1.3549,2224,11352,97.11,,,,,,,,
2013-12-04,102.32,102.78,102.24,102.77,102.58,10570,36781,1.3592,1.3597,1.3568,1.3569,2177,22678,97.3,,,,,,,,
2013-12-05,102.4,102.44,101.85,101.96,102.43,9537,52163,1.3586,1.3639,1.3578,1.3623,3671,14942,97.73,,,,,,,,
2013-12-06,101.75,102.21,101.63,102.14,101.85,10425,47098,1.367,1.3675,1.3656,1.3659,2322,14707,96.45,,,,,,,,
2013-12-09,103.13,103.22,102.9,103.08,103.08,7130,50297,1.3708,1.3721,1.3695,1.3701,1770,17675,95.96,,,,,,,,
2013-12-10,103.27,103.4,103.17,103.25,103.28,9831,51738,1.3737,1.3768,1.3735,1.375,3037,16319,96.32,,,,,,,,
2013-12-11,102.79,102.95,102.4,102.49,102.9,9186,51265,1.3765,1.377,1.3747,1.3768,1626,15888,96.81,,,,,,,,
2013-12-12,102.53,102.86,102.4,102.82,102.66,9671,54399,1.3785,1.3803,1.3774,1.3801,1994,7435,96.03,,,,,,,,
2013-12-13,103.58,103.92,103.36,103.61,103.6,17400,43975,1.375,1.3759,1.3743,1.3755,2095,8330,96.13,,,,,,,,
2013-12-16,103.28,103.29,102.65,102.88,103.17,8168,33646,1.3738,1.3761,1.3728,1.3751,2189,8387,96.31,,,,,,,,
2013-12-17,103.04,103.12,102.92,102.96,103.05,4740,40839,1.3761,1.3782,1.3752,1.3778,1742,11554,96.67,,,,,,,,
2013-12-18,102.64,103.04,102.56,103,103,8497,38704,1.377,1.3778,1.3762,1.3771,1665,7711,95.34,,,,,,,,
2013-12-19,104.22,104.37,103.77,103.97,104.12,12118,44930,1.3682,1.3694,1.365,1.3689,3154,10568,95.56,,,,,,,,
2013-12-20,104.31,104.6,104.22,104.43,104.47,12699,44498,1.3656,1.3667,1.3625,1.3628,3638,7596,95.74,,,,,,,,
2013-12-24,104.18,104.41,104.11,104.19,104.2,6496,43847,1.3697,1.3705,1.3677,1.3688,1950,15566,95.57,,,,,,,,
2013-12-25,104.29,104.49,104.25,104.41,104.35,2501,12827,1.3679,1.368,1.3661,1.3676,246,0,95.46,,,,,,,,
2013-12-26,104.52,104.85,104.39,104.77,104.7,6035,32666,1.3669,1.3687,1.3664,1.3687,985,130,95.06,,,,,,,,
2013-12-27,104.92,105.05,104.65,104.7,104.9,15018,47502,1.3695,1.3775,1.3689,1.3765,4271,9182,94.64,,,,,,,,
2013-12-30,105.31,105.41,105.17,105.37,105.3,7571,35881,1.3752,1.377,1.3729,1.3758,1869,7784,94.54,,,,,,,,
2014-01-06,104.92,104.95,104.15,104.38,104.69,10775,39993,1.3595,1.3603,1.3572,1.358,3261,21576,95.71,,,,,,,,
2014-01-07,104.23,104.62,104.18,104.36,104.46,9761,42769,1.363,1.3633,1.361,1.3619,1649,11464,95.4,,,,,,,,
2014-01-08,104.72,105.13,104.6,105.06,104.9,11176,52828,1.3617,1.3635,1.3606,1.3617,2025,20554,95.23,,,,,,,,
2014-01-09,104.84,104.98,104.74,104.89,104.85,7685,50152,1.3571,1.3601,1.3567,1.3602,2132,15734,95.18,,,,,,,,
2014-01-10,104.83,105,104.77,104.97,104.93,9914,42101,1.3607,1.362,1.3602,1.3614,2285,21798,95.54,,,,,,,,
2014-01-14,103.11,103.53,103,103.46,103.3,10640,47926,1.3668,1.3672,1.3649,1.366,2434,15878,95.49,,,,,,,,
2014-01-15,104.2,104.47,104.09,104.3,104.13,8676,54184,1.3668,1.3675,1.3627,1.3644,3304,15814,95.43,,,,,,,,
2014-01-16,104.6,104.92,104.56,104.75,104.74,10070,48870,1.3601,1.3628,1.3586,1.3609,2881,19787,95.67,,,,,,,,
2014-01-17,104.3,104.42,104.2,104.34,104.37,6825,12212,1.3617,1.362,1.3594,1.3598,1628,8300,95.78,,,,,,,,
2014-01-20,104.25,104.32,103.87,104.22,104.04,6247,26256,1.3528,1.3547,1.3508,1.3546,3775,15223,95.92,,,,,,,,
2014-01-21,104.25,104.69,104.15,104.68,104.45,9851,59857,1.3546,1.3562,1.3537,1.3547,3394,19451,95.92,,,,,,,,
2014-01-22,104.23,104.58,103.97,104.37,104.23,10940,55157,1.3557,1.358,1.3543,1.3545,3792,17109,95.7,,,,,,,,
2014-01-23,104.66,104.84,104.21,104.35,104.64,10442,34024,1.3544,1.3594,1.353,1.3589,3285,13783,96.82,,,,,,,,
2014-01-24,103.39,103.58,103.08,103.37,103.47,14761,50432,1.3689,1.3705,1.3679,1.3687,2438,15827,97.83,,,,,,,,
2014-01-27,102.11,102.74,101.77,102.69,102.45,12965,48295,1.3687,1.3701,1.3675,1.3689,1743,12424,97.65,,,,,,,,
2014-01-28,102.67,102.8,102.49,102.79,102.7,8444,47158,1.3674,1.3688,1.3664,1.3665,1857,15307,97.21,,,,,,,,
2014-01-29,103.25,103.45,103.03,103.13,103.25,9349,50074,1.3655,1.3671,1.3647,1.3663,2097,18371,97.95,,,,,,,,
2014-01-30,102.29,102.54,102.08,102.35,102.45,9809,52327,1.3657,1.3665,1.3614,1.3625,2541,10096,97.66,,,,,,,,
2014-01-31,102.74,102.93,102.33,102.49,102.82,10471,51772,1.3557,1.3559,1.3533,1.3543,2962,7743,98.43,,,,,,,,
2014-02-03,102.25,102.41,101.98,102.13,102.26,7828,50111,1.3488,1.3499,1.3477,1.3481,1980,13667,99.55,,,,,,,,
2014-02-04,101.19,101.38,100.76,101.1,101.25,14403,59497,1.3523,1.3538,1.3504,1.3525,2734,10160,98.65,,,,,,,,
2014-02-05,101.71,101.77,101.17,101.24,101.57,11158,60012,1.3517,1.3527,1.3499,1.351,2224,12387,98.82,,,,,,,,
2014-02-06,101.48,101.67,101.32,101.5,101.58,9583,48758,1.3535,1.3539,1.3515,1.3526,2927,17619,98.06,,,,,,,,
2014-02-07,102.05,102.24,101.94,102.12,102.02,10461,33450,1.3592,1.3595,1.3583,1.3587,2037,23782,97.79,,,,,,,,
2014-02-10,102.52,102.65,102.11,102.2,102.48,8348,46907,1.3619,1.3642,1.3618,1.364,2182,18139,97.87,,,,,,,,
2014-02-12,102.53,102.68,102.42,102.51,102.52,5503,46348,1.3637,1.3647,1.3626,1.3632,2112,24505,97.47,,,,,,,,
2014-02-13,102.47,102.57,101.96,102.12,102.49,9560,38354,1.3588,1.3636,1.3585,1.3623,3971,20754,97.7,,,,,,,,
2014-02-14,102.19,102.4,101.57,101.83,102.25,11380,22488,1.3677,1.371,1.3674,1.3708,2956,7041,97.92,,,,,,,,
2014-02-17,101.54,101.82,101.38,101.76,101.6,6871,37528,1.3705,1.3724,1.3695,1.3704,2087,10746,97.73,,,,,,,,
2014-02-18,102.08,102.74,101.76,102.53,102.17,13060,55536,1.3703,1.3718,1.3696,1.3716,1935,9528,97.38,,,,,,,,
2014-02-19,102.32,102.41,102.04,102.06,102.23,5074,63254,1.3761,1.3773,1.3754,1.3759,2003,15498,97.6,,,,,,,,
2014-02-20,102.31,102.41,101.72,101.82,102,9521,40164,1.3729,1.3763,1.371,1.3716,3326,11485,97.71,,,,,,,,
2014-02-21,102.33,102.61,102.28,102.51,102.52,7782,43578,1.3721,1.3725,1.3708,1.3714,1104,14732,97.48,,,,,,,,
2014-02-24,102.55,102.68,102.17,102.29,102.58,7783,35027,1.3737,1.3749,1.3729,1.3738,1210,16017,97.47,,,,,,,,
2014-02-25,102.5,102.63,102.27,102.33,102.54,6452,41991,1.3735,1.3748,1.3729,1.3751,1021,9062,97.84,,,,,,,,
2014-02-26,102.17,102.41,102.13,102.34,102.18,6977,59257,1.3747,1.3748,1.3737,1.3742,1626,24448,97.8,,,,,,,,
2014-02-27,102.31,102.45,102.23,102.37,102.37,6820,41347,1.3681,1.3695,1.366,1.3675,1955,17532,97.99,,,,,,,,
2014-02-28,102.13,102.2,101.55,101.66,101.8,12119,49896,1.3707,1.3725,1.3694,1.3716,2578,19422,98.25,,,,,,,,
2014-03-03,101.34,101.66,101.26,101.36,101.3,9094,40304,1.3775,1.3792,1.3755,1.377,3219,20168,98.79,,,,,,,,
2014-03-04,101.43,101.95,101.4,101.81,101.54,8905,52807,1.3736,1.3767,1.372,1.3754,4076,16203,97.94,,,,,,,,
2014-03-05,102.22,102.29,102.12,102.24,102.23,7841,44844,1.3743,1.3743,1.3726,1.3734,2331,11558,97.72,,,,,,,,
2014-03-06,102.37,102.78,102.27,102.76,102.65,10731,47680,1.3732,1.3737,1.3723,1.3735,2441,24590,96.65,,,,,,,,
2014-03-07,103.07,103.17,102.87,102.89,103,9015,44122,1.3864,1.3874,1.3856,1.3872,2736,22229,96.57,,,,,,,,
2014-03-10,103.18,103.29,102.94,103.11,103.2,7516,40056,1.3878,1.3897,1.3873,1.3895,1815,24474,96.69,,,,,,,,
2014-03-11,103.26,103.43,103.19,103.2,103.3,6538,35357,1.3876,1.3878,1.3848,1.385,2075,22168,96.99,,,,,,,,
2014-03-12,102.85,103.1,102.79,102.88,102.9,7696,40830,1.3857,1.3864,1.3844,1.385,1572,21656,97.23,,,,,,,,
2014-03-13,102.83,102.86,102.49,102.6,102.76,7585,35341,1.3903,1.3956,1.3896,1.3956,5773,19817,98.08,,,,,,,,
2014-03-14,101.79,101.88,101.5,101.77,101.82,10924,36174,1.3866,1.3872,1.3848,1.3865,2941,14555,98.54,,,,,,,,
2014-03-17,101.37,101.67,101.29,101.57,101.42,8109,33265,1.391,1.3914,1.388,1.3883,1610,17899,98.19,,,,,,,,
2014-03-18,101.91,101.94,101.53,101.65,101.82,8717,45968,1.3926,1.3938,1.3914,1.3917,2750,19870,98.58,,,,,,,,
2014-03-19,101.48,101.64,101.3,101.58,101.42,6968,36926,1.393,1.3933,1.3916,1.3924,1764,19341,98.07,,,,,,,,
2014-03-20,102.44,102.5,102.21,102.37,102.3,10036,50802,1.3819,1.3843,1.3817,1.3839,2738,24996,98.31,,,,,,,,
2014-03-24,102.28,102.58,102.16,102.55,102.34,9141,51060,1.3798,1.3822,1.3787,1.3799,1532,20906,98.12,,,,,,,,
2014-03-25,102.24,102.35,102.1,102.14,102.2,7937,64268,1.3836,1.3842,1.3826,1.3836,2118,14321,98.09,,,,,,,,
2014-03-26,102.31,102.4,102.26,102.29,102.35,7496,64696,1.382,1.3826,1.3805,1.3818,2282,17207,98.37,,,,,,,,
2014-03-27,101.92,102.28,101.71,102.11,101.9,10825,64859,1.3786,1.3797,1.377,1.3773,2057,17499,98.17,,,,,,,,
2014-03-28,102.17,102.25,102.03,102.17,102.15,7210,48877,1.3741,1.3752,1.3728,1.3748,1879,26533,97.5,,,,,,,,
2014-03-31,102.91,103.01,102.79,102.98,102.85,11479,51974,1.3754,1.3763,1.3744,1.3758,3385,13125,97.05,,,,,,,,
2014-04-01,103.22,103.34,103.09,103.32,103.27,6987,45709,1.3774,1.3797,1.377,1.3795,1362,12160,96.5,,,,,,,,
2014-04-02,103.64,103.93,103.61,103.81,103.85,9440,53947,1.3793,1.382,1.3792,1.3803,1548,12066,96.35,,,,,,,,
2014-04-03,103.87,104.07,103.81,103.91,103.83,8379,54487,1.3768,1.3772,1.3755,1.3763,2078,16818,96.45,,,,,,,,
2014-04-04,103.9,103.95,103.83,103.91,103.9,6265,50032,1.3723,1.3724,1.3696,1.3701,2534,22869,96.91,,,,,,,,
2014-04-07,103.33,103.39,103,103.13,103.2,6425,46094,1.3704,1.372,1.3697,1.3717,1044,21165,97.08,,,,,,,,
2014-04-08,103.06,103.11,102.62,102.8,102.86,11444,55353,1.3742,1.3763,1.3738,1.3763,1808,26981,98,,,,,,,,
2014-04-09,101.96,102.16,101.82,101.99,101.95,8976,52368,1.3793,1.3806,1.378,1.3804,1739,31574,97.61,,,,,,,,
2014-04-10,102.13,102.14,101.64,101.73,102.07,9828,39235,1.3852,1.3871,1.3836,1.3859,1863,27043,98.16,,,,,,,,
2014-04-11,101.39,101.88,101.32,101.74,101.53,8436,36124,1.3888,1.3905,1.3885,1.39,1698,20904,98.12,,,,,,,,
2014-04-14,101.45,101.67,101.42,101.61,101.45,5449,49174,1.3847,1.386,1.3837,1.3852,2746,12060,98.08,,,,,,,,
2014-04-15,101.92,101.99,101.73,101.8,101.86,6989,66398,1.3816,1.3823,1.3798,1.38,1630,26427,98.09,,,,,,,,
2014-04-16,101.88,102.3,101.81,102.22,102.1,7967,62884,1.381,1.3846,1.3808,1.3845,1580,19027,97.72,,,,,,,,
2014-04-17,102.22,102.25,101.86,102.03,102.03,5297,65709,1.3824,1.3845,1.3815,1.3841,1856,38101,97.54,,,,,,,,
2014-04-18,102.45,102.57,102.37,102.41,102.53,3858,16865,1.3811,1.382,1.3808,1.3819,872,0,97.54,,,,,,,,
2014-04-21,102.57,102.71,102.4,102.54,102.6,4156,24625,1.3814,1.3827,1.3805,1.3825,689,382,97.54,,,,,,,,
2014-04-22,102.68,102.73,102.41,102.5,102.66,6458,59256,1.3792,1.3805,1.3786,1.3805,1175,16992,97.54,,,,,,,,
2014-04-23,102.64,102.69,102.5,102.51,102.63,6503,48361,1.3808,1.3836,1.3798,1.3823,2099,16234,97.65,,,,,,,,
2014-04-24,102.5,102.55,102.25,102.4,102.47,6224,57362,1.3817,1.3842,1.3814,1.3832,1090,23094,97.9,,,,,,,,
2014-04-25,102.31,102.49,102.19,102.28,102.37,7735,60849,1.383,1.3837,1.3827,1.3834,951,30876,98.09,,,,,,,,
2014-04-28,102.1,102.27,102.04,102.23,102.1,5146,39019,1.3839,1.3875,1.3815,1.3866,1270,38485,97.67,,,,,,,,
2014-04-30,102.57,102.65,102.28,102.51,102.58,9091,67718,1.3813,1.3816,1.3797,1.3807,2306,31691,97.87,,,,,,,,
2014-05-01,102.23,102.31,102.13,102.2,102.28,5481,55685,1.3868,1.3888,1.3866,1.3886,1217,13266,97.74,,,,,,,,
2014-05-02,102.29,102.5,102.26,102.49,102.34,7130,61788,1.387,1.3871,1.3854,1.3854,1137,25389,97.86,,,,,,,,
2014-05-07,101.74,101.77,101.43,101.54,101.6,8405,63895,1.3929,1.3936,1.3916,1.3931,1157,34540,97.83,,,,,,,,
2014-05-08,101.87,101.96,101.71,101.82,101.83,6924,49582,1.3911,1.3927,1.3905,1.3925,2038,23775,98.05,,,,,,,,
2014-05-09,101.6,101.75,101.55,101.71,101.67,6277,48402,1.3843,1.3844,1.3824,1.3835,2463,23093,98,,,,,,,,
2014-05-12,101.88,102.05,101.82,101.9,102,5811,43718,1.3761,1.3775,1.375,1.3771,2237,18669,97.81,,,,,,,,
2014-05-13,102.19,102.36,102.14,102.33,102.21,7681,45976,1.3756,1.3771,1.3753,1.377,2389,22313,97.68,,,,,,,,
2014-05-14,102.23,102.28,102.07,102.11,102.15,4844,62291,1.3708,1.373,1.3698,1.3717,2075,25991,97.99,,,,,,,,
2014-05-15,101.79,102.13,101.66,102.03,101.8,7929,67881,1.3717,1.3723,1.3666,1.3675,2864,27763,98.38,,,,,,,,
2014-05-16,101.49,101.64,101.42,101.58,101.55,6119,35769,1.3717,1.3727,1.3708,1.3719,2057,11978,98.38,,,,,,,,
2014-05-19,101.55,101.6,101.24,101.43,101.55,8310,52380,1.3703,1.3724,1.3696,1.3718,1182,18104,98.36,,,,,,,,
2014-05-20,101.48,101.6,101.37,101.39,101.45,6565,55823,1.3712,1.3714,1.3693,1.3696,1499,38002,98.62,,,,,,,,
2014-05-21,101.28,101.39,100.81,100.95,100.95,12811,55626,1.3703,1.3723,1.3699,1.3717,2224,18117,98.55,,,,,,,,
2014-05-22,101.44,101.76,101.36,101.55,101.42,8065,47594,1.3683,1.3687,1.3652,1.3681,2077,16683,98.21,,,,,,,,
2014-05-23,101.78,101.86,101.6,101.73,101.83,6461,26451,1.3654,1.3655,1.363,1.3645,2284,17334,98.03,,,,,,,,
2014-05-26,101.99,102.05,101.87,101.93,101.98,3264,25210,1.3628,1.3645,1.3616,1.3642,1157,3519,98.07,,,,,,,,
2014-05-27,101.92,101.99,101.75,101.77,101.92,5777,56320,1.3651,1.3669,1.3644,1.3647,2140,22617,98.16,,,,,,,,
2014-05-28,101.99,102.03,101.8,101.82,101.95,5704,59998,1.3634,1.3638,1.3618,1.3621,2284,18681,98.38,,,,,,,,
2014-05-29,101.73,101.82,101.53,101.58,101.72,7270,57111,1.3592,1.361,1.3587,1.3593,1923,16032,98.27,,,,,,,,
2014-05-30,101.73,101.77,101.48,101.64,101.64,9240,56834,1.3603,1.3616,1.3599,1.3612,2204,35615,98.36,,,,,,,,
2014-06-02,101.89,102.09,101.76,101.99,101.96,7119,33411,1.3629,1.3635,1.3603,1.3608,1781,21258,97.93,,,,,,,,
2014-06-03,102.45,102.45,102.27,102.35,102.38,6101,47421,1.3597,1.3608,1.3594,1.3605,2074,32472,97.79,,,,,,,,
2014-06-04,102.56,102.8,102.52,102.64,102.65,8736,37341,1.3621,1.363,1.3605,1.3611,1797,24723,97.62,,,,,,,,
2014-06-05,102.68,102.73,102.45,102.54,102.56,5131,45965,1.3603,1.3613,1.3594,1.361,5017,21825,97.75,,,,,,,,
2014-06-06,102.43,102.45,102.23,102.27,102.34,6324,51399,1.3661,1.3665,1.3645,1.3648,2294,33532,97.62,,,,,,,,
2014-06-09,102.63,102.65,102.38,102.46,102.52,4540,42124,1.3648,1.3669,1.3642,1.3649,1428,9669,97.57,,,,,,,,
2014-06-10,102.49,102.57,102.22,102.25,102.37,8251,59378,1.3592,1.3602,1.3585,1.3592,2703,24586,97.72,,,,,,,,
2014-06-11,102.31,102.39,102.23,102.28,102.35,6636,52460,1.3539,1.3547,1.3522,1.3538,3075,21275,98.05,,,,,,,,
2014-06-12,102,102.14,101.97,102.08,102.02,5914,49180,1.3536,1.3548,1.353,1.3533,1804,18251,98.3,,,,,,,,
2014-06-13,101.73,102.1,101.66,101.83,101.8,10078,52865,1.355,1.3578,1.3548,1.3575,1812,11225,97.97,,,,,,,,
2014-06-16,101.97,102.04,101.72,101.93,101.95,4810,41256,1.3536,1.3552,1.3515,1.3527,1788,14186,98.22,,,,,,,,
2014-06-17,101.89,102.07,101.82,102.04,101.93,6064,55564,1.3576,1.3587,1.3553,1.3561,2256,14736,98.08,,,,,,,,
2014-06-18,102.18,102.31,102.12,102.23,102.16,7545,66408,1.3549,1.3556,1.3542,1.3548,1193,18817,98.13,,,,,,,,
2014-06-19,101.92,102,101.74,101.79,101.88,6908,57131,1.359,1.3628,1.3584,1.3618,3208,16057,98.12,,,,,,,,
2014-06-20,101.92,101.97,101.82,101.92,101.85,6016,56501,1.361,1.3634,1.3606,1.3611,2575,15666,97.97,,,,,,,,
2014-06-23,102.09,102.14,101.85,101.88,102.08,3404,47119,1.3592,1.3614,1.3587,1.3592,1975,16002,98.07,,,,,,,,
2014-06-24,101.88,102.02,101.81,101.97,101.84,5031,47998,1.36,1.3612,1.3593,1.3606,1424,22168,98.07,,,,,,,,
2014-06-25,101.92,101.97,101.86,101.91,101.89,6798,35201,1.3607,1.3617,1.3602,1.3612,1162,18634,98.18,,,,,,,,
2014-06-26,101.83,101.86,101.69,101.79,101.76,6240,58229,1.3628,1.364,1.3623,1.3624,1591,31938,98.24,,,,,,,,
2014-06-27,101.64,101.77,101.32,101.43,101.51,10703,33528,1.3611,1.3635,1.3611,1.362,1495,17518,98.43,,,,,,,,
2014-06-30,101.44,101.48,101.24,101.39,101.3,6642,42521,1.3644,1.366,1.3641,1.3652,1236,25845,98.32,,,,,,,,
2014-07-01,101.31,101.54,101.3,101.52,101.43,8479,58321,1.3691,1.3695,1.3679,1.3693,1488,21601,98.1,,,,,,,,
2014-07-02,101.56,101.66,101.47,101.5,101.62,4565,47640,1.3681,1.3682,1.3668,1.3671,1156,22563,97.96,,,,,,,,
2014-07-03,101.84,101.94,101.77,101.93,101.85,8335,28327,1.3654,1.3663,1.3645,1.3661,2153,21596,97.6,,,,,,,,
2014-07-04,102.21,102.22,101.97,102.01,102.15,5258,19915,1.3609,1.3611,1.359,1.3592,1513,22841,97.69,,,,,,,,
2014-07-07,102.12,102.21,102.03,102.05,102.19,4424,48967,1.3589,1.3593,1.3576,1.3586,1443,34117,97.9,,,,,,,,
2014-07-08,101.82,101.89,101.68,101.81,101.75,5627,69282,1.3607,1.361,1.3589,1.3592,1866,31766,98.1,,,,,,,,
2014-07-09,101.47,101.71,101.45,101.66,101.54,5406,48240,1.3617,1.363,1.3611,1.3615,2575,17441,97.92,,,,,,,,
2014-07-10,101.54,101.62,101.46,101.52,101.54,7510,54417,1.3643,1.3651,1.3633,1.3635,1777,18143,98.32,,,,,,,,
2014-07-11,101.31,101.39,101.22,101.37,101.36,6170,44383,1.3604,1.3612,1.3596,1.3605,3433,14437,98.49,,,,,,,,
2014-07-14,101.37,101.53,101.33,101.48,101.37,3249,48909,1.3603,1.364,1.3598,1.3636,1124,8168,98.2,,,,,,,,
2014-07-15,101.54,101.65,101.54,101.57,101.6,4215,45681,1.3622,1.3626,1.3606,1.3619,1682,13661,98.23,,,,,,,,
2014-07-16,101.68,101.77,101.64,101.7,101.73,4628,41915,1.3571,1.3571,1.3554,1.3554,2346,15615,98.26,,,,,,,,
2014-07-17,101.65,101.67,101.44,101.5,101.65,4760,62166,1.3528,1.3535,1.3521,1.3534,1932,12318,98.87,,,,,,,,
2014-07-18,101.23,101.45,101.09,101.41,101.25,9076,32602,1.3519,1.3534,1.3513,1.3531,1742,12089,98.64,,,,,,,,
2014-07-22,101.43,101.57,101.38,101.5,101.48,4918,36989,1.3523,1.353,1.3504,1.3504,2654,9028,98.42,,,,,,,,
2014-07-23,101.48,101.54,101.34,101.38,101.42,4055,41170,1.3467,1.347,1.3455,1.3457,2566,8150,98.33,,,,,,,,
2014-07-24,101.53,101.59,101.42,101.46,101.54,4089,53784,1.3461,1.3476,1.3439,1.3474,4114,8467,98.09,,,,,,,,
2014-07-25,101.77,101.92,101.7,101.9,101.77,7248,48807,1.3466,1.3475,1.3453,1.3465,2330,12915,98.09,,,,,,,,
2014-07-28,101.76,101.91,101.76,101.88,101.78,3249,37399,1.3429,1.3438,1.3428,1.3432,1615,5740,98.04,,,,,,,,
2014-07-29,101.84,102.01,101.82,101.91,101.98,7937,64188,1.3438,1.344,1.3428,1.3433,1804,20088,97.86,,,,,,,,
2014-07-30,102.09,102.19,102.03,102.17,102.1,8198,47318,1.3411,1.3415,1.3395,1.3399,2873,10758,97.26,,,,,,,,
2014-07-31,102.85,102.89,102.72,102.87,102.78,10763,67477,1.3395,1.34,1.3386,1.3396,1968,21586,97.41,,,,,,,,
2014-08-01,102.78,102.99,102.75,102.95,102.9,9297,41251,1.3389,1.3392,1.338,1.338,2531,12117,97.57,,,,,,,,
2014-08-04,102.57,102.73,102.48,102.59,102.66,7249,47384,1.3429,1.343,1.3418,1.343,1254,9675,97.62,,,,,,,,
2014-08-05,102.55,102.63,102.46,102.58,102.59,7267,54227,1.3422,1.3424,1.3404,1.3409,1558,15483,97.67,,,,,,,,
2014-08-06,102.6,102.64,102.5,102.52,102.6,6472,49922,1.3371,1.3373,1.3349,1.3372,2997,18809,98.09,,,,,,,,
2014-08-07,102.15,102.46,102.04,102.29,102.16,9054,45839,1.338,1.3391,1.3371,1.3373,2903,25318,98.22,,,,,,,,
2014-08-08,102.14,102.15,101.51,101.7,102.09,14377,54187,1.3358,1.3407,1.3344,1.3381,3297,13641,98.1,,,,,,,,
2014-08-11,102.16,102.2,102.02,102.1,102.13,7021,44548,1.3404,1.3408,1.3388,1.3397,1447,15834,97.91,,,,,,,,
2014-08-12,102.23,102.37,102.2,102.29,102.3,5533,59696,1.3382,1.3386,1.3361,1.3367,2122,12752,97.88,,,,,,,,
2014-08-13,102.29,102.48,102.23,102.46,102.29,6972,49748,1.3366,1.3373,1.335,1.3352,1674,16098,97.7,,,,,,,,
2014-08-14,102.42,102.66,102.4,102.47,102.6,6738,62891,1.3367,1.337,1.3348,1.336,1893,10713,97.53,,,,,,,,
2014-08-15,102.52,102.56,102.46,102.53,102.5,6374,46470,1.3361,1.3375,1.3359,1.3377,1715,13138,97.57,,,,,,,,
2014-08-18,102.42,102.49,102.25,102.48,102.32,5331,52117,1.339,1.3399,1.3382,1.3386,1654,11419,97.34,,,,,,,,
2014-08-19,102.63,102.65,102.53,102.6,102.62,6491,56357,1.3361,1.3363,1.3343,1.3352,2598,13200,97.12,,,,,,,,
2014-08-20,102.95,103.34,102.91,103.3,102.95,12732,60714,1.332,1.3324,1.3285,1.3294,3756,10885,96.49,,,,,,,,
2014-08-21,103.71,103.96,103.68,103.83,103.87,10870,57085,1.326,1.3278,1.3242,1.3275,5747,20502,96.4,,,,,,,,
2014-08-22,103.86,103.95,103.68,103.77,103.95,10858,49202,1.3278,1.3297,1.3274,1.3287,2476,16571,96.38,,,,,,,,
2014-08-25,104.2,104.27,104.09,104.13,104.18,10344,30734,1.3198,1.3208,1.3184,1.3189,6522,8596,96.34,,,,,,,,
2014-08-26,104.08,104.12,103.75,103.89,103.89,8956,39349,1.3187,1.3214,1.3179,1.3194,3088,15472,96.3,,,,,,,,
2014-08-27,104.09,104.16,103.89,103.91,104.04,9305,54143,1.317,1.3188,1.3153,1.3186,5297,23446,96.31,,,,,,,,
2014-08-28,103.88,103.92,103.68,103.76,103.75,8186,47628,1.3193,1.3221,1.3188,1.3199,3649,10336,96.52,,,,,,,,
2014-08-29,103.72,103.86,103.66,103.83,103.71,9221,32514,1.3184,1.3187,1.3161,1.317,2675,8796,96.24,,,,,,,,
2014-09-01,104.18,104.21,104.1,104.15,104.17,4671,46037,1.3127,1.3135,1.3119,1.3132,2087,9127,95.99,,,,,,,,
2014-09-02,104.36,104.89,104.3,104.84,104.39,14437,64592,1.3132,1.3136,1.3115,1.3127,2487,20376,95.47,,,,,,,,
2014-09-03,105.24,105.31,104.87,104.96,105.2,11665,67106,1.3131,1.315,1.3123,1.3127,3369,19066,95.64,,,,,,,,
2014-09-04,104.9,105.02,104.76,104.95,104.92,7900,44618,1.3149,1.3154,1.3137,1.3143,3183,14990,95.49,,,,,,,,
2014-09-05,105.59,105.71,105.23,105.25,105.56,15481,39847,1.2931,1.2945,1.2922,1.2938,3820,11837,95.63,,,,,,,,
2014-09-08,105.18,105.24,104.99,105.13,105.11,6380,42470,1.2952,1.2959,1.2932,1.2943,2568,11763,95,,,,,,,,
2014-09-09,106.13,106.39,105.95,106.32,106.06,11310,74494,1.2892,1.29,1.2867,1.2877,3409,20789,94.88,,,,,,,,
2014-09-10,106.13,106.66,106.04,106.64,106.49,12040,57369,1.2942,1.2951,1.2923,1.2932,2577,24694,94.29,,,,,,,,
2014-09-11,106.85,107.04,106.64,106.87,106.77,11768,76357,1.2917,1.2937,1.2897,1.2936,2607,23955,94.13,,,,,,,,
2014-09-12,107.13,107.39,107.03,107.2,107.23,9421,53297,1.2923,1.2932,1.2914,1.2929,2509,34390,93.94,,,,,,,,
2014-09-16,107.15,107.33,106.94,107.11,107.16,9561,38430,1.2939,1.296,1.2923,1.2943,2158,13365,94.18,,,,,,,,
2014-09-17,107.15,107.31,107.1,107.27,107.25,6372,56533,1.2958,1.2961,1.2944,1.296,1769,22935,93.35,,,,,,,,
2014-09-18,108.55,108.87,108.37,108.55,108.55,13028,41163,1.2849,1.2886,1.2835,1.2888,3828,16001,93,,,,,,,,
2014-09-19,108.81,109.46,108.73,109.11,108.85,14077,31377,1.2921,1.2929,1.2885,1.289,3703,17728,92.82,,,,,,,,
2014-09-22,108.95,109.1,108.67,108.9,108.97,9555,38670,1.284,1.2867,1.2827,1.2854,2124,18560,92.98,,,,,,,,
2014-09-24,108.56,108.87,108.46,108.55,108.65,10809,57458,1.2849,1.2863,1.284,1.286,3793,19795,92.84,,,,,,,,
2014-09-25,109.34,109.37,109.06,109.34,109.25,10979,51388,1.2777,1.2783,1.2715,1.2717,4658,10183,93.29,,,,,,,,
2014-09-26,108.63,109.16,108.47,108.97,108.53,12347,49298,1.2755,1.2761,1.2728,1.2747,2344,30237,92.97,,,,,,,,
2014-09-29,109.4,109.74,109.25,109.61,109.33,12612,31479,1.2676,1.2696,1.2664,1.2678,3532,34851,93.02,,,,,,,,
2014-09-30,109.41,109.51,109.19,109.42,109.37,15411,59280,1.269,1.2703,1.2682,1.2685,4996,23610,92.91,,,,,,,,
2014-10-01,109.66,110.09,109.6,109.85,109.9,14037,57236,1.2628,1.2632,1.259,1.2596,3309,14676,93.56,,,,,,,,
2014-10-02,109.02,109.12,108.55,108.83,109.07,13667,46801,1.2622,1.2675,1.2615,1.2625,5984,13123,93.87,,,,,,,,
2014-10-03,108.52,109,108.37,108.76,108.75,15048,44869,1.2669,1.2671,1.2642,1.2643,3196,12854,93.1,,,,,,,,
2014-10-06,109.81,109.85,109.33,109.43,109.68,7433,36825,1.2513,1.2537,1.2509,1.2538,1833,18319,93.63,,,,,,,,
2014-10-07,108.89,109.25,108.39,108.51,108.94,14195,41333,1.2643,1.2664,1.2605,1.264,4667,13859,94.27,,,,,,,,
2014-10-08,108.07,108.54,107.75,108.13,108.25,12812,60906,1.2666,1.2683,1.2624,1.2653,3161,15317,94.1,,,,,,,,
2014-10-09,108.16,108.32,107.6,107.64,108.28,13474,41917,1.2741,1.279,1.2719,1.2785,5187,14771,94.35,,,,,,,,
2014-10-10,107.83,108.14,107.65,108.09,107.82,10134,22726,1.2689,1.2716,1.266,1.2667,3604,5087,94.69,,,,,,,,
2014-10-14,107.06,107.32,106.93,107.25,107.2,12184,27247,1.2722,1.2749,1.269,1.27,4236,14126,95.17,,,,,,,,
2014-10-15,107.32,107.49,107.05,107.23,107.28,11810,38545,1.2642,1.2661,1.2625,1.2646,2505,12612,95.91,,,,,,,,
2014-10-16,106.02,106.33,105.76,105.92,106,11817,41068,1.2818,1.2845,1.2774,1.2794,3887,14874,95.59,,,,,,,,
2014-10-17,106.44,106.5,106.14,106.43,106.37,8620,40569,1.2805,1.2815,1.2783,1.2786,2516,19806,95.12,,,,,,,,
2014-10-20,107.17,107.39,107,107.08,107.12,11644,28266,1.2748,1.2773,1.2731,1.2769,2673,13073,94.91,,,,,,,,
2014-10-21,106.91,107,106.25,106.57,106.83,10246,34505,1.2793,1.284,1.2789,1.2829,3454,14252,94.95,,,,,,,,
2014-10-22,107.03,107.1,106.81,106.96,107.03,8585,45294,1.2713,1.274,1.2704,1.2715,3674,11291,94.92,,,,,,,,
2014-10-23,107.15,107.36,107.11,107.26,107.18,8068,38197,1.2643,1.2656,1.2614,1.2641,2798,13950,94.03,,,,,,,,
2014-10-24,108.17,108.3,107.86,108.24,108,11422,37077,1.265,1.2665,1.2635,1.2641,2032,15108,94.08,,,,,,,,
2014-10-27,108.16,108.26,107.86,108.04,108,6872,26694,1.2676,1.2714,1.2673,1.2692,3528,14508,94.32,,,,,,,,
2014-10-28,107.86,107.99,107.77,107.84,107.95,6619,44181,1.2703,1.2719,1.2696,1.2714,3561,10098,93.89,,,,,,,,
2014-10-29,108.13,108.24,107.99,108.08,108.13,7014,53208,1.2738,1.2747,1.2729,1.2738,1320,20462,93.5,,,,,,,,
2014-10-30,108.84,109.19,108.75,109.18,109,11152,42649,1.2633,1.2639,1.2585,1.259,5392,15984,93.18,,,,,,,,
2014-10-31,109.23,111.52,109.18,111.23,110.57,44170,62721,1.2609,1.2617,1.2541,1.2569,4726,31008,90.93,,,,,,,,
2014-11-04,113.71,114.03,113.28,113.58,113.6,14816,54186,1.2492,1.2531,1.2483,1.2506,3851,25671,90,,,,,,,,
2014-11-05,113.52,114.55,113.42,114.42,113.7,17684,49848,1.2552,1.2567,1.2516,1.2517,3005,12768,89.4,,,,,,,,
2014-11-06,114.66,115.53,114.06,114.46,114.69,26010,42660,1.2478,1.253,1.2473,1.2506,5178,12744,89.18,,,,,,,,
2014-11-07,115.19,115.46,115.06,115.28,115.15,13677,52523,1.2381,1.2396,1.2368,1.2385,3668,17052,89.52,,,,,,,,
2014-11-10,114.53,114.57,113.86,114.02,114.17,11883,15442,1.246,1.249,1.2454,1.2474,2920,6846,89.38,,,,,,,,
2014-11-11,114.81,115.86,114.63,115.8,114.76,16728,23877,1.2427,1.2441,1.2405,1.2408,2867,19204,88.64,,,,,,,,
2014-11-12,115.75,116.01,115.1,115.27,115.8,16880,49049,1.2476,1.2497,1.2455,1.2496,3049,15816,88.88,,,,,,,,
2014-11-13,115.6,115.88,115.43,115.79,115.55,10431,51984,1.243,1.2456,1.2427,1.2453,1937,16710,88.69,,,,,,,,
2014-11-14,115.81,116.38,115.72,116.3,116.13,15698,49272,1.2474,1.2478,1.2426,1.2451,3333,11280,88.28,,,,,,,,
2014-11-17,116.88,117.06,115.45,115.95,116.99,19640,36885,1.2521,1.258,1.2514,1.2531,4065,15807,88.12,,,,,,,,
2014-11-18,116.64,116.78,116.43,116.7,116.6,12620,51542,1.2451,1.2495,1.2443,1.249,2243,9483,87.81,,,,,,,,
2014-11-19,116.88,117.44,116.83,117.37,117.1,14769,45241,1.2532,1.2536,1.2513,1.2537,2155,13971,87.1,,,,,,,,
2014-11-20,118.13,118.98,117.89,118.58,118.2,20089,43788,1.254,1.2553,1.2524,1.2536,2350,8251,86.91,,,,,,,,
2014-11-21,118.25,118.37,117.36,117.57,118.09,15412,52789,1.2543,1.2568,1.2534,1.2545,2602,19437,87.32,,,,,,,,
2014-11-25,118.44,118.59,117.69,117.95,117.9,13914,43067,1.2435,1.2442,1.2416,1.2422,1758,16218,87.19,,,,,,,,
2014-11-26,117.81,117.98,117.59,117.75,117.84,9779,39318,1.248,1.2485,1.2466,1.2468,2031,7872,87.32,,,,,,,,
2014-11-27,117.63,117.74,117.24,117.35,117.53,9039,42238,1.2504,1.2524,1.2496,1.2513,1657,13037,87.42,,,,,,,,
2014-11-28,117.88,118.34,117.74,118.22,118.21,14012,46387,1.246,1.2466,1.2437,1.2439,2878,25371,86.99,,,,,,,,
2014-12-01,118.86,119.03,118.55,118.74,118.89,12795,55234,1.2437,1.2457,1.2423,1.2423,2449,28179,87.19,,,,,,,,
2014-12-02,118.33,118.83,118.23,118.82,118.45,9866,64926,1.247,1.2476,1.245,1.2454,1533,19780,86.82,,,,,,,,
2014-12-03,119.19,119.44,119.13,119.23,119.34,12143,52598,1.2388,1.239,1.2363,1.2374,3443,16387,86.49,,,,,,,,
2014-12-04,119.87,119.97,119.75,119.89,119.9,10481,45770,1.2313,1.232,1.2296,1.2305,3596,17052,86.44,,,,,,,,
2014-12-05,119.8,120.19,119.71,120.18,119.84,15207,38265,1.2386,1.2393,1.2366,1.2381,2796,10022,85.51,,,,,,,,
2014-12-08,121.62,121.86,121.26,121.35,121.52,11806,46514,1.2294,1.2304,1.2261,1.227,2589,20171,86.06,,,,,,,,
2014-12-09,120.65,121,119.62,119.67,120.97,15047,42851,1.2315,1.2347,1.2293,1.2347,2611,17985,86.72,,,,,,,,
2014-12-10,119.36,119.92,118.68,119.09,119.5,12740,38238,1.2388,1.2398,1.2362,1.2388,2731,10375,87.97,,,,,,,,
2014-12-11,117.61,118.37,117.45,117.94,117.63,15321,53039,1.2481,1.2496,1.2431,1.2486,5743,14059,87.57,,,,,,,,
2014-12-12,119,119.2,118.51,118.77,118.88,11535,56369,1.2393,1.241,1.2385,1.2401,2032,18540,87.5,,,,,,,,
2014-12-15,118.17,119.06,117.78,118.23,118.58,10863,60873,1.2464,1.2478,1.2434,1.2455,2215,9346,88.46,,,,,,,,
2014-12-16,117.77,118.01,117.13,117.34,117.75,13665,65397,1.244,1.2464,1.2436,1.2454,1885,11750,89.32,,,,,,,,
2014-12-17,116.63,117.44,116.33,117.41,116.91,11770,53898,1.251,1.2516,1.246,1.2463,1957,19930,87.84,,,,,,,,
2014-12-18,118.78,119.01,118.35,118.69,118.8,9918,49653,1.2337,1.2353,1.2278,1.2317,3848,20956,87.83,,,,,,,,
2014-12-19,118.95,119.47,118.82,119.18,118.98,9538,56742,1.2289,1.2299,1.2274,1.2291,2537,11289,87.38,,,,,,,,
2014-12-22,119.52,119.69,119.32,119.6,119.45,7771,38559,1.2225,1.2267,1.222,1.2268,1843,13943,87.02,,,,,,,,
2014-12-24,120.68,120.76,120.27,120.42,120.59,7393,28340,1.2176,1.2192,1.217,1.2188,1474,18897,86.77,,,,,,,,
2014-12-25,120.41,120.52,120.01,120.11,120.15,2429,6471,1.2193,1.2229,1.2189,1.2229,429,0,86.95,,,,,,,,
2014-12-26,120.4,120.43,120.12,120.3,120.25,4875,24136,1.2209,1.2225,1.2205,1.2206,932,740,86.93,,,,,,,,
2014-12-29,120.41,120.61,120.17,120.34,120.32,4986,35288,1.2169,1.2201,1.2168,1.218,1516,16169,86.78,,,,,,,,
2014-12-30,120.63,120.69,119.59,119.8,120.64,5652,50584,1.2154,1.2165,1.2123,1.2163,2341,18784,87.43,,,,,,,,
2015-01-05,120.41,120.68,119.98,120.39,120.29,9392,38544,1.1947,1.1976,1.1875,1.1955,9108,28742,88.06,,,,,,,,
2015-01-06,119.42,119.63,118.65,119.19,119.3,12213,55168,1.1937,1.1968,1.1929,1.1942,4038,28577,89,,,,,,,,
2015-01-07,118.66,119.25,118.45,119.05,118.95,8036,54796,1.1873,1.189,1.185,1.1887,3605,18326,88.38,,,,,,,,
2015-01-08,119.29,119.96,119.18,119.81,119.43,8767,56400,1.1833,1.1848,1.1804,1.182,3399,21872,88.03,,,,,,,,
2015-01-09,119.8,119.88,119.17,119.44,119.85,8345,42501,1.1792,1.1814,1.1785,1.1794,2604,14790,88.72,,,,,,,,
2015-01-13,118.32,118.85,117.74,118.25,117.95,12647,54973,1.1832,1.1859,1.182,1.1851,2747,16554,89.22,,,,,,,,
2015-01-14,117.83,117.95,116.75,117.09,117.5,19594,49051,1.1777,1.1807,1.1764,1.18,3295,8261,89.61,,,,,,,,
2015-01-15,117.43,117.94,117.14,117.67,117.7,10060,45852,1.1784,1.179,1.176,1.1777,4021,17324,90.35,,,,,,,,
2015-01-16,116.14,116.83,115.85,116.55,116.41,11636,23377,1.1637,1.1648,1.1602,1.1632,3548,2443,89.48,,,,,,,,
2015-01-19,117.6,117.66,116.93,117.17,117.1,7721,26860,1.1562,1.1585,1.1553,1.156,4720,21367,89.55,,,,,,,,
2015-01-20,117.75,118.53,117.61,118.25,117.88,11303,37721,1.1594,1.1607,1.1568,1.1591,2395,11092,88.76,,,,,,,,
2015-01-21,118.65,118.8,117.3,117.66,117.8,11110,45135,1.1545,1.1588,1.1542,1.1557,2767,17141,89.22,,,,,,,,
2015-01-22,117.86,118.34,117.8,118,118.12,7867,39011,1.1615,1.1628,1.1576,1.1578,3881,10658,89.07,,,,,,,,
2015-01-23,118.72,118.82,118.11,118.22,118.5,8646,36052,1.1347,1.1374,1.1315,1.1346,5401,11229,89.9,,,,,,,,
2015-01-26,117.42,118.21,117.26,118.18,117.5,8332,45560,1.1143,1.124,1.1099,1.1238,7015,12470,89.55,,,,,,,,
2015-01-27,118.52,118.66,117.85,118.04,118.6,8007,41096,1.125,1.1258,1.1225,1.125,3651,12226,89.67,,,,,,,,
2015-01-28,117.8,118.27,117.74,118.14,117.8,7943,52783,1.1367,1.1384,1.1331,1.1344,2996,27301,90.23,,,,,,,,
2015-01-29,117.61,118.1,117.4,117.71,117.74,8306,49648,1.1283,1.1305,1.1264,1.1289,2867,17822,89.88,,,,,,,,
2015-01-30,118.27,118.46,117.77,117.9,118.22,11116,47073,1.1334,1.1345,1.1318,1.1336,2035,8718,90.66,,,,,,,,
2015-02-02,117.19,117.88,116.9,117.59,117.44,11461,44283,1.1307,1.1325,1.1294,1.1316,1862,20135,90.44,,,,,,,,
2015-02-03,117.61,117.74,116.87,117.23,117.22,11269,52410,1.1336,1.1351,1.1322,1.1332,2112,8800,90.07,,,,,,,,
2015-02-04,117.67,118,117.43,117.54,117.82,8444,41612,1.1457,1.1484,1.1456,1.1467,2812,19787,90.5,,,,,,,,
2015-02-05,117.3,117.44,117.02,117.32,117.29,7019,50626,1.1316,1.1392,1.1304,1.1384,4400,17427,90.03,,,,,,,,
2015-02-06,117.54,117.55,117.22,117.37,117.48,8004,40157,1.1471,1.1485,1.1448,1.1449,1784,11527,89.17,,,,,,,,
2015-02-09,118.96,119.1,118.73,118.98,118.9,7326,38267,1.1314,1.1345,1.1297,1.1344,2931,8856,89.52,,,,,,,,
2015-02-10,118.6,118.75,118.4,118.73,118.5,7119,42975,1.1324,1.1345,1.131,1.133,2224,14153,88.97,,,,,,,,
2015-02-12,120.21,120.46,119.99,120.28,120.28,13623,45418,1.131,1.1353,1.1304,1.1326,3014,14171,89.09,,,,,,,,
2015-02-13,118.93,119.16,118.42,118.88,118.99,10396,19518,1.1404,1.1439,1.1394,1.143,2204,4274,89.35,,,,,,,,
2015-02-16,118.63,118.78,118.37,118.61,118.6,6011,21948,1.1397,1.1428,1.139,1.1429,1191,4434,89.62,,,,,,,,
2015-02-17,118.49,118.65,118.24,118.54,118.34,8397,36897,1.1333,1.1366,1.1322,1.1352,2973,15485,89.07,,,,,,,,
2015-02-18,119.21,119.36,118.88,119.18,119.25,8320,50160,1.1404,1.1416,1.1389,1.1389,1612,7792,89.42,,,,,,,,
2015-02-19,118.74,118.82,118.44,118.71,118.75,6564,41831,1.14,1.1424,1.1399,1.141,1812,5780,89.44,,,,,,,,
2015-02-20,118.99,119.1,118.82,118.83,118.89,8003,37966,1.1366,1.1372,1.134,1.1357,1841,15287,89.34,,,,,,,,
2015-02-23,119.08,119.29,118.88,119.22,119.07,5777,41094,1.138,1.1393,1.1348,1.1357,2021,10521,89.61,,,,,,,,
2015-02-24,118.91,119.28,118.78,119.25,118.91,7151,40659,1.1334,1.1341,1.1323,1.133,1928,12611,89.36,,,,,,,,
2015-02-25,118.87,119,118.63,118.83,118.8,10198,57821,1.1339,1.1387,1.1338,1.1373,2796,22678,89.34,,,,,,,,
2015-02-26,118.83,119.09,118.8,118.82,118.95,7020,52044,1.1364,1.1373,1.1349,1.1352,1518,19737,89.16,,,,,,,,
2015-02-27,119.39,119.42,119.11,119.29,119.26,8451,41419,1.1203,1.1217,1.1193,1.1215,3271,19304,89.06,,,,,,,,
2015-03-02,119.83,119.95,119.65,119.85,119.86,7260,39579,1.1163,1.1187,1.116,1.1179,2681,33674,88.82,,,,,,,,
2015-03-03,120.21,120.27,119.56,119.79,119.77,10219,42389,1.1177,1.1213,1.1177,1.1204,1939,13179,89.07,,,,,,,,
2015-03-04,119.64,119.82,119.5,119.67,119.57,5966,47382,1.1183,1.1185,1.1163,1.1176,1844,27195,89.29,,,,,,,,
2015-03-05,119.64,119.91,119.62,119.81,119.8,6756,42972,1.108,1.1085,1.1027,1.1052,4393,11268,89.05,,,,,,,,
2015-03-06,120.07,120.19,119.92,120.11,120.05,10214,42239,1.1032,1.1033,1.1012,1.1025,3836,12844,89,,,,,,,,
2015-03-09,120.75,121.14,120.62,120.88,121.03,6904,37927,1.0844,1.0868,1.0822,1.0865,2237,20458,88.75,,,,,,,,
2015-03-10,121.43,122.03,121.2,121.79,121.46,13504,38361,1.0835,1.085,1.0785,1.0803,5132,22547,89.21,,,,,,,,
2015-03-11,121.06,121.5,120.85,121.27,121.22,8345,49430,1.0707,1.0716,1.0666,1.0683,4393,12468,89.19,,,,,,,,
2015-03-12,121.42,121.67,121.01,121.02,121.62,7783,42758,1.055,1.064,1.0494,1.0636,7249,14217,89.11,,,,,,,,
2015-03-13,121.32,121.57,121.28,121.34,121.43,6592,48063,1.0628,1.0628,1.0565,1.0612,2819,17382,89.43,,,,,,,,
2015-03-16,121.32,121.42,121.16,121.24,121.4,6575,47759,1.0484,1.0549,1.048,1.0531,4627,10267,89.29,,,,,,,,
2015-03-17,121.38,121.53,121.24,121.4,121.4,6426,48785,1.0572,1.0616,1.0551,1.0612,2374,15984,89.15,,,,,,,,
2015-03-18,121.3,121.41,121.26,121.33,121.33,5984,53872,1.0595,1.0619,1.058,1.0613,2110,9940,89.28,,,,,,,,
2015-03-19,120.07,120.75,119.68,120.62,120.5,10539,48617,1.0849,1.092,1.0684,1.071,8937,14009,89.13,,,,,,,,
2015-03-20,120.76,120.88,120.61,120.81,120.72,7522,45523,1.067,1.0695,1.0655,1.067,2465,13334,89.29,,,,,,,,
2015-03-23,120.03,120.12,119.76,120.08,119.96,6925,29619,1.0826,1.0866,1.0785,1.0791,3166,10937,89.2,,,,,,,,
2015-03-24,119.76,119.87,119.52,119.61,119.76,8466,41853,1.0945,1.0966,1.0905,1.0952,2917,22084,89.14,,,,,,,,
2015-03-25,119.78,119.83,119.56,119.62,119.78,9368,36594,1.0905,1.0954,1.0901,1.0952,2193,12019,89.35,,,,,,,,
2015-03-26,119.52,119.57,118.54,118.63,119.3,10470,43351,1.0965,1.1015,1.0958,1.1013,2435,10882,89.74,,,,,,,,
2015-03-27,119.2,119.5,119.06,119.45,119.2,8181,57740,1.0885,1.0896,1.0803,1.081,2728,14687,89.82,,,,,,,,
2015-03-30,119.25,119.71,119.12,119.68,119.24,7051,39603,1.0883,1.0895,1.0821,1.0832,2017,18043,89.26,,,,,,,,
2015-03-31,120.04,120.37,119.96,120.21,120.11,10597,56129,1.0829,1.0846,1.0747,1.0752,3090,24377,89.31,,,,,,,,
2015-04-01,119.98,120.09,119.42,119.9,119.95,10120,61539,1.074,1.0792,1.0731,1.0754,3288,13542,89.37,,,,,,,,
2015-04-02,119.59,119.76,119.45,119.53,119.66,6736,55137,1.077,1.0842,1.075,1.0817,2497,20543,89.14,,,,,,,,
2015-04-03,119.71,119.78,119.6,119.64,119.65,4656,30168,1.087,1.0887,1.0864,1.0873,1464,218,89.18,,,,,,,,
2015-04-06,118.86,119.17,118.81,118.99,119.05,5319,28563,1.0995,1.1017,1.0968,1.0984,1573,988,88.82,,,,,,,,
2015-04-07,119.49,119.87,119.45,119.83,119.56,6439,29426,1.0935,1.0955,1.0912,1.0921,2883,18970,88.77,,,,,,,,
2015-04-08,120.29,120.35,119.7,119.86,120.2,7093,62012,1.0822,1.088,1.0813,1.0869,2598,20143,88.88,,,,,,,,
2015-04-09,120.1,120.39,120.08,120.28,120.31,6691,35995,1.0784,1.0788,1.0731,1.0744,6099,15866,88.79,,,,,,,,
2015-04-10,120.56,120.62,120.45,120.52,120.5,5831,53560,1.0667,1.0684,1.0607,1.0613,4677,17312,89.22,,,,,,,,
2015-04-13,120.2,120.65,120.1,120.64,120.18,6104,44181,1.0607,1.062,1.0562,1.0565,4106,17586,89.5,,,,,,,,
2015-04-14,120.06,120.17,119.63,119.87,119.82,7213,64052,1.0572,1.0594,1.0532,1.0548,2855,16419,89.71,,,,,,,,
2015-04-15,119.46,119.74,119.37,119.51,119.6,7265,55849,1.0646,1.0662,1.0605,1.0605,3017,15665,89.73,,,,,,,,
2015-04-16,119.15,119.48,118.8,119.3,118.99,6791,54014,1.0676,1.0748,1.0628,1.0638,5140,12333,89.53,,,,,,,,
2015-04-17,119.07,119.14,118.73,118.82,119.04,5908,44608,1.0759,1.0802,1.0738,1.0787,3144,11861,89.57,,,,,,,,
2015-04-20,118.84,119,118.53,118.71,118.9,5530,49838,1.0809,1.0818,1.0768,1.0781,2213,16417,89.58,,,,,,,,
2015-04-21,119.22,119.66,119.19,119.65,119.4,7235,54985,1.0749,1.0751,1.066,1.0664,2744,13711,89.21,,,,,,,,
2015-04-22,119.66,119.78,119.45,119.58,119.7,5054,53083,1.0738,1.0775,1.0716,1.0752,2619,18857,88.99,,,,,,,,
2015-04-23,119.96,120.1,119.67,119.88,119.98,7054,33852,1.0725,1.0728,1.0667,1.0684,2719,15096,89.02,,,,,,,,
2015-04-24,119.58,119.67,119.15,119.29,119.5,7527,51196,1.0814,1.0897,1.0785,1.0878,3407,9540,89.3,,,,,,,,
2015-04-27,118.92,119.28,118.78,119.22,118.94,5487,63004,1.0867,1.0886,1.084,1.0856,1231,15461,89.21,,,,,,,,
2015-04-28,119.14,119.2,118.97,119.03,119.1,4748,50274,1.0876,1.09,1.0862,1.0881,2401,29418,89.08,,,,,,,,
2015-04-30,118.99,119.1,118.5,118.91,118.51,12291,42087,1.1112,1.123,1.1072,1.1221,3231,21816,88.57,,,,,,,,
2015-05-01,119.47,119.85,119.41,119.79,119.65,6112,31242,1.1212,1.1266,1.12,1.1257,1218,7129,88.24,,,,,,,,
2015-05-07,119.39,119.6,119.32,119.39,119.4,6458,43418,1.134,1.1381,1.1325,1.1367,1741,21714,88.5,,,,,,,,
2015-05-08,119.72,120.06,119.7,120.01,119.85,6885,45116,1.1245,1.126,1.1183,1.1216,4497,29793,88.46,,,,,,,,
2015-05-11,119.81,119.99,119.72,119.99,119.75,4517,33706,1.1195,1.1204,1.1133,1.1158,2993,15606,88.46,,,,,,,,
2015-05-12,120.13,120.27,119.94,120.03,120.2,7294,54490,1.1146,1.1236,1.1134,1.1227,2538,11834,88.46,,,,,,,,
2015-05-13,119.86,119.96,119.7,119.83,119.76,6758,53322,1.1219,1.1265,1.1213,1.1251,2132,25549,88.63,,,,,,,,
2015-05-14,119.2,119.34,118.89,119.17,119,7688,58664,1.1347,1.143,1.134,1.139,3008,25678,88.42,,,,,,,,
2015-05-15,119.22,119.58,119.16,119.46,119.38,6856,51636,1.1402,1.1421,1.1371,1.1385,2420,52243,88.32,,,,,,,,
2015-05-18,119.36,119.77,119.34,119.76,119.64,6228,38490,1.1444,1.1447,1.138,1.1391,1910,27925,88.07,,,,,,,,
2015-05-19,119.92,120.06,119.84,119.99,119.95,9102,48357,1.1324,1.1326,1.116,1.1183,3790,34444,87.89,,,,,,,,
2015-05-20,120.65,121.1,120.58,120.96,120.87,12465,58942,1.1143,1.1153,1.1064,1.1101,4757,24105,87.44,,,,,,,,
2015-05-21,121.21,121.3,120.95,121.02,121.05,6681,66347,1.1102,1.1159,1.108,1.1134,3553,7034,87.58,,,,,,,,
2015-05-22,121.06,121.09,120.64,120.74,121.04,10810,29558,1.111,1.1175,1.1105,1.1168,2763,10553,87.42,,,,,,,,
2015-05-25,121.57,121.78,121.51,121.64,121.61,7031,30885,1.0992,1.1009,1.0968,1.0973,2831,8081,87.54,,,,,,,,
2015-05-26,121.67,122.75,121.54,122.53,121.74,14522,58344,1.0969,1.0981,1.0885,1.09,4710,21947,86.78,,,,,,,,
2015-05-27,123,123.31,122.77,123,122.99,12324,65457,1.0887,1.0928,1.0865,1.0919,3678,28035,86.35,,,,,,,,
2015-05-28,123.74,124.3,123.5,123.64,123.7,14015,61337,1.0899,1.0948,1.089,1.0942,2762,24379,86.15,,,,,,,,
2015-05-29,123.81,124.04,123.61,123.75,123.75,9339,54116,1.0964,1.0974,1.0926,1.0963,1961,13815,86.01,,,,,,,,
2015-06-01,124.25,124.34,123.94,124.17,124.2,6317,36222,1.0957,1.0981,1.0904,1.0907,3039,16916,85.76,,,,,,,,
2015-06-02,124.87,125.07,124.43,124.63,125,12206,51263,1.0923,1.0993,1.0916,1.0949,2113,21520,85.77,,,,,,,,
2015-06-03,124.06,124.24,123.79,124.16,123.85,8162,67221,1.1148,1.1189,1.1124,1.114,4643,19204,85.6,,,,,,,,
2015-06-04,124.31,124.57,123.97,124.29,124.32,8290,54630,1.1261,1.1275,1.1235,1.126,3444,23533,85.69,,,,,,,,
2015-06-05,124.4,124.76,124.36,124.71,124.48,6902,48003,1.1208,1.128,1.118,1.1275,4071,19411,85.17,,,,,,,,
2015-06-08,125.63,125.66,124.99,125.22,125.35,9052,36787,1.1102,1.1178,1.1085,1.1167,2330,14054,85.66,,,,,,,,
2015-06-09,124.58,124.74,124.16,124.54,124.45,9668,47201,1.128,1.1347,1.1255,1.1292,3330,21790,85.76,,,,,,,,
2015-06-10,124.36,124.63,122.46,122.71,124.4,22622,44739,1.1293,1.1372,1.1272,1.1361,5082,9278,86.65,,,,,,,,
2015-06-11,122.89,123.57,122.72,123.54,122.97,12960,57296,1.131,1.1325,1.1252,1.1263,2164,15439,86.28,,,,,,,,
2015-06-12,123.6,123.71,123.33,123.72,123.5,7109,42138,1.1246,1.1267,1.1218,1.122,4215,15122,86.3,,,,,,,,
2015-06-15,123.3,123.61,123.2,123.52,123.48,5851,53292,1.1224,1.1242,1.119,1.1235,2343,10579,86.3,,,,,,,,
2015-06-16,123.43,123.81,123.31,123.49,123.45,5539,61452,1.1276,1.133,1.126,1.1293,2422,21089,86.35,,,,,,,,
2015-06-17,123.46,123.71,123.37,123.65,123.43,5970,46784,1.1242,1.1275,1.1239,1.1271,1420,13346,86.09,,,,,,,,
2015-06-18,123.57,123.61,122.79,122.86,123.25,10346,45734,1.1363,1.138,1.1331,1.138,4206,12458,86.3,,,,,,,,
2015-06-19,123.01,123.22,122.82,123.12,122.97,5645,46792,1.1372,1.1394,1.1308,1.1317,2153,14372,86.51,,,,,,,,
2015-06-22,122.78,123.13,122.56,123.12,123.07,5424,45754,1.1361,1.1404,1.1325,1.1322,1904,15768,86.05,,,,,,,,
2015-06-23,123.42,123.79,123.35,123.69,123.62,6345,40176,1.1345,1.1347,1.1241,1.1259,4277,18243,85.93,,,,,,,,
2015-06-24,123.88,124.1,123.77,123.94,123.88,5529,38675,1.1174,1.1225,1.116,1.1222,3240,16502,86.03,,,,,,,,
2015-06-25,123.87,123.96,123.56,123.77,123.87,6222,44994,1.1206,1.1225,1.1184,1.1205,1823,12893,86.2,,,,,,,,
2015-06-26,123.6,123.64,123.23,123.37,123.53,6608,48207,1.1203,1.121,1.1179,1.1205,1998,22731,86.2,,,,,,,,
2015-06-29,122.59,123.19,122.11,122.92,122.99,13172,39314,1.0976,1.111,1.0955,1.1071,6949,16114,87.03,,,,,,,,
2015-06-30,122.66,122.72,122.05,122.25,122.45,10931,57054,1.1219,1.123,1.1156,1.1169,2767,8949,87.16,,,,,,,,
2015-07-01,122.43,122.78,122.36,122.62,122.65,6951,51512,1.1133,1.1148,1.11,1.1113,1864,13752,86.89,,,,,,,,
2015-07-02,123.33,123.56,123.17,123.49,123.37,8284,49757,1.1037,1.1085,1.1033,1.1059,2428,20670,86.87,,,,,,,,
2015-07-03,123.06,123.18,122.81,123.16,122.97,5874,40373,1.1086,1.1113,1.1082,1.1102,980,15579,87.04,,,,,,,,
2015-07-06,122.43,122.71,121.86,122.64,122.55,9842,43355,1.0995,1.1086,1.0978,1.1081,4990,9914,87.4,,,,,,,,
2015-07-07,122.67,122.8,122.58,122.73,122.7,5271,48202,1.1048,1.1056,1.1,1.1006,1864,10696,87.59,,,,,,,,
2015-07-08,122.54,122.55,121.43,121.67,122.05,12472,55657,1.1008,1.1056,1.0975,1.1047,2526,15293,88.91,,,,,,,,
2015-07-09,120.9,121.54,120.47,121.31,120.78,9357,49820,1.1071,1.1125,1.1036,1.1036,1566,7864,88.44,,,,,,,,
2015-07-10,121.7,122.23,121.46,122.2,121.63,10562,44665,1.1061,1.1135,1.1045,1.1115,2923,14320,87.17,,,,,,,,
2015-07-13,122.5,123.34,122.43,123.33,122.5,6813,48610,1.113,1.1195,1.1085,1.1098,2778,11264,86.96,,,,,,,,
2015-07-14,123.61,123.74,123.2,123.46,123.69,7829,48065,1.0983,1.1013,1.0965,1.0994,3600,12933,86.97,,,,,,,,
2015-07-15,123.34,123.56,123.26,123.53,123.45,4785,48187,1.1006,1.1025,1.0987,1.1016,2117,23462,86.91,,,,,,,,
2015-07-16,123.92,123.97,123.74,123.93,123.87,5455,46553,1.0938,1.0961,1.0897,1.09,4065,19234,86.75,,,,,,,,
2015-07-17,124.17,124.23,123.92,124.01,124.2,4902,45896,1.0883,1.0907,1.0875,1.0888,1609,9965,86.9,,,,,,,,
2015-07-21,124.3,124.48,124.27,124.39,124.36,5107,48654,1.0835,1.0835,1.0813,1.0828,3260,15305,86.92,,,,,,,,
2015-07-22,123.87,123.89,123.57,123.75,123.8,7469,51507,1.0936,1.0965,1.0925,1.0948,2470,16284,86.99,,,,,,,,
2015-07-23,124.06,124.15,123.68,123.79,124.07,5180,45339,1.0925,1.1003,1.0922,1.0986,3367,17936,87.1,,,,,,,,
2015-07-24,123.87,124.05,123.85,123.92,123.99,4783,37215,1.0988,1.0994,1.0937,1.0942,1935,20040,87.29,,,,,,,,
2015-07-27,123.77,123.83,123.26,123.29,123.65,5440,53103,1.0972,1.1112,1.097,1.1087,2885,21385,87.58,,,,,,,,
2015-07-28,123.27,123.7,123.07,123.65,123.13,6091,36428,1.1088,1.1099,1.1053,1.106,1269,20483,87.27,,,,,,,,
2015-07-29,123.58,123.74,123.33,123.67,123.54,6085,50323,1.1065,1.1084,1.103,1.1043,1899,32042,87.1,,,,,,,,
2015-07-30,123.95,124.25,123.88,124.15,124.16,6126,38398,1.0982,1.0989,1.0943,1.0965,2851,23083,87.22,,,,,,,,
2015-07-31,124.09,124.29,123.91,124.22,123.97,7823,61444,1.094,1.0967,1.0922,1.0935,2465,15032,87.29,,,,,,,,
2015-08-03,124.05,124.18,123.9,124.18,124.07,3814,37965,1.0968,1.0995,1.0966,1.097,1207,18490,87.36,,,,,,,,
2015-08-04,123.95,124.11,123.81,123.86,124.05,4681,43985,1.0952,1.0976,1.0932,1.0973,1465,18658,87.23,,,,,,,,
2015-08-05,124.29,124.48,124.27,124.41,124.3,8463,41791,1.0885,1.0893,1.0848,1.0864,2836,13693,86.92,,,,,,,,
2015-08-06,124.78,124.91,124.7,124.89,124.75,6598,54336,1.0903,1.0945,1.0887,1.0891,2447,28313,86.94,,,,,,,,
2015-08-07,124.76,124.86,124.68,124.79,124.79,6482,43941,1.0922,1.095,1.091,1.094,1157,13120,87.25,,,,,,,,
2015-08-10,124.34,124.51,124.23,124.51,124.4,3438,60618,1.0958,1.0981,1.095,1.096,1217,10904,86.82,,,,,,,,
2015-08-11,124.63,125.08,124.52,124.84,124.8,8570,53243,1.1016,1.1041,1.0961,1.1038,3577,29440,87.33,,,,,,,,
2015-08-12,125.09,125.28,124.31,124.48,125.2,9940,33753,1.1042,1.1121,1.1024,1.1116,3179,19451,88.05,,,,,,,,
2015-08-13,124.3,124.58,124.07,124.59,124.3,6813,44705,1.1155,1.1188,1.1108,1.1113,2503,17453,87.99,,,,,,,,
2015-08-14,124.39,124.53,124.22,124.34,124.41,3931,35755,1.1158,1.117,1.1125,1.1128,1357,19679,88.15,,,,,,,,
2015-08-17,124.38,124.57,124.25,124.51,124.4,3739,44161,1.1095,1.1116,1.1063,1.1079,1830,12526,88.29,,,,,,,,
2015-08-18,124.43,124.51,124.23,124.25,124.45,4289,51057,1.1076,1.1093,1.1051,1.1088,1816,15786,88.33,,,,,,,,
2015-08-19,124.39,124.43,124.22,124.26,124.33,5274,52601,1.103,1.1071,1.1026,1.1058,1405,6431,88.69,,,,,,,,
2015-08-20,123.93,124.16,123.81,124.04,123.94,11260,51091,1.1119,1.1149,1.1108,1.1123,2959,11789,88.85,,,,,,,,
2015-08-21,123.45,123.49,122.81,122.9,123.3,12927,49490,1.1235,1.1295,1.1229,1.1251,3822,9187,89.86,,,,,,,,
2015-08-24,121.74,122.02,120.26,120.41,120.9,18437,40665,1.1377,1.1499,1.137,1.1484,6699,9387,92.57,,,,,,,,
2015-08-25,118.9,120.11,118.25,119.74,119.5,22503,52027,1.1581,1.1604,1.1525,1.153,3153,14052,92.35,,,,,,,,
2015-08-26,118.58,119.83,118.45,119.28,119.5,15104,70776,1.1554,1.1561,1.1468,1.1514,4787,16321,91.7,,,,,,,,
2015-08-27,120.06,120.55,119.81,120.44,120.2,9988,72856,1.1339,1.1364,1.13,1.1309,1968,17557,90.75,,,,,,,,
2015-08-28,121.03,121.32,120.73,120.76,121.12,7701,67556,1.1244,1.1305,1.1233,1.1297,1989,26181,90.3,,,,,,,,
2015-08-31,121.3,121.57,120.88,121.19,121.2,8546,57323,1.1211,1.1263,1.1177,1.1217,3056,16932,90.63,,,,,,,,
2015-09-01,121.12,121.24,119.98,120.07,121,11453,62290,1.1225,1.1331,1.121,1.132,2598,13791,91.93,,,,,,,,
2015-09-02,119.72,120.46,119.37,120.07,120.27,12309,76319,1.1296,1.1311,1.1245,1.1258,2309,19484,91.32,,,,,,,,
2015-09-03,120.63,120.7,120.2,120.38,120.6,9692,49770,1.1213,1.1239,1.1205,1.1236,3281,22884,91.7,,,,,,,,
2015-09-04,120.12,120.19,119.1,119.23,119.94,12480,23931,1.1124,1.1144,1.1116,1.1145,2797,18218,92.83,,,,,,,,
2015-09-07,119.15,119.59,118.81,119.3,119.06,6579,38934,1.1154,1.1175,1.1122,1.1157,1206,12250,92.66,,,,,,,,
2015-09-08,119.44,120.23,118.86,120.16,119.41,11374,50845,1.116,1.1229,1.1154,1.118,2481,16972,91.95,,,,,,,,
2015-09-09,120.11,120.74,119.9,120.68,120.24,10518,62435,1.1207,1.1216,1.1147,1.1179,2524,11972,91.51,,,,,,,,
2015-09-10,120.25,121.38,119.98,120.88,120.2,12596,68615,1.1219,1.1245,1.1183,1.1191,2092,9309,91.22,,,,,,,,
2015-09-11,120.65,120.97,120.38,120.57,120.78,6932,51304,1.1282,1.1309,1.1274,1.1286,1290,13325,91.14,,,,,,,,
2015-09-14,120.81,120.85,120.12,120.16,120.7,5591,62829,1.1343,1.1373,1.133,1.1338,1947,19953,91.39,,,,,,,,
2015-09-15,120.37,120.66,119.55,119.59,120.63,13273,71755,1.1308,1.1329,1.1285,1.1308,1697,23418,91.27,,,,,,,,
2015-09-16,120.42,120.47,120.11,120.25,120.33,6292,67083,1.1271,1.1298,1.1247,1.1265,1980,8836,90.96,,,,,,,,
2015-09-17,120.55,120.97,120.35,120.94,120.59,6684,56861,1.1291,1.1326,1.1285,1.1323,1252,20107,91.13,,,,,,,,
2015-09-18,120.1,120.42,119.33,119.43,119.8,12125,58519,1.1402,1.1436,1.1391,1.1434,1779,13269,91.37,,,,,,,,
2015-09-24,120.24,120.39,119.87,119.94,120.19,7397,56125,1.1188,1.1219,1.1164,1.1212,1368,27851,92.04,,,,,,,,
2015-09-25,120.27,120.78,120.02,120.71,120.35,13140,50240,1.118,1.1188,1.1127,1.1127,1888,20281,91.67,,,,,,,,
2015-09-28,120.39,120.59,120.17,120.28,120.4,10469,53859,1.1199,1.1214,1.1166,1.1191,1778,29012,92.23,,,,,,,,
2015-09-29,119.83,120.04,119.25,119.85,119.75,12204,53533,1.1231,1.1282,1.1229,1.1261,1972,14084,92.29,,,,,,,,
2015-09-30,119.88,120.12,119.73,120.03,119.95,12820,70128,1.1254,1.126,1.1213,1.123,1939,23332,92.07,,,,,,,,
2015-10-01,119.88,120.28,119.77,120.21,120.2,7750,61585,1.1171,1.1176,1.1137,1.1145,1974,19209,92.03,,,,,,,,
2015-10-02,119.84,120.14,119.79,120.07,119.85,8238,46997,1.1192,1.1204,1.116,1.1166,2374,22118,91.86,,,,,,,,
2015-10-05,120.04,120.2,119.87,120.17,120,5550,54116,1.1219,1.126,1.1208,1.1249,1232,10272,91.27,,,,,,,,
2015-10-06,120.47,120.57,120.15,120.17,120.47,6834,56370,1.1196,1.1217,1.1173,1.1217,1626,11000,91.22,,,,,,,,
2015-10-07,120.26,120.36,119.75,120.02,119.94,8075,69710,1.1269,1.1284,1.1225,1.1234,1760,15428,91.23,,,,,,,,
2015-10-08,119.93,120.12,119.62,119.81,120.02,6079,54654,1.1238,1.1306,1.1235,1.1291,1473,10906,91,,,,,,,,
2015-10-09,119.94,120.21,119.83,120.12,119.97,7957,50821,1.1285,1.1346,1.1268,1.1337,1749,14332,90.49,,,,,,,,
2015-10-13,120.05,120.06,119.68,119.72,119.85,4932,37266,1.1353,1.141,1.1345,1.1404,1246,19024,91.11,,,,,,,,
2015-10-14,119.74,119.78,119.47,119.61,119.56,6193,55076,1.1384,1.1426,1.1382,1.1415,1369,19043,91.39,,,,,,,,
2015-10-15,118.86,119.17,118.1,118.38,118.98,10251,49856,1.1474,1.1495,1.1427,1.1438,2108,13710,91.23,,,,,,,,
2015-10-16,119.09,119.25,118.83,119.13,119.08,8303,57365,1.1367,1.1394,1.1359,1.1371,1270,12049,91.06,,,,,,,,
2015-10-19,119.31,119.6,119.15,119.34,119.31,5813,49845,1.1356,1.1378,1.1341,1.1354,1356,12681,91.26,,,,,,,,
2015-10-20,119.51,119.78,119.42,119.65,119.5,6625,71556,1.133,1.135,1.1325,1.1348,867,14537,90.93,,,,,,,,
2015-10-21,119.8,120.07,119.76,119.87,119.9,6633,53252,1.1354,1.1376,1.1346,1.1372,1397,13712,91.05,,,,,,,,
2015-10-22,119.87,119.96,119.62,119.69,119.9,6339,66232,1.1346,1.1351,1.131,1.1312,2343,12349,90.63,,,,,,,,
2015-10-23,120.9,120.99,120.22,120.35,120.94,8053,56984,1.1083,1.1127,1.1072,1.1105,5620,15466,90.29,,,,,,,,
2015-10-26,121.32,121.47,120.87,120.96,121.15,8178,46218,1.1018,1.1049,1.1006,1.1041,2665,13400,90.43,,,,,,,,
2015-10-27,120.97,121.07,120.42,120.48,120.77,9687,72163,1.1058,1.1072,1.1045,1.1055,2083,16340,91.06,,,,,,,,
2015-10-28,120.49,120.55,120.25,120.45,120.35,7863,73349,1.1033,1.1059,1.1026,1.105,2169,23133,90.89,,,,,,,,
2015-10-29,120.88,121.16,120.59,120.78,120.69,12695,61120,1.0925,1.0945,1.0901,1.0926,4650,13397,90.75,,,,,,,,
2015-10-30,121.05,121.5,120.29,120.74,120.87,14188,55747,1.0988,1.1016,1.0965,1.0987,3412,25140,90.82,,,,,,,,
2015-11-02,120.52,120.58,120.27,120.46,120.45,5778,54397,1.1023,1.1049,1.1018,1.1045,2112,21813,90.75,,,,,,,,
2015-11-04,121.09,121.38,121,121.11,121.2,8370,49056,1.0962,1.0968,1.0927,1.094,2094,23168,90.33,,,,,,,,
2015-11-05,121.53,121.85,121.39,121.81,121.51,9194,57263,1.0863,1.0876,1.0835,1.0837,2666,11079,90.28,,,,,,,,
2015-11-06,121.7,121.93,121.64,121.88,121.7,6958,46384,1.0884,1.0894,1.0863,1.0874,2316,9829,89.81,,,,,,,,
2015-11-09,123.2,123.49,123.18,123.39,123.31,6499,41282,1.0729,1.0773,1.072,1.0765,2694,6314,89.86,,,,,,,,
2015-11-10,123.06,123.39,123.03,123.36,123.17,7373,25625,1.076,1.0764,1.0738,1.0759,2515,1751,89.87,,,,,,,,
2015-11-11,123.1,123.22,122.74,122.94,122.88,7173,45628,1.0737,1.0774,1.0719,1.0749,3614,14098,90.03,,,,,,,,
2015-11-12,122.76,123.04,122.74,122.94,122.83,6770,56607,1.0764,1.0781,1.0744,1.0744,4855,8033,90.16,,,,,,,,
2015-11-13,122.59,122.78,122.5,122.68,122.56,6824,47796,1.081,1.0815,1.0772,1.0779,2789,12319,90.36,,,,,,,,
2015-11-16,122.31,122.66,122.23,122.64,122.52,6552,38154,1.0701,1.0758,1.0687,1.0752,3114,4971,90.04,,,,,,,,
2015-11-17,123.27,123.43,123.18,123.28,123.38,6914,47812,1.0688,1.0692,1.065,1.0655,4728,7235,89.95,,,,,,,,
2015-11-18,123.45,123.48,123.24,123.3,123.39,6398,42811,1.0644,1.0657,1.0632,1.0651,2016,8963,89.76,,,,,,,,
2015-11-19,123.51,123.64,123.09,123.37,123.25,8364,35124,1.0671,1.0718,1.0656,1.0674,3933,10472,90,,,,,,,,
2015-11-20,122.91,123.06,122.75,123.01,122.94,8051,55851,1.0724,1.0738,1.0687,1.0689,2166,15543,90.16,,,,,,,,
2015-11-24,122.96,122.95,122.64,122.66,122.75,6360,48018,1.0636,1.0645,1.062,1.0639,2208,14963,90.32,,,,,,,,
2015-11-25,122.53,122.56,122.27,122.32,122.42,6494,31457,1.0643,1.0688,1.0641,1.0681,3028,14951,90.2,,,,,,,,
2015-11-26,122.69,122.8,122.55,122.64,122.65,4522,42480,1.0623,1.0627,1.0603,1.0608,2182,18775,90.43,,,,,,,,
2015-11-27,122.65,122.73,122.32,122.4,122.61,6257,57719,1.0607,1.0638,1.0601,1.0623,2817,16051,90.51,,,,,,,,
2015-11-30,122.84,122.86,122.69,122.83,122.8,6186,53746,1.0584,1.0593,1.0571,1.0584,2135,17827,90.27,,,,,,,,
2015-12-01,123.21,123.27,122.65,122.87,123.15,9197,62607,1.057,1.0596,1.0564,1.0585,3755,23843,90.25,,,,,,,,
2015-12-02,122.91,123.14,122.82,123.06,122.92,5229,48241,1.0627,1.0635,1.0603,1.0627,2219,10720,90.12,,,,,,,,
2015-12-03,123.25,123.49,123.22,123.38,123.29,6719,49662,1.0611,1.0619,1.0583,1.0586,5832,14819,89.99,,,,,,,,
2015-12-04,122.65,122.85,122.48,122.78,122.6,7293,61441,1.0918,1.0956,1.0871,1.0872,4018,20823,89.78,,,,,,,,
2015-12-07,123.19,123.33,123.16,123.28,123.28,5127,42859,1.0881,1.0886,1.0853,1.0858,1170,7168,89.91,,,,,,,,
2015-12-08,123.31,123.4,123.05,123.11,123.14,5825,49622,1.0834,1.0869,1.0831,1.0868,1501,18253,90.32,,,,,,,,
2015-12-09,122.93,123.05,122.64,122.72,122.98,6343,47061,1.0893,1.0927,1.088,1.0916,1801,9896,91.29,,,,,,,,
2015-12-10,121.69,121.83,121.28,121.76,121.61,7282,57973,1.1015,1.1024,1.0988,1.0997,1586,20903,91.35,,,,,,,,
2015-12-11,121.71,122.23,121.6,121.93,121.92,8365,39300,1.0947,1.0957,1.0927,1.0953,1646,8028,92.04,,,,,,,,
2015-12-14,120.89,121.35,120.63,121.24,120.92,7147,41344,1.0981,1.0989,1.0951,1.0961,1417,10139,91.94,,,,,,,,
2015-12-15,121.13,121.18,120.58,120.62,121.12,7016,48392,1.0991,1.106,1.099,1.1053,2288,14436,91.47,,,,,,,,
2015-12-16,121.67,122,121.6,121.92,121.88,6580,46288,1.0934,1.0957,1.0925,1.094,1555,9662,91.07,,,,,,,,
2015-12-17,122.49,122.64,122.21,122.43,122.5,9307,64832,1.0873,1.0914,1.0832,1.0855,3755,10539,91.22,,,,,,,,
2015-12-18,122.46,123.59,121.73,121.8,122.5,16785,53170,1.0842,1.0868,1.0828,1.0867,2177,7326,91.96,,,,,,,,
2015-12-21,121.29,121.5,121.03,121.29,121.25,5188,32679,1.0871,1.0883,1.0853,1.0871,1080,7416,91.97,,,,,,,,
2015-12-22,121.21,121.35,121.08,121.12,121.25,6610,60392,1.0911,1.0922,1.0902,1.092,1711,11165,91.94,,,,,,,,
2015-12-24,120.95,120.99,120.44,120.46,120.9,5982,25138,1.0909,1.095,1.0907,1.0948,734,7934,92.38,,,,,,,,
2015-12-25,120.18,120.4,120.05,120.34,120.15,2696,17722,1.0967,1.0975,1.0944,1.0968,317,276,92.43,,,,,,,,
2015-12-28,120.25,120.61,120.17,120.58,120.44,5247,38571,1.0965,1.0978,1.0957,1.0965,814,8877,92.45,,,,,,,,
2015-12-29,120.35,120.43,120.24,120.37,120.33,3051,40450,1.0975,1.0982,1.096,1.0975,1133,13093,92.47,,,,,,,,
2015-12-30,120.53,120.58,120.35,120.42,120.5,3696,51174,1.0927,1.0939,1.0919,1.0935,904,10478,92.57,,,,,,,,
2016-01-04,120.32,120.46,118.91,118.98,119.51,12153,58641,1.0853,1.092,1.0827,1.0912,2694,22224,93.98,,,,,,,,
2016-01-05,119.47,119.7,119.1,119.43,119.52,10230,43528,1.0824,1.0839,1.0805,1.0808,1935,20358,94.35,,,,,,,,
2016-01-06,119.11,119.16,118.35,118.74,118.5,12454,65571,1.0751,1.0773,1.072,1.0731,2632,12778,95.15,,,,,,,,
2016-01-07,118.62,118.75,117.66,118.02,118,15067,48292,1.0777,1.0829,1.0774,1.0784,2811,16082,95.79,,,,,,,,
2016-01-08,117.53,118.59,117.41,118.24,118.3,12542,55261,1.0926,1.0933,1.0855,1.0887,2858,20538,96.28,,,,,,,,
2016-01-12,117.69,118.04,117.23,117.4,117.79,7873,53728,1.0857,1.0899,1.084,1.0893,1524,10980,96,,,,,,,,
2016-01-13,117.83,118.36,117.66,118.22,118.23,7519,65736,1.0843,1.0849,1.0811,1.0816,1148,9197,95.97,,,,,,,,
2016-01-14,117.42,118.18,117.29,118.1,117.38,9999,55925,1.0885,1.0896,1.0857,1.086,2085,6694,95.74,,,,,,,,
2016-01-15,118.23,118.28,117.57,117.64,118.14,10114,28118,1.0857,1.089,1.0855,1.0869,1722,4621,96.81,,,,,,,,
2016-01-18,117.01,117.38,116.74,117.04,117.27,7602,47788,1.0918,1.0924,1.0875,1.0893,1541,7704,96.47,,,,,,,,
2016-01-19,117.4,118,117.23,117.91,117.58,8579,77326,1.0893,1.0905,1.086,1.0865,1701,12690,96.16,,,,,,,,
2016-01-20,117.57,117.69,116.4,116.78,117,16612,67090,1.0911,1.0964,1.0906,1.0941,2108,7958,96.87,,,,,,,,
2016-01-21,117.21,117.48,116.47,116.75,117.25,13704,55478,1.0874,1.0918,1.0867,1.0907,1861,19661,96.16,,,,,,,,
2016-01-22,117.93,118.18,117.55,118.09,117.8,11264,58690,1.0859,1.0873,1.0813,1.0831,2491,4522,95.17,,,,,,,,
2016-01-25,118.57,118.85,118.43,118.57,118.6,6685,36954,1.0797,1.0823,1.0789,1.0815,1185,6380,95.59,,,,,,,,
2016-01-26,118.23,118.36,117.65,117.78,118.14,7481,38263,1.0853,1.0875,1.0842,1.0867,1315,9846,95.36,,,,,,,,
2016-01-27,118.39,118.47,118.05,118.25,118.27,7275,63288,1.0862,1.0881,1.0851,1.087,1001,11502,95.2,,,,,,,,
2016-01-28,118.48,118.93,118.42,118.79,118.5,9253,58254,1.0903,1.0907,1.0871,1.0876,1065,14256,94.84,,,,,,,,
2016-01-29,118.94,121.49,118.38,120.63,121,30196,88743,1.0935,1.0948,1.0883,1.0898,3390,11748,93.07,,,,,,,,
2016-02-01,121.35,121.49,121.11,121.22,121.3,8481,55086,1.0826,1.0856,1.0815,1.0846,1363,12812,93.05,,,,,,,,
2016-02-02,120.86,121.03,120.36,120.64,120.6,9933,62928,1.0896,1.092,1.0888,1.0903,1506,13285,94.09,,,,,,,,
2016-02-03,119.86,120,119.42,119.98,119.6,11405,58492,1.0919,1.0936,1.0906,1.0907,1552,10657,95.14,,,,,,,,
2016-02-04,118.17,118.23,117.65,117.96,118.05,10045,46102,1.1093,1.1116,1.1069,1.1081,3705,13388,95.69,,,,,,,,
2016-02-05,116.86,116.99,116.55,116.82,116.82,9892,56219,1.12,1.1216,1.1186,1.1196,2398,13214,95.94,,,,,,,,
2016-02-08,116.95,117.53,116.89,117.33,117.23,8069,64151,1.1144,1.115,1.1128,1.1138,1490,20630,96.76,,,,,,,,
2016-02-09,115.66,115.84,114.21,115.31,115.3,17955,56999,1.1189,1.1237,1.1178,1.1182,2739,9347,97.19,,,,,,,,
2016-02-10,115.19,115.26,114.26,114.89,114.75,13677,74047,1.1288,1.131,1.1277,1.128,1995,23190,98.51,,,,,,,,
2016-02-12,112.5,113.02,111.6,112.17,112.35,12082,38787,1.1316,1.1333,1.1285,1.1289,1405,5955,98.84,,,,,,,,
2016-02-15,113.68,114.09,113.28,113.77,113.65,7806,49408,1.1221,1.125,1.1203,1.121,1149,6888,97.46,,,,,,,,
2016-02-16,114.36,114.87,114.3,114.5,114.63,11485,77878,1.1176,1.1183,1.1147,1.1153,1456,16324,98.17,,,,,,,,
2016-02-17,114.13,114.4,113.37,113.47,113.8,9626,60108,1.1142,1.1178,1.1119,1.1169,1523,12336,98.08,,,,,,,,
2016-02-18,114.29,114.33,113.76,113.94,113.98,8654,61737,1.1122,1.1149,1.1119,1.1128,975,14212,98.85,,,,,,,,
2016-02-19,113.28,113.38,112.72,112.96,112.9,9951,62015,1.1107,1.1129,1.1101,1.1119,1383,19585,99.45,,,,,,,,
2016-02-22,112.53,113.05,112.43,112.88,112.92,7332,54783,1.1123,1.1123,1.1086,1.1087,1276,12965,99.18,,,,,,,,
2016-02-23,112.96,113.05,111.98,112.14,112.2,11985,57842,1.1026,1.105,1.1022,1.1038,1713,18062,100.07,,,,,,,,
2016-02-24,111.91,112.26,111.64,112.12,111.97,12095,64886,1.1023,1.1026,1.0996,1.0999,1598,16688,100.04,,,,,,,,
2016-02-25,112.07,112.63,111.9,112.17,112.12,14783,67998,1.1014,1.1038,1.1008,1.1023,1582,17172,99.3,,,,,,,,
2016-02-26,113.14,113.22,112.56,112.88,112.85,10335,51545,1.1024,1.1068,1.1018,1.1059,1958,13457,98.74,,,,,,,,
2016-02-29,113.73,114,112.77,112.99,113.4,10493,65537,1.0924,1.0958,1.0912,1.0957,2184,11548,99.9,,,,,,,,
2016-03-01,112.43,113.03,112.16,112.96,112.4,9545,85830,1.0886,1.0894,1.0868,1.0876,1676,12925,98.49,,,,,,,,
2016-03-02,113.92,114.37,113.75,114.25,114,9668,47849,1.0877,1.088,1.0847,1.086,1266,7790,98.87,,,,,,,,
2016-03-03,113.5,114.28,113.41,114.14,114.1,8474,44588,1.0869,1.0875,1.0854,1.087,1308,21332,98.28,,,,,,,,
2016-03-04,113.69,113.96,113.2,113.88,113.64,9839,50666,1.0946,1.0956,1.0936,1.0951,1995,10463,97.69,,,,,,,,
2016-03-07,113.84,113.91,113.5,113.72,113.7,5377,48661,1.0992,1.0997,1.0966,1.097,920,5702,98.06,,,,,,,,
2016-03-08,113.49,113.51,112.75,112.95,112.9,8261,56330,1.1013,1.1041,1.1012,1.1035,1896,9944,98.95,,,,,,,,
2016-03-09,112.69,112.75,112.42,112.48,112.52,5131,52981,1.1001,1.101,1.0966,1.0985,1576,10373,98.23,,,,,,,,
2016-03-10,113.24,113.8,113.15,113.59,113.3,7140,60888,1.0986,1.1004,1.0964,1.0968,4389,6788,98.09,,,,,,,,
2016-03-11,112.86,113.81,112.75,113.72,113.28,7251,47976,1.1177,1.121,1.1136,1.1145,2158,7419,97.15,,,,,,,,
2016-03-14,113.78,114,113.64,113.77,113.87,4369,58060,1.1165,1.117,1.1136,1.1141,976,9719,97.42,,,,,,,,
2016-03-15,113.83,114.16,113.02,113.07,113.87,7555,67666,1.1101,1.1121,1.1086,1.1118,1371,14561,98.24,,,,,,,,
2016-03-16,113.11,113.73,113.03,113.65,113.45,7186,54716,1.1107,1.1113,1.1084,1.1087,1029,9740,98.28,,,,,,,,
2016-03-17,112.8,112.96,111.68,111.76,112.71,11486,50787,1.1216,1.1261,1.1205,1.1261,2340,10652,98.55,,,,,,,,
2016-03-18,111.39,111.58,110.84,111.34,111.3,9312,51589,1.1315,1.1337,1.1277,1.1284,1871,17564,98.6,,,,,,,,
2016-03-22,112.15,112.22,111.68,111.74,111.95,8582,51521,1.1235,1.126,1.123,1.1241,1443,11112,97.99,,,,,,,,
2016-03-23,112.28,112.47,112.14,112.39,112.39,8383,58220,1.1221,1.1223,1.118,1.119,917,8444,98.39,,,,,,,,
2016-03-24,112.43,113,112.3,112.86,112.83,8871,66042,1.1178,1.1188,1.1151,1.1161,1480,7746,98.01,,,,,,,,
2016-03-25,112.85,113.32,112.75,113.07,113,8158,29151,1.1165,1.1179,1.1154,1.116,343,0,97.88,,,,,,,,
2016-03-28,113.47,113.69,113.25,113.54,113.5,7077,37382,1.1158,1.1171,1.1152,1.1166,524,461,97.32,,,,,,,,
2016-03-29,113.37,113.74,113.23,113.7,113.61,12184,57525,1.1201,1.1202,1.117,1.1177,1698,18573,97.67,,,,,,,,
2016-03-30,112.68,112.8,112.02,112.08,112.6,8778,58723,1.129,1.1331,1.1286,1.1329,3098,8236,97.48,,,,,,,,
2016-03-31,112.4,112.67,112.15,112.43,112.63,12442,76217,1.1333,1.1342,1.1311,1.1344,2589,12243,97.16,,,,,,,,
2016-04-01,112.52,112.57,112.07,112.28,112.2,9339,71237,1.1379,1.139,1.1367,1.1383,1674,16776,98.13,,,,,,,,
2016-04-04,111.68,111.8,111.32,111.59,111.5,5275,60199,1.1395,1.1412,1.1372,1.1374,850,10787,98.56,,,,,,,,
2016-04-05,111.23,111.31,110.31,110.47,110.85,8749,49812,1.1386,1.1405,1.1347,1.1357,912,13201,99.61,,,,,,,,
2016-04-06,110.39,110.64,110.23,110.41,110.4,9166,50842,1.138,1.1387,1.1346,1.1357,852,12466,99.97,,,,,,,,
2016-04-07,109.73,109.9,108.52,108.57,109.27,12702,66733,1.1401,1.1452,1.1384,1.1405,1735,9863,101.57,,,,,,,,
2016-04-08,108.48,109.1,108.25,109.07,108.74,11350,64936,1.1367,1.1383,1.135,1.1379,1179,24434,101.5,,,,,,,,
2016-04-11,108.3,108.32,107.63,108.06,108.1,7921,69842,1.1405,1.1427,1.1373,1.1378,1035,7646,101.35,,,,,,,,
2016-04-12,107.97,108.41,107.87,108.21,108.08,9613,64598,1.141,1.1435,1.14,1.143,995,13556,100.75,,,,,,,,
2016-04-13,108.7,109.05,108.52,108.93,108.65,8903,82006,1.1383,1.1391,1.1342,1.1354,1028,8048,100.32,,,,,,,,
2016-04-14,109.44,109.55,109.19,109.32,109.4,8013,61859,1.1279,1.1284,1.1235,1.1253,1303,10438,100.38,,,,,,,,
2016-04-15,109.35,109.74,109.22,109.3,109.73,8290,53520,1.1265,1.1269,1.1248,1.1259,982,7413,100.89,,,,,,,,
2016-04-18,108.08,108.46,107.83,108.22,108.02,8226,41820,1.1299,1.1309,1.1277,1.1301,1012,8836,100.72,,,,,,,,
2016-04-19,109.09,109.23,108.8,109.13,109.07,7931,65624,1.1308,1.1344,1.1304,1.1327,741,18383,99.95,,,,,,,,
2016-04-20,109.22,109.3,108.77,108.91,109.19,7358,86897,1.1358,1.1373,1.1349,1.1363,743,14380,99.58,,,,,,,,
2016-04-21,109.85,109.9,109.52,109.66,109.7,8016,65698,1.1303,1.131,1.1288,1.1292,1092,10950,100.21,,,,,,,,
2016-04-22,109.47,110.75,109.26,110.59,109.4,12298,68745,1.1291,1.1308,1.1266,1.128,956,7622,98.4,,,,,,,,
2016-04-25,111.46,111.78,111.04,111.22,111.34,10471,69845,1.1231,1.1258,1.1223,1.1255,1162,23081,98.79,,,,,,,,
2016-04-26,111.13,111.3,110.67,110.85,110.97,8218,70007,1.1266,1.1283,1.1257,1.1283,878,11752,98.56,,,,,,,,
2016-04-27,111.22,111.33,111.03,111.21,111.18,6495,70059,1.1296,1.1331,1.1293,1.1331,895,15997,98.44,,,,,,,,
2016-04-28,111.52,111.88,108.05,108.4,111.74,17658,75078,1.1327,1.1367,1.1298,1.1347,1704,15508,101.19,,,,,,,,
2016-05-02,106.46,106.72,106.14,106.4,106.4,8324,35305,1.146,1.1481,1.1451,1.1469,1405,4873,102.49,,,,,,,,
2016-05-06,107.36,107.42,106.89,106.95,107.36,5787,65032,1.1401,1.1422,1.1393,1.1421,1101,18353,102.75,,,,,,,,
2016-05-09,107.36,107.69,107.17,107.66,107.55,7625,78945,1.1385,1.142,1.138,1.1393,1317,23373,101.96,,,,,,,,
2016-05-10,108.37,108.95,108.27,108.89,108.45,9095,62068,1.1384,1.14,1.137,1.1391,962,18828,100.95,,,,,,,,
2016-05-11,109.22,109.34,108.54,108.61,108.83,8269,66012,1.1374,1.1396,1.137,1.1388,1265,21095,101.44,,,,,,,,
2016-05-12,108.43,109,108.23,108.93,108.38,9244,53612,1.1424,1.1428,1.1406,1.1408,1328,21780,101.15,,,,,,,,
2016-05-13,109.1,109.13,108.53,108.79,108.8,6790,45625,1.1375,1.1379,1.133,1.1344,1467,18173,101.84,,,,,,,,
2016-05-16,108.67,108.98,108.46,108.77,108.8,4823,66876,1.1317,1.1326,1.1303,1.1316,964,26832,101.36,,,,,,,,
2016-05-17,109.09,109.5,108.88,109.41,109.02,7386,52473,1.1316,1.1339,1.1312,1.1339,778,17675,101.25,,,,,,,,
2016-05-18,109.03,109.61,108.73,109.43,109.54,9586,51156,1.1314,1.1315,1.1258,1.1266,2926,11018,100.82,,,,,,,,
2016-05-19,110.18,110.39,109.94,110.08,110.07,8493,53579,1.122,1.1228,1.1206,1.1219,1872,10958,101.1,,,,,,,,
2016-05-20,109.93,110.29,109.86,110.28,110,7168,40543,1.1202,1.1227,1.1197,1.1213,906,13360,100.91,,,,,,,,
2016-05-23,110.04,110.24,109.39,109.55,109.8,8180,47924,1.1221,1.1243,1.1215,1.1222,1411,20162,101.79,,,,,,,,
2016-05-24,109.38,109.58,109.17,109.54,109.28,8181,55409,1.1213,1.1226,1.1177,1.1182,1183,13896,101.23,,,,,,,,
2016-05-25,110.17,110.19,109.87,110.03,110.15,8554,52873,1.1136,1.1157,1.1135,1.1146,1150,31598,100.89,,,,,,,,
2016-05-26,110.14,110.23,109.42,110.03,109.7,10174,47986,1.1156,1.119,1.115,1.1171,2116,13270,101.17,,,,,,,,
2016-05-27,109.71,110,109.55,109.78,109.9,8385,24124,1.1192,1.1201,1.1174,1.1176,915,7254,100.92,,,,,,,,
2016-05-30,110.78,111.44,110.42,111.37,110.82,9622,41538,1.1108,1.1127,1.1097,1.1123,1742,3379,100.33,,,,,,,,
2016-05-31,110.85,111.35,110.79,111.14,111.09,11998,77389,1.1148,1.1155,1.1123,1.1126,1700,17301,100.73,,,,,,,,
2016-06-01,110.64,110.83,109.65,110.06,110.69,10440,75985,1.1134,1.1153,1.1114,1.1153,1277,16645,101.71,,,,,,,,
2016-06-02,109.46,109.58,108.83,108.96,109.05,11955,73274,1.1189,1.122,1.1184,1.1214,1609,8702,102.4,,,,,,,,
2016-06-03,108.87,109.14,108.5,108.75,108.96,9490,48946,1.1151,1.1158,1.1143,1.1151,1395,9444,103.7,,,,,,,,
2016-06-06,106.69,107.28,106.43,107.19,106.94,7991,52708,1.135,1.1367,1.1338,1.1351,1260,18841,102.69,,,,,,,,
2016-06-07,107.46,107.89,107.23,107.74,107.77,8997,48365,1.1363,1.1372,1.1351,1.1366,918,17281,102.73,,,,,,,,
2016-06-08,107.29,107.37,106.72,106.98,107.05,7810,51263,1.1356,1.1377,1.1356,1.1368,856,12353,102.87,,,,,,,,
2016-06-09,106.79,106.96,106.31,106.36,106.6,6632,42763,1.1403,1.1416,1.1376,1.1381,1301,26467,103.02,,,,,,,,
2016-06-10,107.11,107.26,106.68,106.85,107.08,9060,55861,1.131,1.1321,1.129,1.1316,1243,12527,103.52,,,,,,,,
2016-06-13,106.5,106.83,105.74,106.1,106.18,9480,47569,1.1239,1.127,1.1234,1.1269,1055,12895,104.27,,,,,,,,
2016-06-14,106.19,106.41,105.64,105.86,106,9340,60135,1.1288,1.1297,1.125,1.1251,1365,11281,104.76,,,,,,,,
2016-06-15,106.09,106.34,105.97,106.25,106.1,8029,74552,1.1211,1.1229,1.119,1.122,2081,6418,104.57,,,,,,,,
2016-06-16,105.9,105.98,103.56,103.94,104.7,15269,53372,1.1261,1.1291,1.1259,1.1273,1946,9304,106.5,,,,,,,,
2016-06-17,104.77,104.83,104.09,104.25,104.7,8931,46488,1.1272,1.1272,1.1228,1.1248,1849,11381,106.39,,,,,,,,
2016-06-20,104.64,104.85,104.42,104.54,104.65,6387,44281,1.1347,1.1383,1.1311,1.1341,3808,15662,106.3,,,,,,,,
2016-06-21,103.82,104.58,103.58,104.47,104.1,11121,47871,1.1322,1.1348,1.1315,1.134,1022,12566,105.58,,,,,,,,
2016-06-22,104.72,104.85,104.32,104.39,104.5,5577,50866,1.125,1.1276,1.1237,1.1274,1227,8282,105.62,,,,,,,,
2016-06-23,104.64,104.87,104.04,104.44,104.65,5449,49806,1.1327,1.1349,1.1319,1.132,1091,11151,103.57,,,,,,,,
2016-06-24,104.93,106.6,99,103.08,101.5,21401,39974,1.1332,1.1421,1.0912,1.1159,11523,9878,109.08,,,,,,,,
2016-06-27,102.2,102.5,101.47,102.02,102.25,6077,47025,1.104,1.1075,1.0984,1.1066,4586,7601,109.89,,,,,,,,
2016-06-28,101.8,102.32,101.55,102.24,102.05,8576,92148,1.1014,1.1074,1.101,1.1069,2733,10622,108.66,,,,,,,,
2016-06-29,102.69,102.71,102.18,102.43,102.4,7469,53268,1.1076,1.11,1.1049,1.1072,1056,9795,108.12,,,,,,,,
2016-06-30,102.8,102.94,102.45,102.7,102.9,10688,57226,1.1123,1.1128,1.1086,1.1116,1957,20358,107.77,,,,,,,,
2016-07-01,103.09,103.28,102.44,102.55,102.9,6037,33175,1.1102,1.1117,1.1075,1.1107,2235,8827,108.46,,,,,,,,
2016-07-04,102.49,102.81,102.43,102.71,102.63,4130,27484,1.1127,1.1143,1.1119,1.1123,781,2993,108.47,,,,,,,,
2016-07-05,102.51,102.58,101.7,101.74,102.17,6947,43541,1.1145,1.1185,1.112,1.1155,1215,8727,109.8,,,,,,,,
2016-07-06,101.16,101.72,100.59,100.98,100.9,9361,37720,1.1064,1.1072,1.1037,1.1065,1849,8900,110.32,,,,,,,,
2016-07-07,101.15,101.41,100.64,101.03,100.95,7353,51314,1.1097,1.1108,1.1062,1.1063,915,9297,110.93,,,,,,,,
2016-07-08,100.76,100.96,100.25,100.61,100.9,10116,49827,1.1063,1.1088,1.106,1.1076,1538,16309,111.01,,,,,,,,
2016-07-11,100.69,102.13,100.55,101.9,100.72,10088,55092,1.1044,1.1055,1.1018,1.1026,779,11569,108.64,,,,,,,,
2016-07-12,102.51,103.63,102.45,103.01,103,11776,50724,1.1058,1.1125,1.1053,1.111,1684,13004,106.42,,,,,,,,
2016-07-13,104.73,104.88,103.95,104.22,104.3,11213,44943,1.1059,1.107,1.1043,1.1047,1007,11236,106.64,,,,,,,,
2016-07-14,104.06,105.75,103.97,105.44,104.15,12355,46363,1.1095,1.1123,1.1088,1.1099,1257,7327,105.45,,,,,,,,
2016-07-15,105.15,106.32,105.05,105.87,105.65,12354,57437,1.1106,1.114,1.1103,1.1133,1461,15382,106.32,,,,,,,,
2016-07-19,106.18,106.33,105.65,105.96,105.9,7413,45061,1.1069,1.108,1.105,1.106,769,14532,105.18,,,,,,,,
2016-07-20,106.13,106.39,105.84,106.34,106.01,8272,41737,1.1013,1.102,1.0982,1.0995,1908,15302,104.41,,,,,,,,
2016-07-21,107.19,107.49,106.75,106.83,107.21,13130,50406,1.1016,1.1046,1.1005,1.1033,1434,14727,105.38,,,,,,,,
2016-07-22,105.79,106.19,105.57,106.11,105.86,7061,46444,1.1033,1.1034,1.102,1.1026,1006,11245,105.35,,,,,,,,
2016-07-25,106.29,106.74,106,106.29,106.43,6200,54240,1.0969,1.0979,1.0952,1.0966,1199,12100,105.62,,,,,,,,
2016-07-26,105.59,105.89,104,104.11,104.4,12489,56472,1.0989,1.102,1.0983,1.1008,1613,11073,106.71,,,,,,,,
2016-07-27,104.86,106.52,104.68,105.4,105.15,12934,62338,1.0988,1.1001,1.0982,1.1001,861,13561,105.81,,,,,,,,
2016-07-28,104.91,105.3,104.49,104.69,104.85,8501,60422,1.1071,1.1115,1.1053,1.1103,1495,15193,105.73,,,,,,,,
2016-07-29,104.81,105.75,102.71,103.63,104,16069,81558,1.1083,1.1098,1.1072,1.1088,1370,14874,108.54,,,,,,,,
2016-08-01,102.35,102.68,102.2,102.4,102.44,5504,60322,1.1168,1.1181,1.1163,1.1169,614,11979,108.24,,,,,,,,
2016-08-02,102.31,102.83,101.62,101.67,102.45,8127,62880,1.1167,1.1206,1.1163,1.12,663,13381,109.65,,,,,,,,
2016-08-03,101.09,101.34,100.75,101.05,101.25,8326,91886,1.1218,1.1221,1.1201,1.1213,643,15666,109.49,,,,,,,,
2016-08-04,101.35,101.68,100.87,101.41,101.35,6803,57009,1.115,1.1157,1.1127,1.1137,1010,14073,109.55,,,,,,,,
2016-08-05,101.21,101.36,101.03,101.09,101.25,6098,47177,1.1135,1.1145,1.1128,1.114,790,12426,109.05,,,,,,,,
2016-08-08,102.06,102.31,101.91,102.29,102.1,5179,54401,1.1087,1.1105,1.1081,1.1089,857,10389,108.28,,,,,,,,
2016-08-09,102.29,102.53,102.28,102.43,102.35,6698,53800,1.1085,1.109,1.1071,1.1077,827,13001,108.73,,,,,,,,
2016-08-10,101.93,101.96,101.13,101.49,101.5,9916,57535,1.1118,1.1156,1.1116,1.1143,1078,15464,109.02,,,,,,,,
2016-08-12,101.85,102.21,101.77,102.06,102.04,5529,58490,1.1138,1.1156,1.1132,1.1145,603,11402,109.19,,,,,,,,
2016-08-15,101.26,101.46,101.02,101.08,101.3,5780,43993,1.1165,1.1172,1.1152,1.1173,595,11609,109.02,,,,,,,,
2016-08-16,101.26,101.29,100.15,100.32,100.28,9305,58363,1.1182,1.1267,1.1177,1.1271,1304,13736,109.76,,,,,,,,
2016-08-17,100.18,101.16,100.17,100.71,100.5,7609,71640,1.1276,1.129,1.1256,1.127,877,14845,110.05,,,,,,,,
2016-08-18,99.9,100.35,99.65,100.03,99.8,8990,47181,1.1299,1.133,1.1291,1.1316,1268,15212,110.22,,,,,,,,
2016-08-19,100.14,100.47,99.95,100.15,100.35,8942,38447,1.1348,1.136,1.1318,1.1326,1231,13782,110.22,,,,,,,,
2016-08-22,100.56,100.94,100.29,100.78,100.76,8422,46259,1.1298,1.1319,1.1272,1.1282,1620,11481,110.24,,,,,,,,
2016-08-23,100.28,100.39,99.94,100.1,100.13,7458,45387,1.1317,1.1354,1.1316,1.1345,1057,18833,110.34,,,,,,,,
2016-08-24,100.31,100.52,100.21,100.29,100.35,8362,45995,1.1302,1.1311,1.1288,1.1298,1200,9489,110.26,,,,,,,,
2016-08-25,100.57,100.62,100.36,100.41,100.45,5483,47270,1.1261,1.128,1.126,1.1278,727,10567,110.03,,,,,,,,
2016-08-26,100.57,100.59,100.39,100.43,100.45,6292,52865,1.1287,1.1307,1.1283,1.1287,679,15348,109,,,,,,,,
2016-08-29,101.93,102.39,101.84,102.3,101.92,8411,53040,1.1197,1.1208,1.118,1.1182,1453,13839,108.94,,,,,,,,
2016-08-30,101.84,102.45,101.76,102.37,101.94,8265,63129,1.119,1.1192,1.1156,1.1169,867,19250,108.07,,,,,,,,
2016-08-31,102.89,103.33,102.87,103.28,102.96,9296,88567,1.115,1.1162,1.113,1.1133,1360,16389,107.52,,,,,,,,
2016-09-01,103.32,103.62,103.06,103.57,103.37,7235,71054,1.1157,1.1166,1.113,1.113,1124,13120,107.57,,,,,,,,
2016-09-02,103.26,103.7,103.13,103.58,103.3,8912,27641,1.1199,1.1208,1.1187,1.1193,1103,9634,106.89,,,,,,,,
2016-09-05,103.93,104.14,103.27,103.37,103.92,7287,37606,1.1158,1.1181,1.1154,1.1176,651,6482,107.24,,,,,,,,
2016-09-06,103.52,103.81,103.26,103.36,103.5,8177,47943,1.115,1.1167,1.114,1.116,859,14861,108.25,,,,,,,,
2016-09-07,101.59,102.12,101.2,101.55,101.45,11039,66295,1.1246,1.1265,1.1233,1.1242,1049,12332,108.53,,,,,,,,
2016-09-08,101.85,101.91,101.41,101.6,101.66,6502,69202,1.1238,1.1268,1.1236,1.1269,1007,15986,107.9,,,,,,,,
2016-09-09,102.32,102.47,101.97,102.21,102.25,9898,45116,1.1268,1.1285,1.1263,1.1273,1104,13799,108.14,,,,,,,,
2016-09-12,102.47,102.66,102.19,102.32,102.63,5438,38988,1.124,1.1264,1.1233,1.1249,1173,19328,108.91,,,,,,,,
2016-09-13,101.74,102.05,101.42,101.82,101.9,8016,50811,1.1241,1.1242,1.1218,1.1229,950,10509,108.55,,,,,,,,
2016-09-14,102.5,103.35,102.43,103.13,103.1,9127,60741,1.1218,1.124,1.1214,1.1223,733,16275,108.55,,,,,,,,
2016-09-15,102.56,102.61,101.94,102.45,102.49,8006,51756,1.1245,1.1253,1.1221,1.1225,773,10799,108.83,,,,,,,,
2016-09-16,102,102.13,101.7,101.91,101.95,6127,46882,1.1247,1.1251,1.123,1.1234,818,16070,108.92,,,,,,,,
2016-09-20,101.91,102.07,101.55,101.69,101.92,5013,56448,1.1178,1.121,1.117,1.1203,934,10983,109.37,,,,,,,,
2016-09-21,101.61,102.79,101,101.82,101.78,12194,67568,1.1154,1.1156,1.1123,1.1155,1994,10817,110.51,,,,,,,,
2016-09-23,100.85,101.25,100.7,101,101,7821,52246,1.1208,1.1216,1.1194,1.1202,1232,7718,109.81,,,,,,,,
2016-09-26,100.92,101.07,100.52,100.62,100.8,5635,51455,1.1238,1.1241,1.1222,1.1232,932,9298,110.57,,,,,,,,
2016-09-27,100.39,100.99,100.09,100.54,100.78,8319,68995,1.125,1.1257,1.1239,1.1249,1148,13846,110.35,,,,,,,,
2016-09-28,100.5,100.79,100.26,100.76,100.58,8008,72755,1.1217,1.1218,1.1183,1.1193,1439,20247,109.99,,,,,,,,
2016-09-29,100.95,101.75,100.7,101.53,101.4,9717,70346,1.1224,1.1236,1.1216,1.1221,2198,9827,109.82,,,,,,,,
2016-09-30,101.21,101.78,100.75,100.9,101.08,13259,80386,1.122,1.1225,1.1169,1.1185,2183,22885,109.37,,,,,,,,
2016-10-03,101.54,101.67,101.21,101.4,101.41,5918,58381,1.1233,1.1245,1.1223,1.123,1014,16696,109.08,,,,,,,,
2016-10-04,101.84,102.49,101.62,102.4,102,11063,70466,1.121,1.1215,1.1165,1.1174,1177,19616,108.11,,,,,,,,
2016-10-05,102.87,103.01,102.67,102.79,102.85,10913,57600,1.121,1.1228,1.12,1.122,1627,22736,107.44,,,,,,,,
2016-10-06,103.45,103.73,103.35,103.69,103.46,7297,58214,1.1207,1.1212,1.1185,1.1197,930,6678,107.16,,,,,,,,
2016-10-07,103.76,104,103.54,103.85,103.8,8049,67549,1.1143,1.1151,1.1105,1.1113,1973,14741,108.14,,,,,,,,
2016-10-11,103.71,104.07,103.62,103.93,103.95,8244,57770,1.114,1.1142,1.1107,1.1113,1099,10804,108.24,,,,,,,,
2016-10-12,103.36,103.68,103.28,103.53,103.63,6253,60366,1.1058,1.1068,1.1033,1.1057,2094,10012,107.57,,,,,,,,
2016-10-13,104.31,104.63,103.56,103.87,104.5,10129,42995,1.1011,1.1038,1.1,1.1012,2812,12568,108.02,,,,,,,,
2016-10-14,103.75,104.27,103.61,104.2,103.82,7488,48703,1.1048,1.1057,1.1005,1.1013,1543,11977,107.76,,,,,,,,
2016-10-17,104.05,104.37,103.93,104.16,104.2,5870,62736,1.0966,1.0993,1.0964,1.0976,1798,11169,108.01,,,,,,,,
2016-10-18,103.86,104.14,103.69,103.99,103.82,6312,59195,1.1011,1.1026,1.1,1.1016,1454,16372,107.79,,,,,,,,
2016-10-19,103.87,103.95,103.41,103.53,103.8,5574,57042,1.0975,1.0998,1.0974,1.0992,1526,16568,108.12,,,,,,,,
2016-10-20,103.4,103.8,103.35,103.73,103.63,6308,60910,1.0975,1.098,1.0952,1.0975,1844,12873,107.9,,,,,,,,
2016-10-21,104.12,104.2,103.75,103.84,104.12,6277,44973,1.093,1.093,1.0881,1.0882,2567,15481,108.3,,,,,,,,
2016-10-24,103.92,104,103.74,103.92,103.94,5369,45854,1.088,1.0892,1.086,1.0886,1149,8082,107.93,,,,,,,,
2016-10-25,104.33,104.49,104.25,104.46,104.46,10500,51231,1.0873,1.0886,1.0867,1.0875,1638,11707,107.73,,,,,,,,
2016-10-26,104.16,104.38,104.02,104.18,104.35,7991,55966,1.0887,1.0919,1.0875,1.0918,2347,5663,107.62,,,,,,,,
2016-10-27,104.57,104.69,104.3,104.62,104.56,8649,62849,1.0909,1.0912,1.0892,1.091,1093,6534,107.02,,,,,,,,
2016-10-28,105.23,105.42,105.07,105.27,105.25,11558,46379,1.0898,1.0924,1.0894,1.0917,1188,4924,107.42,,,,,,,,
2016-10-31,104.58,104.97,104.53,104.92,104.8,8626,53343,1.0982,1.0987,1.0956,1.096,1778,15911,107.19,,,,,,,,
2016-11-01,104.84,104.97,104.67,104.94,104.85,6066,61750,1.0971,1.0985,1.096,1.0985,1531,9521,107.77,,,,,,,,
2016-11-02,104.11,104.16,103.58,103.66,103.82,9458,58814,1.1057,1.1078,1.105,1.1074,1448,6815,108.5,,,,,,,,
2016-11-04,103.06,103.35,102.85,103.24,103.06,8213,49452,1.11,1.1109,1.1088,1.1097,685,7776,108.63,,,,,,,,
2016-11-07,104.18,104.58,103.8,104.44,104.44,10616,45282,1.1095,1.111,1.1055,1.1059,1727,11806,107.47,,,,,,,,
2016-11-08,104.46,104.59,104.3,104.42,104.45,8508,67921,1.1049,1.1057,1.103,1.1056,877,13739,106.54,,,,,,,,
2016-11-09,104.99,105.47,101.19,103.34,101.9,29866,55726,1.1018,1.13,1.099,1.1117,9511,13644,106.88,,,,,,,,
2016-11-10,105.83,105.96,104.97,105.64,105.9,15114,40829,1.0919,1.0954,1.0914,1.093,2356,3402,106.15,,,,,,,,
2016-11-11,106.83,106.93,106.26,106.7,106.7,12493,41634,1.0887,1.0923,1.0876,1.0906,1845,5536,106.47,,,,,,,,
2016-11-14,106.89,107.67,106.73,107.65,107.5,11968,54503,1.0823,1.084,1.0773,1.0784,4702,6187,105.21,,,,,,,,
2016-11-15,108.21,108.44,107.8,108.13,107.9,10168,58160,1.0746,1.0781,1.0737,1.0773,2990,13223,104.41,,,,,,,,
2016-11-16,109.02,109.5,108.8,109.43,109,12102,50926,1.0724,1.076,1.07,1.0706,2770,12533,104.71,,,,,,,,
2016-11-17,108.78,109.47,108.55,109.02,109.15,12030,58192,1.0706,1.0717,1.0684,1.0715,1995,11310,104.08,,,,,,,,
2016-11-18,110.24,110.92,109.98,110.71,110.6,13948,47892,1.0623,1.0628,1.0582,1.0604,2787,14211,103.47,,,,,,,,
2016-11-21,110.95,111.18,110.65,110.92,110.93,7850,41201,1.0583,1.0635,1.0578,1.0632,1815,9318,103.35,,,,,,,,
2016-11-22,110.68,111.24,110.27,110.92,110.5,9408,22185,1.0637,1.065,1.0605,1.0619,1527,11367,103.02,,,,,,,,
2016-11-24,112.56,113.39,112.35,113.32,112.65,11484,39710,1.0543,1.0551,1.052,1.0537,1896,6714,101.51,,,,,,,,
2016-11-25,113.28,113.9,112.83,113.14,113.75,14904,41914,1.056,1.0606,1.0539,1.0586,1531,8491,101.43,,,,,,,,
2016-11-28,112.67,112.97,111.36,111.94,112.1,11005,49795,1.0609,1.0686,1.0595,1.0656,3618,14137,102.42,,,,,,,,
2016-11-29,111.68,112.38,111.63,112.32,112.05,9678,35419,1.0619,1.0621,1.0589,1.0603,1372,11034,101.9,,,,,,,,
2016-11-30,112.47,112.96,112.06,112.73,112.39,12901,74545,1.0647,1.066,1.0622,1.0623,1818,16587,100.3,,,,,,,,
2016-12-01,114.7,114.83,113.83,114.17,114.4,12694,73748,1.059,1.0629,1.0586,1.0615,1770,28527,100.34,,,,,,,,
2016-12-02,113.9,114.2,113.58,113.95,113.73,9836,39487,1.0662,1.069,1.0658,1.0671,1770,11625,100.73,,,,,,,,
2016-12-05,113.53,113.95,112.87,113.91,113.8,11443,50535,1.0568,1.0625,1.0505,1.0604,5634,11931,100.2,,,,,,,,
2016-12-06,113.87,114.16,113.5,113.84,113.68,7571,47182,1.0757,1.0768,1.0739,1.0763,1586,12847,100.16,,,,,,,,
2016-12-07,114.06,114.4,113.94,114.34,114.25,8553,51248,1.0719,1.0726,1.0712,1.0714,1381,10322,100.19,,,,,,,,
2016-12-08,113.74,113.86,113.12,113.65,113.4,8008,69258,1.0759,1.0785,1.0751,1.0764,1867,13441,100.3,,,,,,,,
2016-12-09,114.07,114.57,114.02,114.44,114.45,9403,42390,1.0621,1.0625,1.059,1.0621,2106,11533,99.36,,,,,,,,
2016-12-12,115.42,115.85,115.16,115.83,115.5,11503,44765,1.0546,1.0578,1.0525,1.0565,1994,10051,99.36,,,,,,,,
2016-12-13,114.99,115.39,114.73,115.29,115.18,8800,58319,1.0642,1.065,1.0629,1.0644,1845,7482,99.21,,,,,,,,
2016-12-14,115.21,115.37,114.87,114.99,115.17,7018,60467,1.0628,1.0664,1.0622,1.065,1112,7971,98.11,,,,,,,,
2016-12-15,117.23,117.86,117.01,117.64,117.65,13774,71480,1.0513,1.054,1.0469,1.0488,5957,6897,97.54,,,,,,,,
2016-12-16,118.26,118.39,117.97,118.21,118.2,7485,69278,1.0418,1.0454,1.0407,1.0451,4094,5489,97.89,,,,,,,,
2016-12-19,117.82,117.97,116.97,117.35,117.33,7442,68906,1.0446,1.048,1.0443,1.0467,1883,8992,98.52,,,,,,,,
2016-12-20,117.03,117.96,116.99,117.89,117.24,11400,41733,1.0403,1.0417,1.0376,1.0392,1731,6798,98.02,,,,,,,,
2016-12-21,117.84,118.06,117.4,117.59,117.93,7491,46984,1.0392,1.042,1.0383,1.0408,1957,5005,98.2,,,,,,,,
2016-12-22,117.63,117.75,117.41,117.67,117.55,7565,37566,1.0426,1.0456,1.0424,1.0438,914,9082,98.31,,,,,,,,
2016-12-26,117.33,117.39,117.01,117.17,117.05,2585,13837,1.0451,1.0469,1.0444,1.0459,349,0,98.66,,,,,,,,
2016-12-27,117.21,117.46,117.1,117.32,117.38,5229,30774,1.0456,1.0456,1.0432,1.0443,830,6395,98.48,,,,,,,,
2016-12-28,117.5,117.74,117.38,117.51,117.6,9503,54074,1.0461,1.048,1.0455,1.0467,2233,7733,98.83,,,,,,,,
2016-12-29,117.07,117.25,116.25,116.37,116.75,8436,45763,1.0416,1.0464,1.041,1.0452,1831,7120,99.07,,,,,,,,
2016-12-30,116.33,117.12,116.05,117.11,116.8,7300,32162,1.0566,1.0651,1.0488,1.0508,3750,10440,98.67,,,,,,,,
2017-01-04,117.65,118.18,117.54,117.99,117.93,9304,61004,1.0418,1.0424,1.039,1.0417,1452,16836,98.15,,,,,,,,
2017-01-05,117.13,117.43,115.58,115.95,116.6,13369,52969,1.0497,1.0575,1.0482,1.0559,3316,6318,99.23,,,,,,,,
2017-01-06,115.34,116.39,115.07,116.26,115.7,10918,50041,1.0604,1.0612,1.0575,1.0583,1551,9623,98.46,,,,,,,,
2017-01-10,115.99,116.21,115.2,115.84,115.99,12257,46811,1.0586,1.0627,1.0577,1.0598,2704,11584,99.46,,,,,,,,
2017-01-11,115.87,116.24,115.67,116.05,116,9505,42911,1.0553,1.0566,1.0537,1.0559,1626,13462,99.48,,,,,,,,
2017-01-12,115.1,115.5,114.16,114.31,115.05,14253,61049,1.0595,1.0643,1.0572,1.0631,3465,7428,99.81,,,,,,,,
2017-01-13,114.68,115.19,114.57,114.7,114.99,12254,24468,1.0615,1.0641,1.0605,1.0632,1841,5499,99.95,,,,,,,,
2017-01-16,114.22,114.49,113.63,114.08,114.35,7384,33272,1.0628,1.0636,1.0605,1.0614,1377,5683,100.44,,,,,,,,
2017-01-17,114.16,114.28,113.23,113.29,114.12,13789,59927,1.0603,1.0665,1.0599,1.0656,1807,9028,101.05,,,,,,,,
2017-01-18,112.9,113.43,112.58,113.33,113.05,11865,56556,1.0696,1.0715,1.0677,1.0678,1575,8296,99.87,,,,,,,,
2017-01-19,114.72,114.96,114.44,114.83,114.8,12393,56368,1.0629,1.0646,1.0622,1.0642,2171,9208,99.6,,,,,,,,
2017-01-20,114.94,115.15,114.54,114.8,114.7,9626,54831,1.0659,1.0694,1.0653,1.0673,1756,9795,99.65,,,,,,,,
2017-01-23,113.81,114.45,113.17,113.46,113.88,10519,46917,1.0714,1.0754,1.0703,1.0744,2048,3001,100.85,,,,,,,,
2017-01-24,112.79,113.43,112.53,113.37,112.78,10260,51802,1.0758,1.0774,1.0736,1.0738,1251,7417,100.07,,,,,,,,
2017-01-25,113.86,113.99,113.37,113.55,113.5,8890,57782,1.0729,1.0738,1.0714,1.0714,1429,5415,100.4,,,,,,,,
2017-01-26,113.27,113.81,113.05,113.77,113.36,7999,50027,1.0753,1.0765,1.0733,1.0731,1045,9108,99.63,,,,,,,,
2017-01-27,114.43,115.3,114.4,115.22,115,9775,59351,1.0684,1.0688,1.0659,1.0674,1002,13421,99.27,,,,,,,,
2017-01-30,114.67,114.94,114.27,114.7,114.4,8037,45192,1.0717,1.074,1.0698,1.07,1324,8464,100.25,,,,,,,,
2017-01-31,113.68,113.84,113.24,113.53,113.6,13736,62174,1.0708,1.0713,1.0685,1.07,2107,11949,100.64,,,,,,,,
2017-02-01,112.78,113.63,112.65,113.57,113,9541,61708,1.08,1.0804,1.0775,1.0782,1039,14018,100.3,,,,,,,,
2017-02-02,113.3,113.36,112.47,112.85,112.5,10353,58402,1.0766,1.0795,1.0763,1.0793,1173,7059,100.44,,,,,,,,
2017-02-03,112.8,113.24,112.51,113.12,113,11094,62463,1.0763,1.0771,1.0746,1.0758,848,14408,100.45,,,,,,,,
2017-02-06,112.64,112.77,112.22,112.74,112.55,6857,53213,1.0782,1.0792,1.075,1.0752,1114,12806,101.36,,,,,,,,
2017-02-07,111.82,112.15,111.59,112.12,111.85,7761,46293,1.0743,1.0749,1.0678,1.0682,2634,11206,101.18,,,,,,,,
2017-02-08,112.39,112.54,112.04,112.36,112.4,7418,60328,1.0678,1.0691,1.0655,1.0659,1544,12233,101.51,,,,,,,,
2017-02-09,111.97,112.38,111.75,112.35,112.18,7124,53445,1.0692,1.0699,1.0672,1.0679,1295,14233,100.46,,,,,,,,
2017-02-10,113.46,113.85,113.25,113.84,113.7,10021,37512,1.0657,1.0667,1.0636,1.064,1136,13159,100.46,,,,,,,,
2017-02-13,113.93,114.17,113.49,113.55,113.9,6942,62439,1.0619,1.0643,1.0612,1.0643,1203,8006,100.08,,,,,,,,
2017-02-14,113.69,113.82,113.26,113.56,113.67,7274,62518,1.0599,1.0624,1.0592,1.0607,1644,7569,99.43,,,,,,,,
2017-02-15,114.29,114.59,114.24,114.48,114.33,9719,57358,1.0578,1.0586,1.0566,1.0574,1522,4204,99.4,,,,,,,,
2017-02-16,114.13,114.3,113.75,113.95,113.85,7368,54177,1.0603,1.0624,1.0592,1.0612,1769,9020,100.18,,,,,,,,
2017-02-17,113.33,113.5,113.18,113.43,113.44,6341,23333,1.067,1.0676,1.0654,1.0655,1205,8367,100.82,,,,,,,,
2017-02-20,112.92,113.24,112.79,113.13,112.88,4294,36723,1.0625,1.0633,1.0603,1.0616,991,7221,100.5,,,,,,,,
2017-02-21,113.27,113.71,113.11,113.54,113.5,7897,53432,1.061,1.0615,1.0575,1.0577,2196,13790,100.14,,,,,,,,
2017-02-22,113.67,113.73,113.3,113.41,113.58,7998,53412,1.0542,1.0556,1.0504,1.0508,1859,15530,100.33,,,,,,,,
2017-02-23,113.41,113.46,113.08,113.25,113.36,8628,55111,1.0551,1.0572,1.054,1.0553,1945,7127,100.74,,,,,,,,
2017-02-24,112.7,112.96,112.6,112.73,112.85,7857,61686,1.0585,1.0597,1.057,1.0596,1678,12216,101.24,,,,,,,,
2017-02-27,112.2,112.39,111.92,112.21,112.15,6442,40310,1.0552,1.0579,1.0552,1.0581,1271,12714,100.72,,,,,,,,
2017-02-28,112.75,112.82,112.26,112.31,112.55,10292,53881,1.0583,1.0603,1.0565,1.0595,2556,15828,100.74,,,,,,,,
2017-03-01,113.1,113.66,112.75,113.49,113,15400,56183,1.0569,1.059,1.0537,1.0541,2525,15518,100.03,,,,,,,,
2017-03-02,114.12,114.21,113.72,114.19,114,13395,58192,1.0536,1.0552,1.0523,1.054,1892,10567,99.73,,,,,,,,
2017-03-03,114.35,114.48,114.08,114.27,114.25,10920,40196,1.0507,1.0527,1.0503,1.0522,1611,12572,99.87,,,,,,,,
2017-03-06,113.82,114.13,113.67,113.8,113.8,7086,49023,1.0622,1.0621,1.0593,1.0599,1613,12916,100.09,,,,,,,,
2017-03-07,113.91,114.07,113.77,113.85,114,6201,38280,1.058,1.0599,1.0573,1.0597,1327,7110,99.99,,,,,,,,
2017-03-08,113.92,114.02,113.61,113.89,113.67,8398,54809,1.057,1.0573,1.0557,1.056,1137,10953,99.91,,,,,,,,
2017-03-09,114.41,114.6,114.37,114.53,114.44,8748,42131,1.0545,1.0548,1.0525,1.0535,1492,11133,99.48,,,,,,,,
2017-03-10,115.13,115.46,114.89,115.41,115.2,9868,41101,1.0579,1.0603,1.0573,1.0593,1591,13781,99.26,,,,,,,,
2017-03-13,114.76,114.92,114.51,114.68,114.85,5818,41562,1.069,1.0714,1.0679,1.0695,2144,9385,99.17,,,,,,,,
2017-03-14,114.92,115.18,114.77,115.17,114.85,8468,33435,1.0651,1.0662,1.0637,1.0638,1374,14002,99.44,,,,,,,,
2017-03-15,114.66,114.88,114.62,114.7,114.8,8960,55240,1.0613,1.0639,1.0605,1.0639,1078,9545,99.8,,,,,,,,
2017-03-16,113.39,113.55,112.91,113.23,113.4,12104,54126,1.0738,1.0746,1.072,1.0725,2316,3955,99.87,,,,,,,,
2017-03-17,113.37,113.49,113.28,113.44,113.45,9463,46310,1.0772,1.0782,1.0754,1.0755,1532,13484,100.5,,,,,,,,
2017-03-21,112.57,112.85,112.26,112.83,112.7,9259,44624,1.0737,1.0788,1.0719,1.0782,2483,16031,101.15,,,,,,,,
2017-03-22,111.53,111.79,111.32,111.51,111.51,13169,49236,1.0812,1.0817,1.079,1.0802,1634,11272,101.54,,,,,,,,
2017-03-23,111.37,111.58,111.07,111.24,111.48,10530,50151,1.079,1.0805,1.0783,1.0794,1058,13153,101.84,,,,,,,,
2017-03-24,111,111.48,110.87,111.34,111.34,9222,43379,1.0784,1.0785,1.076,1.0773,1787,10765,101.37,,,,,,,,
2017-03-27,110.56,110.98,110.12,110.19,110.39,9653,41319,1.0846,1.0874,1.0831,1.0866,2270,7441,101.72,,,,,,,,
2017-03-28,110.77,110.83,110.52,110.69,110.57,7499,46817,1.0861,1.0872,1.085,1.0859,984,8437,101.58,,,,,,,,
2017-03-29,111.23,111.31,111.03,111.1,111.22,8389,81736,1.0817,1.0826,1.078,1.0785,1887,14475,101.63,,,,,,,,
2017-03-30,111.15,111.42,110.94,111.07,111.35,10973,47257,1.0758,1.0768,1.0734,1.0737,1302,11122,101.08,,,,,,,,
2017-03-31,111.74,112.21,111.7,111.8,112.05,13434,57366,1.0688,1.0691,1.0673,1.0692,1621,18077,101.49,,,,,,,,
2017-04-03,111.27,111.59,111.13,111.43,111.3,4982,40031,1.0669,1.0681,1.066,1.0667,782,8724,101.97,,,,,,,,
2017-04-04,110.69,110.88,110.34,110.48,110.49,7564,47993,1.067,1.0674,1.0646,1.0651,982,7941,102.26,,,,,,,,
2017-04-05,110.85,110.91,110.54,110.61,110.79,6001,54838,1.0678,1.0689,1.0669,1.0676,909,12414,102.35,,,,,,,,
2017-04-06,110.4,110.59,110.29,110.52,110.5,9354,43169,1.0672,1.0684,1.063,1.0646,1146,9707,102.33,,,,,,,,
2017-04-07,110.89,111,110.14,110.61,110.43,12828,56463,1.0644,1.066,1.0632,1.0636,1136,9376,102.24,,,,,,,,
2017-04-10,111.22,111.59,111.07,111.33,111.42,6135,49460,1.0581,1.0594,1.057,1.0587,1370,8324,102.4,,,,,,,,
2017-04-11,110.71,110.88,110.46,110.55,110.8,6547,56630,1.0598,1.0601,1.0579,1.0591,932,5316,103.58,,,,,,,,
2017-04-12,109.56,109.75,109.35,109.67,109.48,7395,76537,1.061,1.0621,1.0595,1.062,1113,9736,103.74,,,,,,,,
2017-04-13,108.89,109.24,108.73,109.02,108.85,8125,65627,1.0671,1.0676,1.0644,1.0645,1397,13568,103.79,,,,,,,,
2017-04-14,109.11,109.23,108.85,108.93,109.17,3110,34707,1.0617,1.0624,1.0607,1.0621,330,299,104.25,,,,,,,,
2017-04-17,108.32,108.81,108.13,108.33,108.3,5925,34867,1.061,1.0651,1.0603,1.0638,840,1008,103.82,,,,,,,,
2017-04-18,109.14,109.22,108.83,108.87,109.1,7455,70328,1.0644,1.0656,1.0638,1.0651,1039,7272,104.18,,,,,,,,
2017-04-19,108.54,108.9,108.39,108.82,108.55,6783,72846,1.0728,1.0735,1.0713,1.0732,1199,6459,103.92,,,,,,,,
2017-04-20,108.84,109.06,108.73,109,108.95,6177,57967,1.0715,1.0748,1.071,1.0749,1317,8445,103.4,,,,,,,,
2017-04-21,109.39,109.42,109.12,109.21,109.25,5716,63070,1.0714,1.0735,1.0708,1.0722,1089,11734,103.66,,,,,,,,
2017-04-24,110.02,110.31,109.86,110.08,110.04,8007,61172,1.0873,1.09,1.0821,1.0856,5455,14335,102.65,,,,,,,,
2017-04-25,109.63,110.36,109.6,110.31,109.92,7283,57324,1.0866,1.0894,1.0852,1.0886,1707,14191,101.35,,,,,,,,
2017-04-26,111.08,111.52,110.97,111.24,111.35,8764,63684,1.0928,1.095,1.0907,1.0914,1526,12862,101.51,,,,,,,,
2017-04-27,111.18,111.42,111.12,111.27,111.3,5448,42871,1.0909,1.0921,1.0897,1.0906,1474,12656,101.41,,,,,,,,
2017-04-28,111.23,111.35,111.07,111.29,111.25,8143,61176,1.0866,1.089,1.0858,1.0886,1249,14388,101.12,,,,,,,,
2017-05-01,111.31,111.91,111.21,111.84,111.45,4198,32681,1.0907,1.0911,1.0886,1.0891,390,3682,100.87,,,,,,,,
2017-05-02,111.83,112.18,111.79,112.17,112,9109,53094,1.0909,1.0924,1.0901,1.0908,902,21849,100.54,,,,,,,,
2017-05-08,112.66,112.91,112.53,112.56,112.75,6561,53038,1.0964,1.1004,1.0954,1.0957,2376,13514,99.7,,,,,,,,
2017-05-09,113.22,113.69,113.14,113.64,113.5,10363,55479,1.0927,1.0933,1.0904,1.0924,884,9478,99.26,,,,,,,,
2017-05-10,113.71,114.13,113.63,113.91,113.85,8722,47765,1.0886,1.0898,1.0878,1.0892,1135,6328,98.88,,,,,,,,
2017-05-11,114.33,114.37,114.07,114.21,114.15,7937,51069,1.0867,1.0891,1.0864,1.0887,826,10524,99.14,,,,,,,,
2017-05-12,113.82,113.95,113.55,113.61,113.88,7804,45213,1.0864,1.0874,1.0857,1.0863,1061,11407,99.44,,,,,,,,
2017-05-15,113.27,113.73,113.21,113.65,113.4,6508,56921,1.0928,1.0945,1.0923,1.0942,1137,12751,98.78,,,,,,,,
2017-05-16,113.65,113.77,113.26,113.46,113.49,5531,69611,1.0981,1.1035,1.0978,1.1029,2121,14451,99.12,,,,,,,,
2017-05-17,112.7,113.09,112.26,112.45,112.65,11794,42666,1.1094,1.1122,1.1082,1.1089,4485,9443,101.13,,,,,,,,
2017-05-18,111.07,111.42,110.72,110.92,111.03,14897,55779,1.1154,1.1172,1.1122,1.1133,2527,8273,100.8,,,,,,,,
2017-05-19,111.43,111.58,111.12,111.48,111.38,11458,63700,1.1111,1.1143,1.11,1.1139,1418,26948,100.6,,,,,,,,
2017-05-22,111.29,111.61,111.15,111.31,111.48,5652,58610,1.1204,1.121,1.1165,1.1172,2442,17464,100.45,,,,,,,,
2017-05-23,110.93,111.35,110.86,111.21,111.08,7151,55262,1.1237,1.1266,1.1222,1.1252,2291,8298,100.22,,,,,,,,
2017-05-24,111.96,112.05,111.74,111.94,111.8,8784,44849,1.1179,1.1191,1.117,1.1176,2913,8784,100.33,,,,,,,,
2017-05-25,111.55,111.89,111.51,111.83,111.64,7472,43507,1.1231,1.1245,1.1212,1.1243,2604,9658,99.99,,,,,,,,
2017-05-26,111.75,111.84,111.2,111.25,111.56,8273,47667,1.1211,1.1223,1.1185,1.1219,1876,12580,100.44,,,,,,,,
2017-05-29,111.26,111.47,111.18,111.3,111.35,4323,26994,1.1176,1.1185,1.1162,1.118,1287,5633,100.56,,,,,,,,
2017-05-30,111.2,111.29,110.77,111.08,110.85,7482,45696,1.113,1.1153,1.111,1.1141,3741,10191,100.91,,,,,,,,
2017-05-31,110.85,111.23,110.76,110.96,110.95,8992,72664,1.1173,1.1196,1.1165,1.1185,1835,18543,100.69,,,,,,,,
2017-06-01,110.81,111.09,110.72,111.01,111,7087,54070,1.1239,1.1257,1.123,1.1233,2563,12019,100.17,,,,,,,,
2017-06-02,111.44,111.71,111.31,111.57,111.63,7611,53492,1.1214,1.1228,1.1213,1.1216,1292,18590,100.84,,,,,,,,
2017-06-05,110.47,110.73,110.31,110.53,110.56,5408,50115,1.1278,1.1282,1.1262,1.1266,1132,14246,100.76,,,,,,,,
2017-06-06,110.4,110.5,109.57,109.63,109.87,11972,60381,1.1258,1.1278,1.1242,1.125,1710,14138,101.59,,,,,,,,
2017-06-07,109.5,109.63,109.22,109.3,109.5,7590,53431,1.1271,1.1282,1.1247,1.1254,2511,8032,101.33,,,,,,,,
2017-06-08,109.92,110.01,109.38,109.77,109.85,9598,42769,1.1257,1.1266,1.1248,1.126,2622,17350,101.23,,,,,,,,
2017-06-09,109.87,110.47,109.83,110.32,110.3,9344,39934,1.1191,1.1215,1.118,1.119,4062,7504,101.01,,,,,,,,
2017-06-12,110.31,110.44,110.16,110.21,110.2,5077,41660,1.1202,1.1223,1.1197,1.1222,1815,4981,101.42,,,,,,,,
2017-06-13,109.93,110.27,109.83,110.24,109.99,4740,58234,1.1198,1.1225,1.1186,1.1218,1485,18473,101.19,,,,,,,,
2017-06-14,110.07,110.2,109.96,110.19,110.05,5878,55106,1.121,1.1225,1.1207,1.1209,1578,13527,101.5,,,,,,,,
2017-06-15,109.45,109.8,109.28,109.52,109.7,11815,61533,1.1214,1.1228,1.118,1.1194,1572,8309,100.62,,,,,,,,
2017-06-16,110.99,111.38,110.85,111.19,111.08,9517,58033,1.1149,1.1166,1.1139,1.1168,1144,5128,100.56,,,,,,,,
2017-06-19,110.98,111.2,110.79,111.12,111.04,5366,30818,1.1204,1.1206,1.1184,1.1195,1155,7463,100.17,,,,,,,,
2017-06-20,111.7,111.79,111.54,111.67,111.69,9038,43792,1.1144,1.1165,1.1141,1.1163,1317,17233,100.45,,,,,,,,
2017-06-21,111.34,111.48,111.08,111.14,111.37,6868,49184,1.1137,1.1138,1.1129,1.1133,1594,8706,100.49,,,,,,,,
2017-06-22,111.33,111.43,110.95,111.01,111.15,8636,48549,1.1168,1.1177,1.1156,1.1163,1404,8850,100.53,,,,,,,,
2017-06-23,111.3,111.43,111.22,111.29,111.36,4674,39087,1.115,1.1179,1.1145,1.1177,792,7728,100.41,,,,,,,,
2017-06-26,111.24,111.5,111.21,111.46,111.31,5208,40480,1.12,1.1208,1.1186,1.1201,918,8822,99.89,,,,,,,,
2017-06-27,111.88,112.07,111.54,111.64,111.95,10132,57606,1.1183,1.1204,1.1179,1.1188,1586,15056,99.23,,,,,,,,
2017-06-28,112.2,112.42,112.04,112.15,112.1,9984,74201,1.1337,1.1387,1.1336,1.1379,4147,17205,99.11,,,,,,,,
2017-06-29,112.35,112.58,112.14,112.51,112.29,11256,54991,1.1378,1.1432,1.1375,1.1427,3406,10400,99.1,,,,,,,,
2017-06-30,112.02,112.15,111.73,112.06,111.94,11969,66653,1.1439,1.1445,1.1402,1.1412,1997,18507,98.82,,,,,,,,
2017-07-03,112.24,112.87,112.2,112.8,112.53,11151,30788,1.1423,1.1426,1.1392,1.1395,1620,5397,98.27,,,,,,,,
2017-07-04,113.39,113.42,112.74,113.11,113.22,9514,42974,1.1372,1.1376,1.1337,1.1362,1393,5407,98.42,,,,,,,,
2017-07-05,112.98,113.58,112.83,113.49,113.07,10899,51552,1.136,1.1368,1.1345,1.1364,1230,16563,98.44,,,,,,,,
2017-07-06,113.21,113.38,112.88,113.34,113.05,8590,45683,1.1347,1.1356,1.133,1.1352,1624,10614,98.43,,,,,,,,
2017-07-07,113.16,113.83,113.11,113.7,113.78,10253,53494,1.142,1.1427,1.1407,1.142,2678,14456,97.86,,,,,,,,
2017-07-10,113.98,114.3,113.91,114.18,114.1,7145,55457,1.1404,1.1417,1.1398,1.1417,982,13028,97.71,,,,,,,,
2017-07-11,114.07,114.47,114.04,114.32,114.18,8321,57633,1.1397,1.1399,1.1384,1.1391,1384,12342,97.69,,,,,,,,
2017-07-12,113.76,113.96,113.32,113.45,113.47,8750,67302,1.1474,1.1489,1.1448,1.1449,2540,9552,98.17,,,,,,,,
2017-07-13,113.33,113.53,112.86,113.13,113.18,7259,55883,1.1419,1.1456,1.1413,1.1422,2770,10691,98.05,,,,,,,,
2017-07-14,113.43,113.57,113.15,113.29,113.5,7486,57987,1.1404,1.1423,1.1392,1.1417,1835,12195,98.34,,,,,,,,
2017-07-18,112.61,112.65,111.99,112.24,112.2,8236,61426,1.1474,1.1537,1.1472,1.1529,5136,8649,98.49,,,,,,,,
2017-07-19,111.99,112.23,111.88,112.15,112.05,6229,61639,1.1548,1.1555,1.1519,1.1521,2021,11353,98.66,,,,,,,,
2017-07-20,111.89,112.32,111.77,112.28,111.84,9750,55623,1.1529,1.1532,1.15,1.1501,3329,7176,98.51,,,,,,,,
2017-07-21,111.9,112.08,111.72,111.75,111.95,6135,40515,1.1629,1.1675,1.162,1.1639,2978,13489,99.14,,,,,,,,
2017-07-24,110.94,111.18,110.71,110.82,110.89,7158,45783,1.1681,1.1684,1.1633,1.164,2146,19981,99.14,,,,,,,,
2017-07-25,111.25,111.34,110.83,111.21,111.3,9632,46759,1.1639,1.1668,1.1631,1.1652,2857,15301,98.55,,,,,,,,
2017-07-26,112.02,112.08,111.79,111.84,111.9,8733,46707,1.1644,1.1653,1.1621,1.163,2534,18240,98.85,,,,,,,,
2017-07-27,111.18,111.26,110.79,111.21,110.9,9310,62513,1.173,1.1777,1.1716,1.1723,5542,9429,98.91,,,,,,,,
2017-07-28,111.1,111.3,110.87,111.11,111.04,8719,62531,1.1689,1.1714,1.1672,1.1697,2214,10554,99.37,,,,,,,,
2017-07-31,110.5,110.76,110.3,110.63,110.55,7573,52615,1.1747,1.1763,1.1724,1.1725,1785,19570,99.5,,,,,,,,
2017-08-01,110.37,110.42,110.01,110.21,110.3,10500,57916,1.1821,1.1837,1.1812,1.182,2160,9455,99.52,,,,,,,,
2017-08-02,110.44,110.93,110.31,110.8,110.75,7440,53535,1.1811,1.1843,1.1794,1.1834,2808,16992,99.09,,,,,,,,
2017-08-03,110.76,110.82,110.56,110.64,110.72,6159,46916,1.1852,1.1857,1.1834,1.1842,2156,11506,99.75,,,,,,,,
2017-08-04,109.89,110.18,109.85,110.09,110.1,7921,37424,1.1883,1.1888,1.1871,1.1883,1941,20035,99.32,,,,,,,,
2017-08-07,110.81,110.85,110.65,110.79,110.75,4133,45637,1.1778,1.1813,1.1774,1.181,2188,10503,99.26,,,,,,,,
2017-08-08,110.77,110.81,110.53,110.59,110.75,5185,51757,1.1801,1.1824,1.1794,1.1808,1735,15092,99.63,,,,,,,,
2017-08-09,110.11,110.31,109.74,109.83,109.9,11386,43191,1.1754,1.1764,1.1718,1.1743,2659,7085,99.84,,,,,,,,
2017-08-10,110.04,110.18,109.9,110.01,110,9143,47417,1.1763,1.177,1.1717,1.1722,1359,16108,100.56,,,,,,,,
2017-08-14,109.26,109.77,109.12,109.75,109.37,6686,48053,1.1826,1.1836,1.1802,1.1808,1505,7803,100.2,,,,,,,,
2017-08-15,109.94,110.48,109.62,110.34,110.18,8279,71600,1.1776,1.1792,1.1724,1.1747,1720,15904,99.37,,,,,,,,
2017-08-16,110.6,110.93,110.55,110.87,110.66,5287,50063,1.174,1.1758,1.1715,1.1716,2341,8468,99.65,,,,,,,,
2017-08-17,110,110.15,109.67,109.93,110,10450,73798,1.1774,1.179,1.1752,1.1756,2860,12820,100.35,,,,,,,,
2017-08-18,109.33,109.56,108.97,109.06,109.4,10416,53016,1.1716,1.1755,1.1709,1.1726,1561,22626,100.55,,,,,,,,
2017-08-21,109.33,109.42,108.93,108.94,109.26,5008,58346,1.1757,1.1763,1.1732,1.1741,875,23166,100.62,,,,,,,,
2017-08-22,109.02,109.46,108.9,109.36,109.25,7566,49546,1.1811,1.1824,1.1785,1.1794,1792,21446,100.14,,,,,,,,
2017-08-23,109.74,109.83,109.33,109.43,109.7,7242,45351,1.1761,1.1788,1.1741,1.1782,1408,14228,100.5,,,,,,,,
2017-08-24,108.91,109.36,108.85,109.27,109.18,7981,61701,1.1816,1.1818,1.1787,1.1793,2053,10610,100.03,,,,,,,,
2017-08-25,109.52,109.8,109.5,109.68,109.6,7006,52861,1.1798,1.1804,1.1774,1.1781,2220,11214,99.88,,,,,,,,
2017-08-28,109.35,109.4,109.03,109.16,109.1,5743,38166,1.1952,1.196,1.1918,1.1927,2943,8370,99.74,,,,,,,,
2017-08-29,108.74,108.96,108.33,108.51,108.8,13573,60766,1.1965,1.2047,1.1956,1.2048,4453,15726,99.34,,,,,,,,
2017-08-30,109.78,110.17,109.55,110.02,109.85,10834,59069,1.197,1.1984,1.1939,1.1957,3242,12097,98.95,,,,,,,,
2017-08-31,110.47,110.62,110.25,110.49,110.5,11248,46116,1.1891,1.1903,1.1867,1.1892,3236,15010,99.11,,,,,,,,
2017-09-01,110.13,110.22,109.95,110.18,110.1,8972,34495,1.191,1.1923,1.188,1.1886,2871,20480,98.67,,,,,,,,
2017-09-04,109.82,109.92,109.39,109.48,109.8,6933,28140,1.1882,1.1903,1.1876,1.19,1464,9236,99.05,,,,,,,,
2017-09-05,109.79,109.83,109.21,109.46,109.32,8446,53742,1.1893,1.1911,1.1869,1.1879,2395,7558,99.83,,,,,,,,
2017-09-06,108.61,108.82,108.51,108.79,108.51,8677,45666,1.1924,1.194,1.1904,1.1934,1813,5014,99.35,,,,,,,,
2017-09-07,109.15,109.26,108.9,109,109.08,7296,68804,1.1926,1.1956,1.1915,1.1954,3922,18574,99.55,,,,,,,,
2017-09-08,108.26,108.48,107.59,107.75,108.36,14993,59113,1.2029,1.2092,1.2019,1.2049,4834,9920,100.17,,,,,,,,
2017-09-11,108.25,108.61,108.16,108.43,108.45,9055,38362,1.2017,1.2023,1.1994,1.2014,1795,10411,99.05,,,,,,,,
2017-09-12,109.4,109.59,109.24,109.55,109.4,7669,50027,1.1958,1.1977,1.1946,1.1974,1811,13126,98.34,,,,,,,,
2017-09-13,110.23,110.29,109.92,109.95,110.15,7106,44832,1.1972,1.1993,1.1965,1.1985,1795,10982,98.33,,,,,,,,
2017-09-14,110.51,110.73,110.37,110.41,110.47,8505,73457,1.1888,1.1908,1.1867,1.1906,2324,18941,98.45,,,,,,,,
2017-09-15,109.94,110.77,109.55,110.71,110.18,10737,54846,1.1921,1.193,1.1902,1.1921,1559,11103,97.83,,,,,,,,
2017-09-19,111.49,111.88,111.38,111.71,111.5,7802,46209,1.196,1.2005,1.1953,1.1994,2022,9015,97.28,,,,,,,,
2017-09-20,111.6,111.65,111.34,111.4,111.61,5262,59462,1.1993,1.2019,1.1987,1.1999,2281,10614,96.96,,,,,,,,
2017-09-21,112.55,112.72,112.28,112.55,112.53,10843,45162,1.1874,1.1906,1.1866,1.1904,2686,16189,96.64,,,,,,,,
2017-09-22,112.46,112.55,111.65,112.01,112.05,9184,43953,1.1945,1.2005,1.1938,1.1993,2554,15166,97.11,,,,,,,,
2017-09-25,112.45,112.53,112.09,112.24,112.51,6631,48090,1.1927,1.1936,1.1902,1.191,2529,10180,97.68,,,,,,,,
2017-09-26,111.74,111.8,111.5,111.76,111.55,6530,61452,1.1856,1.1861,1.181,1.1812,3239,5771,97.45,,,,,,,,
2017-09-27,112.39,112.82,112.26,112.69,112.42,11094,49515,1.1784,1.1795,1.1743,1.1756,3151,15316,97.23,,,,,,,,
2017-09-28,112.89,113.21,112.71,112.83,112.89,11054,52430,1.175,1.1757,1.1722,1.1755,2100,9202,97.64,,,,,,,,
2017-09-29,112.49,112.73,112.32,112.46,112.66,12458,62116,1.1782,1.1808,1.1773,1.1794,1820,9170,97.37,,,,,,,,
2017-10-02,112.66,113.06,112.54,112.99,112.76,5839,56479,1.1807,1.1815,1.1739,1.1742,1923,16722,97.52,,,,,,,,
2017-10-03,112.77,113.19,112.66,113.1,112.93,10017,57440,1.1733,1.1744,1.1696,1.1743,3131,25161,97.33,,,,,,,,
2017-10-04,112.85,112.89,112.42,112.52,112.6,7370,44883,1.1748,1.178,1.1737,1.1757,2193,10753,97.28,,,,,,,,
2017-10-05,112.82,112.92,112.62,112.7,112.75,4377,34539,1.1757,1.1778,1.1749,1.1772,1417,6448,97.39,,,,,,,,
2017-10-06,112.79,113.06,112.76,113,113,7087,65156,1.1714,1.1715,1.1686,1.1689,2195,8291,97.6,,,,,,,,
2017-10-10,112.68,112.82,112.5,112.56,112.65,5329,57733,1.1741,1.1788,1.174,1.1766,3044,13620,97.27,,,,,,,,
2017-10-11,112.36,112.58,112.23,112.29,112.33,6233,38769,1.1814,1.1834,1.1796,1.1828,2571,10846,97.06,,,,,,,,
2017-10-12,112.45,112.52,112.21,112.23,112.38,4675,53609,1.1864,1.188,1.1859,1.1868,2161,11208,97.29,,,,,,,,
2017-10-13,112.24,112.3,111.86,112.01,112.25,6165,45824,1.1831,1.1852,1.1818,1.1829,1439,11044,97.51,,,,,,,,
2017-10-16,111.88,112.08,111.66,111.73,112,4291,56886,1.1814,1.1819,1.1781,1.1794,1896,10991,97.38,,,,,,,,
2017-10-17,112.19,112.3,112.04,112.13,112.19,5692,60911,1.1795,1.1797,1.1755,1.1773,2063,15354,97.51,,,,,,,,
2017-10-18,112.22,112.53,112.14,112.51,112.21,5703,50819,1.1771,1.178,1.1749,1.1762,1029,15211,96.93,,,,,,,,
2017-10-19,113.01,113.14,112.63,112.68,113,9154,68023,1.1795,1.1822,1.1792,1.1814,2143,12205,97.11,,,,,,,,
2017-10-20,112.69,113.35,112.53,113.33,113.17,12514,54444,1.1849,1.1857,1.1792,1.1806,3002,12843,96.56,,,,,,,,
2017-10-23,114.05,114.1,113.62,113.78,114,9294,44592,1.1756,1.1777,1.1752,1.1756,1490,11508,96.72,,,,,,,,
2017-10-24,113.35,113.71,113.25,113.67,113.37,6954,49013,1.1755,1.177,1.1745,1.1756,1588,9230,96.43,,,,,,,,
2017-10-25,113.95,113.98,113.75,113.9,113.91,8909,43411,1.176,1.1769,1.1754,1.1761,1487,8333,96.48,,,,,,,,
2017-10-26,113.59,113.8,113.35,113.78,113.55,8053,44984,1.1819,1.1836,1.1813,1.1819,2498,8148,96.65,,,,,,,,
2017-10-27,114.13,114.31,113.99,114.11,114.15,10266,53471,1.1638,1.1655,1.1617,1.1634,4680,8162,96.89,,,,,,,,
2017-10-30,113.72,113.83,113.53,113.72,113.74,5825,33282,1.1607,1.1622,1.1595,1.162,2242,6560,97.19,,,,,,,,
2017-10-31,113.02,113.29,112.96,113.09,113.15,9621,55372,1.1652,1.1652,1.1625,1.1644,2028,14504,96.76,,,,,,,,
2017-11-01,113.65,113.97,113.61,113.9,113.9,7137,57827,1.1652,1.1655,1.1626,1.1652,1592,11931,96.17,,,,,,,,
2017-11-02,114.18,114.21,113.73,114.02,114.02,8595,63499,1.1629,1.1671,1.1614,1.1643,3888,17279,96.16,,,,,,,,
2017-11-06,114.17,114.74,114.06,114.32,114.37,9869,41667,1.1616,1.1623,1.1597,1.1612,2056,16610,96.6,,,,,,,,
2017-11-07,113.77,114.17,113.71,114.17,113.77,7036,59627,1.1612,1.1615,1.1586,1.1589,1697,22562,96.54,,,,,,,,
2017-11-08,113.75,114,113.65,113.83,113.78,6964,71300,1.1602,1.1606,1.1585,1.1595,1677,11036,96.57,,,,,,,,
2017-11-09,113.91,114.07,113.45,113.52,114,10400,50083,1.1595,1.1616,1.1586,1.1606,1634,17091,96.92,,,,,,,,
2017-11-10,113.36,113.6,113.27,113.56,113.36,7955,57711,1.1646,1.1654,1.163,1.1633,1552,13035,96.88,,,,,,,,
2017-11-13,113.7,113.71,113.35,113.46,113.66,4188,49889,1.1661,1.1665,1.164,1.1641,1207,5955,96.82,,,,,,,,
2017-11-14,113.61,113.74,113.59,113.74,113.65,6209,68468,1.1665,1.1694,1.1662,1.169,1640,20044,96.72,,,,,,,,
2017-11-15,113.42,113.49,112.91,113,113.46,9972,59408,1.1791,1.1816,1.1785,1.1811,2725,12227,97.12,,,,,,,,
2017-11-16,112.76,113.27,112.76,113.25,113.03,6844,59207,1.1783,1.1801,1.1769,1.1772,2966,8279,96.88,,,,,,,,
2017-11-17,113.05,113.14,112.4,112.58,112.94,9848,44372,1.1779,1.1821,1.1766,1.1788,3696,6769,97.65,,,,,,,,
2017-11-20,112.02,112.2,111.89,112.05,112,6795,37710,1.1735,1.1796,1.1722,1.1754,4056,14162,97.34,,,,,,,,
2017-11-21,112.56,112.7,112.43,112.57,112.6,5975,53902,1.1738,1.1749,1.173,1.1737,1570,8654,97.33,,,,,,,,
2017-11-22,112.34,112.49,112,112.06,112.33,7020,59546,1.1742,1.1761,1.1734,1.1758,1552,7324,98.03,,,,,,,,
2017-11-24,111.26,111.56,111.2,111.42,111.45,7296,43299,1.185,1.1859,1.1837,1.1848,2196,8027,97.53,,,,,,,,
2017-11-27,111.67,111.69,111.32,111.37,111.4,7146,45293,1.1928,1.1936,1.1912,1.1928,1996,8435,98.01,,,,,,,,
2017-11-28,111.14,111.34,110.94,111.31,111.18,8241,66329,1.1904,1.191,1.1885,1.1889,2776,9193,97.75,,,,,,,,
2017-11-29,111.63,111.66,111.38,111.46,111.45,10216,46376,1.1849,1.1872,1.184,1.1869,2565,10202,97.35,,,,,,,,
2017-11-30,112.01,112.29,111.91,112.29,112,10233,62197,1.1851,1.1875,1.1846,1.1865,1783,16502,96.8,,,,,,,,
2017-12-01,112.59,112.69,112.32,112.63,112.43,10143,52874,1.1899,1.1932,1.1889,1.1915,3034,13109,97,,,,,,,,
2017-12-04,112.89,113.07,112.66,113,112.75,7616,56113,1.1856,1.1876,1.1837,1.185,1860,13317,96.93,,,,,,,,
2017-12-05,112.5,112.69,112.38,112.63,112.5,7988,58484,1.1868,1.1876,1.1856,1.1858,1656,16824,96.84,,,,,,,,
2017-12-06,112.47,112.62,111.99,112.11,112.45,12194,51360,1.1831,1.1848,1.1817,1.1825,2709,15028,97.24,,,,,,,,
2017-12-07,112.31,112.61,112.23,112.55,112.4,6717,46177,1.1805,1.1808,1.1787,1.1795,1555,14629,96.65,,,,,,,,
2017-12-08,113.21,113.48,113.07,113.47,113.3,9628,44561,1.1772,1.1776,1.1744,1.1751,2383,21747,96.31,,,,,,,,
2017-12-11,113.57,113.69,113.38,113.44,113.63,6960,41935,1.1768,1.179,1.1765,1.1783,1658,11045,96.21,,,,,,,,
2017-12-12,113.55,113.58,113.38,113.47,113.48,5916,57030,1.1777,1.1782,1.1765,1.1772,1540,17139,96.36,,,,,,,,
2017-12-13,113.54,113.57,113.13,113.44,113.34,7995,55549,1.1743,1.1763,1.1736,1.1739,2010,13391,96.89,,,,,,,,
2017-12-14,112.77,112.8,112.54,112.77,112.77,7194,42862,1.1836,1.1843,1.1811,1.1817,2204,8687,97.11,,,,,,,,
2017-12-15,112.4,112.4,112.12,112.16,112.36,8030,39928,1.1774,1.1796,1.1765,1.1792,2094,6769,96.98,,,,,,,,
2017-12-18,112.73,112.84,112.53,112.68,112.66,4974,32108,1.1743,1.178,1.1738,1.1781,1242,13421,96.96,,,,,,,,
2017-12-19,112.58,112.66,112.52,112.52,112.62,4679,50114,1.1784,1.1807,1.1777,1.1806,1470,14763,96.55,,,,,,,,
2017-12-20,113.01,113.17,112.85,113.14,112.95,7859,53247,1.1837,1.1849,1.183,1.1842,1780,7688,95.87,,,,,,,,
2017-12-21,113.26,113.6,113.11,113.58,113.4,7624,49185,1.1878,1.1882,1.1864,1.1873,2035,9165,95.95,,,,,,,,
2017-12-22,113.32,113.44,113.27,113.41,113.33,5520,35551,1.1852,1.1875,1.1817,1.1853,3554,8651,95.97,,,,,,,,
2017-12-25,113.32,113.38,113.09,113.25,113.3,989,10221,1.1853,1.1875,1.1843,1.1876,165,0,95.86,,,,,,,,
2017-12-26,113.31,113.38,113.26,113.29,113.3,3909,35374,1.1871,1.1875,1.1863,1.1873,817,297,95.91,,,,,,,,
2017-12-27,113.21,113.38,113.15,113.19,113.2,8076,43877,1.1857,1.1885,1.1856,1.1867,1373,8204,95.77,,,,,,,,
2017-12-28,113.23,113.28,112.66,112.73,113.22,6845,47152,1.19,1.194,1.1895,1.194,1927,6152,95.89,,,,,,,,
2017-12-29,112.89,112.97,112.64,112.65,112.9,6647,43863,1.194,1.1959,1.1937,1.1954,1313,17133,95.77,,,,,,,,
2018-01-04,112.62,112.78,112.49,112.58,112.7,4833,57425,1.2011,1.2038,1.2005,1.2028,1889,13200,95.32,,,,,,,,
2018-01-05,112.81,113.15,112.73,113.15,112.79,7024,45680,1.2066,1.2079,1.2057,1.2058,2505,8864,95.04,,,,,,,,
2018-01-09,113.15,113.18,112.5,112.75,112.67,7762,51614,1.1969,1.1975,1.195,1.1951,2319,4824,95.89,,,,,,,,
2018-01-10,112.78,112.78,111.76,111.94,112.3,11643,42057,1.1929,1.1949,1.1924,1.1936,2484,7644,96.77,,,,,,,,
2018-01-11,111.45,111.87,111.32,111.79,111.75,8292,46653,1.1956,1.197,1.193,1.1939,3508,8258,96.64,,,,,,,,
2018-01-12,111.29,111.4,111.07,111.37,111.23,10713,35741,1.2043,1.2075,1.2031,1.2063,5575,5217,96.28,,,,,,,,
2018-01-15,111.15,111.18,110.58,110.82,110.7,7200,34755,1.2192,1.2241,1.2188,1.2212,5090,5927,96.53,,,,,,,,
2018-01-16,110.62,110.98,110.47,110.72,110.75,9475,71150,1.2268,1.2283,1.2217,1.2247,6705,14807,96.69,,,,,,,,
2018-01-17,110.39,110.93,110.2,110.77,110.32,9853,72637,1.2271,1.2323,1.2209,1.2219,8334,13817,96.02,,,,,,,,
2018-01-18,111.35,111.48,111.1,111.24,111.35,9241,67282,1.2181,1.221,1.2165,1.2207,3911,9499,96,,,,,,,,
2018-01-19,111.04,111.13,110.67,110.7,111.05,10508,64505,1.2235,1.2279,1.2231,1.2272,4324,14735,96.17,,,,,,,,
2018-01-22,110.7,110.92,110.51,110.79,110.8,8000,61399,1.2256,1.2272,1.2214,1.2239,3081,9193,95.97,,,,,,,,
2018-01-23,110.98,111.18,110.55,110.98,110.96,10559,65350,1.2257,1.2277,1.224,1.2253,2376,12030,96.48,,,,,,,,
2018-01-24,110.13,110.33,109.81,109.96,110.05,11200,65991,1.2309,1.2335,1.2285,1.2312,6018,13395,96.87,,,,,,,,
2018-01-25,109.32,109.48,108.74,109.03,109,15141,70284,1.2393,1.2459,1.2385,1.2419,6735,4849,96.52,,,,,,,,
2018-01-26,109.68,109.77,108.92,109.04,109.75,13501,58942,1.2391,1.2493,1.237,1.2475,4602,11408,97.11,,,,,,,,
2018-01-29,108.61,109.05,108.51,108.94,108.78,7717,56973,1.243,1.2432,1.2385,1.2404,3980,13398,97.06,,,,,,,,
2018-01-30,108.95,109.2,108.61,108.76,108.85,11143,63243,1.2382,1.2388,1.2346,1.2356,3632,10494,97.18,,,,,,,,
2018-01-31,108.76,109.09,108.6,108.7,108.84,10597,95949,1.2409,1.2462,1.2398,1.2445,4100,21299,96.55,,,,,,,,
2018-02-01,109.19,109.63,109.09,109.59,109.18,8374,76593,1.2418,1.2428,1.2385,1.2403,2370,12384,96.28,,,,,,,,
2018-02-02,109.41,109.83,109.29,109.78,109.4,9762,67429,1.2511,1.2515,1.2487,1.2509,3020,8450,95.98,,,,,,,,
2018-02-05,110.03,110.29,109.79,109.91,109.95,7089,65105,1.2446,1.2466,1.2425,1.244,1861,10061,97.12,,,,,,,,
2018-02-06,109.07,109.3,108.46,109.03,108.7,15685,55334,1.2366,1.2405,1.2351,1.2396,4079,15179,96.49,,,,,,,,
2018-02-07,109.63,109.72,108.97,109.04,109.42,8017,64561,1.238,1.2405,1.2375,1.2384,2850,9787,96.97,,,,,,,,
2018-02-08,109.15,109.78,109.12,109.54,109.38,8613,59583,1.2271,1.2295,1.2253,1.2268,3085,8536,97.99,,,,,,,,
2018-02-09,108.56,109.18,108.5,109.16,108.84,10967,57790,1.2261,1.2286,1.2241,1.2284,2441,17992,97.59,,,,,,,,
2018-02-13,108.71,108.78,107.67,107.76,108.72,11602,55469,1.2301,1.2331,1.2285,1.2317,2561,14901,98.54,,,,,,,,
2018-02-14,107.77,107.91,106.84,107.41,107.1,12844,82810,1.2354,1.2392,1.2348,1.2373,2730,8958,98.91,,,,,,,,
2018-02-15,106.55,107,106.18,106.37,106.58,13204,68387,1.2468,1.251,1.2449,1.25,3033,13727,99.54,,,,,,,,
2018-02-16,106.1,106.34,105.55,106.02,105.7,15210,33012,1.2505,1.2555,1.2498,1.2529,4071,4374,99.65,,,,,,,,
2018-02-19,106.28,106.64,106.1,106.57,106.33,5912,41130,1.2412,1.2435,1.2388,1.2413,2188,3976,99.33,,,,,,,,
2018-02-20,106.72,107.01,106.58,106.98,106.78,13302,75570,1.24,1.2411,1.2357,1.236,3124,10341,98.87,,,,,,,,
2018-02-21,107.39,107.9,107.28,107.78,107.5,11027,73393,1.2335,1.2344,1.231,1.2315,2839,7611,98.66,,,,,,,,
2018-02-22,107.58,107.77,107.16,107.47,107.35,11232,75752,1.2281,1.2285,1.226,1.2273,3246,9043,99.51,,,,,,,,
2018-02-23,106.85,107.14,106.66,107.03,106.9,9056,68483,1.2326,1.2337,1.228,1.2295,2996,19671,99.3,,,,,,,,
2018-02-26,107.08,107.15,106.38,106.55,106.5,9951,60609,1.2289,1.2334,1.2281,1.2321,2021,12408,99.06,,,,,,,,
2018-02-27,107.07,107.1,106.78,107.02,106.89,6083,61205,1.2316,1.2344,1.2309,1.2341,2366,14214,99.02,,,,,,,,
2018-02-28,107.44,107.52,107.01,107.08,107.32,11656,84349,1.2226,1.2241,1.2216,1.2224,3539,25652,99.84,,,,,,,,
2018-03-01,106.64,106.87,106.55,106.81,106.68,11427,74708,1.2192,1.2213,1.2184,1.2201,2865,16558,100.28,,,,,,,,
2018-03-02,106.17,106.29,105.71,105.74,106.25,12604,57621,1.2272,1.2287,1.2252,1.2264,3505,23304,100.58,,,,,,,,
2018-03-05,105.56,105.68,105.35,105.4,105.55,10967,49282,1.2318,1.2364,1.227,1.2284,3692,12233,100.1,,,,,,,,
2018-03-06,106.26,106.47,106.07,106.15,106.35,13225,60682,1.2337,1.2363,1.233,1.2335,3332,10760,99.74,,,,,,,,
2018-03-07,105.58,106.17,105.45,105.72,105.62,14505,50176,1.2416,1.2433,1.2406,1.2408,2703,7216,99.91,,,,,,,,
2018-03-08,106.19,106.21,105.9,105.95,106.12,8828,53238,1.2413,1.2414,1.2395,1.2412,3084,13286,100.09,,,,,,,,
2018-03-09,106.42,106.94,106.17,106.7,106.7,11931,50697,1.2307,1.2321,1.2296,1.2319,3177,17186,99.39,,,,,,,,
2018-03-12,106.89,106.97,106.36,106.58,106.62,7049,45415,1.2309,1.2341,1.2307,1.2338,1868,9703,99.68,,,,,,,,
2018-03-13,106.31,106.99,106.25,106.98,106.36,13351,74446,1.2339,1.2344,1.2318,1.2319,1633,9266,99.41,,,,,,,,
2018-03-14,106.53,106.75,106.38,106.61,106.45,8527,54102,1.2393,1.2412,1.2387,1.2389,2534,11797,99.62,,,,,,,,
2018-03-15,106.17,106.36,105.79,106.09,106.01,9832,47743,1.2375,1.2384,1.2362,1.237,2059,6610,99.81,,,,,,,,
2018-03-16,106.32,106.37,105.65,105.66,105.9,9493,48545,1.2306,1.2324,1.2295,1.2318,2393,8478,100.24,,,,,,,,
2018-03-19,105.96,106.15,105.68,105.91,105.83,7105,47519,1.2281,1.2291,1.2259,1.2267,1724,14844,100.13,,,,,,,,
2018-03-20,106.02,106.6,105.93,106.45,106.11,11397,61532,1.2337,1.2354,1.2334,1.2348,1478,14783,99.86,,,,,,,,
2018-03-22,105.93,106.05,105.58,105.69,105.7,10415,52193,1.2347,1.2387,1.2339,1.2374,3299,8534,101,,,,,,,,
2018-03-23,104.97,105.31,104.64,105.02,104.9,15957,51473,1.2324,1.2348,1.2309,1.2322,2409,12764,101.33,,,,,,,,
2018-03-26,104.84,105.15,104.71,105.07,104.98,8358,58106,1.2354,1.2392,1.2353,1.2383,2610,10155,100.25,,,,,,,,
2018-03-27,105.54,105.75,105.43,105.5,105.63,7786,63349,1.2457,1.2474,1.2443,1.2466,2250,11524,100.4,,,,,,,,
2018-03-28,105.48,105.73,105.36,105.47,105.48,8161,51549,1.2409,1.2421,1.2378,1.2399,1912,9688,99.16,,,,,,,,
2018-03-29,106.82,106.93,106.38,106.58,106.58,13175,57659,1.2312,1.2335,1.2297,1.231,2355,19021,99.48,,,,,,,,
2018-03-30,106.49,106.53,106.12,106.19,106.19,5371,54678,1.2302,1.2322,1.229,1.2323,1087,2257,99.56,,,,,,,,
2018-04-02,106.32,106.41,106.19,106.29,106.32,4558,38991,1.2313,1.233,1.2311,1.2331,707,3370,99.89,,,,,,,,
2018-04-03,105.8,106.09,105.7,106.05,105.89,8152,43882,1.2293,1.2335,1.2292,1.2324,1164,17035,99.3,,,,,,,,
2018-04-04,106.45,106.68,106.15,106.21,106.51,7434,46182,1.2279,1.2294,1.2258,1.2295,1920,10141,99.23,,,,,,,,
2018-04-05,106.79,107.15,106.72,107.06,106.94,9531,59542,1.2287,1.229,1.225,1.2259,1256,6897,98.8,,,,,,,,
2018-04-06,107.1,107.46,106.99,107.41,107.17,9703,66246,1.225,1.226,1.2215,1.2227,1555,10483,99.24,,,,,,,,
2018-04-09,106.96,107.13,106.81,107.1,106.95,5933,53962,1.2272,1.2286,1.2261,1.2283,1588,7292,99.34,,,,,,,,
2018-04-10,106.75,107.24,106.62,106.91,106.71,6623,66219,1.2321,1.2335,1.2303,1.233,1670,13556,98.73,,,,,,,,
2018-04-11,107.14,107.22,106.97,107.01,107.09,5637,59927,1.2364,1.2386,1.2353,1.2376,1337,11757,99.02,,,,,,,,
2018-04-12,106.83,106.97,106.7,106.91,106.82,5966,74818,1.2373,1.238,1.2354,1.2369,1755,8781,98.75,,,,,,,,
2018-04-13,107.26,107.68,107.21,107.65,107.33,9388,70561,1.233,1.2343,1.2319,1.2341,780,10166,98.65,,,,,,,,
2018-04-16,107.52,107.61,107.13,107.21,107.22,6804,70864,1.2332,1.2359,1.2327,1.2357,820,6756,98.85,,,,,,,,
2018-04-17,107.07,107.16,106.89,107,107,4364,85068,1.2384,1.2413,1.2376,1.2403,1523,9277,98.93,,,,,,,,
2018-04-18,107.03,107.39,107.01,107.31,107.32,6831,62787,1.2373,1.2382,1.235,1.2365,2021,11004,98.62,,,,,,,,
2018-04-19,107.36,107.52,107.19,107.29,107.44,5755,54433,1.2379,1.24,1.2365,1.2389,1755,9130,98.69,,,,,,,,
2018-04-20,107.45,107.73,107.38,107.56,107.49,8196,51557,1.2343,1.2353,1.2326,1.2326,1779,9990,98.72,,,,,,,,
2018-04-23,107.88,107.93,107.67,107.91,107.82,6102,51064,1.2275,1.2289,1.2263,1.2265,2090,10842,98.23,,,,,,,,
2018-04-24,108.78,108.91,108.67,108.89,108.76,8131,50408,1.221,1.2224,1.2185,1.2196,2673,8408,97.97,,,,,,,,
2018-04-25,108.81,109.27,108.79,109.26,109.18,9412,58969,1.2237,1.2238,1.2188,1.2189,2099,14658,97.74,,,,,,,,
2018-04-26,109.38,109.48,109.22,109.33,109.37,6567,53809,1.2171,1.2188,1.2159,1.2165,3983,18880,97.97,,,,,,,,
2018-04-27,109.31,109.49,109.15,109.4,109.31,8455,54308,1.2108,1.2116,1.2065,1.2076,3012,14225,98,,,,,,,,
2018-05-01,109.32,109.48,109.25,109.48,109.3,3935,59353,1.2081,1.2084,1.2055,1.2058,1531,14546,97.71,,,,,,,,
2018-05-02,109.87,109.92,109.65,109.79,109.83,5252,56518,1.1992,1.203,1.1988,1.2018,1713,18734,98.06,,,,,,,,
2018-05-07,109.14,109.33,108.76,109.2,108.94,4638,53425,1.1955,1.1978,1.1923,1.193,2259,13625,98.84,,,,,,,,
2018-05-08,108.95,109.14,108.86,108.93,108.91,4230,64215,1.1934,1.1938,1.1906,1.1917,2259,13135,98.98,,,,,,,,
2018-05-09,109.03,109.79,109.01,109.72,109.5,8027,75347,1.1868,1.1869,1.1823,1.1839,2231,10201,98.48,,,,,,,,
2018-05-10,109.85,110.02,109.64,109.94,109.91,7646,45879,1.1847,1.1879,1.1844,1.186,2156,15627,98.38,,,,,,,,
2018-05-11,109.46,109.57,109.19,109.34,109.41,5786,57558,1.1914,1.1925,1.1892,1.1908,1843,9968,98.34,,,,,,,,
2018-05-14,109.32,109.56,109.21,109.51,109.33,5291,58775,1.1952,1.1982,1.1943,1.1979,1813,7082,98.18,,,,,,,,
2018-05-15,109.74,110.02,109.67,109.89,109.7,7190,59960,1.1932,1.1938,1.1911,1.1923,2483,13449,98.02,,,,,,,,
2018-05-16,110.29,110.38,110.08,110.17,110.28,5680,48763,1.1821,1.1853,1.1816,1.1848,4020,7627,97.92,,,,,,,,
2018-05-17,110.38,110.63,110.08,110.55,110.36,9037,55343,1.1815,1.1837,1.1793,1.1822,3103,12246,97.69,,,,,,,,
2018-05-18,110.86,111,110.77,110.9,110.89,7858,72192,1.179,1.1822,1.179,1.1813,1848,11258,97.85,,,,,,,,
2018-05-21,110.9,111.39,110.83,111.36,111.04,7764,56100,1.1765,1.1771,1.172,1.1726,2894,9936,97.53,,,,,,,,
2018-05-22,111,111.18,110.84,111.08,110.95,6306,57889,1.179,1.1827,1.1758,1.1818,2679,4525,97.53,,,,,,,,
2018-05-23,110.74,110.88,109.93,110,110.48,9282,67670,1.1788,1.1789,1.1703,1.1712,3020,11641,98.53,,,,,,,,
2018-05-24,109.89,110.04,109.34,109.62,109.5,10177,61355,1.1709,1.1733,1.1691,1.1723,2600,5746,99.19,,,,,,,,
2018-05-25,109.32,109.74,109.13,109.37,109.54,8286,27796,1.1723,1.1726,1.1685,1.1689,2245,3866,99.19,,,,,,,,
2018-05-28,109.62,109.8,109.32,109.46,109.4,4201,31362,1.1689,1.1728,1.1677,1.1696,3928,4803,99.25,,,,,,,,
2018-05-29,109.4,109.47,108.71,108.75,109,10315,66398,1.1627,1.164,1.1566,1.1567,3739,13939,100.24,,,,,,,,
2018-05-30,108.41,108.88,108.36,108.73,108.5,8644,74425,1.1538,1.1612,1.1519,1.1604,4429,10231,99.74,,,,,,,,
2018-05-31,108.74,108.89,108.55,108.77,108.66,8737,71285,1.1664,1.1719,1.1648,1.1712,3166,10727,99.81,,,,,,,,
2018-06-01,108.78,109.25,108.73,109.2,109.05,8981,68668,1.1693,1.1706,1.1666,1.1684,1789,9018,99.14,,,,,,,,
2018-06-04,109.61,109.77,109.49,109.58,109.66,5015,44900,1.1668,1.1715,1.1662,1.1697,2309,11198,98.76,,,,,,,,
2018-06-05,109.97,110.01,109.73,109.83,109.88,6499,63309,1.17,1.1708,1.1684,1.1696,1577,10624,98.79,,,,,,,,
2018-06-06,109.89,110.13,109.8,110.07,109.86,5191,53439,1.1727,1.1766,1.1715,1.1761,4213,9126,98.18,,,,,,,,
2018-06-07,110.14,110.22,109.85,109.9,109.96,5564,67499,1.1782,1.1837,1.1775,1.1828,3268,11168,98.73,,,,,,,,
2018-06-08,109.72,109.85,109.35,109.42,109.81,6155,61934,1.1793,1.181,1.1767,1.1781,3046,9550,99.01,,,,,,,,
2018-06-11,109.48,110.06,109.38,109.97,109.7,7426,53490,1.1785,1.182,1.1772,1.1804,2339,11676,98.53,,,,,,,,
2018-06-12,110.39,110.49,110.04,110.32,110.4,8218,51173,1.1772,1.1803,1.1741,1.1794,3163,7851,98.42,,,,,,,,
2018-06-13,110.45,110.69,110.37,110.64,110.48,7146,47891,1.1748,1.1753,1.1731,1.1747,1800,9308,98.37,,,,,,,,
2018-06-14,110.24,110.35,109.92,109.93,110.22,7916,56838,1.1804,1.1819,1.179,1.1818,3962,11803,98.6,,,,,,,,
2018-06-15,110.64,110.9,110.46,110.52,110.7,6471,48306,1.1563,1.1593,1.1544,1.159,4471,11364,98.89,,,,,,,,
2018-06-18,110.64,110.67,110.3,110.48,110.54,3708,48449,1.1594,1.1599,1.1567,1.1573,2435,7614,99.01,,,,,,,,
2018-06-19,110.15,110.58,109.56,109.75,110.14,9187,55452,1.163,1.1644,1.1572,1.158,3248,10943,99.82,,,,,,,,
2018-06-20,110.09,110.25,109.86,110.22,110.02,6916,50659,1.1589,1.1595,1.1564,1.1577,2868,7396,99.51,,,,,,,,
2018-06-21,110.38,110.76,110.33,110.54,110.58,7650,49104,1.1578,1.158,1.1536,1.1564,3794,5334,99.93,,,,,,,,
2018-06-22,109.96,110.18,109.88,110.16,110.03,4761,47977,1.1606,1.1672,1.1601,1.1652,3039,9307,99.88,,,,,,,,
2018-06-25,109.94,109.95,109.38,109.47,109.5,7389,44396,1.1661,1.1672,1.163,1.1644,1795,10813,100.22,,,,,,,,
2018-06-26,109.65,109.74,109.37,109.64,109.6,7364,47626,1.1702,1.1722,1.1685,1.1687,2613,6673,100.3,,,,,,,,
2018-06-27,110.13,110.2,109.69,109.73,109.9,7141,62323,1.1649,1.1671,1.164,1.1655,2052,12270,100.51,,,,,,,,
2018-06-28,110.22,110.41,109.97,110.35,110.05,6071,56868,1.1563,1.1573,1.1529,1.156,2263,9587,100.37,,,,,,,,
2018-06-29,110.5,110.8,110.38,110.64,110.45,10397,72442,1.1564,1.1667,1.1558,1.1623,5963,17407,99.85,,,,,,,,
2018-07-02,110.74,111.07,110.62,110.74,111,5985,38008,1.1678,1.1682,1.1626,1.1631,1967,8774,100.14,,,,,,,,
2018-07-03,110.89,111.14,110.75,110.99,111,6785,34813,1.1641,1.1669,1.1621,1.167,2121,3805,100.14,,,,,,,,
2018-07-04,110.41,110.58,110.27,110.48,110.35,5104,44030,1.1659,1.1681,1.165,1.1652,1863,8709,100.2,,,,,,,,
2018-07-05,110.51,110.7,110.29,110.66,110.38,5298,56853,1.166,1.171,1.165,1.1686,2416,11328,100.01,,,,,,,,
2018-07-06,110.56,110.79,110.53,110.58,110.7,5277,61479,1.1693,1.1726,1.1681,1.1703,2380,18138,100.04,,,,,,,,
2018-07-09,110.45,110.53,110.36,110.41,110.48,3163,62227,1.1752,1.1779,1.1744,1.177,1785,8227,99.62,,,,,,,,
2018-07-10,110.96,111.2,110.84,111.08,110.99,6560,61266,1.1756,1.1762,1.1733,1.1746,1730,9783,99.41,,,,,,,,
2018-07-11,110.86,111.14,110.77,111.01,110.88,7159,51266,1.1729,1.174,1.1723,1.1734,2179,8603,99.13,,,,,,,,
2018-07-12,111.98,112.42,111.93,112.34,112.28,8791,54640,1.1675,1.1691,1.167,1.1685,1816,10819,98.47,,,,,,,,
2018-07-13,112.67,112.8,112.54,112.79,112.7,8137,49827,1.1665,1.1675,1.1625,1.1631,1964,12354,98.8,,,,,,,,
2018-07-17,112.38,112.57,112.23,112.35,112.39,4297,52801,1.171,1.1737,1.1702,1.1729,1404,5043,98.42,,,,,,,,
2018-07-18,113.02,113.14,112.88,113.06,112.95,7959,60443,1.1654,1.1665,1.162,1.1623,2323,6226,98.61,,,,,,,,
2018-07-19,112.81,113.03,112.65,112.97,112.75,5574,55267,1.1645,1.1656,1.1607,1.1608,2308,10113,99.35,,,,,,,,
2018-07-20,112.37,112.62,112.2,112.45,112.58,8652,50424,1.1655,1.1672,1.1628,1.1642,3475,5934,99.98,,,,,,,,
2018-07-23,111.06,111.5,110.75,110.97,110.92,7508,53432,1.174,1.175,1.1715,1.1733,3601,10247,100.29,,,,,,,,
2018-07-24,111.47,111.51,111.06,111.21,111.25,4795,44357,1.1694,1.1705,1.1655,1.1697,3229,12604,100.31,,,,,,,,
2018-07-25,111.28,111.38,111.15,111.26,111.28,5932,55863,1.1686,1.1699,1.1675,1.169,1854,8954,100.14,,,,,,,,
2018-07-26,110.86,110.96,110.58,110.7,110.71,5955,39133,1.1738,1.1743,1.1723,1.1728,2901,13695,100.3,,,,,,,,
2018-07-27,111.17,111.24,110.93,111.03,111.12,4980,39006,1.1644,1.1657,1.1638,1.1647,2308,11013,100.46,,,,,,,,
2018-07-30,110.95,111.16,110.89,111.03,111.04,5021,51726,1.1659,1.1672,1.1648,1.167,1666,14273,100.34,,,,,,,,
2018-07-31,111,111.46,110.75,111.4,110.97,11115,71317,1.1708,1.1731,1.17,1.1716,1845,16663,99.59,,,,,,,,
2018-08-01,111.83,112.15,111.71,112.12,111.83,9539,52857,1.1689,1.1693,1.1673,1.1688,1607,16393,99.88,,,,,,,,
2018-08-02,111.64,111.73,111.52,111.61,111.69,5289,57527,1.1664,1.1667,1.1625,1.1632,1402,11422,100.3,,,,,,,,
2018-08-03,111.71,111.89,111.62,111.87,111.75,5010,55907,1.1586,1.1594,1.1563,1.1562,2379,8882,100.55,,,,,,,,
2018-08-06,111.23,111.37,111.17,111.27,111.34,4695,61576,1.1562,1.1568,1.155,1.1565,1812,9548,100.63,,,,,,,,
2018-08-07,111.34,111.39,111.24,111.36,111.33,4284,58719,1.1557,1.1582,1.1553,1.1578,1103,12802,100.37,,,,,,,,
2018-08-08,111.35,111.44,110.84,110.95,111.4,6012,61724,1.1604,1.1628,1.1598,1.161,2295,6985,100.78,,,,,,,,
2018-08-09,110.9,111.08,110.71,111.05,110.82,6539,58907,1.161,1.1619,1.1579,1.1584,1669,6831,100.9,,,,,,,,
2018-08-10,111.1,111.16,110.61,110.67,110.88,6329,53627,1.1525,1.1537,1.1432,1.1466,6705,8025,101.68,,,,,,,,
2018-08-13,110.64,110.75,110.11,110.19,110.25,9828,57121,1.1395,1.1412,1.1366,1.1375,3953,9879,102.18,,,,,,,,
2018-08-14,110.64,111.15,110.59,111.11,110.76,5912,65452,1.14,1.1428,1.1396,1.1423,1824,7879,101.69,,,,,,,,
2018-08-15,111.26,111.43,111.18,111.34,111.37,5156,39390,1.1347,1.135,1.1317,1.1333,3025,9064,102.41,,,,,,,,
2018-08-16,110.59,110.93,110.46,110.78,110.83,7988,46737,1.1342,1.1398,1.1336,1.1368,4343,5493,101.87,,,,,,,,
2018-08-17,111.01,111.04,110.7,110.71,110.87,6209,50699,1.1373,1.1395,1.1367,1.1389,2226,10083,102.03,,,,,,,,
2018-08-20,110.49,110.68,110.42,110.62,110.5,4573,47144,1.1438,1.144,1.1411,1.1421,1251,6908,102.25,,,,,,,,
2018-08-21,109.96,110.18,109.78,110.17,109.92,7482,57351,1.1492,1.1544,1.1486,1.1515,5006,9428,101.77,,,,,,,,
2018-08-22,110.12,110.5,110.03,110.42,110.15,6019,51147,1.1576,1.1582,1.1561,1.1562,2139,9322,101.46,,,,,,,,
2018-08-23,110.59,110.93,110.53,110.8,110.84,6892,51931,1.1586,1.16,1.1542,1.1568,3278,15348,101.26,,,,,,,,
2018-08-24,111.37,111.49,111.3,111.4,111.42,6997,44705,1.1542,1.158,1.1535,1.1557,3309,9340,100.65,,,,,,,,
2018-08-27,111.29,111.35,110.94,111.16,111.21,4775,35191,1.1646,1.1654,1.1596,1.1601,2334,7272,100.69,,,,,,,,
2018-08-28,111.13,111.35,111.04,111.15,111.27,6091,63985,1.1685,1.17,1.1663,1.1686,3325,12041,100.58,,,,,,,,
2018-08-29,111.15,111.31,111.13,111.19,111.25,5416,52862,1.1693,1.1697,1.1664,1.1666,2544,13096,100.25,,,,,,,,
2018-08-30,111.69,111.75,111.52,111.62,111.66,4909,65371,1.171,1.1718,1.1687,1.1702,2600,11804,101.2,,,,,,,,
2018-08-31,111.02,111.14,110.7,110.81,111,9340,35760,1.1666,1.1689,1.166,1.1684,2469,13183,101.17,,,,,,,,
2018-09-03,111.14,111.19,110.85,110.97,111.01,2797,41085,1.1598,1.1625,1.159,1.1611,1272,7186,101.19,,,,,,,,
2018-09-04,111.09,111.46,110.9,111.46,111.08,5408,67196,1.1615,1.1617,1.1568,1.1569,1565,9653,101.11,,,,,,,,
2018-09-05,111.47,111.71,111.4,111.46,111.5,4624,61519,1.1588,1.1608,1.1543,1.1556,2343,15984,100.88,,,,,,,,
2018-09-06,111.46,111.51,111.17,111.32,111.25,5178,51783,1.1635,1.1659,1.1616,1.1623,3129,13241,101.6,,,,,,,,
2018-09-07,110.5,110.77,110.39,110.75,110.5,7264,72334,1.162,1.1648,1.1614,1.1646,2267,10732,101.61,,,,,,,,
2018-09-10,110.93,111.07,110.85,110.99,110.94,4790,47382,1.1561,1.1568,1.1527,1.1567,1628,9688,101.49,,,,,,,,
2018-09-11,111.15,111.57,111.08,111.54,111.45,5272,51897,1.1594,1.1642,1.1578,1.163,1528,17679,101,,,,,,,,
2018-09-12,111.62,111.65,111.46,111.49,111.55,4830,67884,1.1596,1.1604,1.157,1.1598,1417,10383,101.12,,,,,,,,
2018-09-13,111.22,111.51,111.18,111.48,111.42,5693,55472,1.1626,1.1643,1.1617,1.1616,2069,9791,100.28,,,,,,,,
2018-09-14,112.04,112.08,111.79,111.83,112.05,6762,64579,1.1692,1.1721,1.1688,1.172,1451,12699,100.47,,,,,,,,
2018-09-18,111.69,112.27,111.66,111.97,111.8,6327,64088,1.1669,1.1717,1.1667,1.1682,2600,9618,100.05,,,,,,,,
2018-09-19,112.29,112.43,112.23,112.33,112.35,4823,46052,1.1679,1.1705,1.1656,1.1701,1617,7120,99.94,,,,,,,,
2018-09-20,112.33,112.34,112.07,112.21,112.33,5279,47709,1.1674,1.1703,1.1669,1.1698,1643,8590,99.5,,,,,,,,
2018-09-21,112.5,112.88,112.42,112.71,112.7,6208,64935,1.1776,1.1802,1.1772,1.1774,2613,17022,99.54,,,,,,,,
2018-09-25,112.79,113,112.76,112.93,112.95,5731,57495,1.1753,1.1774,1.1731,1.177,1938,6659,99.28,,,,,,,,
2018-09-26,112.98,113.03,112.75,112.86,112.92,4591,47682,1.1763,1.1775,1.1757,1.1767,2397,13842,99.54,,,,,,,,
2018-09-27,112.72,112.9,112.57,112.61,112.83,6953,40347,1.1747,1.1757,1.1686,1.1703,3125,7229,99.14,,,,,,,,
2018-09-28,113.4,113.67,113.33,113.44,113.47,10560,82391,1.1637,1.1651,1.1615,1.1619,2870,17984,98.77,,,,,,,,
2018-10-01,113.8,114.05,113.71,114.04,113.9,6449,62994,1.1606,1.161,1.1574,1.1596,1824,12701,98.65,,,,,,,,
2018-10-02,113.95,114.02,113.69,113.82,113.94,5369,62098,1.1578,1.158,1.1525,1.1544,2286,13684,99.04,,,,,,,,
2018-10-03,113.57,113.88,113.53,113.88,113.6,5450,77100,1.1551,1.1594,1.1536,1.158,4187,9825,98.54,,,,,,,,
2018-10-04,114.51,114.55,114.22,114.3,114.4,7832,68477,1.1477,1.1497,1.1463,1.1494,2436,7510,99.17,,,,,,,,
2018-10-05,113.91,114.1,113.8,113.84,114.09,4929,64132,1.1518,1.1519,1.1499,1.1508,1077,10726,99.3,,,,,,,,
2018-10-09,113.13,113.39,112.93,113.31,113,5818,61014,1.1494,1.1503,1.1466,1.1475,1613,7626,100.25,,,,,,,,
2018-10-10,113.02,113.11,112.93,113.08,113.04,5155,62593,1.1504,1.1516,1.1485,1.1494,1673,5629,100.96,,,,,,,,
2018-10-11,112.09,112.36,111.97,112.23,112.15,9395,66313,1.1533,1.1572,1.1528,1.1541,2787,7281,100.62,,,,,,,,
2018-10-12,112.09,112.5,112.01,112.33,112.16,6055,58240,1.159,1.1611,1.1587,1.1595,2987,10076,100.73,,,,,,,,
2018-10-15,112.21,112.23,111.69,111.8,111.99,6126,62853,1.1551,1.1575,1.1543,1.1568,1649,9123,101.03,,,,,,,,
2018-10-16,111.85,112.17,111.74,112.1,111.86,5138,71572,1.1583,1.1598,1.1567,1.1594,1913,9502,100.41,,,,,,,,
2018-10-17,112.35,112.43,112.16,112.24,112.39,5418,62931,1.1577,1.158,1.1549,1.1564,1969,12363,100.34,,,,,,,,
2018-10-18,112.62,112.73,112.45,112.62,112.51,6073,46718,1.1501,1.1514,1.1484,1.1515,2295,7960,101.05,,,,,,,,
2018-10-19,112.2,112.53,112.14,112.44,112.32,6532,58497,1.1454,1.1468,1.1435,1.1447,2219,6587,100.53,,,,,,,,
2018-10-22,112.46,112.76,112.36,112.76,112.45,5411,57282,1.1511,1.155,1.1499,1.1533,1883,3842,100.49,,,,,,,,
2018-10-23,112.77,112.84,112.31,112.33,112.75,6415,51517,1.1465,1.1473,1.144,1.1468,1781,12939,100.78,,,,,,,,
2018-10-24,112.45,112.65,112.32,112.51,112.44,7385,54063,1.1471,1.1475,1.1419,1.143,1518,14552,101.22,,,,,,,,
2018-10-25,112,112.36,111.82,112.31,111.95,9335,58127,1.14,1.142,1.1395,1.1401,1531,8033,101.08,,,,,,,,
2018-10-26,112.37,112.44,112.02,112.02,112.41,8944,53743,1.1375,1.1382,1.1358,1.1376,2139,13802,101.5,,,,,,,,
2018-10-29,111.93,112.04,111.78,111.93,111.95,5163,46759,1.1398,1.1412,1.1387,1.1409,2127,13178,101.36,,,,,,,,
2018-10-30,112.34,112.85,112.32,112.81,112.51,5960,73214,1.1376,1.1386,1.1361,1.1364,1627,12149,100.71,,,,,,,,
2018-10-31,113.07,113.34,113.03,113.2,113.24,8053,55895,1.1346,1.1353,1.1336,1.1347,2639,12304,101.01,,,,,,,,
2018-11-01,112.86,112.96,112.72,112.9,112.89,5589,48951,1.1315,1.1365,1.1313,1.136,3599,10128,100.5,,,,,,,,
2018-11-02,112.73,113.1,112.56,112.97,113.05,7006,59517,1.1404,1.1443,1.1392,1.1438,4063,11737,99.84,,,,,,,,
2018-11-05,113.14,113.33,113.11,113.19,113.2,4200,61575,1.1398,1.14,1.1379,1.1382,1541,8403,99.99,,,,,,,,
2018-11-06,113.27,113.44,113.19,113.34,113.28,5250,55817,1.1409,1.1419,1.1399,1.1414,1480,9786,99.68,,,,,,,,
2018-11-07,113.35,113.82,112.97,113.07,113.6,10836,52457,1.1441,1.1473,1.1395,1.1454,6898,10909,99.46,,,,,,,,
2018-11-08,113.57,113.73,113.49,113.7,113.62,5630,49096,1.1433,1.1436,1.1412,1.1436,2065,7470,99.27,,,,,,,,
2018-11-09,113.96,114.06,113.8,113.85,113.9,5838,34855,1.1368,1.1369,1.1336,1.1338,2709,11642,99.83,,,,,,,,
2018-11-12,113.84,114.21,113.83,114.17,114.09,4215,29134,1.1325,1.133,1.1258,1.1259,5480,1443,100.16,,,,,,,,
2018-11-13,113.69,114.07,113.58,114.07,113.7,9434,59877,1.1224,1.1257,1.1217,1.1238,3797,14154,99.94,,,,,,,,
2018-11-14,113.8,113.99,113.76,113.9,113.92,4660,59687,1.1312,1.132,1.1277,1.1293,3652,7575,100.03,,,,,,,,
2018-11-15,113.57,113.67,113.43,113.53,113.61,7196,74923,1.1313,1.1347,1.1311,1.1337,3122,8692,99.82,,,,,,,,
2018-11-16,113.57,113.61,113.22,113.3,113.4,6258,46043,1.1325,1.1356,1.1322,1.1343,1750,9546,100.29,,,,,,,,
2018-11-19,112.73,112.85,112.6,112.75,112.77,4706,50443,1.1414,1.1421,1.1394,1.1408,1559,12981,100.57,,,,,,,,
2018-11-20,112.46,112.66,112.4,112.52,112.5,6734,47780,1.1455,1.1465,1.1444,1.1458,1917,12204,100.61,,,,,,,,
2018-11-21,112.71,112.93,112.65,112.87,112.89,6464,27144,1.1372,1.1401,1.1366,1.1388,1862,7357,100.13,,,,,,,,
2018-11-22,113.03,113.27,112.96,113.02,113,4899,40533,1.1389,1.141,1.1385,1.1401,1019,8890,100.28,,,,,,,,
2018-11-26,112.93,113.29,112.88,113.24,113.25,5613,47432,1.1339,1.137,1.1326,1.1363,1973,6450,99.92,,,,,,,,
2018-11-27,113.51,113.66,113.42,113.6,113.5,4458,54561,1.1334,1.1343,1.1309,1.1312,2000,9354,99.87,,,,,,,,
2018-11-28,113.8,113.9,113.73,113.87,113.8,5222,65046,1.1297,1.13,1.1278,1.1279,2009,14460,99.7,,,,,,,,
2018-11-29,113.57,113.65,113.21,113.25,113.27,6465,74769,1.1368,1.1397,1.1363,1.1385,3200,9807,99.69,,,,,,,,
2018-11-30,113.42,113.49,113.34,113.47,113.43,6616,78359,1.1392,1.1401,1.1383,1.1381,2008,24061,99.89,,,,,,,,
2018-12-03,113.77,113.82,113.45,113.47,113.5,7350,60552,1.1342,1.1379,1.1328,1.1369,2775,15305,99.25,,,,,,,,
2018-12-04,113.6,113.65,113.04,113.13,113.59,7910,56908,1.1354,1.1393,1.1351,1.138,3067,13130,99.91,,,,,,,,
2018-12-05,112.7,113.11,112.65,113.09,113,7214,53553,1.1343,1.1346,1.1317,1.1331,3228,8983,99.67,,,,,,,,
2018-12-06,113.05,113.21,112.58,113.09,112.8,9287,49979,1.1349,1.1352,1.1322,1.1325,2230,5422,100.28,,,,,,,,
2018-12-07,112.73,112.93,112.65,112.78,112.75,8028,56668,1.1377,1.1382,1.1361,1.1373,1760,5997,100.23,,,,,,,,
2018-12-10,112.53,112.68,112.25,112.64,112.57,8123,52867,1.14,1.1442,1.1391,1.1427,3123,7893,100.04,,,,,,,,
2018-12-11,113.2,113.32,113.01,113.12,113.06,6811,58769,1.1356,1.1377,1.1351,1.1369,1249,6136,99.97,,,,,,,,
2018-12-12,113.39,113.52,113.31,113.41,113.5,5706,55266,1.1322,1.1334,1.1317,1.1324,1672,6291,99.78,,,,,,,,
2018-12-13,113.29,113.5,113.21,113.4,113.45,6295,55760,1.1373,1.1385,1.1364,1.1383,1319,11227,99.52,,,,,,,,
2018-12-14,113.57,113.65,113.42,113.56,113.58,6331,52769,1.1364,1.1365,1.1346,1.1356,2397,14432,100.07,,,,,,,,
2018-12-17,113.4,113.52,113.33,113.41,113.48,4407,49771,1.1305,1.1322,1.1303,1.1319,1133,7508,100.37,,,,,,,,
2018-12-18,112.84,112.86,112.47,112.52,112.5,8858,49206,1.1351,1.136,1.1339,1.1358,2150,7957,100.55,,,,,,,,
2018-12-19,112.52,112.6,112.19,112.41,112.4,8194,50028,1.1375,1.1405,1.1362,1.1398,2383,5861,100.64,,,,,,,,
2018-12-20,112.41,112.6,111.8,111.86,112.52,9804,39358,1.1387,1.1424,1.1372,1.1415,2029,4136,101.48,,,,,,,,
2018-12-21,111.18,111.46,111.09,111.27,111.24,10635,33605,1.1457,1.1472,1.1442,1.1469,2322,9255,101.89,,,,,,,,
2018-12-25,110.31,110.46,110,110.27,110.2,3936,16616,1.1401,1.1422,1.1393,1.1405,414,0,102.54,,,,,,,,
2018-12-26,110.44,110.68,110.14,110.43,110.44,7330,37369,1.1414,1.142,1.1398,1.1403,1000,4362,101.57,,,,,,,,
2018-12-27,111.21,111.33,110.86,110.94,111.1,10557,52139,1.1362,1.1389,1.1352,1.1382,2904,21857,101.67,,,,,,,,
2018-12-28,110.85,110.94,110.36,110.4,110.83,7896,51053,1.1431,1.1466,1.1428,1.1455,1711,16626,102.26,,,,,,,,
2019-01-04,107.85,108.45,107.52,107.85,107.63,11477,76929,1.1391,1.1411,1.1385,1.1408,1105,20777,103.66,,,,,,,,
2019-01-07,108.55,108.62,108.03,108.19,108.49,8315,74190,1.141,1.1439,1.14,1.1437,1764,11323,103.24,,,,,,,,
2019-01-08,108.64,109.09,108.52,108.97,108.74,7487,76342,1.1479,1.1484,1.1433,1.1444,4944,7022,103.34,,,,,,,,
2019-01-09,108.76,109.01,108.69,108.92,108.9,5696,68164,1.1459,1.1478,1.144,1.1466,1826,11359,103.43,,,,,,,,
2019-01-10,108.19,108.25,107.77,107.93,107.93,6580,70250,1.1555,1.157,1.1535,1.1541,5006,6216,103.13,,,,,,,,
2019-01-11,108.29,108.46,108.23,108.34,108.4,5732,65462,1.1508,1.1531,1.1497,1.1526,2160,14511,103,,,,,,,,
2019-01-15,108.24,108.75,108.16,108.65,108.36,6066,70596,1.1472,1.1489,1.1469,1.1471,1257,6542,102.92,,,,,,,,
2019-01-16,108.66,108.72,108.37,108.62,108.46,5424,77236,1.1414,1.1415,1.1393,1.1394,1892,12080,102.49,,,,,,,,
2019-01-17,109.04,109.13,108.75,108.79,109.02,5799,73484,1.14,1.1415,1.1372,1.1388,1741,14214,102.46,,,,,,,,
2019-01-18,109.15,109.46,109.06,109.37,109.35,6392,33640,1.1392,1.1399,1.1387,1.1392,1218,5498,102.11,,,,,,,,
2019-01-21,109.68,109.76,109.47,109.58,109.55,4698,44835,1.1366,1.139,1.1365,1.1385,1567,8076,102.38,,,,,,,,
2019-01-22,109.67,109.69,109.37,109.43,109.63,6621,64309,1.1369,1.1372,1.1347,1.1354,1727,8102,102.72,,,,,,,,
2019-01-23,109.36,109.8,109.33,109.62,109.64,7495,58325,1.1364,1.1372,1.136,1.1365,1630,8598,102.28,,,,,,,,
2019-01-24,109.5,109.74,109.44,109.72,109.5,5728,52468,1.1386,1.1391,1.1366,1.137,2663,5426,102.35,,,,,,,,
2019-01-25,109.6,109.87,109.53,109.77,109.72,7066,60165,1.1313,1.1328,1.1301,1.1324,3331,10787,101.9,,,,,,,,
2019-01-28,109.43,109.56,109.26,109.41,109.32,5308,49510,1.1413,1.1425,1.1404,1.1405,1912,7389,102.09,,,,,,,,
2019-01-29,109.25,109.35,109.14,109.24,109.18,5938,68089,1.143,1.1443,1.1421,1.1435,1779,10941,101.96,,,,,,,,
2019-01-30,109.43,109.44,109.21,109.32,109.39,6649,56728,1.1436,1.145,1.1428,1.1432,2294,7090,101.98,,,,,,,,
2019-01-31,108.98,109.06,108.68,108.73,108.92,10239,63700,1.1486,1.1514,1.1484,1.1497,2668,23061,102.04,,,,,,,,
2019-02-01,108.86,108.97,108.73,108.94,108.88,6817,54698,1.1448,1.145,1.1434,1.1447,1771,11905,101.77,,,,,,,,
2019-02-04,109.45,109.85,109.44,109.84,109.53,6000,57494,1.1455,1.146,1.1439,1.1443,1031,12635,101.47,,,,,,,,
2019-02-05,109.99,110.04,109.77,109.86,109.99,4617,70540,1.1435,1.144,1.1423,1.1425,1005,15524,101.41,,,,,,,,
2019-02-06,109.95,110.05,109.63,109.67,109.75,7450,55074,1.1409,1.1409,1.138,1.1389,1482,12732,101.58,,,,,,,,
2019-02-07,110,110.03,109.73,109.92,109.88,4712,55816,1.1366,1.1369,1.1353,1.1354,1997,8818,101.78,,,,,,,,
2019-02-08,109.77,109.84,109.65,109.75,109.8,6113,51506,1.1338,1.1343,1.1334,1.1341,1401,17074,101.9,,,,,,,,
2019-02-12,110.4,110.65,110.35,110.62,110.5,8241,39195,1.1278,1.1288,1.1272,1.1285,1657,3644,101.34,,,,,,,,
2019-02-13,110.52,110.7,110.43,110.69,110.55,5356,38574,1.1334,1.1342,1.1318,1.132,2705,10898,101,,,,,,,,
2019-02-14,110.93,111.13,110.87,111.07,111,7019,58548,1.1265,1.1295,1.1249,1.1287,3288,8637,101.48,,,,,,,,
2019-02-15,110.54,110.55,110.27,110.32,110.38,7999,24864,1.1295,1.1297,1.1272,1.128,1673,8208,101.46,,,,,,,,
2019-02-18,110.57,110.59,110.46,110.55,110.52,3782,40374,1.1295,1.1325,1.1289,1.1307,1954,6528,101.27,,,,,,,,
2019-02-19,110.6,110.71,110.45,110.67,110.68,6267,61224,1.1311,1.1313,1.1294,1.1301,1369,10338,101.07,,,,,,,,
2019-02-20,110.58,110.93,110.57,110.9,110.84,6873,74870,1.134,1.1356,1.1333,1.1344,1797,13703,100.67,,,,,,,,
2019-02-21,110.76,110.85,110.59,110.77,110.72,5088,50870,1.1346,1.1352,1.1301,1.1335,2471,16175,100.9,,,,,,,,
2019-02-22,110.71,110.81,110.63,110.75,110.72,4490,46806,1.134,1.1348,1.1332,1.1347,1333,12516,100.79,,,,,,,,
2019-02-25,110.78,110.86,110.59,110.63,110.8,6066,53436,1.1342,1.1356,1.133,1.1357,1212,12501,100.24,,,,,,,,
2019-02-26,111.05,111.07,110.76,110.83,110.8,6307,83657,1.1365,1.1368,1.1348,1.135,1263,14432,100.66,,,,,,,,
2019-02-27,110.55,110.62,110.36,110.38,110.55,4933,60811,1.1394,1.1396,1.1373,1.1379,1410,14672,100.3,,,,,,,,
2019-02-28,110.88,110.99,110.7,110.76,110.89,6534,53070,1.1379,1.1383,1.1367,1.1382,1111,16569,100.07,,,,,,,,
2019-03-01,111.36,111.84,111.33,111.82,111.7,9341,54786,1.1374,1.1375,1.1362,1.1373,2079,11919,99.77,,,,,,,,
2019-03-04,111.93,112.01,111.76,111.91,112,6666,41219,1.1375,1.1379,1.1356,1.1358,1311,9462,99.95,,,,,,,,
2019-03-05,111.79,111.96,111.73,111.89,111.85,6522,52482,1.1337,1.1339,1.1319,1.1327,1067,8775,99.86,,,,,,,,
2019-03-06,111.87,111.91,111.72,111.79,111.77,5795,38539,1.1307,1.1307,1.129,1.1302,1443,5275,100.07,,,,,,,,
2019-03-07,111.62,111.79,111.58,111.79,111.65,5432,42924,1.1313,1.1316,1.1302,1.1308,2005,6856,100.57,,,,,,,,
2019-03-08,111.65,111.65,110.95,110.99,111.52,9431,70646,1.1199,1.1211,1.1185,1.121,3012,5450,100.88,,,,,,,,
2019-03-11,111.08,111.3,110.88,111.28,111.12,5675,40526,1.1232,1.1251,1.1223,1.1249,1473,7650,100.76,,,,,,,,
2019-03-12,111.33,111.46,111.21,111.37,111.4,6021,49336,1.1259,1.1273,1.1248,1.1267,2598,10041,100.46,,,,,,,,
2019-03-13,111.32,111.38,111.15,111.34,111.3,6561,52462,1.1287,1.1291,1.1279,1.128,1225,8543,100.5,,,,,,,,
2019-03-14,111.21,111.63,111.14,111.6,111.25,7407,52233,1.1331,1.1338,1.1314,1.1324,1272,6319,100.22,,,,,,,,
2019-03-15,111.76,111.9,111.49,111.66,111.86,7632,44996,1.1307,1.1327,1.1304,1.1326,1889,9815,100.25,,,,,,,,
2019-03-18,111.56,111.63,111.48,111.49,111.55,3934,53833,1.132,1.135,1.132,1.1349,901,5044,100.2,,,,,,,,
2019-03-19,111.39,111.43,111.16,111.27,111.28,5429,57403,1.1336,1.1351,1.1334,1.1347,1334,7402,100.21,,,,,,,,
2019-03-20,111.42,111.7,111.37,111.6,111.6,7664,45875,1.1354,1.1357,1.1341,1.1346,1639,14622,100.55,,,,,,,,
2019-03-22,110.82,110.89,110.66,110.77,110.71,6734,55472,1.1375,1.139,1.1362,1.1388,2643,6392,101.76,,,,,,,,
2019-03-25,110.11,110.14,109.7,110.06,109.8,8112,40394,1.1295,1.1313,1.1288,1.1308,1679,5659,101.56,,,,,,,,
2019-03-26,110.06,110.24,109.98,110.2,110.09,6965,48036,1.1315,1.1322,1.1306,1.1313,2596,9154,101.09,,,,,,,,
2019-03-27,110.57,110.71,110.41,110.69,110.55,6810,54182,1.1274,1.1277,1.1248,1.1252,2258,10256,101.43,,,,,,,,
2019-03-28,110.51,110.52,110.03,110.08,110.2,7593,48670,1.1252,1.1261,1.1238,1.1238,1602,11718,101.45,,,,,,,,
2019-03-29,110.64,110.95,110.54,110.75,110.92,15233,41625,1.123,1.1239,1.1224,1.1231,2621,12293,101.1,,,,,,,,
2019-04-01,110.99,111.19,110.88,111.05,111.08,7811,56370,1.1224,1.1243,1.1221,1.1239,1033,9119,100.52,,,,,,,,
2019-04-02,111.45,111.46,111.29,111.38,111.35,5459,61968,1.1206,1.1211,1.1191,1.12,1201,12383,100.68,,,,,,,,
2019-04-03,111.32,111.57,111.21,111.52,111.47,9561,52150,1.1204,1.1242,1.1202,1.1238,1812,9181,100.35,,,,,,,,
2019-04-04,111.39,111.52,111.34,111.37,111.49,6815,53954,1.1245,1.1247,1.1234,1.1241,1034,10088,100.29,,,,,,,,
2019-04-05,111.66,111.8,111.6,111.68,111.77,5893,56769,1.1223,1.1234,1.1219,1.123,1338,10223,100.27,,,,,,,,
2019-04-08,111.72,111.73,111.35,111.45,111.45,5241,50571,1.1219,1.1232,1.1215,1.1229,1242,7815,100.42,,,,,,,,
2019-04-09,111.45,111.57,111.25,111.31,111.35,6152,57138,1.1256,1.1272,1.1255,1.1265,1593,12846,100.67,,,,,,,,
2019-04-10,111.09,111.24,111.07,111.19,111.17,6032,57875,1.1266,1.1273,1.1256,1.1266,1271,10947,100.73,,,,,,,,
2019-04-11,111,111.16,110.92,111.1,111.07,7112,57474,1.1276,1.1286,1.1273,1.1282,1112,14895,100.29,,,,,,,,
2019-04-12,111.66,111.88,111.59,111.86,111.75,10896,53363,1.126,1.1294,1.1257,1.1289,6135,9618,99.74,,,,,,,,
2019-04-15,112.04,112.09,111.89,111.92,111.99,5135,44646,1.1304,1.132,1.1302,1.1317,1041,13505,99.74,,,,,,,,
2019-04-16,111.95,112.04,111.86,111.9,111.97,5647,51380,1.1305,1.1312,1.1293,1.131,1266,11362,99.86,,,,,,,,
2019-04-17,111.99,112.17,111.92,112.02,112,7798,45670,1.1285,1.1323,1.128,1.1317,1258,17467,99.62,,,,,,,,
2019-04-18,112.04,112.06,111.78,111.85,111.98,6417,77238,1.1297,1.1303,1.1259,1.1271,1400,5293,99.96,,,,,,,,
2019-04-19,111.99,112.01,111.9,111.93,111.93,2074,44463,1.1235,1.1244,1.1233,1.1244,408,564,99.96,,,,,,,,
2019-04-22,111.92,111.99,111.89,111.9,111.96,2804,39597,1.1245,1.1247,1.1237,1.1247,505,888,100.04,,,,,,,,
2019-04-23,111.94,111.98,111.65,111.85,111.83,6923,63818,1.1259,1.126,1.1242,1.1245,1175,19458,100.29,,,,,,,,
2019-04-24,111.88,111.98,111.75,111.82,111.93,6762,80143,1.1225,1.1225,1.1201,1.1217,1961,14916,100.27,,,,,,,,
2019-04-25,112.13,112.24,111.75,111.84,112,8479,60018,1.1154,1.1161,1.1145,1.1154,2619,20343,100.95,,,,,,,,
2019-04-26,111.55,111.79,111.45,111.68,111.7,10837,44853,1.1136,1.1146,1.1123,1.1141,2110,13873,100.84,,,,,,,,
2019-05-07,110.81,110.85,110.59,110.66,110.72,7494,57567,1.1201,1.1217,1.1194,1.1196,1326,17771,102.37,,,,,,,,
2019-05-08,110.27,110.29,109.91,110.14,110.01,8250,59921,1.1189,1.1212,1.1189,1.1206,1349,14678,102.54,,,,,,,,
2019-05-09,110.03,110.08,109.6,109.63,109.95,8386,69037,1.1198,1.1201,1.1185,1.1187,1213,11173,103.12,,,,,,,,
2019-05-10,109.83,110.05,109.63,109.77,109.85,11016,67298,1.1219,1.1234,1.1218,1.1226,2012,22967,102.77,,,,,,,,
2019-05-13,109.65,109.82,109.6,109.65,109.75,4257,56493,1.1236,1.1237,1.1225,1.123,880,14638,103.89,,,,,,,,
2019-05-14,109.16,109.77,109.15,109.68,109.58,7636,54801,1.1233,1.1243,1.1223,1.1239,1456,11384,103.56,,,,,,,,
2019-05-15,109.68,109.7,109.49,109.51,109.65,7384,51200,1.1204,1.1212,1.12,1.1214,1406,10814,103.56,,,,,,,,
2019-05-16,109.47,109.59,109.34,109.46,109.46,5482,52898,1.1207,1.1211,1.1202,1.1209,864,8103,103.51,,,,,,,,
2019-05-17,109.88,110.03,109.55,109.73,109.94,6876,39993,1.1173,1.1184,1.1171,1.1178,1122,13761,103.63,,,,,,,,
2019-05-20,110.18,110.32,110.02,110.12,110.17,5316,40563,1.1165,1.1167,1.1151,1.1163,1182,7601,103.54,,,,,,,,
2019-05-21,110.09,110.26,110.03,110.13,110.15,4923,43298,1.1168,1.1172,1.1145,1.1156,989,12747,103.1,,,,,,,,
2019-05-22,110.57,110.62,110.36,110.37,110.51,6609,42809,1.1165,1.1166,1.1149,1.1152,940,14695,103.27,,,,,,,,
2019-05-23,110.23,110.36,110.13,110.3,110.22,6834,52276,1.1155,1.1157,1.113,1.1141,1379,11628,103.97,,,,,,,,
2019-05-24,109.56,109.74,109.46,109.54,109.71,7108,20609,1.1184,1.1205,1.1177,1.1189,1480,6346,104.05,,,,,,,,
2019-05-27,109.4,109.58,109.29,109.58,109.47,4217,28145,1.1207,1.1215,1.1196,1.1197,927,3360,103.86,,,,,,,,
2019-05-28,109.52,109.63,109.35,109.42,109.52,5391,44666,1.1193,1.1196,1.1178,1.1187,1081,15065,104.2,,,,,,,,
2019-05-29,109.36,109.43,109.15,109.21,109.27,8037,53645,1.1168,1.1172,1.1153,1.1154,1219,13103,104.1,,,,,,,,
2019-05-30,109.57,109.82,109.49,109.75,109.57,6513,61174,1.1137,1.1143,1.1124,1.1132,1304,16650,103.96,,,,,,,,
2019-05-31,109.34,109.63,108.75,108.78,109.33,12094,59985,1.113,1.1147,1.1126,1.1143,2440,16498,105.15,,,,,,,,
2019-06-03,108.22,108.38,108.07,108.25,108.25,6964,64746,1.1173,1.119,1.1161,1.1173,1440,15858,105.05,,,,,,,,
2019-06-04,108.04,108.07,107.85,108.05,108.02,8413,49577,1.1246,1.1276,1.1244,1.1263,2024,8307,104.93,,,,,,,,
2019-06-05,108.26,108.27,107.98,108.25,108.12,7585,58500,1.1254,1.1273,1.1251,1.1268,1366,9969,104.73,,,,,,,,
2019-06-06,108.33,108.41,108.07,108.24,108.24,7114,51914,1.1229,1.1235,1.1223,1.1233,2055,9379,104.67,,,,,,,,
2019-06-07,108.46,108.53,108.33,108.47,108.48,7583,36309,1.1276,1.1279,1.1258,1.1263,2086,2676,104.76,,,,,,,,
2019-06-10,108.44,108.68,108.38,108.67,108.49,7340,34796,1.132,1.1332,1.1291,1.1293,2367,16738,104.67,,,,,,,,
2019-06-11,108.37,108.67,108.35,108.61,108.6,7519,59659,1.1319,1.1331,1.1308,1.1321,2520,10628,104.42,,,,,,,,
2019-06-12,108.49,108.57,108.28,108.32,108.45,6074,48869,1.133,1.134,1.1327,1.134,1790,7255,104.61,,,,,,,,
2019-06-13,108.49,108.54,108.17,108.35,108.33,6739,46506,1.1293,1.1303,1.1281,1.1295,1655,6085,104.76,,,,,,,,
2019-06-14,108.33,108.4,108.16,108.21,108.38,5314,54093,1.128,1.1286,1.127,1.1285,1467,5650,104.8,,,,,,,,
2019-06-17,108.58,108.7,108.52,108.57,108.6,5129,43694,1.1216,1.1224,1.1204,1.1214,1523,6380,104.85,,,,,,,,
2019-06-18,108.55,108.58,108.21,108.26,108.54,8142,41639,1.1225,1.1242,1.1221,1.1238,2197,11704,104.66,,,,,,,,
2019-06-19,108.58,108.61,108.24,108.39,108.37,5492,48385,1.1199,1.1202,1.1188,1.12,926,8881,104.85,,,,,,,,
2019-06-20,108.11,108.14,107.47,107.68,107.65,10261,59526,1.1236,1.1299,1.1231,1.1298,3909,6521,105,,,,,,,,
2019-06-21,107.31,107.53,107.05,107.46,107.1,12019,62731,1.1295,1.1319,1.1284,1.1312,2715,11285,104.99,,,,,,,,
2019-06-24,107.31,107.48,107.27,107.42,107.4,7689,43612,1.1385,1.1389,1.1372,1.1376,1665,5505,104.89,,,,,,,,
2019-06-25,107.34,107.41,106.78,107.05,107,9647,55220,1.14,1.1412,1.1388,1.1389,2329,6533,105.12,,,,,,,,
2019-06-26,107.18,107.5,107.11,107.46,107.36,7279,54486,1.1368,1.1373,1.1353,1.1365,2348,9403,104.49,,,,,,,,
2019-06-27,107.75,108.15,107.64,108.05,108.08,6837,52047,1.1374,1.1375,1.1348,1.1368,1567,10251,104.43,,,,,,,,
2019-06-28,107.76,107.81,107.57,107.64,107.68,7587,48736,1.1372,1.1392,1.1361,1.1388,1835,17180,104.3,,,,,,,,
2019-07-01,108.38,108.53,108.11,108.33,108.24,6947,52166,1.1361,1.1371,1.1317,1.1322,1875,12416,103.85,,,,,,,,
2019-07-02,108.38,108.47,108.24,108.27,108.42,4550,54526,1.1287,1.1299,1.1276,1.1289,2800,11298,104.52,,,,,,,,
2019-07-03,107.84,107.9,107.54,107.75,107.6,4960,19859,1.1291,1.1295,1.127,1.1278,1299,2520,104.65,,,,,,,,
2019-07-04,107.78,107.83,107.71,107.81,107.79,2766,42476,1.1288,1.1295,1.128,1.1284,1020,4986,104.55,,,,,,,,
2019-07-05,107.83,108.06,107.79,108.06,107.86,4551,48167,1.1286,1.1287,1.1266,1.1268,962,14459,104.26,,,,,,,,
2019-07-08,108.49,108.58,108.28,108.35,108.52,3861,55822,1.1227,1.1232,1.122,1.1232,712,8917,104.03,,,,,,,,
2019-07-09,108.74,108.91,108.7,108.82,108.86,4469,53105,1.1216,1.1219,1.1206,1.1209,1036,4901,104.01,,,,,,,,
2019-07-10,108.93,108.99,108.86,108.96,108.9,5027,68183,1.1204,1.1218,1.1202,1.1215,1404,11096,104.08,,,,,,,,
2019-07-11,108.34,108.38,107.86,108.06,108.14,7981,73700,1.1259,1.1282,1.1255,1.1278,1777,13050,104.01,,,,,,,,
2019-07-12,108.61,108.61,108.29,108.37,108.4,6511,69679,1.125,1.1275,1.1249,1.1265,1222,9308,104.59,,,,,,,,
2019-07-16,107.91,108.1,107.83,108.07,107.95,5462,78851,1.1261,1.1263,1.1247,1.1249,1392,13647,104.37,,,,,,,,
2019-07-17,108.2,108.33,108.12,108.27,108.17,4135,69143,1.1212,1.1217,1.12,1.1207,869,7878,104.63,,,,,,,,
2019-07-18,107.94,107.97,107.62,107.77,107.7,6228,66270,1.1228,1.1243,1.1226,1.1239,1276,15073,105.05,,,,,,,,
2019-07-19,107.41,107.71,107.22,107.65,107.5,6141,73609,1.1261,1.1282,1.124,1.1265,1888,16257,104.81,,,,,,,,
2019-07-22,107.83,108.07,107.71,107.87,107.96,4969,64259,1.1218,1.1222,1.1208,1.122,1338,4993,104.72,,,,,,,,
2019-07-23,107.9,108.19,107.83,108.11,108.05,5300,66584,1.1205,1.1209,1.1185,1.1193,2708,8840,104.55,,,,,,,,
2019-07-24,108.24,108.28,107.99,108.04,108.17,5822,62936,1.1151,1.1153,1.1128,1.1139,1508,6000,104.54,,,,,,,,
2019-07-25,108.2,108.24,108.05,108.06,108.17,5304,68617,1.1142,1.1143,1.1122,1.1128,2891,12779,104.18,,,,,,,,
2019-07-26,108.68,108.73,108.56,108.63,108.65,5622,59197,1.1145,1.1151,1.1134,1.1135,1457,8959,104.22,,,,,,,,
2019-07-29,108.64,108.67,108.42,108.65,108.45,4517,57420,1.113,1.1139,1.1118,1.1121,1148,9317,104.19,,,,,,,,
2019-07-30,108.86,108.95,108.57,108.65,108.78,6117,57858,1.1143,1.1148,1.1133,1.1144,1084,7529,104.28,,,,,,,,
2019-07-31,108.56,108.65,108.5,108.56,108.56,5867,72734,1.1157,1.1161,1.1148,1.1152,922,17622,104.39,,,,,,,,
2019-08-01,108.83,109.32,108.71,109.15,109.24,9445,94945,1.1072,1.1079,1.1033,1.1033,5752,10440,106.02,,,,,,,,
2019-08-02,107.45,107.56,106.84,106.92,107.11,12638,73263,1.108,1.1115,1.107,1.1114,3578,22910,107.02,,,,,,,,
2019-08-05,106.57,106.68,105.79,105.95,106.03,12517,55798,1.1108,1.1134,1.1107,1.1131,2811,11439,108.34,,,,,,,,
2019-08-06,105.62,107.08,105.52,106.38,105.6,12413,45628,1.1242,1.1249,1.119,1.1215,4359,11827,107.59,,,,,,,,
2019-08-07,106.33,106.45,105.94,106.3,106.15,8708,49758,1.1206,1.1219,1.1192,1.119,1283,12715,107.99,,,,,,,,
2019-08-08,106.11,106.32,106,106.11,106.11,6865,55751,1.1205,1.1219,1.1201,1.1217,1719,16703,108,,,,,,,,
2019-08-09,105.89,106.07,105.77,105.95,105.98,7599,42947,1.1187,1.1197,1.1185,1.1188,1052,8349,108.57,,,,,,,,
2019-08-13,105.38,105.58,105.13,105.2,105.43,6928,54434,1.1216,1.1217,1.1182,1.1193,1541,7614,107.36,,,,,,,,
2019-08-14,106.61,106.7,106.24,106.45,106.36,7193,62828,1.1177,1.1184,1.1165,1.1181,1243,9806,108.43,,,,,,,,
2019-08-15,105.92,106.77,105.76,106.25,105.93,6432,54758,1.1144,1.1153,1.114,1.1149,1216,12417,108.22,,,,,,,,
2019-08-16,106.1,106.27,106.03,106.17,106.15,4904,72195,1.1111,1.1112,1.1086,1.1086,1755,13688,107.98,,,,,,,,
2019-08-19,106.43,106.47,106.25,106.41,106.38,3964,50803,1.1093,1.1105,1.1088,1.1104,1081,10794,107.9,,,,,,,,
2019-08-20,106.57,106.69,106.4,106.47,106.56,4706,50679,1.1082,1.1088,1.1073,1.1072,1165,17233,108.24,,,,,,,,
2019-08-21,106.28,106.6,106.25,106.55,106.47,4361,45918,1.1098,1.1105,1.1088,1.1093,942,12741,107.81,,,,,,,,
2019-08-22,106.6,106.65,106.3,106.45,106.45,4335,57958,1.109,1.1108,1.1076,1.1105,1108,13662,108.19,,,,,,,,
2019-08-23,106.47,106.67,106.43,106.65,106.55,6936,39205,1.1084,1.1086,1.1061,1.107,1509,9215,109.27,,,,,,,,
2019-08-26,104.85,105.95,104.46,105.74,105.25,11874,41506,1.1142,1.1164,1.1119,1.1122,1753,9573,108.85,,,,,,,,
2019-08-27,105.97,106.15,105.6,105.74,105.84,4848,61890,1.1101,1.1112,1.1098,1.111,1049,5120,109.33,,,,,,,,
2019-08-28,105.75,105.89,105.65,105.74,105.79,5116,66599,1.109,1.1097,1.1085,1.1093,1153,9598,109.05,,,,,,,,
2019-08-29,106.09,106.17,105.83,106.11,105.92,5508,63991,1.1086,1.1087,1.1076,1.1083,879,5148,108.52,,,,,,,,
2019-08-30,106.46,106.54,106.29,106.52,106.43,6534,46277,1.1059,1.106,1.1033,1.1038,2149,11477,108.93,,,,,,,,
2019-09-02,106.14,106.28,105.94,106.26,106.16,3932,41091,1.0991,1.0996,1.098,1.0982,666,10284,109.18,,,,,,,,
2019-09-03,106.2,106.38,105.93,105.99,106.3,5474,43162,1.0965,1.0968,1.0931,1.094,2639,11780,109.42,,,,,,,,
2019-09-04,105.86,106.25,105.83,106.24,105.99,5285,49394,1.0973,1.0994,1.097,1.0993,1514,6838,108.48,,,,,,,,
2019-09-05,106.35,106.75,106.33,106.52,106.4,8890,59026,1.1035,1.1043,1.1018,1.104,1376,5780,107.9,,,,,,,,
2019-09-06,107.07,107.1,106.92,106.98,107.05,6418,50530,1.1035,1.105,1.103,1.1047,814,12976,107.66,,,,,,,,
2019-09-09,106.95,107.02,106.76,106.97,106.95,3789,44008,1.1021,1.1034,1.1016,1.1032,1064,10262,107.33,,,,,,,,
2019-09-10,107.33,107.5,107.19,107.33,107.43,6906,45460,1.1047,1.1059,1.104,1.1046,1068,12696,106.98,,,,,,,,
2019-09-11,107.6,107.85,107.5,107.81,107.64,7686,53670,1.1051,1.1055,1.1034,1.1034,1543,7265,106.74,,,,,,,,
2019-09-12,108.02,108.17,107.79,107.91,108.03,8436,61291,1.1014,1.1019,1.1006,1.1018,2402,13503,106.06,,,,,,,,
2019-09-13,108.18,108.26,107.94,107.96,108.2,5790,43666,1.1057,1.1109,1.1056,1.1094,1883,15226,106.03,,,,,,,,
2019-09-17,108.15,108.37,108.03,108.13,108.19,6756,53750,1.1003,1.1016,1.0992,1.1017,1864,7790,106.14,,,,,,,,
2019-09-18,108.11,108.27,108.09,108.2,108.21,4622,63330,1.1075,1.1076,1.1052,1.1055,1054,8230,105.91,,,,,,,,
2019-09-19,108.44,108.47,107.79,108.05,108.13,8647,47830,1.1029,1.1052,1.1023,1.1053,1084,7596,106.42,,,,,,,,
2019-09-20,108.07,108.08,107.78,107.93,108,5336,48670,1.1045,1.1067,1.1041,1.1051,781,18074,106.86,,,,,,,,
2019-09-24,107.61,107.69,107.48,107.6,107.66,4623,48226,1.0994,1.0996,1.0984,1.0987,723,14224,107.47,,,,,,,,
2019-09-25,107.18,107.43,107,107.29,107.07,7676,50013,1.1014,1.1021,1.0994,1.0998,1909,17064,107.07,,,,,,,,
2019-09-26,107.71,107.77,107.6,107.69,107.71,5783,51026,1.0952,1.0965,1.0941,1.0945,2111,13528,107.08,,,,,,,,
2019-09-27,107.75,107.85,107.65,107.85,107.77,7044,52611,1.0923,1.0925,1.0904,1.0918,2112,9056,106.97,,,,,,,,
2019-09-30,107.95,108.01,107.76,107.86,107.95,6216,61680,1.0942,1.0947,1.093,1.0935,900,13098,106.94,,,,,,,,
2019-10-01,108.06,108.43,108.05,108.35,108.17,5087,63321,1.0899,1.09,1.0879,1.0889,1309,12782,107.32,,,,,,,,
2019-10-02,107.75,107.88,107.55,107.68,107.84,4207,58651,1.0935,1.0941,1.0918,1.092,994,11828,107.86,,,,,,,,
2019-10-03,107.17,107.29,106.97,107.23,107.14,6240,53819,1.0961,1.0964,1.0942,1.0945,660,10412,107.99,,,,,,,,
2019-10-04,106.83,106.93,106.73,106.77,106.82,4910,54976,1.0974,1.0984,1.0965,1.0972,612,17020,107.84,,,,,,,,
2019-10-07,106.77,106.93,106.69,106.85,106.8,3096,47483,1.0984,1.099,1.0967,1.0973,605,10501,107.62,,,,,,,,
2019-10-08,107.26,107.45,107.15,107.16,107.39,4661,50259,1.0972,1.0983,1.0964,1.098,1110,9245,107.85,,,,,,,,
2019-10-09,106.95,107.29,106.94,107.22,107.09,4605,42630,1.096,1.0983,1.0955,1.0979,888,11537,107.32,,,,,,,,
2019-10-10,107.23,107.77,107.04,107.41,107.33,8246,57841,1.0985,1.1018,1.0975,1.1017,2303,7713,106.52,,,,,,,,
2019-10-11,107.88,108.13,107.85,107.92,108,4760,42185,1.1011,1.1022,1.1005,1.1012,1160,6547,105.89,,,,,,,,
2019-10-15,108.39,108.45,108.29,108.36,108.33,5198,54966,1.1026,1.1046,1.1014,1.1021,901,12904,105.37,,,,,,,,
2019-10-16,108.81,108.86,108.6,108.65,108.68,6291,55289,1.1035,1.1059,1.1024,1.1036,1276,11783,105.44,,,,,,,,
2019-10-17,108.68,108.85,108.65,108.84,108.75,5840,52793,1.1074,1.1085,1.1067,1.1078,1538,8023,105.24,,,,,,,,
2019-10-18,108.6,108.68,108.51,108.65,108.67,4906,53900,1.1125,1.1131,1.1116,1.1124,452,7582,105.3,,,,,,,,
2019-10-21,108.41,108.58,108.29,108.57,108.49,3471,58063,1.1156,1.1167,1.1151,1.1165,723,11743,105.1,,,,,,,,
2019-10-23,108.49,108.5,108.25,108.38,108.38,5195,81275,1.1129,1.113,1.1116,1.1125,1065,6866,104.99,,,,,,,,
2019-10-24,108.64,108.75,108.57,108.7,108.61,4681,62322,1.1133,1.1162,1.1127,1.1147,1053,16303,105.2,,,,,,,,
2019-10-25,108.61,108.71,108.6,108.62,108.7,5124,49357,1.1104,1.1116,1.1101,1.1113,622,13975,105.11,,,,,,,,
2019-10-28,108.75,108.79,108.68,108.74,108.76,4282,33264,1.1085,1.109,1.1077,1.109,703,7079,104.78,,,,,,,,
2019-10-29,108.98,109.07,108.85,108.86,108.97,4330,59457,1.1099,1.1102,1.1084,1.1085,1377,11634,104.81,,,,,,,,
2019-10-30,108.88,108.88,108.82,108.86,108.84,4023,46071,1.1113,1.1122,1.1107,1.1122,776,12223,104.71,,,,,,,,
2019-10-31,108.8,108.88,108.59,108.61,108.83,8027,69415,1.1153,1.117,1.1152,1.1164,2041,18594,105.47,,,,,,,,
2019-11-01,108.01,108.06,107.89,107.96,107.98,6363,57382,1.1156,1.1166,1.1149,1.1164,1261,15536,105.17,,,,,,,,
2019-11-05,108.71,108.84,108.54,108.79,108.77,6956,52018,1.1128,1.1137,1.1113,1.1136,1207,8005,104.19,,,,,,,,
2019-11-06,109.15,109.18,108.92,108.98,109.06,5827,54046,1.1075,1.1081,1.1067,1.108,930,7351,104.42,,,,,,,,
2019-11-07,108.92,109.12,108.65,108.96,108.7,7043,44311,1.1071,1.108,1.1055,1.1076,1152,9264,104.02,,,,,,,,
2019-11-08,109.28,109.4,109.15,109.29,109.35,7067,21481,1.1053,1.1054,1.1045,1.1049,810,6735,104.24,,,,,,,,
2019-11-11,109.2,109.25,108.92,108.96,109.03,4048,23270,1.1022,1.103,1.1017,1.103,789,4660,104.54,,,,,,,,
2019-11-12,109.05,109.29,108.99,109.24,109.14,4485,48125,1.1035,1.1037,1.1027,1.1029,432,7031,104.67,,,,,,,,
2019-11-13,109,109.11,108.87,109.07,109.04,5570,40950,1.1013,1.1016,1.1006,1.1006,1094,6347,104.98,,,,,,,,
2019-11-14,108.8,108.86,108.62,108.75,108.73,4898,48387,1.101,1.1011,1.0995,1.1011,1053,7836,105.29,,,,,,,,
2019-11-15,108.5,108.63,108.39,108.56,108.57,5086,37487,1.102,1.103,1.1017,1.1017,973,8015,104.76,,,,,,,,
2019-11-18,108.71,108.95,108.68,108.92,108.8,3984,32965,1.1054,1.1067,1.1052,1.1057,905,6633,104.95,,,,,,,,
2019-11-19,108.68,108.7,108.47,108.67,108.53,5199,44351,1.1073,1.1081,1.1063,1.1069,975,9502,105.1,,,,,,,,
2019-11-20,108.48,108.59,108.36,108.44,108.5,7419,42011,1.1079,1.1079,1.1066,1.1069,1199,10755,105.12,,,,,,,,
2019-11-21,108.48,108.67,108.28,108.58,108.48,5901,47509,1.1079,1.108,1.1071,1.1073,998,14455,105.13,,,,,,,,
2019-11-22,108.58,108.71,108.57,108.61,108.66,4685,51997,1.1066,1.1072,1.1058,1.1065,965,10546,105.28,,,,,,,,
2019-11-25,108.73,108.89,108.65,108.84,108.78,4679,47045,1.1023,1.103,1.1019,1.103,935,6606,104.95,,,,,,,,
2019-11-26,109,109.21,108.92,108.96,109.05,6016,57376,1.1011,1.1016,1.1008,1.1016,405,9316,104.8,,,,,,,,
2019-11-27,109.1,109.19,109.03,109.19,109.11,5635,43605,1.1023,1.1023,1.1005,1.1007,955,5068,104.37,,,,,,,,
2019-11-28,109.38,109.56,109.34,109.42,109.39,6111,37487,1.1006,1.1012,1.1,1.1012,974,6277,104.41,,,,,,,,
2019-11-29,109.52,109.6,109.45,109.5,109.47,5011,55499,1.1011,1.1012,1.1008,1.1012,709,15029,104.45,,,,,,,,
2019-12-02,109.54,109.73,109.49,109.6,109.66,4238,62396,1.1019,1.1027,1.1016,1.1017,905,14848,104.88,,,,,,,,
2019-12-03,109.02,109.21,108.95,109.1,109.13,6294,57016,1.1077,1.1082,1.1071,1.1077,670,15235,105.31,,,,,,,,
2019-12-04,108.68,108.67,108.43,108.48,108.55,6846,52789,1.1082,1.1084,1.1073,1.1078,1024,9720,104.98,,,,,,,,
2019-12-05,108.84,108.93,108.78,108.89,108.86,5475,57592,1.1083,1.1086,1.1079,1.108,826,11332,104.96,,,,,,,,
2019-12-06,108.73,108.78,108.66,108.67,108.78,4919,46401,1.1105,1.1109,1.1102,1.1107,697,5012,105.12,,,,,,,,
2019-12-09,108.64,108.66,108.55,108.57,108.58,3756,45442,1.1059,1.1066,1.1054,1.1067,421,5651,105.16,,,,,,,,
2019-12-10,108.59,108.66,108.57,108.63,108.64,4452,50395,1.1065,1.1071,1.1063,1.1071,562,11837,104.93,,,,,,,,
2019-12-11,108.78,108.86,108.67,108.73,108.74,3733,54450,1.1092,1.1096,1.1083,1.1085,719,8292,105,,,,,,,,
2019-12-12,108.56,108.65,108.46,108.65,108.58,4711,50007,1.1133,1.1144,1.1129,1.1138,1007,12201,103.81,,,,,,,,
2019-12-13,109.4,109.66,108.84,109.63,109.5,7608,57309,1.1183,1.12,1.114,1.1166,2081,9889,103.77,,,,,,,,
2019-12-16,109.39,109.44,109.3,109.41,109.39,3588,60055,1.1124,1.1149,1.1124,1.1146,716,7041,103.52,,,,,,,,
2019-12-17,109.58,109.62,109.49,109.6,109.54,4113,65265,1.1137,1.1153,1.1135,1.1142,1016,13027,103.65,,,,,,,,
2019-12-18,109.53,109.57,109.42,109.44,109.44,4141,61518,1.1152,1.1154,1.113,1.1132,1033,7876,103.65,,,,,,,,
2019-12-19,109.55,109.72,109.55,109.58,109.58,5518,57981,1.1116,1.1132,1.1114,1.1127,667,5698,103.8,,,,,,,,
2019-12-20,109.39,109.4,109.26,109.37,109.39,4840,50370,1.1123,1.1124,1.1115,1.1118,593,5198,103.79,,,,,,,,
2019-12-23,109.5,109.54,109.37,109.4,109.42,3831,39284,1.108,1.1085,1.1072,1.1084,445,10481,103.88,,,,,,,,
2019-12-24,109.4,109.45,109.37,109.4,109.4,3490,41095,1.1093,1.1094,1.1081,1.1086,383,7919,103.83,,,,,,,,
2019-12-25,109.38,109.44,109.31,109.35,109.38,1514,14654,1.1089,1.109,1.1075,1.1087,148,0,103.75,,,,,,,,
2019-12-26,109.38,109.57,109.37,109.56,109.55,4529,34877,1.1095,1.1095,1.1086,1.1091,208,1597,103.5,,,,,,,,
2019-12-27,109.53,109.59,109.43,109.51,109.49,5623,64729,1.1102,1.1131,1.1098,1.113,1048,8854,103.5,,,,,,,,
2019-12-30,109.44,109.46,109.07,109.15,109.12,4743,41947,1.1181,1.1211,1.1175,1.1196,1380,9315,103.9,,,,,,,,
2020-01-06,107.98,108.17,107.77,108.11,108.05,7014,61292,1.1161,1.117,1.1158,1.1165,702,17362,104.4,,,,,,,,
2020-01-07,108.42,108.51,108.28,108.33,108.44,4722,63473,1.1196,1.1197,1.1173,1.1174,863,8506,104.31,,,,,,,,
2020-01-08,108.01,108.5,107.65,108.42,107.82,10323,62144,1.1154,1.1168,1.1145,1.1152,1435,15070,103.66,,,,,,,,
2020-01-09,109.04,109.35,109.02,109.35,109.22,5686,69574,1.1114,1.112,1.1106,1.1116,850,9158,103.18,,,,,,,,
2020-01-10,109.5,109.6,109.46,109.57,109.54,5427,70767,1.1109,1.1111,1.1103,1.1107,572,17990,103.12,,,,,,,,
2020-01-14,110.02,110.21,109.92,109.99,110.08,7126,64578,1.1135,1.1144,1.1132,1.1143,1087,13684,102.4,,,,,,,,
2020-01-15,109.86,110.01,109.82,109.91,109.93,5440,66347,1.1128,1.1136,1.1127,1.1129,1396,11060,102.5,,,,,,,,
2020-01-16,109.88,109.99,109.86,109.98,109.93,4725,65980,1.1153,1.1158,1.1145,1.1148,1239,10302,102.22,,,,,,,,
2020-01-17,110.18,110.3,110.16,110.21,110.2,4370,37074,1.1137,1.1142,1.1131,1.1137,722,6127,102.21,,,,,,,,
2020-01-20,110.19,110.22,110.09,110.13,110.19,2696,30906,1.1095,1.1101,1.1091,1.1095,323,6930,102.23,,,,,,,,
2020-01-21,110.18,110.23,109.89,109.98,110,6523,50469,1.1096,1.1099,1.1089,1.1093,695,14192,102.8,,,,,,,,
2020-01-22,109.92,110.1,109.83,110.01,109.88,5127,56143,1.1086,1.1087,1.1076,1.1086,953,9785,102.69,,,,,,,,
2020-01-23,109.74,109.85,109.51,109.61,109.68,5671,56991,1.1096,1.1099,1.1078,1.1089,1574,7421,103.27,,,,,,,,
2020-01-24,109.57,109.57,109.44,109.55,109.55,5112,53455,1.1056,1.1056,1.1045,1.1051,1122,7837,103.51,,,,,,,,
2020-01-27,108.8,109.12,108.73,109.06,108.93,6794,46892,1.1025,1.1037,1.1025,1.1035,618,6387,104.08,,,,,,,,
2020-01-28,108.94,109.1,108.83,109.08,108.98,4683,37785,1.102,1.1025,1.1015,1.1018,617,5587,103.83,,,,,,,,
2020-01-29,109.14,109.27,109.05,109.1,109.08,5060,56012,1.1023,1.1028,1.1004,1.1006,810,12729,104.05,,,,,,,,
2020-01-30,109,109.06,108.81,108.87,108.95,5094,58502,1.1014,1.1018,1.1008,1.1012,699,7507,104.19,,,,,,,,
2020-01-31,108.9,109.14,108.88,109.04,109.03,6947,52926,1.1029,1.1035,1.1018,1.1028,971,18325,104.75,,,,,,,,
2020-02-03,108.39,108.69,108.32,108.63,108.52,4711,62892,1.1089,1.1094,1.1073,1.1075,984,8913,105.06,,,,,,,,
2020-02-04,108.63,108.95,108.55,108.94,108.61,4784,59428,1.1063,1.1064,1.105,1.105,597,9312,104.04,,,,,,,,
2020-02-05,109.45,109.51,109.32,109.34,109.43,5718,59773,1.1046,1.1046,1.1034,1.1037,1226,14230,103.69,,,,,,,,
2020-02-06,109.82,109.98,109.6,109.91,109.89,4980,44487,1.1001,1.1004,1.0994,1.1004,1087,11686,103.65,,,,,,,,
2020-02-07,109.97,110.04,109.81,109.93,109.89,5780,57361,1.0981,1.0985,1.0968,1.0967,1280,13482,104.26,,,,,,,,
2020-02-10,109.63,109.87,109.57,109.81,109.64,4793,47482,1.0949,1.0957,1.0942,1.0947,539,19667,104.15,,,,,,,,
2020-02-12,109.85,109.92,109.79,109.88,109.85,4216,62798,1.0919,1.0919,1.0903,1.0914,714,14341,103.68,,,,,,,,
2020-02-13,109.87,110.09,109.72,109.73,109.88,4880,54617,1.0876,1.0878,1.0865,1.0879,1278,8659,104.07,,,,,,,,
2020-02-14,109.78,109.91,109.74,109.79,109.85,5878,31132,1.0842,1.0843,1.0827,1.0841,1133,4796,104.19,,,,,,,,
2020-02-17,109.79,109.86,109.72,109.87,109.81,2358,34838,1.0842,1.0842,1.0834,1.0841,671,8610,104.06,,,,,,,,
2020-02-18,109.84,109.87,109.66,109.71,109.75,5637,57002,1.0837,1.0837,1.0823,1.0833,1205,10389,104.34,,,,,,,,
2020-02-19,109.92,110.15,109.85,110.12,110.05,5098,38585,1.0795,1.0805,1.0792,1.0803,982,16343,102.96,,,,,,,,
2020-02-20,111.21,111.85,111.12,111.69,111.2,13861,61560,1.081,1.0815,1.0778,1.0791,1544,6381,102.69,,,,,,,,
2020-02-21,111.97,112.18,111.69,111.74,112.05,9260,67910,1.0788,1.0798,1.0787,1.0796,824,12369,103.07,,,,,,,,
2020-02-25,110.85,111.04,110.64,110.72,110.92,7311,50256,1.0849,1.0867,1.0846,1.0854,1525,7602,104.42,,,,,,,,
2020-02-26,110.3,110.58,110.14,110.48,110.31,9486,56086,1.088,1.0881,1.0862,1.0872,2074,7715,104.32,,,,,,,,
2020-02-27,110.39,110.45,109.97,110.11,110.31,8663,52903,1.0887,1.0921,1.088,1.0921,2716,8742,104.81,,,,,,,,
2020-02-28,109.63,109.68,108.8,108.84,109.4,12690,49750,1.0997,1.1008,1.0983,1.0997,2138,11797,106.48,,,,,,,,
2020-03-02,107.69,108.55,107.37,108.45,107.67,9590,58040,1.1052,1.1077,1.1037,1.1064,3621,11230,105.38,,,,,,,,
2020-03-03,108.52,108.53,107.67,108.04,108.32,8339,53283,1.1144,1.1155,1.1116,1.1121,3112,14877,106.49,,,,,,,,
2020-03-04,107.07,107.68,106.85,107.53,107.35,7817,53568,1.1177,1.1185,1.1144,1.116,2518,17019,105.83,,,,,,,,
2020-03-05,107.72,107.74,107.19,107.37,107.31,6798,49723,1.1139,1.1143,1.1122,1.1124,2169,6025,107.18,,,,,,,,
2020-03-06,106.27,106.34,105.76,105.8,106.24,10710,48049,1.1223,1.1248,1.121,1.1235,2998,6108,107.88,,,,,,,,
2020-03-09,103.95,104.6,101.6,102.24,102.1,19829,59869,1.1388,1.1495,1.1341,1.144,7744,7036,111.16,,,,,,,,
2020-03-10,103.09,105.02,102.04,103.85,103.25,11879,53679,1.1398,1.1457,1.1333,1.1382,3568,10059,107.96,,,,,,,,
2020-03-11,105.03,105.39,104.12,105.03,105,10270,46883,1.1314,1.1366,1.1289,1.1329,3759,6174,109.35,,,,,,,,
2020-03-12,104.54,104.8,103.1,103.67,104,10646,41500,1.1261,1.1334,1.1257,1.1312,2660,15638,110.29,,,,,,,,
2020-03-13,104.67,106,104.5,105.84,105.08,8951,45086,1.1184,1.1221,1.1154,1.118,2323,5870,106.96,,,,,,,,
2020-03-16,106.49,107.56,105.73,106.6,106.9,10659,46573,1.1158,1.1199,1.1085,1.1177,2823,5556,109.34,,,,,,,,
2020-03-17,106.23,107.19,105.9,106.87,106.58,7826,54172,1.1163,1.1189,1.1132,1.1138,1160,8036,108.07,,,,,,,,
2020-03-18,107.38,107.57,106.76,107.42,107.35,6157,45159,1.1017,1.1045,1.0969,1.097,2016,11891,108.71,,,,,,,,
2020-03-19,108.37,109.56,108,109.16,108.85,11345,49670,1.0945,1.0982,1.0846,1.0848,3405,13186,107.06,,,,,,,,
2020-03-23,110.4,111.24,109.67,110.24,110.18,7637,52344,1.0689,1.0768,1.0636,1.0693,2253,8462,106.67,,,,,,,,
2020-03-24,110.81,111.25,110.07,110.54,110.45,7665,49317,1.0764,1.0866,1.0733,1.083,2621,12985,105.96,,,,,,,,
2020-03-25,111.12,111.49,110.76,111.47,111.13,7054,64518,1.0799,1.0835,1.0761,1.0808,2280,10521,105.92,,,,,,,,
2020-03-26,110.85,111.24,110.37,110.48,110.74,7855,73745,1.0888,1.0935,1.0871,1.0925,1957,8268,106.64,,,,,,,,
2020-03-27,109.15,109.51,108.24,108.91,108.4,7742,62712,1.1047,1.1087,1.101,1.1021,2453,7871,108.2,,,,,,,,
2020-03-30,107.46,108.24,107.15,107.99,107.55,5712,55601,1.1137,1.1144,1.1064,1.1083,1609,6808,108.76,,,,,,,,
2020-03-31,108.08,108.8,107.82,108.42,108.7,9175,66321,1.1029,1.1043,1.0985,1.0997,1884,14089,108.87,,,,,,,,
2020-04-01,107.52,107.94,107.25,107.66,107.58,5832,61034,1.1026,1.1037,1.0958,1.096,1344,11167,109.87,,,,,,,,
2020-04-02,107.29,107.57,107.12,107.29,107.48,3835,58531,1.0953,1.0963,1.093,1.0933,1274,6850,109.11,,,,,,,,
2020-04-03,108.03,108.3,107.81,108.23,108.1,4493,51785,1.0846,1.0858,1.0789,1.0791,785,9020,108.84,,,,,,,,
2020-04-06,108.72,109.38,108.43,109.18,108.95,4659,40461,1.0805,1.0834,1.0801,1.0818,967,7945,107.95,,,,,,,,
2020-04-07,109.13,109.26,108.68,108.88,108.86,3287,39873,1.0799,1.0875,1.0785,1.0878,1281,7710,107.68,,,,,,,,
2020-04-08,108.68,109,108.51,108.84,108.86,4244,64958,1.0893,1.0899,1.083,1.0861,1054,8982,107.77,,,,,,,,
2020-04-09,108.94,109.06,108.84,108.94,108.96,3792,61945,1.086,1.0881,1.0844,1.0877,989,9587,107.65,,,,,,,,
2020-04-10,108.55,108.62,108.32,108.4,108.6,2195,34346,1.0923,1.0952,1.092,1.0938,171,587,107.57,,,,,,,,
2020-04-13,108.34,108.52,107.79,107.89,108.26,2781,31802,1.0931,1.0964,1.0925,1.0947,636,2461,108.46,,,,,,,,
2020-04-14,107.64,107.76,107.54,107.67,107.65,3642,60567,1.092,1.0948,1.0911,1.0932,1477,14151,108.77,,,,,,,,
2020-04-15,107.12,107.38,106.93,107.36,107.17,4494,63701,1.0983,1.0987,1.0932,1.093,703,13689,109.03,,,,,,,,
2020-04-16,107.63,108.08,107.41,107.83,107.69,4717,58580,1.0903,1.091,1.0865,1.0873,769,12514,108.85,,,,,,,,
2020-04-17,107.94,108.08,107.64,107.8,107.93,4248,44356,1.086,1.0879,1.0823,1.0829,1004,10694,108.96,,,,,,,,
2020-04-20,107.7,107.95,107.5,107.7,107.86,3288,42452,1.0864,1.0872,1.0843,1.0868,898,8759,108.99,,,,,,,,
2020-04-21,107.68,107.8,107.31,107.39,107.8,5090,49493,1.0864,1.0866,1.0826,1.0831,1044,14230,109.16,,,,,,,,
2020-04-22,107.72,107.87,107.52,107.6,107.84,3567,58652,1.0857,1.0871,1.0846,1.0856,871,13978,109.14,,,,,,,,
2020-04-23,107.83,107.87,107.63,107.64,107.8,3070,46039,1.0807,1.0834,1.0786,1.0796,1417,6918,109.24,,,,,,,,
2020-04-24,107.67,107.76,107.57,107.7,107.7,6015,56894,1.0774,1.078,1.0728,1.0741,1885,22537,109.33,,,,,,,,
2020-04-27,107.51,107.62,107.05,107.23,107.58,3875,58823,1.0821,1.0858,1.0811,1.0842,1141,11302,109.48,,,,,,,,
2020-04-28,107.3,107.34,107.05,107.08,107.28,3753,67045,1.0824,1.084,1.0811,1.084,662,12945,109.78,,,,,,,,
2020-04-30,106.62,106.88,106.41,106.6,106.58,6341,53068,1.0877,1.0891,1.0852,1.0884,1241,6941,108.83,,,,,,,,
2020-05-01,107.28,107.4,106.93,106.95,107.1,3627,45562,1.0945,1.0965,1.0935,1.0965,940,6694,109.25,,,,,,,,
2020-05-07,106.22,106.4,106,106.36,106.26,3151,51374,1.0799,1.0813,1.0787,1.0799,830,5266,110.26,,,,,,,,
2020-05-08,106.38,106.45,106.23,106.38,106.4,3677,44718,1.0837,1.0854,1.0824,1.0824,1187,11265,109.68,,,,,,,,
2020-05-11,106.93,107.24,106.68,107.18,106.94,4050,40716,1.0837,1.085,1.0819,1.0834,578,9431,108.92,,,,,,,,
2020-05-12,107.6,107.68,107.35,107.56,107.51,3367,38557,1.081,1.0827,1.0785,1.0816,813,10061,109.32,,,,,,,,
2020-05-13,107.18,107.27,107,107.06,107.22,3530,47197,1.0846,1.0857,1.0834,1.0838,661,12662,109.56,,,,,,,,
2020-05-14,106.93,107.05,106.78,106.87,106.87,3035,47656,1.0821,1.0823,1.0796,1.0805,1039,12759,109.39,,,,,,,,
2020-05-15,107.36,107.43,107.09,107.1,107.42,3852,48464,1.0807,1.0815,1.0796,1.0816,755,13558,109.7,,,,,,,,
2020-05-18,107.22,107.28,107.07,107.18,107.11,1533,41457,1.0819,1.0828,1.081,1.0814,374,9752,109.14,,,,,,,,
2020-05-19,107.39,107.53,107.3,107.42,107.4,3546,52714,1.0914,1.0944,1.0903,1.0929,721,14354,108.6,,,,,,,,
2020-05-20,107.82,107.99,107.63,107.66,107.98,3481,55578,1.0927,1.0958,1.0922,1.0943,784,10363,108.52,,,,,,,,
2020-05-21,107.6,107.85,107.55,107.78,107.73,3756,43118,1.098,1.0979,1.0954,1.0968,908,6668,108.6,,,,,,,,
2020-05-22,107.65,107.76,107.32,107.46,107.74,3824,29804,1.095,1.0953,1.0902,1.0905,773,3821,108.89,,,,,,,,
2020-05-25,107.76,107.78,107.63,107.75,107.68,2083,17086,1.0908,1.0908,1.0871,1.0877,638,2328,108.83,,,,,,,,
2020-05-26,107.69,107.92,107.68,107.83,107.75,3135,35829,1.0902,1.0938,1.0893,1.0935,680,10653,108.59,,,,,,,,
2020-05-27,107.5,107.62,107.37,107.53,107.52,3896,44798,1.0979,1.0984,1.0952,1.0965,1759,9738,108.62,,,,,,,,
2020-05-28,107.81,107.91,107.73,107.83,107.87,3383,47822,1.1017,1.1035,1.0997,1.1005,1872,7793,108.44,,,,,,,,
2020-05-29,107.65,107.72,107.06,107.21,107.14,6655,58371,1.1078,1.1113,1.107,1.1106,2267,13438,108.06,,,,,,,,
2020-06-01,107.72,107.85,107.49,107.53,107.75,3379,51244,1.1116,1.115,1.1103,1.1149,1222,15368,107.94,,,,,,,,
2020-06-02,107.56,107.83,107.52,107.79,107.56,2961,38684,1.1126,1.1138,1.1115,1.1128,980,9957,106.47,,,,,,,,
2020-06-03,108.83,108.84,108.42,108.75,108.65,6425,49625,1.1185,1.1225,1.1167,1.1216,1694,8990,106.1,,,,,,,,
2020-06-04,109,109.15,108.8,109.07,109,5369,52011,1.1236,1.1235,1.1199,1.1201,937,5559,105.7,,,,,,,,
2020-06-05,109.15,109.43,109.05,109.38,109.13,5589,36169,1.1336,1.1382,1.1326,1.135,1543,9483,105.05,,,,,,,,
2020-06-08,109.62,109.69,109.37,109.49,109.46,3909,36600,1.1316,1.1319,1.1282,1.1301,1106,10744,105.96,,,,,,,,
2020-06-09,108.41,108.54,107.8,107.93,108.1,6097,48664,1.1304,1.1315,1.1255,1.1267,1553,13337,106.62,,,,,,,,
2020-06-10,107.8,107.87,107.29,107.34,107.5,4602,51236,1.1333,1.1369,1.1332,1.136,1116,9792,106.97,,,,,,,,
2020-06-11,107,107.23,106.9,106.94,106.9,5602,61258,1.1367,1.1395,1.1329,1.1363,2951,9312,107.72,,,,,,,,
2020-06-12,106.81,107.33,106.59,107.21,106.85,4756,49038,1.1288,1.1323,1.1277,1.1321,1705,10396,107.33,,,,,,,,
2020-06-15,107.32,107.56,107,107.36,107.22,3938,52464,1.1252,1.1268,1.1229,1.1245,1147,9067,107.3,,,,,,,,
2020-06-16,107.49,107.63,107.24,107.33,107.31,3785,47598,1.1338,1.1352,1.1322,1.1323,1032,7151,107.47,,,,,,,,
2020-06-17,107.4,107.43,107.17,107.35,107.34,3119,34103,1.1265,1.1294,1.1255,1.1266,813,9158,107.81,,,,,,,,
2020-06-18,106.88,107.05,106.7,106.97,106.8,3749,42013,1.1241,1.1261,1.1225,1.1244,1033,9439,108.02,,,,,,,,
2020-06-19,107.01,107.05,106.79,106.97,106.92,3005,30481,1.1208,1.1221,1.1199,1.1213,879,11626,108.04,,,,,,,,
2020-06-22,106.84,107,106.76,106.97,106.87,2473,28218,1.1177,1.121,1.1168,1.1211,735,6521,107.76,,,,,,,,
2020-06-23,106.9,107.22,106.74,107.1,107.15,4177,29734,1.1278,1.1305,1.1234,1.1302,1308,13825,107.94,,,,,,,,
2020-06-24,106.42,106.64,106.39,106.6,106.55,5560,55841,1.1312,1.1326,1.1292,1.1299,2365,10102,107.7,,,,,,,,
2020-06-25,107.03,107.25,107.02,107.11,107.1,3834,37514,1.125,1.126,1.1224,1.1235,880,6524,107.56,,,,,,,,
2020-06-26,107.16,107.23,106.95,106.99,107.11,3709,47041,1.1218,1.1229,1.1205,1.1226,756,8476,107.63,,,,,,,,
2020-06-29,107.23,107.38,107.04,107.2,107.22,3635,41686,1.1223,1.1267,1.122,1.1244,885,4704,107.22,,,,,,,,
2020-06-30,107.59,107.79,107.55,107.73,107.72,7018,41566,1.1248,1.1251,1.1205,1.1223,1277,9158,106.81,,,,,,,,
2020-07-01,107.99,108.16,107.55,107.57,107.69,3623,38445,1.1234,1.124,1.1216,1.1232,763,13683,107.21,,,,,,,,
2020-07-02,107.37,107.55,107.34,107.48,107.48,3157,51358,1.1251,1.1286,1.1248,1.1281,982,8323,107.14,,,,,,,,
2020-07-03,107.5,107.57,107.44,107.49,107.5,2303,39001,1.1237,1.1248,1.1225,1.1235,1559,5389,107.14,,,,,,,,
2020-07-06,107.6,107.77,107.55,107.6,107.64,2050,43181,1.1247,1.1301,1.1246,1.1298,1211,8288,106.84,,,,,,,,
2020-07-07,107.36,107.63,107.25,107.64,107.32,3060,29827,1.1312,1.1331,1.1282,1.1286,1926,7586,106.8,,,,,,,,
2020-07-08,107.58,107.71,107.43,107.48,107.67,2812,49330,1.1275,1.1293,1.1265,1.1289,1382,2749,106.79,,,,,,,,
2020-07-09,107.29,107.36,107.18,107.25,107.28,2127,43063,1.1337,1.1371,1.1325,1.1337,3427,4847,106.91,,,,,,,,
2020-07-10,107.24,107.26,106.81,106.85,106.95,2825,47652,1.1289,1.129,1.1259,1.128,1270,11637,107.21,,,,,,,,
2020-07-13,106.92,107,106.79,106.99,106.83,3103,49023,1.131,1.1336,1.1305,1.1319,809,6349,106.8,,,,,,,,
2020-07-14,107.29,107.36,107.12,107.27,107.24,2819,59938,1.1345,1.135,1.1326,1.1332,1225,7628,106.85,,,,,,,,
2020-07-15,107.25,107.31,106.95,107.02,107.28,3441,67138,1.141,1.1437,1.1392,1.1433,1586,7863,106.98,,,,,,,,
2020-07-16,106.91,107.03,106.84,106.96,106.95,3040,48641,1.1417,1.1418,1.1393,1.1408,942,9986,106.82,,,,,,,,
2020-07-17,107.29,107.36,107.1,107.12,107.26,3342,39913,1.1388,1.1394,1.1378,1.1391,1535,8524,106.97,,,,,,,,
2020-07-20,107.11,107.57,107.03,107.17,107.5,6523,38221,1.1441,1.1467,1.1414,1.1456,2718,7353,106.6,,,,,,,,
2020-07-21,107.19,107.36,107.13,107.33,107.22,2414,39031,1.1457,1.147,1.1423,1.1443,2495,7267,106.69,,,,,,,,
2020-07-22,106.83,106.94,106.72,106.92,106.86,5323,32188,1.1536,1.1547,1.1508,1.1519,1865,11725,106.37,,,,,,,,
2020-07-27,106.01,106.05,105.39,105.57,105.82,6226,37455,1.165,1.1725,1.1643,1.1696,4022,10253,107.7,,,,,,,,
2020-07-28,105.29,105.68,105.22,105.63,105.33,4156,30322,1.1769,1.1773,1.1706,1.1712,2522,4602,108.11,,,,,,,,
2020-07-29,105.12,105.24,104.81,104.82,104.94,4967,52217,1.1719,1.177,1.1715,1.176,1320,10352,108.07,,,,,,,,
2020-07-30,105.05,105.3,104.92,105.07,105.08,4958,49354,1.1782,1.1792,1.1746,1.1758,1751,11938,108.23,,,,,,,,
2020-07-31,104.7,104.83,104.2,104.45,104.55,9059,36205,1.1872,1.1907,1.1841,1.1876,4317,16638,107.1,,,,,,,,
2020-08-03,105.86,106.44,105.75,105.9,106.2,4558,32738,1.1782,1.1796,1.1741,1.1762,2425,10586,107.07,,,,,,,,
2020-08-04,106.03,106.19,105.85,105.92,106.12,2900,42777,1.176,1.1802,1.1753,1.1786,1432,10573,107.16,,,,,,,,
2020-08-05,105.63,105.79,105.51,105.68,105.6,3226,39418,1.1814,1.183,1.1793,1.1821,2472,8497,106.85,,,,,,,,
2020-08-06,105.56,105.64,105.4,105.63,105.53,2679,35510,1.1872,1.1916,1.1839,1.1842,3179,7625,107.03,,,,,,,,
2020-08-07,105.58,105.64,105.48,105.6,105.58,3035,37315,1.1875,1.1882,1.182,1.184,2032,8100,107.01,,,,,,,,
2020-08-11,106,106.23,105.95,106.13,106.16,3170,46416,1.1737,1.1755,1.1722,1.1747,1854,10012,106.35,,,,,,,,
2020-08-12,106.49,106.82,106.44,106.79,106.6,3837,53364,1.1736,1.175,1.1711,1.1749,2067,7138,105.79,,,,,,,,
2020-08-13,106.84,106.87,106.57,106.64,106.66,3598,39545,1.1795,1.1837,1.1785,1.1828,1522,9794,105.74,,,,,,,,
2020-08-14,106.99,107.04,106.73,106.76,106.96,3129,36661,1.1816,1.1825,1.1791,1.1801,1432,8707,106.07,,,,,,,,
2020-08-17,106.57,106.65,106.41,106.49,106.53,2295,35747,1.1852,1.1868,1.1842,1.1854,1060,8338,106.53,,,,,,,,
2020-08-18,106.01,106.05,105.41,105.53,105.75,4423,36235,1.1875,1.1905,1.187,1.1893,3109,6733,106.87,,,,,,,,
2020-08-19,105.25,105.6,105.1,105.43,105.2,3941,40041,1.1947,1.1952,1.1919,1.1937,1528,8731,106.36,,,,,,,,
2020-08-20,106.08,106.21,105.96,106.03,106.09,3440,32173,1.1845,1.1867,1.1832,1.1853,1794,5658,106.62,,,,,,,,
2020-08-21,105.68,105.78,105.47,105.52,105.67,2766,44838,1.187,1.1883,1.1833,1.1841,1671,5962,106.87,,,,,,,,
2020-08-24,105.88,105.94,105.69,105.86,105.79,1921,29856,1.1799,1.1817,1.1785,1.1815,1007,6731,106.62,,,,,,,,
2020-08-25,106.01,106.21,105.87,106.19,106,4511,35515,1.1794,1.1833,1.1785,1.1827,1412,6151,106.03,,,,,,,,
2020-08-26,106.4,106.56,106.25,106.31,106.45,4192,50628,1.1834,1.1838,1.1803,1.1808,1566,5252,106.26,,,,,,,,
2020-08-27,105.87,106.07,105.8,106.01,105.92,3717,50899,1.1841,1.185,1.1817,1.1835,2583,11562,105.77,,,,,,,,
2020-08-28,106.66,106.94,106,106.07,106.65,6853,61494,1.1821,1.19,1.1811,1.1892,2481,7332,106.41,,,,,,,,
2020-08-31,105.53,105.83,105.29,105.83,105.37,5290,34323,1.1917,1.193,1.1893,1.1893,1489,9728,105.83,,,,,,,,
2020-09-01,106,106.02,105.6,105.66,105.87,4028,44797,1.1937,1.1997,1.1937,1.1991,6076,12078,105.69,,,,,,,,
2020-09-02,105.9,106.13,105.86,106.07,106.01,2886,35374,1.1923,1.1928,1.1865,1.1874,2669,11822,105.73,,,,,,,,
2020-09-03,106.21,106.33,106.19,106.22,106.23,2760,53274,1.1846,1.1855,1.179,1.1818,1698,7772,105.82,,,,,,,,
2020-09-04,106.09,106.22,106.06,106.17,106.15,4176,19814,1.1842,1.1858,1.1835,1.184,1399,2701,105.73,,,,,,,,
2020-09-07,106.32,106.39,106.16,106.2,106.27,1554,17772,1.1835,1.1843,1.1825,1.1838,384,2559,105.73,,,,,,,,
2020-09-08,106.31,106.31,106.21,106.27,106.3,2367,36024,1.1819,1.1827,1.1796,1.1818,1432,8388,106.26,,,,,,,,
2020-09-09,105.97,106.03,105.79,105.94,105.95,2837,48717,1.1767,1.1783,1.1758,1.1775,1530,7462,105.85,,,,,,,,
2020-09-10,106.24,106.3,106.03,106.06,106.2,2057,52343,1.1804,1.1835,1.1801,1.1819,1340,9028,106.02,,,,,,,,
2020-09-11,106.16,106.26,106.08,106.24,106.15,2458,43859,1.1824,1.1848,1.1822,1.1834,1256,6658,105.89,,,,,,,,
2020-09-14,106.15,106.17,105.95,105.98,106.15,2620,33277,1.1841,1.1861,1.1833,1.1864,603,6008,106.08,,,,,,,,
2020-09-15,105.73,105.76,105.6,105.75,105.68,3776,42964,1.1868,1.1899,1.186,1.1881,1351,6205,106.15,,,,,,,,
2020-09-16,105.41,105.42,105.24,105.25,105.28,3603,36208,1.1843,1.1861,1.1829,1.1861,923,6557,106.44,,,,,,,,
2020-09-17,105.06,105.18,104.69,104.77,105.05,4223,48060,1.1804,1.1819,1.1737,1.1795,2855,7457,106.64,,,,,,,,
2020-09-18,104.71,104.87,104.55,104.58,104.82,4511,41161,1.1847,1.1865,1.1844,1.1846,846,15761,106.83,,,,,,,,
2020-09-23,105.06,105.2,104.94,104.98,105.13,2941,38405,1.1706,1.171,1.1672,1.1695,1950,7998,107,,,,,,,,
2020-09-24,105.32,105.47,105.22,105.31,105.43,3906,58297,1.1657,1.168,1.1644,1.1668,1671,7434,107.15,,,,,,,,
2020-09-25,105.44,105.56,105.25,105.39,105.53,3900,54054,1.1673,1.1685,1.1662,1.1677,1613,4365,107.07,,,,,,,,
2020-09-28,105.59,105.62,105.26,105.35,105.39,4000,49220,1.1635,1.1639,1.1616,1.1629,808,7634,106.98,,,,,,,,
2020-09-29,105.45,105.7,105.35,105.56,105.47,4510,34110,1.1677,1.1683,1.1666,1.1681,1177,6888,106.61,,,,,,,,
2020-09-30,105.68,105.8,105.44,105.62,105.79,4831,46500,1.1742,1.1755,1.1722,1.1733,1533,6427,106.57,,,,,,,,
2020-10-01,105.46,105.55,105.41,105.54,105.54,2727,49344,1.1724,1.1756,1.1718,1.1737,1370,5383,106.38,,,,,,,,
2020-10-02,105.56,105.66,104.95,105.18,105.56,3371,57554,1.1744,1.1745,1.1696,1.1723,1358,11219,106.72,,,,,,,,
2020-10-05,105.52,105.64,105.43,105.61,105.58,2415,39957,1.172,1.1735,1.1709,1.1733,929,6362,105.97,,,,,,,,
2020-10-06,105.72,105.78,105.62,105.65,105.65,2513,45711,1.1789,1.1798,1.1777,1.1777,1054,5039,106.28,,,,,,,,
2020-10-07,105.64,105.94,105.61,105.87,105.65,2578,44685,1.1738,1.1765,1.1725,1.1767,810,6085,105.78,,,,,,,,
2020-10-08,105.98,106.11,105.94,105.99,106,2603,47254,1.1766,1.178,1.1761,1.1767,525,4280,105.69,,,,,,,,
2020-10-09,106.03,106.04,105.81,105.94,105.96,3064,24654,1.1767,1.1787,1.1758,1.1777,1240,2832,105.21,,,,,,,,
2020-10-12,105.63,105.73,105.44,105.56,105.65,2298,17015,1.1816,1.1825,1.1808,1.182,860,3451,105.91,,,,,,,,
2020-10-13,105.35,105.48,105.29,105.48,105.37,1870,45592,1.1814,1.1814,1.178,1.1781,1029,9312,105.98,,,,,,,,
2020-10-14,105.47,105.51,105.31,105.44,105.43,2358,51992,1.1743,1.1751,1.173,1.1742,787,6505,106.09,,,,,,,,
2020-10-15,105.14,105.32,105.12,105.22,105.24,2936,53275,1.1745,1.1756,1.1733,1.1737,814,2825,106.02,,,,,,,,
2020-10-16,105.37,105.43,105.19,105.31,105.25,2721,43320,1.1706,1.1719,1.1696,1.1716,623,4971,105.85,,,,,,,,
2020-10-19,105.44,105.5,105.35,105.4,105.39,2920,34605,1.1715,1.1725,1.1704,1.1722,750,10664,105.6,,,,,,,,
2020-10-20,105.46,105.61,105.44,105.55,105.57,3451,37360,1.1768,1.1777,1.1763,1.1777,624,11788,105.38,,,,,,,,
2020-10-21,105.48,105.52,105.02,105.02,105.23,3521,42948,1.1829,1.187,1.1827,1.1867,1960,8339,105.97,,,,,,,,
2020-10-22,104.68,104.75,104.48,104.55,104.67,3335,43205,1.1852,1.1866,1.1839,1.1861,946,9486,106.01,,,,,,,,
2020-10-23,104.91,104.93,104.65,104.69,104.72,4643,53611,1.1815,1.183,1.1787,1.1829,2383,5218,106.05,,,,,,,,
2020-10-26,104.7,104.97,104.66,104.88,104.88,2754,40430,1.1848,1.185,1.1829,1.1834,849,3345,106.2,,,,,,,,
2020-10-27,104.83,104.89,104.68,104.84,104.79,2560,50923,1.1809,1.1836,1.1808,1.1819,1058,12907,106.58,,,,,,,,
2020-10-28,104.55,104.56,104.16,104.22,104.22,3905,43129,1.1782,1.1788,1.1765,1.1771,1518,7999,107.1,,,,,,,,
2020-10-29,104.32,104.5,104.27,104.29,104.39,4520,45434,1.1748,1.1758,1.1736,1.1736,1354,10849,106.85,,,,,,,,
2020-10-30,104.56,104.63,104.13,104.36,104.58,7616,46513,1.1678,1.1694,1.1665,1.1678,1662,14433,106.69,,,,,,,,
2020-11-02,104.58,104.85,104.57,104.85,104.74,2633,48322,1.1642,1.1648,1.1628,1.163,1243,14410,106.61,,,,,,,,
2020-11-04,104.55,105.35,104.37,104.88,104.9,4632,46621,1.1761,1.177,1.1604,1.1661,5986,15461,106.21,,,,,,,,
2020-11-05,104.44,104.5,104.23,104.31,104.28,4042,55055,1.1733,1.1748,1.1712,1.1746,1264,11267,106.54,,,,,,,,
2020-11-06,103.61,103.76,103.36,103.43,103.69,5143,49121,1.1817,1.1847,1.1796,1.1841,2021,8297,106.58,,,,,,,,
2020-11-09,103.26,103.57,103.2,103.51,103.33,4343,49197,1.1893,1.1899,1.1876,1.1888,1244,9646,104.6,,,,,,,,
2020-11-10,105.14,105.37,104.83,105.05,105.1,7341,28684,1.1824,1.1837,1.1808,1.1817,1898,4555,104.6,,,,,,,,
2020-11-11,105.26,105.43,105.01,105.4,105.14,3875,25211,1.1819,1.1832,1.1805,1.1808,1474,5298,104.61,,,,,,,,
2020-11-12,105.42,105.48,105.14,105.28,105.28,4030,54104,1.1779,1.1787,1.1759,1.1772,1425,7156,104.79,,,,,,,,
2020-11-13,105.1,105.13,104.86,105.07,104.92,3319,34332,1.1805,1.1817,1.18,1.1816,714,10980,105.11,,,,,,,,
2020-11-16,104.67,104.72,104.43,104.45,104.68,2558,45392,1.1845,1.1855,1.1837,1.1856,1018,8215,104.94,,,,,,,,
2020-11-17,104.53,104.6,104.43,104.48,104.48,2725,44715,1.1859,1.1866,1.1847,1.1846,1220,16050,105.15,,,,,,,,
2020-11-18,104.18,104.19,103.85,103.89,104.07,3967,53582,1.1864,1.1885,1.1851,1.1883,1151,19728,105.53,,,,,,,,
2020-11-19,103.9,103.98,103.72,103.83,103.84,4120,56408,1.1846,1.1854,1.1832,1.1845,1206,10071,105.77,,,,,,,,
2020-11-20,103.81,103.91,103.75,103.87,103.87,3731,46150,1.1866,1.189,1.1865,1.187,1390,9002,105.55,,,,,,,,
2020-11-24,104.53,104.65,104.35,104.47,104.56,3536,42909,1.1843,1.1857,1.1838,1.1848,1156,10287,105,,,,,,,,
2020-11-25,104.51,104.6,104.43,104.48,104.5,3190,21729,1.1898,1.1915,1.1891,1.1907,2789,6824,104.79,,,,,,,,
2020-11-26,104.4,104.42,104.26,104.33,104.35,2492,38498,1.1917,1.1941,1.1915,1.1927,1758,8314,104.97,,,,,,,,
2020-11-27,104.26,104.27,103.9,104.08,104.04,3369,33210,1.1911,1.1929,1.1908,1.1928,1227,8849,105.1,,,,,,,,
2020-11-30,104.09,104.16,103.84,104.03,103.87,4145,37234,1.1972,1.1976,1.1963,1.1974,2602,8103,105.02,,,,,,,,
2020-12-01,104.3,104.46,104.25,104.34,104.26,2683,72465,1.1938,1.1972,1.1929,1.1969,1524,12629,104.61,,,,,,,,
2020-12-02,104.3,104.58,104.23,104.57,104.34,3401,54830,1.2071,1.2086,1.2061,1.207,2589,11085,104.37,,,,,,,,
2020-12-03,104.45,104.53,104.29,104.32,104.45,2598,49064,1.2115,1.213,1.2105,1.2123,2421,14986,104.64,,,,,,,,
2020-12-04,103.84,103.99,103.74,103.9,103.8,3388,42963,1.2145,1.2159,1.2139,1.2154,1449,9600,104.19,,,,,,,,
2020-12-07,104.21,104.22,103.95,104.13,104.08,2981,39467,1.212,1.214,1.2116,1.2121,1219,10574,104.33,,,,,,,,
2020-12-08,104.01,104.13,103.96,104.08,104.05,2297,49241,1.2109,1.2122,1.2105,1.2114,1008,5931,104.2,,,,,,,,
2020-12-09,104.14,104.24,104.1,104.23,104.15,2769,41799,1.2109,1.2147,1.2102,1.2129,1291,11168,104.22,,,,,,,,
2020-12-10,104.29,104.5,104.25,104.49,104.27,3592,36182,1.2079,1.2099,1.2077,1.2091,1427,13145,104.11,,,,,,,,
2020-12-11,104.18,104.26,103.93,104.07,104.01,4157,50382,1.2143,1.2163,1.2128,1.2131,1224,9130,104.44,,,,,,,,
2020-12-14,103.98,104.06,103.86,103.92,104.01,3674,35166,1.2134,1.2154,1.2116,1.2154,1328,10098,104.35,,,,,,,,
2020-12-15,104.02,104.15,104,104.07,104.1,4186,47910,1.2149,1.2163,1.2136,1.2138,1771,7968,104.56,,,,,,,,
2020-12-16,103.65,103.72,103.41,103.45,103.7,3911,38998,1.2154,1.2172,1.2145,1.2155,2297,15242,104.64,,,,,,,,
2020-12-17,103.48,103.56,103.15,103.19,103.2,4183,51151,1.2195,1.2238,1.2189,1.2233,2543,8170,104.79,,,,,,,,
2020-12-18,103.16,103.48,103.09,103.47,103.25,5012,57470,1.2262,1.2273,1.2239,1.2248,1870,6589,104.71,,,,,,,,
2020-12-21,103.49,103.64,103.26,103.6,103.38,3581,41855,1.2212,1.2235,1.2169,1.2176,2063,6094,104.92,,,,,,,,
2020-12-22,103.35,103.47,103.29,103.42,103.43,2819,39186,1.2236,1.2249,1.2215,1.2217,1060,5853,104.84,,,,,,,,
2020-12-23,103.52,103.65,103.36,103.36,103.63,3169,44191,1.2187,1.2201,1.2155,1.2198,1309,6150,104.77,,,,,,,,
2020-12-24,103.53,103.62,103.51,103.57,103.57,3138,26722,1.2194,1.2216,1.2185,1.2206,836,6321,104.53,,,,,,,,
2020-12-25,103.64,103.67,103.46,103.53,103.54,1343,9363,1.2183,1.2204,1.2166,1.2193,323,0,104.79,,,,,,,,
2020-12-28,103.52,103.62,103.41,103.47,103.6,3316,26373,1.2205,1.2233,1.2182,1.2232,1912,9999,104.36,,,,,,,,
2020-12-29,103.7,103.8,103.62,103.69,103.79,2996,25579,1.222,1.225,1.2212,1.2241,1163,5990,104.44,,,,,,,,
2020-12-30,103.56,103.58,103.26,103.33,103.47,3972,29896,1.2253,1.2295,1.225,1.2267,2401,16461,104.61,,,,,,,,
2021-01-04,103.25,103.31,102.85,102.92,103.08,2930,49861,1.225,1.2268,1.2232,1.2264,1262,5999,104.35,,,,,,,,
2021-01-05,103.14,103.18,102.88,102.94,103.14,3289,45127,1.2253,1.2276,1.2248,1.2259,1057,6343,104.62,,,,,,,,
2021-01-06,102.69,102.87,102.6,102.75,102.8,3693,49317,1.2299,1.2345,1.2276,1.234,2663,9453,104.27,,,,,,,,
2021-01-07,103.03,103.37,102.95,103.37,102.99,4505,47207,1.2339,1.2344,1.2308,1.2312,1437,3977,103.87,,,,,,,,
2021-01-08,103.81,104,103.77,103.98,103.83,5024,52236,1.2269,1.2271,1.223,1.2239,1534,4473,103.79,,,,,,,,
2021-01-12,104.14,104.32,104.11,104.16,104.21,3682,36948,1.2161,1.217,1.2139,1.2164,1280,11503,103.89,,,,,,,,
2021-01-13,103.75,103.8,103.53,103.69,103.67,3033,53995,1.2209,1.2222,1.2202,1.2204,1177,8480,103.91,,,,,,,,
2021-01-14,103.84,104.2,103.79,104.04,103.94,3740,46539,1.2162,1.217,1.2135,1.2143,1446,5695,103.94,,,,,,,,
2021-01-15,103.84,103.85,103.65,103.7,103.83,3091,35147,1.2151,1.2161,1.2135,1.2135,1143,3339,104.17,,,,,,,,
2021-01-18,103.92,103.93,103.7,103.76,103.72,3480,32167,1.2067,1.2085,1.2065,1.2068,945,2990,104.45,,,,,,,,
2021-01-19,103.71,104.08,103.66,104,104,4186,49585,1.2077,1.2107,1.2077,1.2105,1204,7497,104.01,,,,,,,,
2021-01-20,103.91,103.93,103.72,103.75,103.92,3466,50946,1.2141,1.2157,1.2128,1.2156,1249,8554,104.23,,,,,,,,
2021-01-21,103.56,103.67,103.33,103.53,103.53,3633,54578,1.2115,1.2138,1.2109,1.212,1353,5711,104.14,,,,,,,,
2021-01-22,103.51,103.69,103.49,103.68,103.58,4003,46844,1.2166,1.2178,1.2154,1.2157,1120,9006,104.09,,,,,,,,
2021-01-25,103.79,103.89,103.68,103.71,103.82,3211,38103,1.2168,1.2183,1.2161,1.218,1019,5650,104.19,,,,,,,,
2021-01-26,103.76,103.83,103.66,103.81,103.75,2053,46623,1.2143,1.2146,1.2108,1.2113,607,5804,104.14,,,,,,,,
2021-01-27,103.6,103.75,103.59,103.68,103.68,2732,54810,1.2163,1.217,1.2151,1.2155,1296,7230,103.96,,,,,,,,
2021-01-28,104.15,104.37,104.07,104.31,104.28,5558,56917,1.2103,1.2108,1.2081,1.2094,1798,5941,103.62,,,,,,,,
2021-01-29,104.31,104.57,104.21,104.55,104.48,7237,52036,1.2121,1.2124,1.2095,1.2105,1396,9207,103.04,,,,,,,,
2021-02-01,104.71,104.82,104.61,104.75,104.68,2985,36447,1.2123,1.2135,1.212,1.2127,956,16249,103.14,,,,,,,,
2021-02-02,104.89,105.03,104.83,104.99,104.9,3261,42316,1.2068,1.2087,1.206,1.2069,1841,7089,103,,,,,,,,
2021-02-03,105.03,105.09,104.92,105.06,105.02,4163,30295,1.2037,1.205,1.2028,1.2038,1405,7019,102.98,,,,,,,,
2021-02-04,105,105.26,104.98,105.2,105.02,3614,30953,1.2042,1.2042,1.2,1.2008,2077,7428,102.73,,,,,,,,
2021-02-05,105.58,105.72,105.45,105.5,105.54,4762,50210,1.1966,1.1969,1.1952,1.1964,1201,5385,102.62,,,,,,,,
2021-02-08,105.4,105.54,105.35,105.49,105.51,3434,45422,1.205,1.206,1.203,1.2041,861,13407,102.66,,,,,,,,
2021-02-09,105.21,105.26,104.75,104.78,104.92,4061,56566,1.2053,1.2086,1.2048,1.2081,994,13776,102.98,,,,,,,,
2021-02-10,104.58,104.71,104.51,104.52,104.61,3649,44529,1.2117,1.2133,1.211,1.213,1252,17492,103.08,,,,,,,,
2021-02-12,104.76,104.94,104.74,104.93,104.85,5063,22200,1.2131,1.2133,1.2113,1.2116,1059,2682,102.67,,,,,,,,
2021-02-15,105.07,105.21,104.95,105.18,105.05,3017,19785,1.2121,1.214,1.2117,1.2133,682,3524,102.16,,,,,,,,
2021-02-16,105.39,105.63,105.34,105.49,105.47,4550,58861,1.2132,1.215,1.2129,1.213,1054,12017,101.67,,,,,,,,
2021-02-17,106.12,106.22,105.84,106.03,106.15,5508,41226,1.2089,1.2104,1.2071,1.2074,1291,12322,101.99,,,,,,,,
2021-02-18,105.86,105.92,105.7,105.82,105.72,5035,46553,1.2046,1.205,1.2036,1.2048,844,7887,102.22,,,,,,,,
2021-02-19,105.66,105.74,105.55,105.6,105.71,3541,43434,1.2092,1.2113,1.2083,1.211,1049,8237,102.19,,,,,,,,
2021-02-22,105.54,105.82,105.43,105.82,105.48,4078,31147,1.2125,1.2134,1.2106,1.211,763,8174,102.62,,,,,,,,
2021-02-24,105.3,105.57,105.19,105.57,105.5,4866,41387,1.2151,1.2165,1.2143,1.2156,1329,9481,101.72,,,,,,,,
2021-02-25,105.96,106.13,105.84,106.01,106.05,5475,45122,1.217,1.2187,1.2151,1.2187,1714,10177,101.68,,,,,,,,
2021-02-26,106.39,106.43,105.85,106.09,106.23,6896,61742,1.2158,1.2182,1.2132,1.2135,2416,8923,101.75,,,,,,,,
2021-03-01,106.48,106.7,106.37,106.6,106.48,3982,56579,1.2091,1.2101,1.2074,1.2077,1073,8895,101.45,,,,,,,,
2021-03-02,106.85,106.93,106.73,106.85,106.85,3556,46149,1.2048,1.205,1.2004,1.2008,2127,15282,101.52,,,,,,,,
2021-03-03,106.76,106.9,106.7,106.82,106.85,2591,46323,1.2085,1.2108,1.2079,1.2094,1169,9520,101.3,,,,,,,,
2021-03-04,107.08,107.17,106.97,107.16,107.04,3540,57317,1.2048,1.2064,1.2044,1.2053,1633,10861,100.69,,,,,,,,
2021-03-05,107.95,108.35,107.82,108.27,107.88,6063,47571,1.1967,1.1975,1.1949,1.195,2060,11330,100.68,,,,,,,,
2021-03-08,108.4,108.52,108.28,108.51,108.35,3348,47072,1.1926,1.1931,1.1881,1.1886,1119,8475,100.71,,,,,,,,
2021-03-09,108.93,109.23,108.76,108.81,109.11,6094,48374,1.1851,1.1887,1.1836,1.1881,1191,8630,100.75,,,,,,,,
2021-03-10,108.58,108.92,108.51,108.73,108.81,4609,53518,1.1897,1.19,1.1869,1.1884,1061,10075,100.74,,,,,,,,
2021-03-11,108.45,108.81,108.36,108.67,108.51,4751,33760,1.1925,1.1945,1.1915,1.1938,1073,5012,100.29,,,,,,,,
2021-03-12,108.58,109.08,108.5,109.04,108.75,4656,47527,1.1982,1.1989,1.1938,1.1946,1147,9515,100.06,,,,,,,,
2021-03-15,109.12,109.36,108.92,109.19,109.05,4225,45812,1.1951,1.1967,1.1919,1.1921,1033,6074,99.94,,,,,,,,
2021-03-16,109.13,109.28,109.1,109.26,109.19,2963,41801,1.1927,1.1938,1.1914,1.1917,465,6477,100.13,,,,,,,,
2021-03-17,109.03,109.21,108.99,109.16,109.13,4102,48384,1.1903,1.1908,1.1891,1.1891,624,11997,100.05,,,,,,,,
2021-03-18,108.9,109.29,108.63,109.21,108.96,4958,42598,1.1983,1.1989,1.1945,1.1947,1618,11201,100.24,,,,,,,,
2021-03-19,108.94,109.14,108.72,108.75,109.09,4663,24208,1.1918,1.1934,1.1902,1.1934,957,11121,100.26,,,,,,,,
2021-03-22,108.88,108.95,108.65,108.69,108.9,4225,30962,1.1884,1.19,1.1875,1.1885,934,6534,100.26,,,,,,,,
2021-03-23,108.78,108.87,108.68,108.77,108.85,3098,50545,1.1933,1.194,1.1903,1.1905,1166,6816,100.89,,,,,,,,
2021-03-24,108.53,108.65,108.45,108.61,108.63,4326,42965,1.184,1.1851,1.182,1.1821,1466,9900,100.93,,,,,,,,
2021-03-25,108.8,109.09,108.73,109.09,108.88,4411,37042,1.1813,1.1827,1.1804,1.1806,1227,11672,100.74,,,,,,,,
2021-03-26,109.18,109.36,109.13,109.33,109.3,5541,50510,1.1776,1.1787,1.1772,1.1787,1726,9212,100.19,,,,,,,,
2021-03-29,109.8,109.8,109.38,109.66,109.65,4823,42689,1.1788,1.1792,1.1774,1.1787,983,10861,100.29,,,,,,,,
2021-03-30,109.84,110.26,109.77,110.23,109.98,5899,44288,1.1768,1.1773,1.1733,1.1734,1024,6492,99.94,,,,,,,,
2021-03-31,110.31,110.97,110.28,110.74,110.7,11116,68589,1.1724,1.1736,1.1705,1.1732,1223,10717,99.39,,,,,,,,
2021-04-01,110.76,110.83,110.58,110.69,110.79,5432,47909,1.1727,1.1742,1.1713,1.1741,1143,6763,99.44,,,,,,,,
2021-04-02,110.62,110.67,110.44,110.55,110.63,3088,44507,1.1778,1.1784,1.177,1.1777,613,848,99.42,,,,,,,,
2021-04-05,110.69,110.75,110.53,110.64,110.58,3247,42505,1.1767,1.1771,1.1743,1.1744,538,3362,99.73,,,,,,,,
2021-04-06,110.2,110.4,110.13,110.31,110.28,4215,50373,1.1817,1.1821,1.1798,1.182,961,11153,99.84,,,,,,,,
2021-04-07,109.8,109.9,109.58,109.8,109.77,4229,66214,1.1874,1.188,1.1864,1.1879,738,6234,99.81,,,,,,,,
2021-04-08,109.86,109.9,109.48,109.51,109.83,3687,60960,1.1873,1.1892,1.1861,1.1883,912,7571,100.26,,,,,,,,
2021-04-09,109.34,109.55,109.21,109.51,109.28,4414,46530,1.1916,1.192,1.1885,1.1898,1172,5761,99.98,,,,,,,,
2021-04-12,109.73,109.77,109.43,109.46,109.73,3184,37172,1.1897,1.1904,1.1875,1.1873,712,5587,100.24,,,,,,,,
2021-04-13,109.39,109.75,109.3,109.32,109.56,3440,45021,1.1912,1.1914,1.1884,1.1904,1366,11598,100.42,,,,,,,,
2021-04-14,108.93,109.07,108.76,109,108.82,3893,34903,1.1955,1.1974,1.195,1.1958,1589,4494,100.3,,,,,,,,
2021-04-15,108.9,108.96,108.79,108.82,108.88,4676,56042,1.1983,1.199,1.197,1.198,1398,7070,100.34,,,,,,,,
2021-04-16,108.69,108.96,108.61,108.9,108.85,4308,32816,1.197,1.1989,1.1951,1.1988,1571,8126,100.27,,,,,,,,
2021-04-19,108.73,108.83,108.2,108.22,108.63,7448,40065,1.1969,1.202,1.1943,1.202,5252,8758,100.62,,,,,,,,
2021-04-20,108.12,108.54,107.98,108.41,108.19,4909,53160,1.2043,1.2078,1.2038,1.207,1781,8520,100.67,,,,,,,,
2021-04-21,108.14,108.26,107.88,108.23,108.07,4143,36002,1.2033,1.2043,1.2004,1.2011,669,6169,100.65,,,,,,,,
2021-04-22,108.05,108.14,107.82,107.91,108.03,4311,35560,1.2038,1.2048,1.203,1.2044,1217,5178,100.81,,,,,,,,
2021-04-23,108,108,107.8,107.92,107.9,4504,39061,1.2015,1.2055,1.2014,1.2054,959,6194,100.74,,,,,,,,
2021-04-26,107.89,107.94,107.65,107.72,107.88,4564,35661,1.209,1.2116,1.2089,1.2098,1881,6780,100.41,,,,,,,,
2021-04-27,108.2,108.38,108.1,108.34,108.25,3968,35994,1.2079,1.2086,1.2066,1.2071,817,6097,99.86,,,,,,,,
2021-04-28,108.76,109.08,108.72,109.02,108.92,4455,26252,1.2089,1.209,1.206,1.2074,653,7440,99.79,,,,,,,,
2021-04-30,108.91,109.06,108.72,108.89,108.95,5310,27438,1.2125,1.2126,1.21,1.2103,703,6648,99.35,,,,,,,,
2021-05-06,109.23,109.42,109.17,109.34,109.3,3109,30540,1.2008,1.2029,1.1993,1.2025,1018,9251,99.34,,,,,,,,
2021-05-07,109.05,109.19,108.95,109.15,109.13,2975,47214,1.2065,1.2088,1.2053,1.2077,928,4151,99.29,,,,,,,,
2021-05-10,108.58,109.05,108.48,108.92,108.86,3349,43484,1.217,1.2175,1.2138,1.2148,818,3488,99.04,,,,,,,,
2021-05-11,108.85,108.99,108.79,108.95,108.9,3543,28413,1.2141,1.215,1.2123,1.2142,604,4479,99.3,,,,,,,,
2021-05-12,108.72,108.9,108.62,108.8,108.85,3787,44536,1.2145,1.2149,1.2116,1.2134,1391,6783,98.84,,,,,,,,
2021-05-13,109.67,109.78,109.48,109.67,109.61,4286,43377,1.2078,1.2105,1.2072,1.2086,753,6901,98.91,,,,,,,,
2021-05-14,109.52,109.65,109.34,109.39,109.6,4020,46538,1.2077,1.2118,1.2072,1.2115,1498,7784,98.8,,,,,,,,
2021-05-17,109.43,109.5,109.16,109.25,109.43,3345,42650,1.215,1.2151,1.2127,1.2136,825,5618,99.01,,,,,,,,
2021-05-18,109.25,109.28,108.95,108.98,109.2,3407,36159,1.2156,1.2205,1.2154,1.2202,1058,5042,98.97,,,,,,,,
2021-05-19,108.87,109.11,108.83,109.08,108.99,3809,49959,1.2222,1.2245,1.2217,1.2221,1806,10377,98.92,,,,,,,,
2021-05-20,109.27,109.3,108.96,108.98,109.23,3304,50501,1.217,1.2204,1.217,1.2202,1316,10350,99.14,,,,,,,,
2021-05-21,108.86,108.9,108.68,108.7,108.86,3335,47589,1.2226,1.2239,1.221,1.2217,1536,6400,99.06,,,,,,,,
2021-05-24,108.92,108.99,108.7,108.77,108.97,2957,32346,1.2181,1.2199,1.2172,1.2197,1787,6905,99.05,,,,,,,,
2021-05-25,108.85,108.86,108.58,108.72,108.83,3926,36228,1.2214,1.2261,1.2213,1.2256,2110,4674,98.92,,,,,,,,
2021-05-26,108.8,108.89,108.73,108.84,108.8,3384,32428,1.2248,1.2262,1.2235,1.2244,1788,7953,98.5,,,,,,,,
2021-05-27,109.18,109.2,109.04,109.1,109.2,4659,41762,1.2192,1.2207,1.2176,1.2205,1975,4775,97.84,,,,,,,,
2021-05-28,109.82,109.96,109.81,109.89,109.9,7038,30245,1.2193,1.2195,1.2172,1.2189,2892,4940,97.68,,,,,,,,
2021-05-31,109.91,109.93,109.64,109.72,109.78,3679,23481,1.219,1.2204,1.2185,1.2191,519,6386,97.78,,,,,,,,
2021-06-01,109.5,109.56,109.33,109.49,109.4,3280,52921,1.2233,1.2241,1.2218,1.2241,838,6483,97.96,,,,,,,,
2021-06-02,109.5,109.78,109.47,109.78,109.62,3680,44189,1.2218,1.2226,1.2198,1.2201,1019,8784,97.88,,,,,,,,
2021-06-03,109.59,109.84,109.57,109.84,109.61,2614,36609,1.221,1.2214,1.218,1.2181,1099,7360,97.6,,,,,,,,
2021-06-04,110.29,110.32,110.15,110.19,110.25,3920,39206,1.2131,1.2132,1.2104,1.2113,1417,5714,98.06,,,,,,,,
2021-06-07,109.62,109.63,109.38,109.43,109.55,4094,44341,1.2167,1.2172,1.2145,1.2168,611,5185,98.28,,,,,,,,
2021-06-08,109.28,109.53,109.2,109.53,109.4,4181,31026,1.2191,1.2193,1.2165,1.2172,1012,3698,98.14,,,,,,,,
2021-06-09,109.48,109.5,109.34,109.45,109.45,2709,32169,1.2173,1.2185,1.2172,1.2183,694,6422,97.96,,,,,,,,
2021-06-10,109.62,109.68,109.45,109.55,109.62,4046,26620,1.2178,1.2181,1.2156,1.2161,1518,5115,98.18,,,,,,,,
2021-06-11,109.39,109.48,109.33,109.44,109.4,3024,35505,1.2174,1.2192,1.2171,1.2183,949,6981,98.06,,,,,,,,
2021-06-14,109.72,109.83,109.65,109.7,109.77,2816,26576,1.211,1.2121,1.2095,1.2118,2001,8176,97.72,,,,,,,,
2021-06-15,110.04,110.15,110,110.05,110.08,3245,34239,1.2122,1.2147,1.2114,1.2144,1395,4978,97.8,,,,,,,,
2021-06-16,110.09,110.15,109.9,109.94,110.1,2399,46303,1.2125,1.2134,1.2117,1.2133,1359,1698,97.62,,,,,,,,
2021-06-17,110.78,110.82,110.55,110.6,110.68,5425,32314,1.1995,1.2004,1.1945,1.1955,3538,6873,98.64,,,,,,,,
2021-06-18,110.33,110.33,109.95,110.01,110.29,3871,29997,1.1914,1.1925,1.1888,1.1916,2652,4977,98.84,,,,,,,,
2021-06-21,110.21,110.25,109.72,110.03,110.23,4095,33143,1.1871,1.1883,1.1848,1.1884,1252,5028,98.73,,,,,,,,
2021-06-22,110.39,110.53,110.22,110.49,110.38,3673,40404,1.1913,1.1919,1.1892,1.1902,731,5476,98.46,,,,,,,,
2021-06-23,110.65,110.91,110.63,110.88,110.75,4143,30591,1.1937,1.1943,1.1914,1.1939,1242,5943,98.18,,,,,,,,
2021-06-24,111.02,111.11,110.76,110.88,111.06,2859,45619,1.1931,1.1942,1.1918,1.1932,680,5731,98.2,,,,,,,,
2021-06-25,110.93,110.99,110.75,110.76,110.98,4109,28630,1.1928,1.195,1.1928,1.1948,944,6347,98.17,,,,,,,,
2021-06-28,110.81,110.84,110.62,110.65,110.69,3117,36831,1.1941,1.1944,1.192,1.1942,1592,10166,98.33,,,,,,,,
2021-06-29,110.61,110.69,110.46,110.7,110.52,3749,37388,1.193,1.1929,1.1907,1.191,1349,5872,98.6,,,,,,,,
2021-06-30,110.54,110.6,110.44,110.55,110.5,5752,40518,1.19,1.1909,1.1895,1.1901,1340,10454,98.1,,,,,,,,
2021-07-01,111.14,111.28,111.03,111.28,111.09,4685,45365,1.1857,1.186,1.1838,1.1848,1274,3060,97.91,,,,,,,,
2021-07-02,111.57,111.66,111.54,111.57,111.6,4227,24290,1.1846,1.1851,1.1823,1.1825,1076,3006,98.28,,,,,,,,
2021-07-05,111.14,111.19,110.88,110.91,111.14,3093,28896,1.1857,1.1872,1.1852,1.1873,770,5036,98.27,,,,,,,,
2021-07-06,110.92,110.95,110.75,110.78,110.86,3416,28795,1.1863,1.1895,1.186,1.1873,1261,4608,98.86,,,,,,,,
2021-07-07,110.6,110.74,110.4,110.64,110.5,5226,49263,1.1823,1.1834,1.1815,1.1826,1735,3302,98.92,,,,,,,,
2021-07-08,110.63,110.65,109.77,109.79,110.56,5603,54060,1.1794,1.1819,1.1784,1.1821,1548,7828,99.89,,,,,,,,
2021-07-09,109.81,110.13,109.77,110.02,109.9,3945,42311,1.1847,1.185,1.1825,1.1841,958,8668,99.32,,,,,,,,
2021-07-12,110.23,110.27,110.02,110.05,110.16,2339,27966,1.1873,1.188,1.1857,1.1878,737,4549,99.16,,,,,,,,
2021-07-13,110.33,110.44,110.29,110.37,110.38,3152,44001,1.1864,1.1875,1.1848,1.1852,1149,4865,99.1,,,,,,,,
2021-07-14,110.59,110.7,110.42,110.51,110.65,3417,46378,1.1775,1.1795,1.1772,1.1785,859,3988,99.5,,,,,,,,
2021-07-15,110,110.02,109.75,109.78,109.91,4021,43415,1.1834,1.1846,1.1822,1.1836,1143,6488,99.64,,,,,,,,
2021-07-16,109.78,110.2,109.74,110.17,109.89,3774,43582,1.1812,1.1816,1.1799,1.1802,863,5268,99.59,,,,,,,,
2021-07-19,109.89,110.07,109.8,109.85,109.87,2933,40758,1.1813,1.1813,1.1779,1.178,1081,7128,100.42,,,,,,,,
2021-07-20,109.53,109.7,109.38,109.63,109.49,4592,48078,1.1792,1.1802,1.1775,1.1784,735,5488,100.04,,,,,,,,
2021-07-21,109.92,110.13,109.8,110.09,109.97,4910,31541,1.1782,1.1783,1.1752,1.1761,479,5957,99.46,,,,,,,,
2021-07-26,110.55,110.58,110.13,110.21,110.4,2952,52500,1.1774,1.18,1.1764,1.1783,918,10160,99.44,,,,,,,,
2021-07-27,110.31,110.38,109.99,110.09,110.25,3217,44618,1.1805,1.1812,1.1776,1.1783,905,1637,100.15,,,,,,,,
2021-07-28,109.81,109.97,109.75,109.98,109.86,3032,33230,1.1821,1.1827,1.1804,1.1806,1267,7316,99.77,,,,,,,,
2021-07-29,109.89,109.94,109.68,109.87,109.75,3741,30863,1.1846,1.187,1.1841,1.187,2069,4986,99.77,,,,,,,,
2021-07-30,109.42,109.63,109.37,109.53,109.5,5383,59351,1.1891,1.1895,1.1876,1.1896,2884,8281,99.67,,,,,,,,
2021-08-02,109.72,109.77,109.61,109.67,109.64,2694,34291,1.1866,1.1885,1.186,1.1882,584,9683,100,,,,,,,,
2021-08-03,109.28,109.34,109.1,109.22,109.3,3896,35238,1.1875,1.1882,1.1869,1.1878,661,10621,100.25,,,,,,,,
2021-08-04,108.99,109.14,108.93,109.11,109.04,4203,42423,1.1869,1.188,1.1861,1.1878,1350,1139,99.86,,,,,,,,
2021-08-05,109.54,109.75,109.48,109.57,109.65,3620,46947,1.1838,1.1848,1.1831,1.1849,1480,2077,99.6,,,,,,,,
2021-08-06,109.76,109.88,109.7,109.72,109.87,3256,47701,1.1834,1.1834,1.1819,1.1825,1102,7528,99.53,,,,,,,,
2021-08-10,110.32,110.46,110.29,110.45,110.33,3127,42741,1.1737,1.1741,1.1727,1.1732,1066,8486,99.42,,,,,,,,
2021-08-11,110.6,110.79,110.55,110.75,110.67,2457,42311,1.172,1.1725,1.1706,1.1713,967,10275,99.42,,,,,,,,
2021-08-12,110.38,110.47,110.32,110.38,110.35,1933,29828,1.1742,1.1745,1.1733,1.1742,514,4708,99.49,,,,,,,,
2021-08-13,110.41,110.46,110.26,110.3,110.45,2370,40989,1.1736,1.1742,1.1731,1.1735,960,6067,100.11,,,,,,,,
2021-08-16,109.63,109.75,109.3,109.41,109.49,3476,30313,1.1795,1.18,1.178,1.1781,549,4923,100.48,,,,,,,,
2021-08-17,109.3,109.4,109.12,109.33,109.3,3219,27475,1.1778,1.178,1.1762,1.1773,950,5777,100.43,,,,,,,,
2021-08-18,109.54,109.68,109.48,109.61,109.57,2594,29089,1.1709,1.1729,1.1701,1.1724,1204,6466,100.24,,,,,,,,
2021-08-19,109.85,110.22,109.75,109.78,109.98,4474,43502,1.1703,1.1715,1.1666,1.1683,2750,5586,100.57,,,,,,,,
2021-08-20,109.78,109.88,109.58,109.62,109.86,3879,39764,1.1677,1.1688,1.1675,1.1681,976,5318,100.52,,,,,,,,
2021-08-23,109.84,109.99,109.82,109.91,109.84,2151,44967,1.1698,1.1726,1.1694,1.1723,1018,6275,100.26,,,,,,,,
2021-08-24,109.69,109.88,109.65,109.77,109.76,2154,46150,1.1744,1.1747,1.1734,1.1738,962,3617,100.1,,,,,,,,
2021-08-25,109.73,109.87,109.67,109.75,109.84,3739,33238,1.1753,1.1758,1.1733,1.1738,1226,3825,99.71,,,,,,,,
2021-08-26,109.99,110.22,109.93,110.17,110,3604,43514,1.1772,1.1773,1.1757,1.177,1402,5187,99.79,,,,,,,,
2021-08-27,110.05,110.11,109.89,110.11,110,3893,44443,1.1754,1.177,1.1743,1.1761,1901,7203,99.7,,,,,,,,
2021-08-30,109.86,109.87,109.7,109.81,109.74,2249,40501,1.1799,1.181,1.1796,1.1802,1081,5585,99.55,,,,,,,,
2021-08-31,109.95,109.98,109.79,109.82,109.87,3959,38780,1.1796,1.1831,1.1796,1.1828,2209,10221,99.25,,,,,,,,
2021-09-01,110.06,110.42,109.99,110.4,110.26,6756,40701,1.181,1.1813,1.1794,1.1806,1592,10032,99.21,,,,,,,,
2021-09-02,110.1,110.12,109.92,110.01,109.97,3883,37047,1.1842,1.185,1.1835,1.1847,1375,10656,99.2,,,,,,,,
2021-09-03,109.96,110.07,109.8,110.04,109.93,4486,30286,1.1874,1.1884,1.1873,1.1875,2005,5210,99.34,,,,,,,,
2021-09-06,109.77,109.94,109.73,109.9,109.83,2437,23526,1.1886,1.1886,1.1861,1.1863,1085,4222,99.24,,,,,,,,
2021-09-07,109.83,109.95,109.67,109.9,109.8,4070,41578,1.1874,1.1885,1.1863,1.1876,1433,6430,99.07,,,,,,,,
2021-09-08,110.3,110.45,110.18,110.25,110.27,3689,52195,1.1844,1.185,1.1829,1.1831,905,8815,99.2,,,,,,,,
2021-09-09,110.22,110.27,109.9,109.96,110.2,3332,44491,1.1819,1.1826,1.1812,1.1823,1480,6639,99.57,,,,,,,,
2021-09-10,109.77,109.99,109.7,109.95,109.78,4461,45855,1.1824,1.1843,1.1819,1.1843,1291,6885,99.31,,,,,,,,
2021-09-13,109.93,110.16,109.85,110.09,109.96,3249,21339,1.1812,1.1813,1.1775,1.1787,1609,4404,99.36,,,,,,,,
2021-09-14,110,110.11,109.96,110.01,110.07,3290,42492,1.1811,1.183,1.1807,1.1825,964,9591,99.61,,,,,,,,
2021-09-15,109.72,109.74,109.43,109.44,109.64,5624,37860,1.1803,1.1818,1.18,1.1817,1272,5241,99.77,,,,,,,,
2021-09-16,109.39,109.46,109.22,109.36,109.4,4083,43735,1.1819,1.182,1.1779,1.1782,1127,6767,99.83,,,,,,,,
2021-09-17,109.7,109.95,109.67,109.95,109.8,3977,43432,1.1765,1.1785,1.1759,1.1773,909,5328,99.89,,,,,,,,
2021-09-21,109.44,109.7,109.35,109.64,109.55,3606,33086,1.1727,1.174,1.1719,1.1727,702,4749,100.61,,,,,,,,
2021-09-22,109.16,109.6,109.12,109.45,109.22,5477,32650,1.1723,1.1737,1.1717,1.173,1123,13026,100.17,,,,,,,,
2021-09-24,110.33,110.57,110.26,110.47,110.4,4891,38605,1.1741,1.1747,1.1732,1.1739,888,10129,99.29,,,,,,,,
2021-09-27,110.77,110.81,110.53,110.78,110.8,4677,47263,1.1723,1.1725,1.1695,1.1695,1159,4158,99.05,,,,,,,,
2021-09-28,110.97,111.43,110.94,111.25,111.03,5372,45741,1.1696,1.1702,1.1673,1.1687,1596,6812,98.84,,,,,,,,
2021-09-29,111.53,111.68,111.28,111.3,111.63,5340,52694,1.1687,1.1689,1.1657,1.1662,1706,8035,98.71,,,,,,,,
2021-09-30,111.94,112.05,111.8,111.88,111.91,5856,51475,1.1601,1.1608,1.1593,1.1605,1145,7184,99.09,,,,,,,,
2021-10-01,111.47,111.48,111.05,111.27,111.4,4549,60719,1.1574,1.1588,1.1564,1.1579,988,8556,99.17,,,,,,,,
2021-10-04,110.96,111.19,110.89,111.17,110.97,2697,37335,1.1607,1.1614,1.1588,1.161,1018,5342,99.27,,,,,,,,
2021-10-05,110.96,111.25,110.88,111.1,110.92,3804,37635,1.1617,1.162,1.159,1.1598,975,5921,98.84,,,,,,,,
2021-10-06,111.49,111.78,111.47,111.68,111.62,4196,50400,1.1595,1.1598,1.1556,1.1557,850,7687,99.01,,,,,,,,
2021-10-07,111.41,111.5,111.24,111.3,111.38,2226,46708,1.1556,1.157,1.155,1.1569,485,9440,98.79,,,,,,,,
2021-10-08,111.67,111.99,111.63,111.96,111.72,4991,21892,1.156,1.156,1.1542,1.1548,1301,5357,98.3,,,,,,,,
2021-10-11,112.27,112.84,112.18,112.79,112.5,5618,27224,1.1566,1.1586,1.1564,1.1575,2167,5236,97.42,,,,,,,,
2021-10-12,113.39,113.49,113,113.3,113.48,6154,31761,1.1554,1.157,1.1548,1.1556,1716,7441,97.18,,,,,,,,
2021-10-13,113.54,113.61,113.35,113.58,113.48,4186,53812,1.1531,1.1556,1.153,1.1551,1417,8076,97.12,,,,,,,,
2021-10-14,113.3,113.59,113.21,113.38,113.38,3729,45912,1.1598,1.1611,1.1588,1.1608,1276,7600,96.73,,,,,,,,
2021-10-15,113.84,114.18,113.69,114.1,113.89,6768,57624,1.1591,1.1615,1.1589,1.1612,982,11210,96.22,,,,,,,,
2021-10-18,114.34,114.45,114.02,114.3,114.27,5241,39485,1.1596,1.1602,1.1572,1.1593,1014,7978,96.18,,,,,,,,
2021-10-19,114.29,114.35,113.88,114.02,114.14,4792,50401,1.1614,1.1658,1.161,1.1654,1724,9054,95.7,,,,,,,,
2021-10-20,114.54,114.69,114.3,114.35,114.55,6867,53434,1.1632,1.1651,1.1619,1.1625,843,6257,95.75,,,,,,,,
2021-10-21,114.39,114.41,113.91,114.12,114.26,5062,49078,1.1653,1.1667,1.1639,1.1641,1153,5400,96.16,,,,,,,,
2021-10-22,113.85,114.2,113.82,113.89,114.02,4212,48483,1.1625,1.1645,1.1621,1.1642,624,3418,96.5,,,,,,,,
2021-10-25,113.66,113.83,113.5,113.64,113.71,4437,38745,1.164,1.1665,1.1636,1.1658,1285,1631,96.29,,,,,,,,
2021-10-26,113.77,114.08,113.72,114.05,113.95,3379,35933,1.161,1.161,1.1596,1.1598,1297,6112,95.93,,,,,,,,
2021-10-27,114.18,114.22,113.68,113.74,114.15,4516,61556,1.1597,1.1612,1.1594,1.1606,1252,6612,96.31,,,,,,,,
2021-10-28,113.78,113.87,113.51,113.61,113.6,4595,47342,1.1599,1.1613,1.159,1.1609,1863,5275,96.33,,,,,,,,
2021-10-29,113.62,113.71,113.4,113.61,113.65,6094,57394,1.1683,1.169,1.1658,1.1671,1612,11822,96.35,,,,,,,,
2021-11-01,114.24,114.43,114.03,114.43,114.12,5582,39728,1.1557,1.1564,1.1547,1.1564,1426,11347,96.25,,,,,,,,
2021-11-02,114.1,114.13,113.59,113.66,114.1,4954,44073,1.16,1.1613,1.1596,1.161,758,12316,96.37,,,,,,,,
2021-11-04,114.06,114.28,113.98,114.22,114.15,4490,43514,1.1616,1.1616,1.1568,1.1572,1200,5186,96.59,,,,,,,,
2021-11-05,113.83,113.85,113.56,113.77,113.77,5530,58820,1.1556,1.1563,1.1541,1.1561,1844,4942,96.8,,,,,,,,
2021-11-08,113.48,113.67,113.4,113.57,113.59,3904,44946,1.1568,1.157,1.1552,1.156,1083,7931,96.79,,,,,,,,
2021-11-09,113.26,113.29,112.73,112.85,113.25,6766,32403,1.1588,1.1606,1.1578,1.1596,2461,2371,97.05,,,,,,,,
2021-11-10,112.92,113.14,112.78,113.1,112.85,4784,19492,1.1595,1.1595,1.1558,1.1569,2623,878,96.48,,,,,,,,
2021-11-11,113.91,114.15,113.86,114.08,113.95,3545,31529,1.1486,1.1487,1.146,1.1461,2124,3788,96.44,,,,,,,,
2021-11-12,114.05,114.3,114.03,114.05,114.24,5372,53874,1.1448,1.1455,1.1436,1.1451,2041,7701,96.51,,,,,,,,
2021-11-15,113.99,114.03,113.75,113.95,113.98,4025,33985,1.1442,1.1463,1.1442,1.145,1043,3901,96.46,,,,,,,,
2021-11-16,114.13,114.31,114.11,114.27,114.19,5617,37025,1.1367,1.1385,1.136,1.138,2210,5200,96.09,,,,,,,,
2021-11-17,114.91,114.97,114.7,114.89,114.85,5498,35373,1.1319,1.1326,1.1264,1.1303,3142,7193,96.61,,,,,,,,
2021-11-18,114.2,114.26,113.88,114.02,114.17,5761,33584,1.1318,1.1338,1.1315,1.1335,1471,5057,96.48,,,,,,,,
2021-11-19,114.29,114.4,114.24,114.37,114.33,6001,46948,1.1368,1.1372,1.1344,1.1344,2609,6206,96.97,,,,,,,,
2021-11-22,114.15,114.26,113.98,114.22,114.09,4036,32993,1.1276,1.1289,1.1261,1.1262,2839,5438,96.41,,,,,,,,
2021-11-24,115.15,115.24,114.86,114.9,115.19,5377,35489,1.1245,1.1248,1.1233,1.1245,1976,2304,96.16,,,,,,,,
2021-11-25,115.42,115.45,115.31,115.39,115.37,2969,27455,1.1203,1.1219,1.1201,1.1216,1353,3536,96.2,,,,,,,,
2021-11-26,115.07,115.36,114.15,114.17,114.92,8657,44924,1.1209,1.1244,1.1208,1.1234,2502,6126,97.94,,,,,,,,
2021-11-29,113.72,113.87,112.99,113.57,113.7,8544,39730,1.1293,1.1312,1.1262,1.1264,1567,7023,97.75,,,,,,,,
2021-11-30,113.81,113.9,112.95,113.19,113.8,11005,47342,1.1293,1.1333,1.1285,1.1329,2406,8636,97.76,,,,,,,,
2021-12-01,113.3,113.63,113.1,113.42,113.4,6824,54636,1.1331,1.1351,1.1317,1.1341,1896,7493,98.15,,,,,,,,
2021-12-02,112.88,113.33,112.65,113.27,112.96,5523,38074,1.132,1.1338,1.1308,1.1311,1164,6576,97.96,,,,,,,,
2021-12-03,113.03,113.4,112.96,113.38,113.13,5650,41944,1.1306,1.1307,1.1282,1.1294,1613,7753,98.28,,,,,,,,
2021-12-06,113.05,113.17,112.85,113.15,113.05,4195,40482,1.1305,1.1307,1.1275,1.1276,852,7631,97.72,,,,,,,,
2021-12-07,113.47,113.74,113.4,113.64,113.7,3871,37414,1.1284,1.1297,1.1276,1.129,1227,7101,97.5,,,,,,,,
2021-12-08,113.52,113.69,113.33,113.41,113.48,4895,43062,1.1273,1.1295,1.1269,1.1286,1134,5613,97.11,,,,,,,,
2021-12-09,113.7,113.82,113.45,113.49,113.75,3258,42876,1.1344,1.1344,1.1317,1.1322,1254,8391,97.6,,,,,,,,
2021-12-10,113.44,113.62,113.34,113.59,113.44,4210,31308,1.1294,1.1303,1.1287,1.1294,1492,6293,97.58,,,,,,,,
2021-12-13,113.52,113.59,113.35,113.55,113.55,2832,51089,1.1311,1.1319,1.1284,1.1291,1037,7274,97.59,,,,,,,,
2021-12-14,113.58,113.74,113.48,113.72,113.65,4809,37006,1.1283,1.1284,1.1271,1.1271,931,6304,97.54,,,,,,,,
2021-12-15,113.75,113.8,113.63,113.74,113.78,4100,38542,1.1258,1.1276,1.1254,1.1265,1023,4129,97.18,,,,,,,,
2021-12-16,114.15,114.25,114.04,114.12,114.13,5170,58319,1.1291,1.1312,1.1282,1.1307,1627,4309,97.43,,,,,,,,
2021-12-17,113.67,113.87,113.45,113.66,113.85,5466,45290,1.1334,1.1349,1.1318,1.1318,1277,5756,97.7,,,,,,,,
2021-12-20,113.52,113.71,113.35,113.46,113.59,4357,38189,1.1243,1.1259,1.1235,1.1255,900,5860,97.59,,,,,,,,
2021-12-21,113.67,113.77,113.57,113.66,113.65,3926,37113,1.1278,1.1294,1.1274,1.1288,764,4760,97.08,,,,,,,,
2021-12-22,114,114.2,113.95,114.15,114.16,5904,38765,1.1288,1.1294,1.1265,1.1268,946,5357,96.9,,,,,,,,
2021-12-23,114.14,114.28,114.08,114.26,114.21,4107,43911,1.1327,1.1342,1.1322,1.1329,1822,6122,96.54,,,,,,,,
2021-12-24,114.47,114.51,114.3,114.36,114.49,2967,34489,1.1324,1.1335,1.1321,1.1332,375,3121,96.48,,,,,,,,
2021-12-27,114.35,114.49,114.33,114.47,114.4,4203,28843,1.1324,1.1329,1.1314,1.133,543,2802,96.1,,,,,,,,
2021-12-28,114.79,114.96,114.77,114.85,114.95,4013,34718,1.133,1.1331,1.1316,1.1318,604,4450,96.18,,,,,,,,
2021-12-29,114.77,114.93,114.75,114.89,114.85,3175,32618,1.1314,1.1313,1.1298,1.1301,661,8111,96.04,,,,,,,,
2021-12-30,114.95,115.2,114.95,115.12,115,3869,34675,1.136,1.136,1.1315,1.1318,922,12760,96.01,,,,,,,,
2022-01-04,115.34,115.81,115.3,115.74,115.42,5462,49320,1.1303,1.1309,1.1285,1.1291,770,10890,95.2,,,,,,,,
2022-01-05,116.17,116.24,115.91,116.04,116.2,4782,47527,1.1283,1.1302,1.1277,1.13,632,3759,95.2,,,,,,,,
2022-01-06,116.13,116.18,115.79,115.88,116.04,4466,37323,1.1311,1.132,1.1285,1.129,1310,5290,95.64,,,,,,,,
2022-01-07,115.87,116.05,115.84,115.9,115.89,3670,48890,1.1296,1.1305,1.129,1.1305,638,4872,95.65,,,,,,,,
2022-01-11,115.28,115.38,115.13,115.26,115.32,4113,35381,1.1331,1.1344,1.1328,1.1342,695,5769,95.69,,,,,,,,
2022-01-12,115.34,115.43,115.23,115.4,115.33,3841,45778,1.1367,1.1378,1.1356,1.1359,1454,4626,95.91,,,,,,,,
2022-01-13,114.68,114.7,114.39,114.41,114.66,5153,37566,1.144,1.1467,1.1436,1.1465,1769,4426,96.3,,,,,,,,
2022-01-14,114.12,114.22,113.64,113.8,114,7161,22657,1.1456,1.1482,1.1452,1.1466,945,3585,96.37,,,,,,,,
2022-01-17,114.31,114.54,114.18,114.41,114.47,3232,27199,1.1412,1.1427,1.1401,1.1425,691,4175,95.97,,,,,,,,
2022-01-18,114.57,115.06,114.46,114.87,114.54,6342,51299,1.1411,1.142,1.1385,1.1398,1353,5076,96.22,,,,,,,,
2022-01-19,114.56,114.79,114.21,114.43,114.7,5139,47088,1.133,1.1342,1.132,1.1331,1262,5062,96.3,,,,,,,,
2022-01-20,114.35,114.55,114.03,114.4,114.28,5264,50895,1.1343,1.1366,1.1341,1.136,977,3234,96.52,,,,,,,,
2022-01-21,113.99,114.15,113.63,113.87,113.83,5366,40857,1.1314,1.1336,1.1301,1.1329,1446,4213,96.85,,,,,,,,
2022-01-24,113.79,113.98,113.66,113.76,113.83,3849,42361,1.1341,1.1344,1.1316,1.1323,949,5326,96.72,,,,,,,,
2022-01-25,114.01,114.1,113.67,113.89,113.98,5207,42467,1.1324,1.1328,1.1303,1.1303,912,8330,96.79,,,,,,,,
2022-01-26,113.9,113.98,113.78,113.98,113.81,3052,38849,1.1304,1.131,1.129,1.1292,859,4941,96.31,,,,,,,,
2022-01-27,114.73,114.8,114.48,114.78,114.67,6679,35401,1.1241,1.1243,1.1195,1.1198,2938,11362,96.2,,,,,,,,
2022-01-28,115.35,115.67,115.28,115.65,115.44,5559,40306,1.1144,1.1156,1.1126,1.1135,1389,5969,96.31,,,,,,,,
2022-01-31,115.27,115.59,115.22,115.43,115.43,4890,45875,1.1153,1.117,1.1141,1.1171,1040,8580,96.15,,,,,,,,
2022-02-01,115.13,115.19,114.89,114.94,115.15,4144,57939,1.123,1.1268,1.1221,1.1266,1538,11014,96.35,,,,,,,,
2022-02-02,114.74,114.8,114.59,114.63,114.7,2739,39431,1.1274,1.1283,1.1268,1.1281,862,4957,96.46,,,,,,,,
2022-02-03,114.39,114.6,114.33,114.59,114.45,3004,52877,1.13,1.1308,1.1289,1.1298,1107,5681,95.84,,,,,,,,
2022-02-04,114.97,115.12,114.82,115.11,115,3978,50114,1.1435,1.1472,1.1432,1.1468,2803,6643,95.63,,,,,,,,
2022-02-07,115.23,115.37,115.14,115.26,115.23,5050,30544,1.1455,1.1466,1.1425,1.1433,1217,5945,95.76,,,,,,,,
2022-02-08,115.07,115.54,115.06,115.49,115.29,4959,44042,1.1442,1.1448,1.1397,1.1399,1694,10896,95.42,,,,,,,,
2022-02-09,115.54,115.69,115.32,115.41,115.53,3593,46227,1.1421,1.1432,1.1403,1.1409,1078,8107,95.32,,,,,,,,
2022-02-10,115.6,115.71,115.48,115.6,115.59,6461,49457,1.1422,1.1431,1.1414,1.143,993,15102,94.93,,,,,,,,
2022-02-14,115.59,115.59,115.29,115.41,115.4,4470,42848,1.1365,1.1369,1.1337,1.1338,1438,12975,95.53,,,,,,,,
2022-02-15,115.54,115.56,115.26,115.35,115.42,4391,46559,1.1307,1.1327,1.1304,1.1313,1533,10421,95.22,,,,,,,,
2022-02-16,115.65,115.74,115.53,115.65,115.69,3250,50668,1.1355,1.1378,1.1345,1.1376,1077,11269,95.2,,,,,,,,
2022-02-17,115.4,115.53,115.08,115.3,115.45,5677,36557,1.1374,1.1385,1.1323,1.1376,2377,7564,95.72,,,,,,,,
2022-02-18,114.86,115.28,114.79,115.12,114.94,5079,22844,1.1364,1.1373,1.1359,1.1371,1375,3897,95.68,,,,,,,,
2022-02-21,114.96,115.12,114.88,114.93,115.05,3259,19629,1.1317,1.1378,1.1314,1.1374,1465,4043,96,,,,,,,,
2022-02-22,114.61,114.8,114.5,114.74,114.7,5054,39529,1.131,1.132,1.1288,1.1297,1562,10045,95.66,,,,,,,,
2022-02-24,114.9,115.11,114.41,114.62,114.94,8100,56719,1.1306,1.1306,1.1209,1.1246,3915,3905,95.86,,,,,,,,
2022-02-25,115.55,115.62,115.15,115.28,115.54,6227,65316,1.1191,1.1228,1.1187,1.121,1568,14674,95.53,,,,,,,,
2022-02-28,115.59,115.79,115.25,115.5,115.55,6780,67542,1.118,1.12,1.1127,1.119,3252,10541,96.29,,,,,,,,
2022-03-01,115.09,115.29,114.98,115.04,115.25,6222,70600,1.1214,1.123,1.1191,1.123,1459,8084,96.64,,,,,,,,
2022-03-02,114.85,115.18,114.79,115.16,115,5275,48680,1.1132,1.1134,1.1084,1.1094,1853,6362,96.11,,,,,,,,
2022-03-03,115.52,115.73,115.45,115.73,115.6,4135,51331,1.1113,1.1119,1.1091,1.1098,1254,5159,96.34,,,,,,,,
2022-03-04,115.49,115.56,115.25,115.46,115.38,6690,41997,1.1066,1.1066,1.1008,1.1013,3957,7524,97.34,,,,,,,,
2022-03-07,114.95,115.12,114.83,115.02,114.92,4731,46308,1.0874,1.093,1.0823,1.0871,3059,7986,97.41,,,,,,,,
2022-03-08,115.37,115.53,115.28,115.45,115.47,4914,47097,1.0867,1.0885,1.0849,1.0861,1921,7597,97,,,,,,,,
2022-03-09,115.73,115.92,115.69,115.89,115.87,4077,51727,1.0898,1.0928,1.089,1.0917,2077,3755,96.41,,,,,,,,
2022-03-10,115.92,116.2,115.85,115.93,116,4513,41790,1.1074,1.1073,1.1042,1.1065,2062,4219,96.34,,,,,,,,
2022-03-11,116.19,116.8,116.12,116.72,116.3,7119,36482,1.1013,1.1018,1.0981,1.0985,1398,3959,95.72,,,,,,,,
2022-03-14,117.55,117.88,117.35,117.73,117.58,4717,34220,1.0933,1.094,1.0901,1.0933,1179,4161,95.09,,,,,,,,
2022-03-15,118.22,118.45,117.85,117.98,118.23,6259,42484,1.0943,1.1019,1.0931,1.1005,1422,3838,94.9,,,,,,,,
2022-03-16,118.32,118.43,118.17,118.38,118.39,2955,34515,1.0968,1.0981,1.0953,1.096,1096,4681,94.07,,,,,,,,
2022-03-17,118.87,119.02,118.6,118.67,118.97,5692,36387,1.1022,1.1052,1.1011,1.1045,1378,6378,93.96,,,,,,,,
2022-03-18,118.5,119,118.48,118.86,118.68,5790,59298,1.1099,1.1118,1.1074,1.1079,1411,12921,93.68,,,,,,,,
2022-03-22,119.59,120.5,119.44,120.48,120,8619,40175,1.1017,1.1026,1.0961,1.0984,1789,4800,92.49,,,,,,,,
2022-03-23,121.35,121.41,120.8,121.07,121.19,6223,42805,1.103,1.1042,1.1015,1.1018,804,6748,92.29,,,,,,,,
2022-03-24,121.13,121.74,120.96,121.63,121.24,5770,47134,1.1006,1.1012,1.0976,1.0979,946,7624,91.4,,,,,,,,
2022-03-25,122.35,122.43,121.18,121.74,121.82,8018,47493,1.1009,1.1037,1.1003,1.1023,1066,4739,91.61,,,,,,,,
2022-03-28,122.27,124.02,122.15,123.93,122.22,8508,35717,1.0982,1.0984,1.0945,1.0952,1630,3283,90.35,,,,,,,,
2022-03-29,123.6,124.31,123.12,123.58,124.2,10257,57093,1.0992,1.1018,1.0969,1.1,1426,4231,90.66,,,,,,,,
2022-03-30,123.12,123.2,121.33,121.87,122.5,8839,37735,1.1091,1.1134,1.1088,1.1129,1342,6681,91.11,,,,,,,,
2022-03-31,122.03,122.45,121.35,121.64,122.4,12283,58572,1.1161,1.1184,1.1148,1.1151,1690,9953,91.32,,,,,,,,
2022-04-01,121.75,122.73,121.7,122.64,122.2,8512,61823,1.1074,1.1075,1.1043,1.1053,1134,9158,90.95,,,,,,,,
2022-04-04,122.63,122.8,122.27,122.66,122.43,4049,37479,1.1046,1.1053,1.1029,1.1032,434,7953,90.78,,,,,,,,
2022-04-05,122.8,122.98,122.38,122.9,122.55,4169,51042,1.0975,1.0987,1.0962,1.0981,757,5819,90.35,,,,,,,,
2022-04-06,123.66,124.05,123.55,123.89,124,5992,42731,1.0906,1.0907,1.0875,1.0896,1311,8310,90.26,,,,,,,,
2022-04-07,123.73,123.92,123.47,123.76,123.64,3876,45583,1.0898,1.0933,1.0896,1.0898,1325,7792,90.19,,,,,,,,
2022-04-08,124.1,124.23,123.68,124.05,124,5787,40660,1.0865,1.0878,1.085,1.0867,1046,8493,89.99,,,,,,,,
2022-04-11,124.4,125.43,124.19,125.25,125,7182,40681,1.0885,1.091,1.0875,1.091,1407,5251,89.37,,,,,,,,
2022-04-12,125.49,125.75,125.12,125.53,125.53,7563,52813,1.0878,1.0887,1.0854,1.0871,890,5778,89.4,,,,,,,,
2022-04-13,125.42,126.31,125.36,126.06,125.6,6099,41853,1.0826,1.0842,1.0812,1.0839,1049,7781,89.07,,,,,,,,
2022-04-14,125.37,125.68,125.08,125.34,125.3,5394,40912,1.0896,1.092,1.0883,1.0909,1079,4501,89.1,,,,,,,,
2022-04-15,126.19,126.7,125.9,126.47,126.4,3167,38816,1.0821,1.082,1.0796,1.0811,534,324,88.71,,,,,,,,
2022-04-18,126.62,126.79,126.25,126.64,126.64,4128,47227,1.0815,1.082,1.0788,1.0791,762,69,88.42,,,,,,,,
2022-04-19,127.15,128.32,126.99,128.07,127.34,8224,46748,1.078,1.0801,1.0762,1.0802,925,4585,87.31,,,,,,,,
2022-04-20,129.31,129.43,128.07,128.66,129.4,11083,39767,1.0795,1.0823,1.0785,1.0809,1520,7759,88.03,,,,,,,,
2022-04-21,128,128.64,127.83,128.03,128.28,5789,46248,1.0849,1.0935,1.0824,1.0928,1871,8086,87.93,,,,,,,,
2022-04-22,128.43,128.69,127.74,128.07,128.61,6779,42087,1.0835,1.0851,1.0804,1.0807,1183,7258,88.3,,,,,,,,
2022-04-25,128.61,128.87,127.99,128.2,128.78,7566,44788,1.081,1.0811,1.0708,1.0739,2174,9339,89.04,,,,,,,,
2022-04-26,127.78,128.23,127.35,127.88,127.6,7607,44730,1.0713,1.0738,1.0675,1.0677,2305,12397,89.95,,,,,,,,
2022-04-27,127.26,128.1,126.96,127.99,127.62,8023,51346,1.0644,1.0655,1.0588,1.0624,2774,9979,89.28,,,,,,,,
2022-04-28,128.44,130.68,128.36,130.6,129.9,14561,38975,1.0554,1.0562,1.0481,1.0555,4039,13498,88.13,,,,,,,,
2022-05-02,130,130.47,129.62,130.11,130.07,6043,32149,1.0537,1.0563,1.051,1.0534,618,12786,88.51,,,,,,,,
2022-05-06,130.34,130.8,130.1,130.52,130.5,6417,54011,1.054,1.055,1.0485,1.052,2107,8497,88.52,,,,,,,,
2022-05-09,130.73,131.34,130.64,131.21,130.8,5231,44283,1.0533,1.0545,1.0496,1.0512,1493,9369,89.19,,,,,,,,
2022-05-10,130.38,130.57,129.8,130.36,130.35,6116,55860,1.0564,1.0584,1.0554,1.0557,988,7973,89.13,,,,,,,,
2022-05-11,130.37,130.49,129.9,129.97,130.4,4844,54952,1.0529,1.0559,1.0526,1.0551,1075,7298,89.41,,,,,,,,
2022-05-12,129.85,130.05,128.6,128.84,129.74,7404,48310,1.0512,1.0528,1.0445,1.046,1569,4825,91.16,,,,,,,,
2022-05-13,128.6,129.36,128.35,128.81,128.9,6503,72139,1.0379,1.0418,1.0374,1.0415,1938,6736,90.42,,,,,,,,
2022-05-16,129.41,129.67,128.7,129.36,128.95,3360,41444,1.04,1.0424,1.0391,1.041,710,10372,90.4,,,,,,,,
2022-05-17,128.93,129.44,128.83,129.4,129.34,4263,56515,1.044,1.0475,1.0433,1.0464,1657,5654,89.66,,,,,,,,
2022-05-18,129.43,129.53,128.95,129.33,129.31,4326,41579,1.0549,1.0563,1.0515,1.0517,1062,8297,90.77,,,,,,,,
2022-05-19,127.93,128.93,127.9,128.23,128.4,6304,41001,1.0474,1.0505,1.0466,1.0493,1908,7586,90.51,,,,,,,,
2022-05-20,127.85,128.21,127.54,127.93,127.76,4933,55151,1.058,1.0592,1.0557,1.0577,678,6097,90.37,,,,,,,,
2022-05-23,127.9,128.04,127.16,127.59,127.76,3279,38149,1.057,1.0614,1.0559,1.0601,1009,9069,89.75,,,,,,,,
2022-05-24,127.81,128.08,127.25,127.28,127.87,5790,32369,1.0683,1.0734,1.0662,1.0731,1094,10990,90.44,,,,,,,,
2022-05-25,126.74,127.29,126.67,127.12,126.97,6146,37684,1.0733,1.0737,1.0683,1.0685,962,6030,90.47,,,,,,,,
2022-05-26,127.14,127.57,126.56,126.6,127.48,6146,46262,1.0688,1.0707,1.0665,1.0689,1181,11002,90.76,,,,,,,,
2022-05-27,127.1,127.2,126.68,127.14,127.01,4434,37406,1.0733,1.0764,1.0729,1.0736,1063,6211,90.43,,,,,,,,
2022-05-30,127.27,127.39,126.86,127.36,127.02,2890,21784,1.073,1.077,1.0728,1.0744,656,4757,89.67,,,,,,,,
2022-05-31,127.79,128.33,127.53,127.76,128.2,7388,42342,1.0774,1.0776,1.073,1.0737,895,11550,89.12,,,,,,,,
2022-06-01,128.75,129.54,128.65,129.4,128.92,6026,54978,1.0734,1.0737,1.0706,1.0715,657,7276,88.42,,,,,,,,
2022-06-02,130.14,130.23,129.78,129.89,130.04,5473,37468,1.0651,1.0691,1.0646,1.0687,703,10796,88.28,,,,,,,,
2022-06-03,129.95,130.05,129.7,129.89,129.82,5780,34086,1.0751,1.0764,1.0746,1.0757,916,6770,87.71,,,,,,,,
2022-06-06,130.74,130.99,130.44,130.77,130.75,3853,35731,1.0724,1.074,1.071,1.0743,403,4233,87.06,,,,,,,,
2022-06-07,132.19,133,131.9,132.77,132.23,5891,52451,1.0691,1.0698,1.0666,1.0688,718,6191,86.69,,,,,,,,
2022-06-08,132.81,133.63,132.6,133.58,132.9,6474,51490,1.0698,1.0706,1.0678,1.0689,920,9534,85.72,,,,,,,,
2022-06-09,134.44,134.55,133.4,133.48,134.44,6096,50407,1.0717,1.0732,1.0703,1.0703,1113,11130,85.9,,,,,,,,
2022-06-10,134.37,134.48,133.37,133.61,134.2,6616,61360,1.062,1.0642,1.0611,1.0626,1204,3923,86.28,,,,,,,,
2022-06-13,134.78,135.2,134.44,134.6,135,5886,45210,1.0491,1.0519,1.0465,1.0467,1115,8069,86.91,,,,,,,,
2022-06-14,134.22,134.82,133.89,134.43,134.12,5158,44497,1.0415,1.0475,1.0398,1.0468,1154,6320,86.21,,,,,,,,
2022-06-15,135.27,135.53,134.53,134.71,134.99,5930,47606,1.0438,1.0493,1.0419,1.0466,1355,4195,86.88,,,,,,,,
2022-06-16,134.06,134.68,133.95,134.23,134.26,5134,41467,1.0458,1.0467,1.0384,1.0397,858,7147,87.81,,,,,,,,
2022-06-17,132.41,134.63,132.19,134.29,133.2,7002,26847,1.0547,1.055,1.0499,1.0518,985,4999,86.19,,,,,,,,
2022-06-20,135.29,135.44,134.55,134.67,135.25,2975,22877,1.0491,1.054,1.0485,1.0518,394,4704,86,,,,,,,,
2022-06-21,135.1,135.28,134.92,135.23,135.19,4374,51687,1.0517,1.0565,1.0515,1.0557,704,7658,84.95,,,,,,,,
2022-06-22,136.33,136.71,136.05,136.24,136.47,5501,49853,1.0532,1.0535,1.047,1.0505,1023,5646,85.24,,,,,,,,
2022-06-23,135.99,136.2,135.16,135.38,135.2,5909,44874,1.0565,1.058,1.05,1.0508,1232,8190,86.16,,,,,,,,
2022-06-24,134.82,135.22,134.36,134.54,135.19,5280,40293,1.052,1.0545,1.0513,1.0525,898,5749,85.8,,,,,,,,
2022-06-27,135.05,135.22,134.54,135.08,134.6,4579,38401,1.0567,1.0591,1.055,1.0588,870,8388,85.57,,,,,,,,
2022-06-28,135.44,135.82,135.12,135.76,135.45,4239,50052,1.058,1.0605,1.0571,1.0585,1011,11768,85.35,,,,,,,,
2022-06-29,136.06,136.28,135.8,136.03,136.11,4502,42171,1.0521,1.0535,1.0487,1.0516,1580,4581,85.18,,,,,,,,
2022-06-30,136.61,136.8,135.98,136.2,136.63,7788,73985,1.0447,1.0466,1.043,1.0446,1377,11045,85.69,,,,,,,,
2022-07-01,135.8,135.99,134.75,135.31,135.98,6165,29418,1.0478,1.048,1.0435,1.0446,854,8065,86.3,,,,,,,,
2022-07-04,135.02,135.51,134.8,135.45,134.94,2327,30270,1.0433,1.0444,1.0423,1.0431,575,3649,86.02,,,,,,,,
2022-07-05,135.86,136.36,135.69,136.09,136.13,5018,40243,1.0433,1.0448,1.0367,1.0375,1145,7232,86.49,,,,,,,,
2022-07-06,135.55,135.88,135.03,135.43,135.68,5242,49257,1.0257,1.0277,1.0239,1.0259,1568,7969,86.56,,,,,,,,
2022-07-07,135.95,136.17,135.55,136.13,135.7,4358,52622,1.0185,1.022,1.0177,1.0192,1523,4682,86.44,,,,,,,,
2022-07-08,135.92,136.15,135.35,135.84,136.02,6998,61933,1.017,1.0191,1.0075,1.0109,1508,8384,86.29,,,,,,,,
2022-07-11,136.31,137.28,136.15,136.81,136.45,5051,38400,1.0168,1.0181,1.0108,1.0112,828,5447,85.97,,,,,,,,
2022-07-12,137.42,137.51,137.03,137.35,137.15,5015,58289,1.0045,1.0055,1.0003,1.0009,2861,5187,86.35,,,,,,,,
2022-07-13,136.75,137.25,136.7,137.05,137.12,5606,69637,1.003,1.0049,1.0008,1.0033,1940,7663,85.9,,,,,,,,
2022-07-14,137.64,139.18,137.36,139.1,138,8253,43962,1.0035,1.0056,1.0007,1.0037,1866,4252,85.3,,,,,,,,
2022-07-15,138.98,139.11,138.58,138.92,138.9,5768,57607,1.0027,1.0041,1.0008,1.0029,1066,8213,85.36,,,,,,,,
2022-07-19,138.27,138.39,137.71,137.74,138.22,4624,42890,1.0147,1.0242,1.012,1.0241,1204,5986,85.18,,,,,,,,
2022-07-20,138.18,138.37,137.91,138.13,138.15,4903,41971,1.0231,1.027,1.0223,1.0226,1419,6387,85.34,,,,,,,,
2022-07-21,138.43,138.66,138,138.59,138.45,4200,44878,1.0181,1.023,1.0178,1.0196,2037,6943,85.83,,,,,,,,
2022-07-22,137.09,137.95,137.02,137.59,137.32,5645,33593,1.022,1.023,1.0131,1.0139,914,6801,86.54,,,,,,,,
2022-07-25,136.35,136.62,135.89,136.41,136.6,5162,37649,1.02,1.0222,1.0181,1.0193,732,8510,86.14,,,,,,,,
2022-07-26,136.41,136.73,136.28,136.66,136.45,3605,46807,1.0225,1.0248,1.0211,1.022,896,2240,86.26,,,,,,,,
2022-07-27,136.97,137.15,136.81,136.98,136.99,3945,51832,1.0128,1.0157,1.0127,1.014,858,6755,86.25,,,,,,,,
2022-07-28,136.12,136.57,135.11,135.58,135.3,7056,41772,1.0206,1.0229,1.0181,1.0212,1649,3517,87.58,,,,,,,,
2022-07-29,134.39,134.67,132.51,132.78,133,9655,44822,1.0193,1.0253,1.019,1.0235,985,5761,88.19,,,,,,,,
2022-08-01,133.37,133.55,132.08,132.56,132.5,4839,47660,1.0211,1.024,1.0207,1.023,711,12729,89.3,,,,,,,,
2022-08-02,131.4,131.73,130.4,130.83,130.85,6554,41268,1.0264,1.0293,1.0218,1.0226,1104,8392,88.44,,,,,,,,
2022-08-03,133.33,133.89,132.3,133.22,133.75,4785,47930,1.0158,1.0192,1.0151,1.0179,904,5590,87.98,,,,,,,,
2022-08-04,133.94,134.3,133.43,134.16,133.62,3789,32314,1.0156,1.0185,1.0155,1.0179,659,5788,88.37,,,,,,,,
2022-08-05,132.62,133.48,132.54,133.31,133.01,5824,35935,1.0248,1.0251,1.0224,1.0234,1168,4117,87.17,,,,,,,,
2022-08-08,135.07,135.57,134.92,134.99,135.4,4919,33994,1.0173,1.0213,1.0161,1.0209,511,5397,87.07,,,,,,,,
2022-08-09,134.85,135.15,134.68,134.89,134.86,2939,31150,1.0198,1.0215,1.0189,1.0215,586,3764,86.98,,,,,,,,
2022-08-10,135.2,135.3,134.89,134.95,135.2,4378,41781,1.0208,1.0218,1.0203,1.0211,1395,9943,87.93,,,,,,,,
2022-08-12,133.02,133.5,132.89,133.26,133.35,3613,49900,1.0321,1.0324,1.0293,1.0297,558,6914,87.73,,,,,,,,
2022-08-15,133.32,133.58,132.92,133.52,133,3169,36900,1.0254,1.0269,1.0232,1.0234,403,6798,88.27,,,,,,,,
2022-08-16,133.13,133.79,132.95,133.66,133.17,3270,29969,1.0162,1.0168,1.0135,1.016,861,2795,87.7,,,,,,,,
2022-08-17,134.3,134.83,133.91,134.8,134.31,3487,32774,1.017,1.0186,1.0153,1.0167,509,6682,87.21,,,,,,,,
2022-08-18,134.97,135.42,134.74,135.29,134.88,4094,31526,1.0178,1.0193,1.0148,1.0162,600,3870,86.98,,,,,,,,
2022-08-19,135.83,136.71,135.72,136.67,136.28,4989,40916,1.009,1.0095,1.0071,1.0091,635,4757,86.61,,,,,,,,
2022-08-22,137.02,137.44,136.78,136.85,137.2,3688,44964,1.0036,1.0046,1,1.0005,704,5670,86.71,,,,,,,,
2022-08-23,137.57,137.7,137.05,137.28,137.28,3770,39005,0.9939,0.995,0.9902,0.9934,1522,2164,87,,,,,,,,
2022-08-24,136.77,137.03,136.38,136.55,136.9,3993,36134,0.9967,0.9972,0.9935,0.9954,786,5177,86.93,,,,,,,,
2022-08-25,137.1,137.19,136.41,136.49,136.94,5007,28106,0.9968,1.0033,0.9964,1,1343,5303,87.16,,,,,,,,
2022-08-26,136.57,137.11,136.45,137.03,136.72,3837,42768,0.9971,0.9976,0.9947,0.9974,1036,3510,86.66,,,,,,,,
2022-08-29,138.17,139,137.67,138.7,139,4897,43269,0.9937,0.9955,0.9915,0.9943,1081,6867,86.21,,,,,,,,
2022-08-30,138.65,138.77,138.36,138.46,138.5,4902,43244,1.0011,1.0033,0.9983,1.0029,1002,6635,86.2,,,,,,,,
2022-08-31,138.77,138.83,138.28,138.6,138.61,6485,40088,1.0024,1.0044,1,1.0003,974,7913,85.95,,,,,,,,
2022-09-01,139.33,139.69,139.03,139.29,139.5,6104,53855,1.0038,1.0055,1.0008,1.003,1485,8463,85.57,,,,,,,,
2022-09-02,140.09,140.43,139.88,140.25,140.05,5884,22775,0.9952,0.9995,0.9947,0.9989,910,3274,85.57,,,,,,,,
2022-09-05,140.55,140.59,140.12,140.58,140.3,3056,21291,0.9909,0.9935,0.9879,0.9911,1335,2535,85.56,,,,,,,,
2022-09-06,140.43,141.73,140.25,141.54,141,4953,37005,0.9951,0.9986,0.9941,0.9976,1005,5367,84.45,,,,,,,,
2022-09-07,143.16,144.38,142.81,143.9,144.12,6636,52708,0.9898,0.9927,0.9877,0.9924,1028,5442,83.74,,,,,,,,
2022-09-08,144.1,144.53,143.48,143.82,144.4,5932,42136,0.9998,1.0013,0.9979,0.9982,914,4043,83.55,,,,,,,,
2022-09-09,143.88,144.09,142.15,142.36,143.76,5841,28076,1.001,1.0108,1,1.0096,910,4423,84.2,,,,,,,,
2022-09-12,142.57,143.5,142.34,142.77,142.8,4130,25170,1.007,1.0197,1.0063,1.0176,832,1511,83.76,,,,,,,,
2022-09-13,142.59,142.78,142.05,142.26,142.58,5320,38451,1.0129,1.0153,1.012,1.0147,982,4368,83.25,,,,,,,,
2022-09-14,144.43,144.95,143.26,143.32,144.45,8271,36242,0.9978,1,0.996,0.9987,852,4744,84.24,,,,,,,,
2022-09-15,142.92,143.8,142.81,143.57,143.25,5326,39041,0.9982,0.9984,0.9956,0.9978,609,4000,84.23,,,,,,,,
2022-09-16,143.34,143.69,142.85,143.46,143.02,3892,35099,0.9988,1.0012,0.9946,0.9956,639,7010,84.53,,,,,,,,
2022-09-20,143.19,143.55,142.94,143.47,143.23,4962,37759,1.0031,1.0051,1.0015,1.0036,922,5390,84.35,,,,,,,,
2022-09-21,143.58,144.08,143.36,143.75,143.7,4372,42945,0.9972,0.9974,0.9887,0.9911,1092,4854,84.62,,,,,,,,
2022-09-22,144.24,145.9,143.48,145.78,144.45,25042,41048,0.9832,0.9851,0.9808,0.9845,1948,8599,85.83,,,,,,,,
2022-09-26,143.53,144.25,143.2,143.83,144,3959,37294,0.9685,0.97,0.9557,0.9679,1383,10105,85.5,,,,,,,,
2022-09-27,144.47,144.69,144.08,144.27,144.45,5400,39611,0.962,0.9668,0.9597,0.9647,1120,6022,85.63,,,,,,,,
2022-09-28,144.71,144.86,144.4,144.57,144.66,6934,51952,0.9596,0.96,0.954,0.9578,1374,9393,85.81,,,,,,,,
2022-09-29,144.4,144.81,144.16,144.68,144.35,4786,38344,0.9706,0.9735,0.9639,0.9655,1422,7324,85.2,,,,,,,,
2022-09-30,144.42,144.77,144.28,144.32,144.74,9575,61609,0.983,0.9843,0.9791,0.9833,1598,8326,85.12,,,,,,,,
2022-10-03,144.81,145.4,144.5,145.03,144.85,4166,43657,0.9793,0.9835,0.9785,0.9812,717,9794,85.09,,,,,,,,
2022-10-04,144.51,144.91,144.42,144.66,144.7,4268,37505,0.9836,0.9891,0.9809,0.9875,768,7126,84.89,,,,,,,,
2022-10-05,143.86,144.5,143.55,144.45,143.93,4815,50407,0.9984,0.999,0.9937,0.9941,1145,7041,84.79,,,,,,,,
2022-10-06,144.43,144.7,144.39,144.59,144.58,4679,51687,0.9912,0.9924,0.9887,0.9911,941,5861,84.72,,,,,,,,
2022-10-07,145.05,145.11,144.84,144.91,145.02,4691,42852,0.979,0.981,0.9769,0.9799,1760,6819,84.88,,,,,,,,
2022-10-11,145.68,145.86,145.55,145.64,145.73,3974,44675,0.9712,0.9723,0.9674,0.9698,1182,5898,85.02,,,,,,,,
2022-10-12,145.89,146.37,145.7,146.18,146.18,4765,29420,0.97,0.9732,0.9685,0.9707,1138,9081,84.37,,,,,,,,
2022-10-13,146.78,146.91,146.68,146.84,146.85,4586,40017,0.9705,0.9722,0.9689,0.9706,944,7972,84.09,,,,,,,,
2022-10-14,147.31,147.61,147.09,147.48,147.37,4090,38978,0.9767,0.9807,0.9753,0.9768,1248,5926,83.5,,,,,,,,
2022-10-17,148.64,148.8,148.46,148.65,148.58,3071,33236,0.974,0.9754,0.9731,0.9748,827,6296,82.99,,,,,,,,
2022-10-18,148.97,149.05,148.68,148.96,148.9,4049,42372,0.9844,0.9871,0.9824,0.9858,927,6017,82.84,,,,,,,,
2022-10-19,149.21,149.48,149.11,149.35,149.18,3283,34588,0.9863,0.9869,0.9817,0.9839,675,10468,82.86,,,,,,,,
2022-10-20,149.82,150.09,149.63,149.87,149.93,4910,38235,0.9767,0.9793,0.9755,0.9787,824,7906,82.61,,,,,,,,
2022-10-21,150.17,150.48,150.07,150.48,150.38,8881,45266,0.978,0.98,0.9763,0.9788,991,8631,83.88,,,,,,,,
2022-10-24,147.93,149.71,145.3,149.26,146,14188,35059,0.9861,0.9892,0.9827,0.9835,861,5739,83.45,,,,,,,,
2022-10-25,148.89,149.06,148.58,148.93,149,5842,57891,0.9885,0.9897,0.9854,0.9856,981,4527,83.72,,,,,,,,
2022-10-26,147.97,148.4,147.04,147.1,148.16,5165,55306,0.9962,1.0035,0.9943,1.0033,1624,6718,83.83,,,,,,,,
2022-10-27,146.09,146.44,145.11,145.73,146.11,6420,52139,1.0094,1.0093,1.0055,1.0067,1667,8266,84.31,,,,,,,,
2022-10-28,146.28,147.11,146.02,147.08,146.6,5949,53423,0.9968,0.9998,0.9939,0.9946,1266,5462,83.71,,,,,,,,
2022-10-31,147.81,148.27,147.55,148.01,148.24,5846,52039,0.9956,0.9965,0.9928,0.9929,587,5206,83.53,,,,,,,,
2022-11-01,148.74,148.82,147.52,147.93,148.73,4031,50876,0.9886,0.9937,0.9883,0.993,949,11837,83.57,,,,,,,,
2022-11-02,147.9,148.35,147.18,147.34,147.54,4180,52006,0.9878,0.9899,0.9873,0.9885,775,14351,83.99,,,,,,,,
2022-11-04,148.38,148.39,147.7,147.89,148.25,3525,39977,0.975,0.9793,0.9748,0.9766,709,8327,83.87,,,,,,,,
2022-11-07,146.84,147.56,146.77,147.53,147.02,3496,34086,0.9929,0.9953,0.9914,0.9926,741,5393,83.86,,,,,,,,
2022-11-08,146.62,146.92,146.33,146.73,146.5,4245,29810,1.0018,1.0031,0.9987,1.0001,646,5016,84.18,,,,,,,,
2022-11-09,145.3,145.9,145.18,145.52,145.72,5140,35141,1.008,1.0086,1.0056,1.0065,997,3114,83.86,,,,,,,,
2022-11-10,146.2,146.48,146.05,146.31,146.33,4808,26561,1.002,1.0042,0.9997,0.9998,1332,2783,86.12,,,,,,,,
2022-11-11,141.74,142.48,141,141.19,142.45,6467,31171,1.0192,1.0247,1.0165,1.0244,1774,3645,86.57,,,,,,,,
2022-11-14,139.61,139.87,138.8,139.51,139.6,5053,45016,1.0328,1.0349,1.03,1.0328,763,5342,85.81,,,,,,,,
2022-11-15,140.08,140.61,139.2,139.34,140.38,6481,37351,1.0321,1.0415,1.0312,1.0408,1779,5333,86.03,,,,,,,,
2022-11-16,138.96,140.29,138.76,139.38,139.53,5375,67179,1.0358,1.0412,1.0336,1.0403,1871,10329,86.11,,,,,,,,
2022-11-17,139.33,139.79,139.23,139.33,139.44,4494,37498,1.0394,1.0398,1.0361,1.0393,1310,4995,86.1,,,,,,,,
2022-11-18,140.43,140.48,139.64,139.83,140.22,4189,56158,1.0361,1.0387,1.0358,1.0376,1432,4937,85.87,,,,,,,,
2022-11-21,140.28,140.92,140.17,140.85,140.29,3716,40202,1.0331,1.0332,1.0251,1.0256,1195,3653,85.3,,,,,,,,
2022-11-22,142.09,142.24,141.65,141.81,142.05,4319,26219,1.0246,1.0268,1.024,1.0266,692,9245,85.55,,,,,,,,
2022-11-24,139.23,139.6,138.55,138.98,138.95,3295,28058,1.0419,1.0445,1.0394,1.0417,930,6683,86.79,,,,,,,,
2022-11-25,138.61,139.04,138.38,138.8,139.03,6530,36717,1.0407,1.0429,1.0397,1.041,491,10556,86.47,,,,,,,,
2022-11-28,139.37,139.42,137.81,138.31,139.06,5861,40359,1.0368,1.0384,1.0342,1.0375,910,9732,86.99,,,,,,,,
2022-11-29,138.73,139.35,138.15,138.28,138.85,5832,41079,1.0344,1.0394,1.0335,1.0379,1131,10577,86.91,,,,,,,,
2022-11-30,138.76,138.95,138.34,138.53,138.8,7058,48304,1.0324,1.0359,1.0321,1.0353,956,15938,86.62,,,,,,,,
2022-12-01,137.36,138.11,135.85,136.54,136.25,5291,42856,1.0423,1.0461,1.0396,1.0403,1438,12620,87.88,,,,,,,,
2022-12-02,135.16,135.59,134.55,134.65,135.5,7687,40053,1.0528,1.0541,1.0506,1.053,1194,8623,88.47,,,,,,,,
2022-12-05,134.49,135.24,134.15,135.13,134.68,4739,42690,1.0544,1.0585,1.0532,1.0539,716,12805,86.68,,,,,,,,
2022-12-06,136.56,137.42,136.3,136.95,136.5,5623,29390,1.0497,1.0516,1.0476,1.0491,858,11381,86.82,,,,,,,,
2022-12-07,136.89,137.85,136.8,137.43,137.27,4047,50240,1.0468,1.0474,1.0444,1.046,753,13633,86.81,,,,,,,,
2022-12-08,136.38,137.25,136.26,136.71,136.57,4801,30513,1.0512,1.0529,1.0495,1.0527,873,11579,86.67,,,,,,,,
2022-12-09,136.63,136.9,135.77,136.35,136.88,5046,37202,1.0556,1.0587,1.0553,1.0569,722,10314,86.67,,,,,,,,
2022-12-12,136.73,137.11,136.57,136.69,136.77,3615,31743,1.0521,1.0537,1.0508,1.0527,541,10782,86.15,,,,,,,,
2022-12-13,137.49,137.97,137.34,137.42,137.8,6072,34618,1.0542,1.0558,1.0533,1.0552,1678,8825,87.03,,,,,,,,
2022-12-14,135.56,135.73,135.25,135.47,135.53,4864,35638,1.0624,1.0639,1.062,1.0631,958,8988,86.96,,,,,,,,
2022-12-15,135.35,135.9,135.24,135.86,135.37,4325,43634,1.0676,1.0684,1.0642,1.0642,1764,10178,86.01,,,,,,,,
2022-12-16,137.76,137.79,136.96,137.23,137.63,4384,32807,1.0639,1.0662,1.0629,1.0633,899,8752,86.79,,,,,,,,
2022-12-19,136.58,136.6,135.76,135.84,136.16,3390,48196,1.0585,1.0638,1.0583,1.0624,1134,9405,86.55,,,,,,,,
2022-12-20,136.98,137.46,132.28,132.6,133.11,9469,48646,1.0613,1.0649,1.058,1.0612,1000,11007,89.75,,,,,,,,
2022-12-21,131.89,132.36,131.5,131.77,131.73,4091,45367,1.0626,1.0632,1.0608,1.0633,726,9649,89.38,,,,,,,,
2022-12-22,132.4,132.45,131.65,131.96,131.78,3742,47226,1.0608,1.065,1.0606,1.0639,912,6137,89.52,,,,,,,,
2022-12-23,132.38,132.8,132.17,132.53,132.65,4257,47054,1.0601,1.063,1.0587,1.0626,595,5674,89.1,,,,,,,,
2022-12-26,132.85,132.85,132.28,132.73,132.5,1145,10719,1.0628,1.0635,1.0598,1.0628,220,0,88.92,,,,,,,,
2022-12-27,132.76,133.22,132.65,132.88,133.18,3126,29371,1.064,1.0668,1.0635,1.0646,510,7667,88.54,,,,,,,,
2022-12-28,133.49,134.4,133.44,133.92,133.9,4185,51220,1.0637,1.0654,1.0625,1.0645,633,5249,88.12,,,,,,,,
2022-12-29,134.03,134.38,133.48,133.79,134.03,3145,25614,1.0629,1.0636,1.0612,1.0624,405,5178,88.77,,,,,,,,
2022-12-30,132.92,133.09,132.12,132.14,132.56,5356,54255,1.066,1.0669,1.0641,1.0652,685,9803,89.68,,,,,,,,
2023-01-04,131.3,131.45,130.13,130.25,130.96,3607,37539,1.0546,1.0606,1.0542,1.0595,586,8140,88.74,,,,,,,,
2023-01-05,132.25,132.62,131.71,132.49,132.05,5652,48517,1.0606,1.0631,1.0591,1.0606,739,7719,88.38,,,,,,,,
2023-01-06,133.33,134.37,133.29,134.25,133.64,5050,42812,1.0521,1.0536,1.0509,1.0513,646,17121,88.63,,,,,,,,
2023-01-10,131.73,132.29,131.39,132.23,131.8,4270,46733,1.0733,1.0743,1.0722,1.0732,508,9219,87.92,,,,,,,,
2023-01-11,132.1,132.57,132.07,132.42,132.36,4264,42522,1.0739,1.0757,1.0727,1.0747,505,5401,87.67,,,,,,,,
2023-01-12,131.91,132.33,131.36,131.61,131.9,9009,46582,1.0766,1.0774,1.0757,1.0763,956,5304,89.41,,,,,,,,
2023-01-13,129.22,129.4,128.25,128.38,129.23,6713,29986,1.086,1.0868,1.0832,1.0849,1024,1950,90.17,,,,,,,,
2023-01-16,128.07,128.2,127.22,127.99,127.65,3750,27013,1.0823,1.0873,1.0822,1.0831,483,3465,89.91,,,,,,,,
2023-01-17,128.34,129.15,128.23,128.72,128.71,5893,58592,1.083,1.0833,1.0807,1.0829,580,11955,90.39,,,,,,,,
2023-01-18,128.28,131.57,128.16,130.26,128.84,8855,49566,1.079,1.0836,1.0768,1.0828,716,8538,89.74,,,,,,,,
2023-01-19,128.54,128.85,127.77,128.18,128.4,4675,33105,1.0798,1.081,1.0782,1.0808,763,9414,90.1,,,,,,,,
2023-01-20,128.37,129.3,128.35,128.89,128.65,5131,60022,1.0834,1.0846,1.0824,1.0841,396,7401,89.25,,,,,,,,
2023-01-23,129.39,130.32,129.05,130.13,129.29,3304,44917,1.0865,1.0925,1.0863,1.0915,801,6176,88.5,,,,,,,,
2023-01-24,130.58,130.73,129.74,129.86,130.36,3643,35192,1.0872,1.0894,1.087,1.089,492,4570,88.82,,,,,,,,
2023-01-25,130.22,130.58,130.04,130.44,130.35,5012,51165,1.089,1.091,1.0881,1.0881,551,8837,89.11,,,,,,,,
2023-01-26,129.25,129.74,129.02,129.48,129.19,4578,51933,1.0921,1.0929,1.0907,1.092,697,7544,88.73,,,,,,,,
2023-01-27,129.81,130.26,129.5,129.95,130,4233,48778,1.0894,1.09,1.0866,1.0874,956,4517,89.01,,,,,,,,
2023-01-30,129.85,130.28,129.2,129.6,130.06,4847,39673,1.0872,1.0878,1.0854,1.0865,485,4989,88.51,,,,,,,,
2023-01-31,130.48,130.52,130.06,130.15,130.41,5693,62224,1.085,1.0859,1.0832,1.0845,947,6707,88.72,,,,,,,,
2023-02-01,130.12,130.41,129.85,130.18,129.87,5121,57113,1.0861,1.088,1.0854,1.0881,509,13625,89.06,,,,,,,,
2023-02-02,128.61,128.9,128.18,128.66,128.4,4796,41703,1.1013,1.1032,1.0989,1.0994,1303,4120,89.34,,,,,,,,
2023-02-03,128.77,128.82,128.44,128.61,128.68,5452,35098,1.0905,1.0912,1.0884,1.09,815,4379,88.43,,,,,,,,
2023-02-06,132.07,132.4,131.51,131.79,132.35,4603,36504,1.0789,1.0798,1.0782,1.0782,764,2586,87.8,,,,,,,,
2023-02-07,132.61,132.7,132,132.16,132.54,4773,40213,1.0729,1.0742,1.0725,1.0725,1001,5644,88.74,,,,,,,,
2023-02-08,131.06,131.38,130.73,130.89,130.89,4670,41732,1.0731,1.0759,1.0725,1.0759,903,6844,88.58,,,,,,,,
2023-02-09,131.39,131.83,130.75,131.15,131.55,5221,51484,1.0716,1.0741,1.071,1.0734,665,7728,88.4,,,,,,,,
2023-02-10,131.53,131.89,130.25,130.45,131.62,7606,34421,1.0739,1.0743,1.0718,1.0742,991,4063,88.85,,,,,,,,
2023-02-13,131.56,132.3,131.39,132.13,131.7,4304,39881,1.0678,1.0688,1.0657,1.0683,933,4176,88.13,,,,,,,,
2023-02-14,132.35,132.45,131.79,132.08,132.28,5115,44002,1.0731,1.0745,1.0722,1.0733,677,5564,87.65,,,,,,,,
2023-02-15,132.98,133.44,132.55,133.33,132.73,5589,74985,1.0736,1.0743,1.07,1.071,858,7340,87.4,,,,,,,,
2023-02-16,133.91,134.16,133.65,133.78,134.05,5006,37033,1.0692,1.0713,1.0684,1.0709,930,2480,87.62,,,,,,,,
2023-02-17,134.07,134.89,133.96,134.8,134.3,5798,25087,1.0666,1.0674,1.063,1.0644,1273,2347,87.55,,,,,,,,
2023-02-20,134.31,134.53,133.94,134.05,134.42,2586,15837,1.0684,1.0703,1.0674,1.07,616,3797,87.41,,,,,,,,
2023-02-21,134.35,134.7,134.15,134.58,134.25,3678,34071,1.0682,1.0686,1.0661,1.067,740,4996,87.19,,,,,,,,
2023-02-22,135,135.06,134.56,134.73,134.8,4543,38444,1.0651,1.0663,1.0646,1.0654,556,4056,87.45,,,,,,,,
2023-02-24,134.63,134.92,134.05,134.84,134.1,6279,65760,1.0598,1.0614,1.0588,1.059,652,2827,86.95,,,,,,,,
2023-02-27,136.43,136.56,136,136.18,136.15,4123,38524,1.0554,1.056,1.0534,1.0548,650,4007,86.96,,,,,,,,
2023-02-28,136.33,136.82,136.12,136.76,136.29,5365,54570,1.061,1.0614,1.0583,1.0595,735,7768,87.03,,,,,,,,
2023-03-01,136.36,136.47,135.9,135.93,136.36,4579,46396,1.0577,1.0645,1.0567,1.0641,750,4852,86.4,,,,,,,,
2023-03-02,136.19,136.87,136.03,136.79,136.5,5341,45261,1.0669,1.0671,1.0634,1.0637,1067,4177,86.45,,,,,,,,
2023-03-03,136.72,136.76,136.35,136.42,136.6,4430,57663,1.0599,1.0623,1.0597,1.0611,851,3464,86.78,,,,,,,,
2023-03-06,136.02,136.05,135.38,135.69,135.86,4183,46377,1.0626,1.0652,1.0623,1.0648,693,5124,86.8,,,,,,,,
2023-03-07,136,136.17,135.68,135.75,136.09,3622,53755,1.0685,1.0694,1.0676,1.0686,824,6036,86.64,,,,,,,,
2023-03-08,137.39,137.9,137.13,137.48,137.33,5570,52099,1.0549,1.0551,1.0527,1.0543,1356,5451,86.54,,,,,,,,
2023-03-09,137.22,137.32,136.59,136.84,137.02,4526,58632,1.0549,1.0558,1.0539,1.0557,1092,7496,87.3,,,,,,,,
2023-03-10,136.38,136.98,135.82,136.42,135.91,6461,90979,1.0586,1.0606,1.0583,1.0595,877,6827,87.62,,,,,,,,
2023-03-13,134.97,135.02,133.55,134.51,134.33,4507,53300,1.0682,1.0735,1.0665,1.0726,821,7270,88.17,,,,,,,,
2023-03-14,133.09,134.03,133.03,133.55,133.05,6472,42204,1.0724,1.0728,1.0679,1.0689,740,5766,87.63,,,,,,,,
2023-03-15,134.44,135.04,134.03,134.88,134.57,6466,40702,1.0728,1.076,1.0726,1.0738,614,2159,88.73,,,,,,,,
2023-03-16,132.91,133.49,132.5,133.12,132.55,4487,54464,1.0581,1.0626,1.0577,1.0626,380,5553,88.32,,,,,,,,
2023-03-17,133.37,133.61,132.75,133.02,133.48,6380,44532,1.0614,1.0669,1.0613,1.0662,538,6823,89.4,,,,,,,,
2023-03-20,132.28,132.65,130.74,131.06,132.6,6191,57035,1.0681,1.0689,1.0644,1.0656,574,10503,89.58,,,,,,,,
2023-03-22,132.4,132.78,132.27,132.6,132.44,4452,52754,1.0773,1.0774,1.076,1.0766,272,8317,89.2,,,,,,,,
2023-03-23,131.17,131.48,130.42,130.91,130.85,6608,38542,1.087,1.093,1.086,1.0907,1287,2844,89.19,,,,,,,,
2023-03-24,130.88,130.93,130.06,130.26,130.6,6713,74504,1.0835,1.0836,1.0819,1.0828,788,3137,89.69,,,,,,,,
2023-03-27,130.85,131.36,130.5,130.93,130.65,5568,42042,1.0777,1.078,1.0746,1.0751,808,2037,89.14,,,,,,,,
2023-03-28,131.23,131.54,130.51,131.16,130.65,8006,49420,1.0807,1.0832,1.08,1.0821,1206,3785,89.43,,,,,,,,
2023-03-29,131.05,132.04,130.77,131.98,131.27,5558,43797,1.084,1.0849,1.0822,1.0838,1458,5723,88.21,,,,,,,,
2023-03-30,132.55,132.81,132.2,132.41,132.52,4978,40357,1.0843,1.0855,1.0828,1.0855,788,6101,88.05,,,,,,,,
2023-03-31,133.19,133.51,132.6,133.13,133.48,13459,49187,1.0905,1.0921,1.0881,1.0886,1933,12242,88.1,,,,,,,,
2023-04-03,133.36,133.75,132.83,133.54,133.04,3538,43366,1.0803,1.084,1.0789,1.0839,478,10344,88.29,,,,,,,,
2023-04-04,132.32,132.97,132.17,132.61,132.57,4822,46203,1.0908,1.0938,1.0885,1.0925,742,7607,88.67,,,,,,,,
2023-04-05,131.44,131.84,131.32,131.41,131.52,4114,67616,1.0958,1.0969,1.0948,1.095,458,5931,89.06,,,,,,,,
2023-04-06,130.93,131.49,130.79,131.37,131.1,4472,55120,1.0903,1.0915,1.0886,1.0907,462,2840,88.75,,,,,,,,
2023-04-07,131.68,131.94,131.57,131.89,131.73,2764,31528,1.092,1.0922,1.0912,1.0915,352,0,88.49,,,,,,,,
2023-04-10,132.09,132.79,131.84,132.07,132.6,4191,39392,1.0914,1.0912,1.0892,1.0918,420,1089,87.77,,,,,,,,
2023-04-11,133.47,133.68,133.05,133.15,133.42,4570,47771,1.0869,1.0904,1.0862,1.0896,499,7596,87.63,,,,,,,,
2023-04-12,133.6,134.04,133.55,133.85,133.75,5439,55510,1.0917,1.0936,1.0915,1.0927,1160,6063,87.76,,,,,,,,
2023-04-13,133.09,133.37,132.95,133.03,133.22,4107,59477,1.0997,1.101,1.0979,1.1,1286,8206,87.83,,,,,,,,
2023-04-14,132.5,132.64,132.19,132.22,132.47,4112,55875,1.1052,1.1073,1.1048,1.1066,1015,5583,87.21,,,,,,,,
2023-04-17,133.99,134.22,133.72,134.05,133.85,3062,44153,1.0985,1.0999,1.0961,1.0992,569,6078,87.06,,,,,,,,
2023-04-18,134.45,134.71,134.21,134.23,134.42,3888,48335,1.0925,1.0969,1.0922,1.097,777,6795,87.18,,,,,,,,
2023-04-19,134.04,134.8,133.97,134.74,134.1,4719,54723,1.0976,1.0983,1.0949,1.0963,524,7439,86.97,,,,,,,,
2023-04-20,134.71,134.97,134.4,134.61,134.82,3976,48651,1.0952,1.0972,1.095,1.096,742,8000,87.12,,,,,,,,
2023-04-21,134,134.32,133.71,133.93,134.24,4005,52027,1.0967,1.0974,1.094,1.0956,613,8658,87.28,,,,,,,,
2023-04-24,133.96,134.47,133.9,134.23,134.08,3135,47869,1.0992,1.0996,1.0969,1.0987,848,8500,87.15,,,,,,,,
2023-04-25,134.09,134.46,133.95,134.16,134.29,4529,61711,1.1058,1.1068,1.1026,1.1033,1077,7929,87.82,,,,,,,,
2023-04-26,133.71,133.9,133.41,133.46,133.74,4573,59580,1.0978,1.1026,1.097,1.102,1678,6032,87.73,,,,,,,,
2023-04-27,133.45,133.85,133.4,133.79,133.67,3843,64976,1.1046,1.1061,1.1038,1.105,723,8666,87.48,,,,,,,,
2023-04-28,133.81,135.85,133.4,135.73,134.05,9438,42815,1.1032,1.104,1.0995,1.1008,908,14272,85.95,,,,,,,,
2023-05-01,136.39,136.98,136.2,136.73,136.69,2676,22915,1.1011,1.1012,1.0997,1.1003,386,3517,85.31,,,,,,,,
2023-05-02,137.53,137.78,137.3,137.6,137.52,4556,38891,1.0969,1.1005,1.097,1.0986,816,5136,85.88,,,,,,,,
2023-05-08,135.19,135.3,134.66,135.03,135.07,3640,66153,1.1018,1.1049,1.1018,1.105,418,8796,86.51,,,,,,,,
2023-05-09,135.09,135.32,134.74,134.81,135.28,3259,45269,1.0996,1.1003,1.0976,1.0977,567,6662,86.56,,,,,,,,
2023-05-10,135.29,135.46,135.08,135.24,135.15,4141,39440,1.0965,1.0982,1.096,1.0965,776,4089,87.09,,,,,,,,
2023-05-11,134.1,134.6,133.9,134.55,134.1,3943,56318,1.0983,1.0998,1.0925,1.093,792,3962,87.32,,,,,,,,
2023-05-12,134.48,134.9,134.41,134.86,134.55,3945,62236,1.0913,1.0935,1.0908,1.0907,1028,5096,86.82,,,,,,,,
2023-05-15,135.82,136.27,135.72,135.96,136,3191,64046,1.0854,1.0875,1.0848,1.0874,399,8590,86.42,,,,,,,,
2023-05-16,136.04,136.1,135.75,135.8,135.95,3261,49673,1.0874,1.0891,1.0865,1.0889,656,3483,86.48,,,,,,,,
2023-05-17,136.43,136.99,136.31,136.99,136.43,4512,46958,1.0866,1.0873,1.0833,1.0832,788,5875,85.82,,,,,,,,
2023-05-18,137.61,137.88,137.3,137.82,137.53,4722,47210,1.0838,1.0848,1.081,1.0817,860,6210,85.55,,,,,,,,
2023-05-19,138.62,138.68,137.97,138.12,138.35,4227,50773,1.0776,1.079,1.0761,1.0777,993,2464,85.78,,,,,,,,
2023-05-22,137.7,138.03,137.5,137.84,137.65,2862,50362,1.0822,1.0829,1.0796,1.0806,935,7097,85.43,,,,,,,,
2023-05-23,138.67,138.87,138.33,138.37,138.78,4850,54757,1.0811,1.082,1.0785,1.0803,611,3634,85.68,,,,,,,,
2023-05-24,138.61,138.73,138.24,138.65,138.4,4271,49951,1.077,1.0788,1.0768,1.0784,802,9475,85.25,,,,,,,,
2023-05-25,139.31,139.7,138.85,139.4,139.42,5235,58876,1.0756,1.0755,1.0716,1.0722,707,5425,85.14,,,,,,,,
2023-05-26,140.02,140.1,139.5,139.54,139.8,4362,53131,1.0724,1.0741,1.0721,1.0741,491,8081,84.67,,,,,,,,
2023-05-29,140.89,140.91,140.23,140.45,140.75,2871,36786,1.0722,1.0742,1.0717,1.0729,551,9159,84.81,,,,,,,,
2023-05-30,140.47,140.92,139.97,140.26,140.22,5508,64697,1.0707,1.0725,1.0673,1.0691,1672,6094,85.22,,,,,,,,
2023-05-31,139.79,139.91,139.34,139.75,139.8,5167,51773,1.0732,1.0736,1.0672,1.0673,1053,9325,85.73,,,,,,,,
2023-06-01,139.14,139.95,138.96,139.92,139.45,3343,55292,1.0694,1.0695,1.0662,1.0671,971,9281,85.8,,,,,,,,
2023-06-02,138.74,139.08,138.6,139.01,138.75,4609,36834,1.0761,1.0775,1.0759,1.0762,439,3004,85.16,,,,,,,,
2023-06-05,140.21,140.44,139.99,140.41,140.14,3964,34720,1.0698,1.0706,1.0685,1.069,481,5547,85.35,,,,,,,,
2023-06-06,139.42,139.66,139.1,139.31,139.54,4763,30272,1.0711,1.0733,1.0708,1.0715,371,2899,85.41,,,,,,,,
2023-06-07,139.53,139.62,139.14,139.44,139.45,3876,32592,1.0699,1.0704,1.067,1.0685,485,5708,85.25,,,,,,,,
2023-06-08,139.89,140.2,139.67,139.73,139.87,4547,53318,1.0708,1.0719,1.0697,1.0713,787,3235,85.64,,,,,,,,
2023-06-09,138.89,139.6,138.78,139.56,139.06,3931,60594,1.0783,1.0786,1.0768,1.0776,576,4689,85.42,,,,,,,,
2023-06-12,139.37,139.63,139.28,139.51,139.37,3534,29391,1.0751,1.0771,1.0734,1.077,542,5162,85.39,,,,,,,,
2023-06-13,139.46,139.67,139.34,139.49,139.65,4247,34557,1.0762,1.0807,1.076,1.08,797,5156,84.95,,,,,,,,
2023-06-14,140.15,140.26,139.9,139.99,140.03,3480,33109,1.079,1.0795,1.0776,1.0789,562,4661,84.95,,,,,,,,
2023-06-15,139.96,141.5,139.95,141.29,140.28,6645,50670,1.0844,1.0844,1.0806,1.0827,1429,4225,84.42,,,,,,,,
2023-06-16,140.27,141.4,139.85,141.15,140.09,4556,26606,1.0946,1.096,1.0935,1.0942,875,3402,83.56,,,,,,,,
2023-06-19,141.86,141.97,141.45,141.85,141.94,2936,36691,1.0941,1.0946,1.0927,1.093,535,2928,83.72,,,,,,,,
2023-06-20,141.9,142.26,141.59,141.78,142.18,4566,53870,1.0924,1.0945,1.0911,1.0944,873,3495,84.18,,,,,,,,
2023-06-21,141.34,142.12,141.29,142.09,141.6,4974,45249,1.092,1.0921,1.0907,1.0913,730,4572,83.8,,,,,,,,
2023-06-22,141.68,141.95,141.61,141.79,141.88,4594,40672,1.0992,1.1,1.0981,1.0995,590,4331,83.24,,,,,,,,
2023-06-23,143.03,143.44,142.77,142.89,143.08,5354,42915,1.0956,1.096,1.0856,1.087,1004,1224,83.1,,,,,,,,
2023-06-26,143.54,143.72,142.95,143.19,143.43,3318,48059,1.0907,1.091,1.0898,1.0903,1173,2546,83.45,,,,,,,,
2023-06-27,143.48,143.65,143.29,143.52,143.44,4806,45508,1.091,1.094,1.0901,1.0939,935,4602,82.94,,,,,,,,
2023-06-28,143.88,144.2,143.73,144.08,143.91,3834,51281,1.0957,1.096,1.0937,1.0953,900,4381,82.98,,,,,,,,
2023-06-29,144.4,144.7,144.15,144.32,144.25,4380,31908,1.0916,1.092,1.0881,1.0916,1439,2988,82.99,,,,,,,,
2023-06-30,144.8,145.07,144.45,144.85,144.88,8360,43294,1.0868,1.0875,1.0854,1.0856,935,4891,83.15,,,,,,,,
2023-07-03,144.4,144.85,144.23,144.84,144.46,3728,23509,1.0908,1.0917,1.0871,1.0875,523,1199,82.85,,,,,,,,
2023-07-04,144.6,144.69,144.33,144.5,144.5,3005,25057,1.0913,1.0916,1.0894,1.0903,479,4186,82.82,,,,,,,,
2023-07-05,144.41,144.73,144.35,144.45,144.5,3529,44619,1.0883,1.0908,1.0869,1.0887,1041,4636,82.99,,,,,,,,
2023-07-06,144.5,144.62,143.57,143.92,144.35,5466,51637,1.0856,1.0873,1.0835,1.0856,989,4686,83.4,,,,,,,,
2023-07-07,143.97,144.2,143.14,143.23,144.1,4695,34945,1.089,1.09,1.0875,1.0876,1355,5836,84.18,,,,,,,,
2023-07-10,142.21,143,142.15,142.3,142.5,5110,31890,1.0968,1.0969,1.0948,1.0956,974,1412,84.65,,,,,,,,
2023-07-11,141.32,141.45,140.43,140.54,141.42,5929,30458,1.1006,1.1025,1.1001,1.1008,628,2464,84.99,,,,,,,,
2023-07-12,140.11,140.33,139.32,139.56,139.83,6591,49850,1.1014,1.1035,1.1008,1.1026,522,8588,85.52,,,,,,,,
2023-07-13,138.31,138.82,138.07,138.37,138.55,6220,33619,1.1141,1.1155,1.1135,1.1155,844,3058,85.38,,,,,,,,
2023-07-14,138.03,138.45,137.27,138.23,137.5,6371,37555,1.1224,1.1243,1.1207,1.1222,818,5141,84.91,,,,,,,,
2023-07-18,138.71,138.91,138.19,138.23,138.8,3382,33309,1.1237,1.1275,1.1236,1.1254,758,3519,85.04,,,,,,,,
2023-07-19,139.03,139.68,138.78,139.51,138.99,4001,27723,1.1228,1.1237,1.1197,1.1228,621,4263,84.79,,,,,,,,
2023-07-20,139.61,139.7,139.12,139.63,139.6,4341,45283,1.1205,1.1228,1.1199,1.1206,816,2249,84.55,,,,,,,,
2023-07-21,139.83,141.39,139.75,141.37,140,6284,29774,1.1134,1.1145,1.1129,1.1128,460,4427,83.73,,,,,,,,
2023-07-24,141.73,141.8,141.24,141.43,141.78,4193,31595,1.1125,1.1142,1.1076,1.1082,519,2922,83.93,,,,,,,,
2023-07-25,141.54,141.61,141.21,141.39,141.53,4351,40930,1.1064,1.1087,1.1057,1.1071,1253,3276,83.99,,,,,,,,
2023-07-26,140.91,141.18,140.61,140.65,141.05,3120,37608,1.1051,1.1075,1.1039,1.107,909,6564,84.29,,,,,,,,
2023-07-27,140.38,140.48,139.39,139.99,140.3,4790,42554,1.1079,1.1132,1.1078,1.1129,1653,5534,85.15,,,,,,,,
2023-07-28,138.89,141.2,138.06,139.77,139.43,7851,34197,1.0979,1.099,1.0946,1.0953,1235,3788,84,,,,,,,,
2023-07-31,140.75,142.22,140.7,142.18,140.92,7089,37242,1.1024,1.1027,1.1007,1.102,834,6224,83.34,,,,,,,,
2023-08-01,142.32,142.83,142.23,142.72,142.75,4008,40780,1.0998,1.1002,1.0973,1.098,1031,5982,83.05,,,,,,,,
2023-08-02,142.96,143.35,142.55,142.64,143.16,4910,33339,1.1007,1.1018,1.098,1.0991,900,5765,83.36,,,,,,,,
2023-08-03,143.34,143.89,142.87,142.9,143.26,5925,30843,1.0944,1.0948,1.0917,1.0919,771,5166,83.77,,,,,,,,
2023-08-04,142.58,142.89,142.33,142.64,142.55,6214,34628,1.0952,1.0963,1.0945,1.0948,727,3300,84.17,,,,,,,,
2023-08-07,141.87,142.35,141.52,142.13,141.65,4600,35078,1.1003,1.1013,1.0972,1.0993,696,4479,83.88,,,,,,,,
2023-08-08,142.54,143.43,142.42,143.08,143.02,4817,47236,1.1003,1.1008,1.0976,1.0977,613,4928,83.69,,,,,,,,
2023-08-09,143.26,143.39,143,143.25,143.33,3943,44295,1.096,1.0981,1.0956,1.0985,531,3752,83.4,,,,,,,,
2023-08-10,143.71,144.13,143.64,143.81,143.83,4685,48372,1.0977,1.1017,1.0968,1.1009,567,7777,82.86,,,,,,,,
2023-08-14,144.87,145.22,144.65,144.8,145.08,2707,45845,1.0944,1.0951,1.0928,1.0952,570,5324,82.85,,,,,,,,
2023-08-15,145.44,145.85,145.32,145.81,145.54,4527,35561,1.0909,1.093,1.0901,1.0923,566,4155,83.03,,,,,,,,
2023-08-16,145.61,145.69,145.31,145.37,145.67,2640,38838,1.0904,1.0926,1.09,1.0923,480,2731,82.67,,,,,,,,
2023-08-17,146.33,146.56,146.2,146.23,146.4,5285,41400,1.0875,1.0884,1.0862,1.088,779,2239,82.89,,,,,,,,
2023-08-18,145.69,145.85,145.17,145.3,145.6,4895,56680,1.0875,1.0893,1.0865,1.0873,946,2597,83.11,,,,,,,,
2023-08-21,145.33,145.62,145.15,145.46,145.27,4534,40494,1.0875,1.0887,1.0871,1.0888,360,1405,82.58,,,,,,,,
2023-08-22,146.24,146.39,145.74,145.76,146.25,3467,51114,1.0898,1.093,1.0894,1.0926,799,2810,82.85,,,,,,,,
2023-08-23,145.78,145.83,145.35,145.39,145.7,3335,40543,1.0847,1.0867,1.0813,1.0818,861,3264,83.26,,,,,,,,
2023-08-24,144.69,145.34,144.61,145.32,144.78,3959,44834,1.0866,1.0875,1.0853,1.0857,785,3648,82.8,,,,,,,,
2023-08-25,146.05,146.26,145.88,146.06,146.1,5356,55899,1.0798,1.0807,1.0768,1.0771,938,4245,82.52,,,,,,,,
2023-08-28,146.54,146.61,146.28,146.54,146.49,2220,28229,1.0798,1.0819,1.0796,1.0809,454,2987,82.49,,,,,,,,
2023-08-29,146.47,146.55,146.31,146.46,146.48,3198,39959,1.0826,1.0838,1.081,1.0821,1154,2671,82.64,,,,,,,,
2023-08-30,145.98,146.51,145.82,146.38,146.01,3850,49235,1.087,1.0882,1.0857,1.0865,825,2765,82.42,,,,,,,,
2023-08-31,146.08,146.17,145.73,145.91,146.07,5171,54706,1.0929,1.0939,1.089,1.0893,1181,10283,82.86,,,,,,,,
2023-09-01,145.49,145.7,145.24,145.42,145.64,4807,25418,1.0843,1.086,1.083,1.0856,827,6811,82.58,,,,,,,,
2023-09-04,146.06,146.45,146.04,146.41,146.21,2911,27617,1.0776,1.0804,1.0774,1.0796,447,2414,82.51,,,,,,,,
2023-09-05,146.54,147.08,146.47,146.92,147,3986,43450,1.0792,1.0798,1.0756,1.0757,738,4512,82.19,,,,,,,,
2023-09-06,147.46,147.82,147.02,147.38,147.8,4651,42333,1.0725,1.0747,1.0715,1.0729,813,3213,82.37,,,,,,,,
2023-09-07,147.72,147.87,147.43,147.44,147.84,4402,38536,1.0724,1.0731,1.071,1.0716,554,3947,82.7,,,,,,,,
2023-09-08,147.33,147.44,146.6,147.4,146.9,4629,35006,1.0698,1.0727,1.0696,1.0708,852,4518,82.45,,,,,,,,
2023-09-11,147.13,147.27,145.92,146.2,146.92,5957,32363,1.0717,1.074,1.0712,1.0726,624,2631,82.74,,,,,,,,
2023-09-12,146.68,146.95,146.45,146.81,146.63,3804,40189,1.0748,1.0763,1.0714,1.0713,942,5631,82.5,,,,,,,,
2023-09-13,147.16,147.45,147.02,147.27,147.24,4446,50698,1.0754,1.0765,1.0731,1.0743,746,2735,82.24,,,,,,,,
2023-09-14,147.33,147.39,147.03,147.28,147.12,4463,38047,1.0734,1.0749,1.0731,1.0734,1009,4039,82.42,,,,,,,,
2023-09-15,147.46,147.8,147.34,147.76,147.5,5153,45247,1.0636,1.0666,1.0635,1.0664,897,10076,82.19,,,,,,,,
2023-09-19,147.61,147.9,147.52,147.65,147.67,3100,48151,1.0693,1.0696,1.0676,1.0694,457,2435,82.29,,,,,,,,
2023-09-20,147.76,148.16,147.7,148.14,147.8,4766,48642,1.0681,1.0693,1.0678,1.069,666,3527,82.02,,,,,,,,
2023-09-21,148.32,148.45,148.19,148.25,148.34,5041,50991,1.065,1.0659,1.062,1.0656,902,3976,82.6,,,,,,,,
2023-09-22,147.66,148.41,147.5,148.27,147.64,6737,37617,1.0661,1.0665,1.0616,1.0648,799,2791,82.11,,,,,,,,
2023-09-25,148.44,148.49,148.26,148.44,148.4,5434,48388,1.0648,1.0655,1.0633,1.0639,633,3558,82.02,,,,,,,,
2023-09-26,148.81,149.18,148.71,148.87,148.88,4671,35293,1.0592,1.0594,1.0571,1.0586,630,3020,82.08,,,,,,,,
2023-09-27,149.04,149.15,148.87,149.03,149.03,4087,45960,1.0569,1.0574,1.0555,1.0566,1379,5834,81.96,,,,,,,,
2023-09-28,149.5,149.54,149.21,149.32,149.49,4187,48595,1.0506,1.0518,1.0492,1.051,1260,5209,81.93,,,,,,,,
2023-09-29,149.34,149.5,148.53,148.77,149.44,6860,59859,1.0563,1.061,1.0558,1.0607,1142,7466,81.87,,,,,,,,
2023-10-02,149.53,149.83,149.46,149.75,149.72,3874,51233,1.0565,1.0591,1.056,1.0573,680,7515,81.89,,,,,,,,
2023-10-03,149.86,149.93,149.66,149.78,149.86,3897,52972,1.0481,1.0482,1.0461,1.0483,740,11591,82.47,,,,,,,,
2023-10-04,149.18,149.32,148.75,148.85,149.24,3614,48912,1.0469,1.0485,1.0453,1.0485,563,2215,82.3,,,,,,,,
2023-10-05,148.99,149.09,148.27,149.06,148.8,4048,39469,1.0507,1.0528,1.0503,1.0509,554,3461,82.53,,,,,,,,
2023-10-06,148.48,148.98,148.36,148.89,148.62,4374,36539,1.0547,1.0552,1.0533,1.055,807,3102,81.96,,,,,,,,
2023-10-10,148.34,149.07,148.17,148.96,148.55,3823,49351,1.058,1.0581,1.0557,1.0572,833,5906,82.14,,,,,,,,
2023-10-11,148.62,148.97,148.43,148.77,148.6,3211,56672,1.0605,1.0628,1.0595,1.06,1037,4462,81.82,,,,,,,,
2023-10-12,149.04,149.27,148.96,149.18,149.14,4425,39283,1.0624,1.0638,1.062,1.062,941,5644,81.71,,,,,,,,
2023-10-13,149.79,149.84,149.58,149.66,149.83,3700,44571,1.0536,1.0553,1.0534,1.0552,733,4436,81.89,,,,,,,,
2023-10-16,149.56,149.62,149.38,149.57,149.54,2053,41130,1.0523,1.0536,1.0516,1.0535,476,5108,81.81,,,,,,,,
2023-10-17,149.58,149.66,149.48,149.6,149.55,3039,38848,1.0555,1.056,1.0535,1.0549,983,8015,81.68,,,,,,,,
2023-10-18,149.75,149.8,149.49,149.75,149.8,3743,51119,1.0574,1.0594,1.0561,1.0579,744,7740,81.74,,,,,,,,
2023-10-19,149.77,149.88,149.67,149.81,149.76,3482,50888,1.0539,1.0545,1.0529,1.0538,644,7520,81.76,,,,,,,,
2023-10-20,149.8,149.98,149.76,149.98,149.85,3769,44105,1.0587,1.0586,1.0565,1.0571,888,7565,81.68,,,,,,,,
2023-10-23,149.87,149.95,149.78,149.91,149.93,2240,30253,1.0589,1.0597,1.0572,1.0599,620,4539,81.57,,,,,,,,
2023-10-24,149.78,149.79,149.33,149.48,149.75,3624,44433,1.0671,1.0695,1.066,1.0661,958,5902,81.58,,,,,,,,
2023-10-25,149.86,149.94,149.8,149.91,149.92,2854,41082,1.0596,1.0604,1.0581,1.0586,890,5176,81.56,,,,,,,,
2023-10-26,150.1,150.77,149.86,150.47,150.17,4101,41741,1.0566,1.0567,1.0534,1.0549,741,4379,81.48,,,,,,,,
2023-10-27,150.37,150.4,150.09,150.16,150.18,4897,42698,1.0564,1.0569,1.0553,1.0559,1089,5424,81.88,,,,,,,,
2023-10-30,149.73,149.81,149.28,149.51,149.8,2885,36561,1.0562,1.0566,1.055,1.0557,671,4836,82.01,,,,,,,,
2023-10-31,149.11,150.33,149.05,150.29,149.45,5751,52867,1.0615,1.0625,1.0592,1.0621,955,8723,80.73,,,,,,,,
2023-11-01,151.31,151.6,151.15,151.38,151.3,3104,50344,1.0578,1.0578,1.056,1.0565,754,7539,81.11,,,,,,,,
2023-11-02,150.58,150.91,150.16,150.39,150.5,3884,48751,1.0587,1.061,1.0576,1.0604,792,4236,81.15,,,,,,,,
2023-11-06,149.46,149.73,149.35,149.74,149.62,2826,41335,1.0732,1.0743,1.0723,1.0734,488,3743,80.69,,,,,,,,
2023-11-07,149.99,150.49,149.95,150.48,150.06,2759,49783,1.0718,1.0721,1.0694,1.0698,633,5374,80.68,,,,,,,,
2023-11-08,150.39,150.75,150.31,150.68,150.61,3481,46139,1.0696,1.0699,1.0678,1.0681,620,3241,80.35,,,,,,,,
2023-11-09,150.86,151.09,150.77,150.91,150.96,3776,48445,1.0712,1.0715,1.0702,1.0705,591,2873,80.34,,,,,,,,
2023-11-10,151.34,151.45,151.23,151.39,151.33,3158,53534,1.0668,1.0674,1.0658,1.0663,449,1838,80.28,,,,,,,,
2023-11-13,151.47,151.8,151.44,151.74,151.65,3313,49231,1.069,1.0695,1.0683,1.0693,372,3485,80.14,,,,,,,,
2023-11-14,151.63,151.78,151.57,151.64,151.72,3333,57023,1.0702,1.0708,1.0694,1.0707,1331,1094,80.22,,,,,,,,
2023-11-15,150.49,150.79,150.32,150.69,150.64,4448,52190,1.0878,1.0882,1.0866,1.0873,1366,1718,79.63,,,,,,,,
2023-11-16,151.22,151.43,151.13,151.38,151.25,3391,60213,1.0854,1.0853,1.0831,1.0841,863,5591,79.87,,,,,,,,
2023-11-17,150.71,150.77,150.42,150.44,150.68,4363,47930,1.0854,1.0856,1.0833,1.0838,525,3391,80.21,,,,,,,,
2023-11-20,149.96,149.99,148.7,148.92,149,4910,36585,1.0905,1.0935,1.0898,1.0917,699,4419,80.56,,,,,,,,
2023-11-21,148.39,148.41,147.25,147.52,148,6008,41317,1.0946,1.0964,1.0943,1.0954,791,3911,80.48,,,,,,,,
2023-11-22,148.14,149.05,148.03,148.96,148.2,5157,38435,1.0918,1.0923,1.0897,1.0915,746,2891,80.08,,,,,,,,
2023-11-24,149.63,149.71,149.2,149.43,149.56,3397,32803,1.0905,1.0911,1.0896,1.0908,792,4543,80.03,,,,,,,,
2023-11-27,149.58,149.67,148.78,149.03,149.48,2987,45239,1.094,1.0959,1.0929,1.0948,463,3133,80.33,,,,,,,,
2023-11-28,148.41,148.65,147.99,148.52,148.11,4053,51308,1.096,1.0963,1.0935,1.0937,1230,4255,80.73,,,,,,,,
2023-11-29,147.07,147.5,146.68,147.3,146.86,5566,58789,1.1005,1.1017,1.0982,1.0978,1107,2634,80.85,,,,,,,,
2023-11-30,147.06,147.26,146.85,147.06,146.98,6201,83518,1.0973,1.0984,1.0941,1.0952,971,8338,80.61,,,,,,,,
2023-12-01,148,148.3,147.61,148.29,147.79,3660,74026,1.0892,1.0912,1.0888,1.0895,776,11741,81.26,,,,,,,,
2023-12-04,146.37,147,146.24,146.96,146.35,3961,52741,1.0887,1.0893,1.0851,1.0854,602,7708,81.27,,,,,,,,
2023-12-05,147.29,147.35,146.75,146.84,147.2,3573,58330,1.0837,1.0847,1.0804,1.0807,764,10114,81.44,,,,,,,,
2023-12-06,147.18,147.39,146.94,146.97,147.19,5462,53685,1.0794,1.0801,1.0782,1.079,738,13774,81.44,,,,,,,,
2023-12-07,147.18,147.29,145.54,145.68,146,5818,63271,1.0767,1.078,1.0756,1.0781,471,6334,83.14,,,,,,,,
2023-12-08,144.25,144.38,142.49,144.09,144,6096,47313,1.079,1.0799,1.0776,1.078,1022,8407,82.84,,,,,,,,
2023-12-11,144.99,146.45,144.8,146.38,145.5,4707,49007,1.0766,1.0773,1.0759,1.0756,519,4633,82.26,,,,,,,,
2023-12-12,146.06,146.17,145.26,145.44,145.8,4183,62211,1.0766,1.0783,1.0762,1.0778,993,5888,82.57,,,,,,,,
2023-12-13,145.27,146,145.2,145.82,145.53,4190,48793,1.0799,1.0799,1.0782,1.0786,771,5047,83.78,,,,,,,,
2023-12-14,142.79,142.89,140.96,142.01,142.43,6468,56051,1.0883,1.0913,1.0878,1.0882,845,5137,83.75,,,,,,,,
2023-12-15,142.29,142.46,141.57,141.98,142.4,4961,49344,1.0995,1.1004,1.0978,1.0994,1094,11642,83.84,,,,,,,,
2023-12-18,142.32,142.46,142.09,142.39,142.15,3234,69941,1.0896,1.0928,1.0893,1.0922,478,3929,83.55,,,,,,,,
2023-12-19,142.67,144.25,142.25,144.17,143.51,5477,52674,1.0924,1.0939,1.0917,1.0929,516,9501,82.72,,,,,,,,
2023-12-20,143.92,144.1,143.32,143.55,143.98,4126,56166,1.0979,1.0981,1.0954,1.0967,979,7771,83.04,,,,,,,,
2023-12-21,143.53,143.55,142.81,143.26,143.36,4198,67362,1.0943,1.0955,1.0942,1.0946,1021,7248,83.7,,,,,,,,
2023-12-22,142.07,142.55,141.88,142.24,141.91,4618,39196,1.1007,1.1011,1.0996,1.1001,539,3988,83.46,,,,,,,,
2023-12-25,142.52,142.59,142.1,142.45,142.25,752,6691,1.1018,1.102,1.0993,1.1015,163,0,83.49,,,,,,,,
2023-12-26,142.24,142.4,142.09,142.33,142.2,2455,56216,1.1019,1.1028,1.1017,1.1023,345,2401,83.42,,,,,,,,
2023-12-27,142.48,142.84,142.31,142.78,142.65,2829,80729,1.1043,1.1048,1.1029,1.1041,524,5290,83.56,,,,,,,,
2023-12-28,141.44,141.7,140.72,140.81,141.65,5211,52924,1.1108,1.1126,1.1104,1.1116,885,9108,83.68,,,,,,,,
2023-12-29,141.44,141.67,141.15,141.4,141.62,4853,69844,1.1067,1.1083,1.1061,1.1066,768,17448,83.85,,,,,,,,
2024-01-04,142.98,143.86,142.88,143.38,143.32,3693,69202,1.0926,1.0943,1.0917,1.0938,490,2350,82.44,,,,,,,,
2024-01-05,144.77,145.35,144.66,145.07,144.89,5212,72559,1.0946,1.0954,1.0926,1.0924,644,8470,82.41,,,,,,,,
2024-01-09,144.22,144.28,143.43,144.07,143.92,3648,46920,1.095,1.0965,1.0949,1.0957,439,3375,82.67,,,,,,,,
2024-01-10,144.43,145.15,144.33,144.94,144.63,4000,66317,1.0932,1.0943,1.0925,1.0927,610,5466,81.91,,,,,,,,
2024-01-11,145.73,145.79,145.29,145.4,145.53,5211,59506,1.0975,1.0987,1.0973,1.098,858,8588,82.14,,,,,,,,
2024-01-12,145.1,145.4,144.85,145.15,145.23,5283,38805,1.0983,1.0985,1.0962,1.0966,664,5985,82.38,,,,,,,,
2024-01-15,145.16,145.53,144.89,145.45,145.1,2985,17107,1.0945,1.0966,1.0942,1.0955,621,2885,82,,,,,,,,
2024-01-16,145.8,146.26,145.59,146.16,145.85,5083,58254,1.0945,1.0945,1.0911,1.0918,585,3138,81.61,,,,,,,,
2024-01-17,147.24,147.96,147.1,147.88,147.39,4619,61023,1.0879,1.0882,1.0856,1.087,662,1577,81.19,,,,,,,,
2024-01-18,148.14,148.26,147.69,147.77,148.15,4871,68564,1.0887,1.0906,1.0882,1.0888,688,2346,81.16,,,,,,,,
2024-01-19,148.13,148.8,147.95,148.27,148.08,5298,58880,1.088,1.0889,1.0877,1.088,621,2968,81.08,,,,,,,,
2024-01-22,148.13,148.3,147.74,148.05,148.12,3574,55628,1.0892,1.0908,1.0892,1.0898,309,4379,81.17,,,,,,,,
2024-01-23,148.13,148.58,147,147.58,148.1,3891,48401,1.0878,1.0916,1.0877,1.0909,984,5952,81,,,,,,,,
2024-01-24,148.25,148.36,147.71,147.79,148.12,4512,60252,1.0857,1.0878,1.0853,1.0874,983,3644,81.31,,,,,,,,
2024-01-25,147.59,147.87,147.43,147.68,147.75,3811,54481,1.0881,1.089,1.0871,1.0888,504,4309,81.35,,,,,,,,
2024-01-26,147.72,147.88,147.49,147.78,147.6,4426,50461,1.0846,1.0848,1.0813,1.082,753,5772,81.09,,,,,,,,
2024-01-29,148.18,148.33,147.77,147.8,148.22,3273,46888,1.0843,1.0849,1.0836,1.0837,658,6549,81.43,,,,,,,,
2024-01-30,147.49,147.53,147.16,147.24,147.32,3770,45004,1.0835,1.0843,1.0814,1.0823,1007,4784,81.31,,,,,,,,
2024-01-31,147.34,147.9,147.2,147.66,147.5,7456,58134,1.0843,1.0847,1.0808,1.0816,851,5117,81.72,,,,,,,,
2024-02-01,147.01,147.07,146.48,146.81,146.75,3904,71558,1.0804,1.082,1.0784,1.0794,1031,4421,81.89,,,,,,,,
2024-02-02,146.47,146.63,146.25,146.63,146.39,3950,41392,1.0874,1.0886,1.0871,1.0881,1022,5659,81.09,,,,,,,,
2024-02-05,148.51,148.82,148.27,148.48,148.73,3022,37404,1.078,1.0784,1.0768,1.0781,491,5442,81.14,,,,,,,,
2024-02-06,148.66,148.67,148.37,148.52,148.64,2734,43135,1.0742,1.0762,1.0742,1.0753,626,3588,81.39,,,,,,,,
2024-02-07,147.83,148.05,147.72,147.83,147.85,3469,56746,1.0757,1.0772,1.0756,1.0773,912,2572,81.28,,,,,,,,
2024-02-08,148.09,148.8,147.94,148.72,148.02,4247,39757,1.0775,1.0788,1.0777,1.0781,977,2616,80.72,,,,,,,,
2024-02-09,149.27,149.49,149.22,149.4,149.4,4487,57507,1.0778,1.078,1.077,1.0781,530,2885,80.71,,,,,,,,
2024-02-13,149.41,149.64,149.29,149.59,149.35,3599,49389,1.0772,1.0777,1.0763,1.0772,600,2732,80.11,,,,,,,,
2024-02-14,150.73,150.78,150.36,150.45,150.63,3873,47114,1.0708,1.0716,1.0704,1.0708,472,2114,80.18,,,,,,,,
2024-02-15,150.56,150.55,150.06,150.21,150.36,4000,40674,1.0733,1.0742,1.0725,1.0734,402,2228,80.42,,,,,,,,
2024-02-16,149.95,150.35,149.84,150.24,150.15,5055,29908,1.0773,1.0771,1.0759,1.0761,471,3970,80.27,,,,,,,,
2024-02-19,150.15,150.15,149.88,149.98,149.98,2120,31975,1.0785,1.0788,1.0776,1.0783,316,970,80.36,,,,,,,,
2024-02-20,150.27,150.43,150.14,150.36,150.32,3226,48293,1.0776,1.078,1.0762,1.0771,837,1876,80.35,,,,,,,,
2024-02-21,149.97,150.15,149.86,150.15,150.05,3059,41978,1.0811,1.0817,1.0807,1.0811,905,3406,80.16,,,,,,,,
2024-02-22,150.35,150.46,150.09,150.13,150.41,4036,46597,1.082,1.0853,1.082,1.0853,939,9327,80.03,,,,,,,,
2024-02-26,150.5,150.55,150.3,150.47,150.31,3503,41405,1.0819,1.0834,1.0814,1.0833,563,3960,79.96,,,,,,,,
2024-02-27,150.55,150.7,150.33,150.36,150.55,3568,53607,1.0851,1.0861,1.0846,1.0856,442,3086,80.05,,,,,,,,
2024-02-28,150.51,150.75,150.37,150.75,150.45,3605,49608,1.0842,1.0845,1.0818,1.0824,703,8724,80.03,,,,,,,,
2024-02-29,150.64,150.68,149.63,149.68,150.6,6726,42895,1.0839,1.084,1.0827,1.0829,543,4663,80.39,,,,,,,,
2024-03-01,150.07,150.5,149.94,150.5,150.4,3775,51726,1.0806,1.0822,1.0805,1.0812,281,6247,80.28,,,,,,,,
2024-03-04,150.13,150.4,149.84,150.31,150.02,3665,32242,1.0842,1.0852,1.0839,1.0854,402,3527,80.02,,,,,,,,
2024-03-05,150.46,150.55,150.36,150.42,150.37,3190,52468,1.0854,1.0855,1.0843,1.0847,394,2742,80.28,,,,,,,,
2024-03-06,150.03,150.08,149.33,149.54,149.99,5360,36720,1.0855,1.0865,1.0844,1.0862,451,3742,80.5,,,,,,,,
2024-03-07,149.26,149.36,147.94,147.94,148.93,5089,46394,1.09,1.0906,1.0893,1.0894,1247,4879,81.05,,,,,,,,
2024-03-08,147.87,148.12,147.54,147.88,147.76,5343,55135,1.0952,1.0955,1.0932,1.0934,1452,1901,81.48,,,,,,,,
2024-03-11,146.78,147.13,146.54,146.74,146.75,4711,44818,1.0943,1.0946,1.0936,1.0942,523,2807,81.53,,,,,,,,
2024-03-12,146.74,147.59,146.63,147.34,146.85,5245,44455,1.0931,1.0938,1.0927,1.0933,664,1976,81.19,,,,,,,,
2024-03-13,147.63,147.79,147.25,147.68,147.47,4213,45159,1.0927,1.093,1.0921,1.0927,676,3305,81.13,,,,,,,,
2024-03-14,147.6,147.97,147.55,147.87,147.61,4221,37069,1.0954,1.0953,1.0934,1.0936,517,1290,81.03,,,,,,,,
2024-03-15,148.31,148.65,148.04,148.58,148.48,5779,45538,1.0884,1.0884,1.0873,1.0881,847,3739,80.73,,,,,,,,
2024-03-18,148.96,149.33,148.91,149.13,149.25,3746,32910,1.0885,1.0895,1.0883,1.0893,382,2003,80.79,,,,,,,,
2024-03-19,149.14,150.49,149,150.26,149.2,4886,53322,1.0874,1.0875,1.0855,1.0855,546,3592,79.94,,,,,,,,
2024-03-21,150.73,151.24,150.27,151.23,150.83,6897,60356,1.0937,1.0942,1.0925,1.0929,943,4963,79.58,,,,,,,,
2024-03-22,151.62,151.86,151.26,151.4,151.5,4033,41475,1.0863,1.0868,1.0823,1.0825,761,6815,80.01,,,,,,,,
2024-03-25,151.31,151.44,151.06,151.33,151.38,4635,50965,1.0808,1.0823,1.0803,1.0814,551,5499,79.84,,,,,,,,
2024-03-26,151.38,151.44,151.23,151.33,151.31,3409,57784,1.0838,1.0853,1.0837,1.0842,649,4701,79.82,,,,,,,,
2024-03-27,151.53,151.97,151.45,151.71,151.75,5662,55337,1.0833,1.0832,1.0822,1.0828,366,3385,80.04,,,,,,,,
2024-03-28,151.28,151.55,151.26,151.44,151.4,4221,57480,1.0814,1.0825,1.08,1.0801,929,4826,80.07,,,,,,,,
2024-03-29,151.45,151.5,151.18,151.34,151.25,6425,43312,1.0792,1.0793,1.0769,1.0769,750,541,80.02,,,,,,,,
2024-04-01,151.41,151.42,151.23,151.35,151.38,2538,35397,1.0793,1.0797,1.0784,1.0786,651,1270,80.06,,,,,,,,
2024-04-02,151.59,151.8,151.51,151.68,151.7,2798,53347,1.0737,1.0742,1.0725,1.0742,1199,3237,80.08,,,,,,,,
2024-04-03,151.55,151.73,151.44,151.68,151.52,5230,45749,1.0768,1.0779,1.0764,1.0771,1338,6571,79.85,,,,,,,,
2024-04-04,151.59,151.75,151.54,151.69,151.62,3037,32048,1.0838,1.0857,1.0835,1.0857,932,3133,80.07,,,,,,,,
2024-04-05,151.3,151.36,150.81,151.34,150.92,4599,38152,1.0837,1.0844,1.0825,1.0839,895,4834,79.9,,,,,,,,
2024-04-08,151.68,151.88,151.59,151.88,151.77,3455,41849,1.083,1.0842,1.0823,1.0833,950,4558,79.77,,,,,,,,
2024-04-09,151.84,151.94,151.79,151.91,151.91,3688,43667,1.0862,1.0862,1.0853,1.0854,670,3968,79.74,,,,,,,,
2024-04-10,151.78,151.84,151.69,151.85,151.75,3843,37111,1.0859,1.0859,1.0848,1.0856,870,3229,79.34,,,,,,,,
2024-04-11,152.95,153.21,152.76,153.13,152.86,3453,34303,1.0741,1.0749,1.0729,1.0744,732,2676,79.32,,,,,,,,
2024-04-12,153.2,153.38,152.96,153.25,153.01,4514,52954,1.0726,1.0729,1.0677,1.0685,1248,4473,79.61,,,,,,,,
2024-04-15,153.31,153.96,153.09,153.91,153.39,4703,45962,1.0647,1.0664,1.064,1.0658,930,2296,79.18,,,,,,,,
2024-04-16,154.22,154.6,154.14,154.4,154.36,3952,45134,1.0625,1.0627,1.0603,1.0618,892,5258,79.06,,,,,,,,
2024-04-17,154.7,154.74,154.45,154.62,154.73,3020,41302,1.0621,1.0636,1.0608,1.0626,1011,2199,79.1,,,,,,,,
2024-04-18,154.34,154.4,153.96,154.28,154.35,4612,39546,1.067,1.0689,1.0665,1.0681,747,2882,79.02,,,,,,,,
2024-04-19,154.61,154.68,153.59,154.48,154.66,4866,53593,1.0642,1.0659,1.0612,1.0656,971,4657,79.01,,,,,,,,
2024-04-22,154.63,154.76,154.51,154.66,154.74,2777,38027,1.0658,1.067,1.0653,1.0659,657,1068,78.98,,,,,,,,
2024-04-23,154.82,154.87,154.66,154.82,154.77,4072,46634,1.0654,1.0695,1.064,1.0677,711,5670,78.85,,,,,,,,
2024-04-24,154.75,154.98,154.73,154.9,154.8,3789,43884,1.0703,1.0713,1.0686,1.0688,746,2425,78.64,,,,,,,,
2024-04-25,155.27,155.74,155.21,155.63,155.41,4936,50923,1.0701,1.0727,1.07,1.0721,1049,2781,78.38,,,,,,,,
2024-04-26,155.62,156.82,155.42,156.71,155.63,6893,43348,1.0727,1.0737,1.0719,1.073,912,6195,77.13,,,,,,,,
2024-04-30,156.33,157,156.08,156.86,156.82,10004,62262,1.0715,1.0718,1.0691,1.0705,530,2242,77.49,,,,,,,,
2024-05-01,157.75,157.99,157.68,157.89,157.83,3078,41952,1.0666,1.0669,1.0652,1.0662,285,856,78.96,,,,,,,,
2024-05-02,155.71,156.28,154.14,155.5,156,22772,52912,1.0717,1.0727,1.0709,1.0716,981,6276,79.3,,,,,,,,
2024-05-07,154.25,154.65,153.88,154.12,154.05,6368,42227,1.0768,1.0776,1.0756,1.0765,229,2143,78.54,,,,,,,,
2024-05-08,154.78,155.36,154.7,155.33,154.88,4577,42927,1.075,1.0754,1.0739,1.0739,555,2508,78.19,,,,,,,,
2024-05-09,155.38,155.85,155.18,155.83,155.55,4078,49772,1.0747,1.0749,1.0731,1.0735,628,3699,78.11,,,,,,,,
2024-05-10,155.4,155.78,155.27,155.69,155.58,4277,55512,1.0783,1.0784,1.0772,1.0781,975,3667,78.03,,,,,,,,
2024-05-13,155.84,155.96,155.5,155.89,155.92,3811,41713,1.0771,1.0778,1.0766,1.0776,618,6216,77.78,,,,,,,,
2024-05-14,156.24,156.54,156.19,156.46,156.38,5806,57532,1.0793,1.0792,1.0785,1.0787,793,4455,77.6,,,,,,,,
2024-05-15,156.53,156.56,155.96,156.1,156.42,5956,44467,1.0814,1.0831,1.0815,1.0826,813,5198,78.04,,,,,,,,
2024-05-16,154.3,154.78,153.6,154.42,154,6930,48667,1.0889,1.0893,1.0874,1.0875,655,3503,77.78,,,,,,,,
2024-05-17,155.4,155.92,155.35,155.82,155.47,4311,41243,1.0869,1.0867,1.0855,1.0859,688,2768,77.7,,,,,,,,
2024-05-20,155.77,155.94,155.5,155.74,155.85,4155,43839,1.0873,1.0884,1.087,1.0873,496,3798,77.48,,,,,,,,
2024-05-21,156.39,156.55,156.03,156.23,156.45,4727,33020,1.0861,1.0866,1.0851,1.0865,840,3823,77.58,,,,,,,,
2024-05-22,156.28,156.46,156.15,156.41,156.27,2551,48906,1.0855,1.0863,1.0851,1.0858,362,2765,77.37,,,,,,,,
2024-05-23,156.74,156.9,156.57,156.77,156.8,2712,48675,1.0825,1.0835,1.0813,1.0829,935,2939,77.37,,,,,,,,
2024-05-24,157,157.15,156.92,157.05,157.07,3487,25357,1.0812,1.0825,1.0806,1.0825,460,1616,77.26,,,,,,,,
2024-05-27,156.86,156.97,156.67,156.92,156.73,3501,38524,1.0847,1.0851,1.0846,1.0851,391,6047,77.25,,,,,,,,
2024-05-28,156.84,156.95,156.63,156.89,156.8,3481,42333,1.0862,1.088,1.0859,1.0878,1145,5219,77.11,,,,,,,,
2024-05-29,157.27,157.41,156.94,157.13,157.38,3146,53349,1.0852,1.0856,1.0844,1.0852,864,4803,77.11,,,,,,,,
2024-05-30,157.63,157.66,156.55,156.97,156.71,5183,39896,1.0801,1.0811,1.0789,1.0809,1113,7314,77.44,,,,,,,,
2024-05-31,156.99,157.17,156.58,157.15,156.65,4294,52443,1.0832,1.0833,1.0812,1.0823,765,7630,77.24,,,,,,,,
2024-06-03,157.19,157.48,157,157.12,157.15,3110,42697,1.0853,1.0858,1.0838,1.084,601,10219,77.66,,,,,,,,
2024-06-04,156.1,156.48,155.36,155.39,156.4,4800,43578,1.0908,1.0916,1.0888,1.089,617,9064,78.35,,,,,,,,
2024-06-05,155.11,156.19,154.81,156.15,155.25,4746,41016,1.0882,1.0886,1.0873,1.0872,542,7035,77.74,,,,,,,,
2024-06-06,155.91,156.3,155.36,156.28,155.9,4482,46256,1.0874,1.0895,1.0873,1.0878,591,5269,77.9,,,,,,,,
2024-06-07,155.68,155.94,155.13,155.42,155.7,3858,48113,1.0892,1.0898,1.0887,1.0893,901,8420,77.61,,,,,,,,
2024-06-10,156.83,157.19,156.72,157,156.95,3130,41418,1.0779,1.0781,1.0748,1.0765,980,2921,77.48,,,,,,,,
2024-06-11,157.04,157.36,156.96,157.35,157.25,3973,49863,1.0764,1.0772,1.0762,1.0764,1068,4888,77.54,,,,,,,,
2024-06-12,157.11,157.35,157.05,157.27,157.17,4193,46482,1.074,1.0746,1.0735,1.0745,677,1843,77.51,,,,,,,,
2024-06-13,156.8,157.3,156.59,157.27,156.8,5758,37269,1.0813,1.0815,1.0801,1.0815,878,1780,77.52,,,,,,,,
2024-06-14,157.12,158.25,156.8,157.67,157.23,6757,46841,1.0738,1.0744,1.0708,1.0708,1001,4796,77.47,,,,,,,,
2024-06-17,157.56,157.65,157.16,157.56,157.44,3110,46106,1.0703,1.0707,1.0686,1.0701,943,4862,77.25,,,,,,,,
2024-06-18,157.7,158.15,157.52,158.14,157.68,3724,27522,1.074,1.074,1.072,1.0723,835,1355,77.09,,,,,,,,
2024-06-19,157.88,157.93,157.62,157.75,157.84,2250,27151,1.0739,1.0741,1.0728,1.0737,427,3072,76.96,,,,,,,,
2024-06-20,157.97,158.3,157.94,158.28,158.03,3532,62814,1.0747,1.0749,1.0724,1.0725,1017,4942,76.73,,,,,,,,
2024-06-21,158.94,159.12,158.67,158.78,159,4521,41678,1.0706,1.072,1.0672,1.0679,764,2104,76.33,,,,,,,,
2024-06-24,159.9,159.94,159.62,159.69,159.81,4109,43526,1.0688,1.0714,1.0684,1.0713,478,3212,76.31,,,,,,,,
2024-06-25,159.7,159.7,159.2,159.49,159.5,4970,49630,1.0733,1.0744,1.0723,1.0727,544,1946,76.36,,,,,,,,
2024-06-26,159.71,159.93,159.63,159.9,159.72,4557,52646,1.0709,1.0717,1.0686,1.0694,711,5945,75.99,,,,,,,,
2024-06-27,160.64,160.73,160.31,160.55,160.67,3505,42010,1.068,1.0699,1.0677,1.069,564,2039,75.96,,,,,,,,
2024-06-28,160.7,161.28,160.64,160.93,160.95,7877,43298,1.0708,1.071,1.0686,1.0697,571,4204,75.82,,,,,,,,
2024-07-01,160.93,161.19,160.75,161.02,161.17,3229,37482,1.0736,1.0776,1.0733,1.0755,1014,4929,75.59,,,,,,,,
2024-07-02,161.51,161.74,161.42,161.65,161.64,5709,38793,1.0737,1.0738,1.0713,1.0718,546,8311,75.64,,,,,,,,
2024-07-03,161.5,161.94,161.42,161.77,161.53,5552,18533,1.0749,1.0761,1.0738,1.076,490,537,75.41,,,,,,,,
2024-07-04,161.59,161.66,161.14,161.28,161.45,4599,29886,1.0791,1.0795,1.0785,1.0795,329,4792,75.49,,,,,,,,
2024-07-05,161.36,161.39,160.53,160.77,161.05,4528,36420,1.0811,1.0829,1.0812,1.0829,278,2986,75.63,,,,,,,,
2024-07-08,160.65,160.95,160.27,160.91,160.72,4351,47598,1.0826,1.0835,1.0816,1.0838,860,3733,75.64,,,,,,,,
2024-07-09,160.86,161.13,160.74,160.92,161,5637,43753,1.0831,1.0832,1.0816,1.0818,451,4773,75.44,,,,,,,,
2024-07-10,161.33,161.59,161.27,161.5,161.49,4638,39896,1.0815,1.0823,1.0812,1.0817,396,3106,75.25,,,,,,,,
2024-07-11,161.58,161.76,161.48,161.63,161.6,28959,34368,1.0834,1.084,1.0832,1.084,993,2643,76.36,,,,,,,,
2024-07-12,158.27,159.45,157.75,159.22,158.2,28293,44671,1.0874,1.0874,1.0864,1.0876,476,4456,76.76,,,,,,,,
2024-07-16,158.16,158.79,158.08,158.5,158.38,5091,32917,1.0898,1.0898,1.0884,1.09,539,3664,76.65,,,,,,,,
2024-07-17,158.36,158.62,157,157.08,158.51,5889,44760,1.0903,1.0913,1.0896,1.0909,646,2045,77.58,,,,,,,,
2024-07-18,155.68,156.57,155.38,156.25,155.75,4848,38271,1.0941,1.094,1.0927,1.0932,540,6447,77.14,,,,,,,,
2024-07-19,157.19,157.84,156.96,157.32,157.38,4561,32035,1.0901,1.0901,1.0884,1.0888,587,3782,77.21,,,,,,,,
2024-07-22,157.41,157.61,156.3,156.82,157.45,4525,47103,1.09,1.09,1.088,1.0888,575,6252,77.44,,,,,,,,
2024-07-23,156.91,157.09,155.94,156.04,156.72,5198,51312,1.0889,1.0895,1.0876,1.0877,810,3950,78.22,,,,,,,,
2024-07-24,155.77,155.98,154.37,154.59,155.85,6165,49955,1.085,1.0853,1.0828,1.0831,853,6238,79.03,,,,,,,,
2024-07-25,153.93,153.96,152.06,152.2,153.25,6365,47892,1.0838,1.0848,1.0829,1.085,1002,6988,78.95,,,,,,,,
2024-07-26,153.71,154.17,153.44,153.92,153.99,5028,51261,1.0852,1.086,1.0847,1.0849,483,2603,79.01,,,,,,,,
2024-07-29,154.16,154.35,153.04,153.62,153.78,6034,37326,1.0853,1.087,1.0845,1.0845,585,8050,79,,,,,,,,
2024-07-30,153.83,155.21,153.63,154.9,154.04,4598,48498,1.0819,1.0825,1.0816,1.0819,782,8104,79.57,,,,,,,,
2024-07-31,152.65,153.86,150.61,150.91,152.4,8926,63391,1.0816,1.083,1.0815,1.0818,428,5886,80.82,,,,,,,,
2024-08-01,149.79,150.32,148.51,149.86,149.55,7240,42004,1.0824,1.0835,1.0806,1.0802,615,7825,81.29,,,,,,,,
2024-08-02,149.2,149.77,148.64,149.22,149.42,8582,55197,1.0787,1.0808,1.0784,1.0805,598,3815,82.23,,,,,,,,
2024-08-05,145.59,146.55,141.69,143.5,145.65,7468,46607,1.0911,1.0966,1.0899,1.0949,378,3575,83.36,,,,,,,,
2024-08-06,145.81,146.38,143.64,145.3,145.02,6270,45200,1.095,1.0962,1.0924,1.0927,385,3561,83.47,,,,,,,,
2024-08-07,144.76,147.9,144.33,146.7,144.75,5260,39284,1.0926,1.093,1.0909,1.0923,280,7016,82.25,,,,,,,,
2024-08-08,146.29,146.88,145.43,145.86,146.05,5178,51896,1.0928,1.0942,1.0926,1.094,350,3008,81.8,,,,,,,,
2024-08-09,147.7,147.8,146.72,147.21,147.54,4645,42241,1.0915,1.0927,1.0912,1.0922,377,3791,82.06,,,,,,,,
2024-08-13,147.04,147.92,146.93,147.84,147.28,3879,41424,1.0936,1.094,1.0928,1.093,516,2660,81.71,,,,,,,,
2024-08-14,146.96,147.43,146.07,147.41,147.05,5597,56304,1.0996,1.1005,1.0989,1.1006,439,1333,81.3,,,,,,,,
2024-08-15,147.28,147.61,147.06,147.22,147.28,4416,48287,1.1012,1.1014,1.1004,1.1014,648,1268,80.49,,,,,,,,
2024-08-16,149.24,149.27,148.75,149.04,148.95,4545,30747,1.0973,1.0986,1.0972,1.0986,415,4226,81.1,,,,,,,,
2024-08-19,147.97,148.04,145.2,146.09,147.86,4375,32187,1.1025,1.105,1.1024,1.1043,377,1082,81.29,,,,,,,,
2024-08-20,146.72,147.33,145.86,146.56,146.4,4966,40711,1.1085,1.1087,1.1073,1.1087,500,4842,81.87,,,,,,,,
2024-08-21,145.33,146.22,144.94,146.15,145,5168,36955,1.1128,1.1132,1.1114,1.1115,442,4199,81.9,,,,,,,,
2024-08-22,145.13,145.64,144.88,145.27,145.35,3985,49955,1.1155,1.1163,1.1129,1.1137,542,4960,81.53,,,,,,,,
2024-08-23,146.22,146.33,145.3,145.82,146.12,3570,41139,1.1116,1.113,1.1113,1.112,453,3818,82.15,,,,,,,,
2024-08-26,143.94,144.33,143.45,143.91,143.5,4896,38524,1.119,1.12,1.1178,1.1181,309,3221,82.12,,,,,,,,
2024-08-27,144.51,145.17,144.25,144.99,144.71,4626,44236,1.1165,1.1172,1.1159,1.1164,598,1866,82.4,,,,,,,,
2024-08-28,143.96,144.61,143.69,144.57,144.22,4831,50312,1.1177,1.1184,1.1136,1.1157,715,6073,82.21,,,,,,,,
2024-08-29,144.45,144.86,144.22,144.72,144.43,4200,48846,1.1125,1.1137,1.1118,1.1129,875,4627,81.88,,,,,,,,
2024-08-30,144.9,145.08,144.65,144.94,144.76,5790,32311,1.1081,1.1088,1.107,1.1084,609,2106,81.28,,,,,,,,
2024-09-02,146.41,146.6,145.78,146.48,146.2,3444,30311,1.1045,1.1068,1.1044,1.1067,571,1548,80.98,,,,,,,,
2024-09-03,146.76,147.2,145.89,145.95,147.1,4933,47173,1.1067,1.107,1.1052,1.1056,860,2020,81.88,,,,,,,,
2024-09-04,145.39,145.55,144.76,145,145.25,6621,66907,1.1048,1.1061,1.1045,1.1056,479,4002,82.72,,,,,,,,
2024-09-05,143.33,143.91,143.05,143.61,143.75,5478,43794,1.108,1.1085,1.1076,1.1087,550,1197,82.65,,,,,,,,
2024-09-06,143.36,143.48,142.07,142.53,142.3,5344,52738,1.1112,1.1119,1.1108,1.1117,493,513,83.45,,,,,,,,
2024-09-09,142.49,143.35,141.96,143.16,142.74,4640,45070,1.1087,1.109,1.1058,1.1059,586,567,83.18,,,,,,,,
2024-09-10,143.19,143.65,142.87,143.61,143.48,4874,62573,1.1036,1.1049,1.1029,1.1038,428,2113,83.65,,,,,,,,
2024-09-11,142.25,142.47,140.72,141.38,141,7309,37953,1.1021,1.1049,1.1018,1.1041,857,2518,83.68,,,,,,,,
2024-09-12,142.66,143.03,142.26,142.75,142.76,4908,57177,1.1011,1.1023,1.1007,1.1008,426,1499,83.82,,,,,,,,
2024-09-13,141.52,141.87,140.65,140.91,141.5,7186,51397,1.1079,1.1092,1.1075,1.1093,713,7938,84.18,,,,,,,,
2024-09-17,140.79,141.22,140.34,140.6,140.7,4114,63865,1.113,1.1136,1.1116,1.1136,866,4474,83.14,,,,,,,,
2024-09-18,142.01,142.35,141.24,141.88,141.58,4325,52956,1.1122,1.113,1.1114,1.1132,720,1770,83.12,,,,,,,,
2024-09-19,142.73,143.95,141.93,142.51,143.54,6072,64344,1.1114,1.1148,1.1073,1.1146,563,3019,82.74,,,,,,,,
2024-09-20,142.86,143.66,141.74,143.63,142.64,6507,55569,1.116,1.1181,1.1158,1.1163,669,3538,81.97,,,,,,,,
2024-09-24,143.62,144.69,143.38,144.46,143.7,4238,51207,1.1111,1.1132,1.1105,1.1127,511,3535,82.09,,,,,,,,
2024-09-25,142.96,143.93,142.91,143.9,143.27,5231,72867,1.1191,1.1199,1.1185,1.1192,961,2906,81.37,,,,,,,,
2024-09-26,144.72,145.17,144.45,145.02,144.57,6060,67653,1.113,1.1158,1.1128,1.1135,951,3957,81.02,,,,,,,,
2024-09-27,145.06,146.48,142.78,143.2,145.44,7491,51721,1.1177,1.1176,1.1126,1.1133,1154,5002,82.46,,,,,,,,
2024-09-30,142.79,142.95,141.65,142.38,142.65,7700,56792,1.117,1.1174,1.1157,1.1177,1040,4829,81.81,,,,,,,,
2024-10-01,143.71,144.53,143.38,144.18,144.05,6466,57298,1.1137,1.1141,1.1112,1.1116,583,1381,82.08,,,,,,,,
2024-10-02,143.73,144.18,143.44,144.07,143.88,5762,54797,1.1065,1.1073,1.1055,1.1067,248,3150,80.54,,,,,,,,
2024-10-03,146.55,147.25,146.29,146.46,147.02,5617,42676,1.1046,1.1047,1.1026,1.1034,526,4880,80.45,,,,,,,,
2024-10-04,146.86,146.92,145.93,146.31,146.68,4258,47631,1.1035,1.1039,1.1026,1.1028,658,5943,79.7,,,,,,,,
2024-10-07,148.79,149.12,148.15,148.28,148.46,3499,42285,1.097,1.0977,1.0961,1.097,466,5358,80.06,,,,,,,,
2024-10-08,148.15,148.19,147.35,147.6,147.84,4972,35825,1.0975,1.0995,1.0975,1.0995,1349,7494,80.24,,,,,,,,
2024-10-09,148.15,148.65,148.03,148.56,148.2,4399,48272,1.0976,1.0981,1.0957,1.0961,615,4485,79.82,,,,,,,,
2024-10-10,149.16,149.54,148.91,149.01,149.28,5218,39865,1.0942,1.0944,1.0937,1.0938,512,3945,80.2,,,,,,,,
2024-10-11,148.72,148.85,148.4,148.78,148.65,3417,51266,1.0934,1.0941,1.093,1.0945,617,4953,79.77,,,,,,,,
2024-10-15,149.74,149.81,149.18,149.24,149.62,3608,40288,1.0909,1.0909,1.0885,1.0899,771,7227,80.14,,,,,,,,
2024-10-16,149.1,149.48,148.89,149.45,149.25,4052,41270,1.0884,1.0893,1.0876,1.0883,448,884,79.97,,,,,,,,
2024-10-17,149.56,149.8,149.25,149.77,149.55,5163,48216,1.086,1.0865,1.085,1.0854,888,3010,79.74,,,,,,,,
2024-10-18,150.11,150.27,149.78,150.1,150.03,4393,55694,1.083,1.0845,1.0828,1.0841,721,1470,79.9,,,,,,,,
2024-10-21,149.62,149.84,149.09,149.84,149.28,2948,38087,1.0869,1.087,1.0848,1.0849,491,1576,79.46,,,,,,,,
2024-10-22,150.62,151.1,150.5,151.01,150.71,3850,47609,1.0816,1.0836,1.0815,1.0837,576,1833,79.37,,,,,,,,
2024-10-23,151.16,152.55,151.03,152.36,151.43,4777,43363,1.0797,1.0806,1.0781,1.0782,1588,4842,78.66,,,,,,,,
2024-10-24,152.76,152.84,152.05,152.13,152.7,5074,33208,1.078,1.0798,1.0772,1.0796,804,1742,78.99,,,,,,,,
2024-10-25,151.78,152.1,151.48,151.95,152.07,4893,50575,1.0824,1.0828,1.0815,1.0824,979,4276,78.87,,,,,,,,
2024-10-28,152.96,153.88,152.68,153.34,153.39,7025,39265,1.0796,1.0805,1.0782,1.0804,408,4043,78.38,,,,,,,,
2024-10-29,153.15,153.34,152.77,153.17,152.92,4875,38932,1.0818,1.0819,1.0807,1.081,919,6411,78.34,,,,,,,,
2024-10-30,153.27,153.45,153.08,153.33,153.27,5177,35754,1.082,1.0826,1.0814,1.0819,818,2524,78.21,,,,,,,,
2024-10-31,153.24,153.6,152.06,152.25,153.5,8503,45445,1.0858,1.0863,1.0845,1.086,941,2042,78.89,,,,,,,,
2024-11-01,151.99,152.65,151.8,152.55,152.5,4922,34805,1.0884,1.0887,1.0872,1.0868,446,3637,78.56,,,,,,,,
2024-11-05,152.27,152.54,152.12,152.28,152.37,4028,33842,1.0874,1.0889,1.0874,1.0889,256,855,78.93,,,,,,,,
2024-11-06,151.44,154.38,151.3,153.94,152.45,6737,50855,1.0934,1.0927,1.0705,1.0734,837,1050,78.23,,,,,,,,
2024-11-07,154.32,154.71,153.65,154,154.6,5916,29537,1.0731,1.077,1.0714,1.0753,624,3223,78.63,,,,,,,,
2024-11-08,153.17,153.36,152.55,152.64,153.15,5744,27068,1.0796,1.08,1.0774,1.078,968,1696,79.16,,,,,,,,
2024-11-11,152.93,153.66,152.71,153.64,153.1,3423,18414,1.0713,1.0727,1.0686,1.069,890,1707,78.99,,,,,,,,
2024-11-12,153.53,154.05,153.41,153.82,153.79,4440,33714,1.0663,1.0662,1.0626,1.0631,725,2408,78.8,,,,,,,,
2024-11-13,154.67,155.15,154.53,155.11,154.9,4794,37542,1.0617,1.0628,1.0605,1.0603,987,6927,78.48,,,,,,,,
2024-11-14,155.42,156.13,155.34,155.84,155.65,4647,48364,1.0567,1.0568,1.0536,1.0551,993,4865,78.16,,,,,,,,
2024-11-15,156.49,156.76,155.74,155.78,156.33,6286,45589,1.053,1.0563,1.0525,1.0556,1031,5127,79.09,,,,,,,,
2024-11-18,154.65,155.13,153.85,154.57,154.3,6232,43792,1.0537,1.055,1.0533,1.0548,924,6856,78.76,,,,,,,,
2024-11-19,154.61,154.66,153.96,154.54,154.42,5778,34132,1.0595,1.0598,1.0575,1.0578,932,4764,78.77,,,,,,,,
2024-11-20,154.73,155.69,154.55,155.66,154.88,4893,43642,1.0607,1.061,1.0577,1.0579,848,5914,78.55,,,,,,,,
2024-11-21,155.28,155.41,154.58,154.91,155.05,5535,42987,1.0546,1.0553,1.053,1.0537,512,6286,79.13,,,,,,,,
2024-11-22,154.17,154.95,153.97,154.73,154.4,5408,40217,1.0469,1.0488,1.0462,1.0487,1654,4581,79.14,,,,,,,,
2024-11-25,154.15,154.6,153.55,154.54,154.2,5419,25327,1.0479,1.05,1.045,1.0451,678,6813,79.23,,,,,,,,
2024-11-26,154.39,154.48,153.55,154.04,153.7,5817,46381,1.0444,1.0494,1.0427,1.0473,1359,5153,79.9,,,,,,,,
2024-11-27,152.94,153.22,151.84,151.96,152.85,6607,29067,1.0492,1.0502,1.0475,1.0499,937,2600,80.79,,,,,,,,
2024-11-28,151.34,151.8,150.93,151.77,151.67,4384,24855,1.0562,1.0569,1.0534,1.0537,710,4065,80.55,,,,,,,,
2024-11-29,151.18,151.54,149.54,149.99,150,6504,66203,1.056,1.0595,1.0558,1.058,529,2844,81.4,,,,,,,,
2024-12-02,149.87,150.75,149.51,150.25,150.19,4042,57971,1.0545,1.0554,1.0503,1.0502,608,5997,81.86,,,,,,,,
2024-12-03,149.53,150.24,149.5,150.02,149.9,5551,53173,1.0501,1.0511,1.0484,1.0498,984,3745,81.89,,,,,,,,
2024-12-04,149.62,150.43,149.53,150.41,150.35,6267,42182,1.051,1.0527,1.0489,1.0509,897,2382,81.19,,,,,,,,
2024-12-05,150.53,150.75,149.68,149.78,150.34,4081,36729,1.0512,1.0538,1.0509,1.0535,494,1304,81.21,,,,,,,,
2024-12-06,150.12,150.27,149.78,150.1,149.98,4575,41888,1.0587,1.0586,1.0567,1.0584,707,2526,81.39,,,,,,,,
2024-12-09,149.89,150.37,149.7,150.34,149.81,2762,43018,1.0566,1.0567,1.0535,1.0565,767,4217,80.66,,,,,,,,
2024-12-10,151.38,151.6,150.9,151.56,151.5,5418,52307,1.0555,1.0566,1.0548,1.0549,633,4351,80.33,,,,,,,,
2024-12-11,151.85,151.91,151.43,151.67,151.8,5384,52159,1.0532,1.0539,1.0489,1.049,903,3248,80.18,,,,,,,,
2024-12-12,152.25,152.76,151.96,152.58,152.3,4604,48601,1.0506,1.0526,1.0502,1.0517,690,5701,80.2,,,,,,,,
2024-12-13,152.6,153.09,152.47,152.8,152.9,6426,45658,1.0474,1.048,1.0454,1.046,973,2407,79.71,,,,,,,,
2024-12-16,153.47,153.97,153.33,153.51,153.88,4491,45680,1.051,1.0522,1.0502,1.0504,1188,1431,79.47,,,,,,,,
2024-12-17,154.1,154.34,153.8,154.07,154.24,5821,50670,1.0517,1.0535,1.0496,1.0498,1379,4345,79.92,,,,,,,,
2024-12-18,153.58,153.79,153.34,153.58,153.74,3906,55610,1.0495,1.0511,1.0493,1.0497,1363,2989,79.62,,,,,,,,
2024-12-19,154.68,156.77,154.45,156.48,154.85,7108,53292,1.0351,1.0408,1.035,1.0395,1860,4043,78.33,,,,,,,,
2024-12-20,157.66,157.93,156.78,156.83,157.85,7074,45175,1.0365,1.0383,1.0344,1.0382,1454,2578,78.71,,,,,,,,
2024-12-23,156.59,156.8,156.34,156.8,156.65,3943,41992,1.0434,1.0444,1.0412,1.0413,764,4041,78.36,,,,,,,,
2024-12-24,157.18,157.41,156.9,157.15,157.38,3284,29737,1.0405,1.0408,1.0392,1.0391,601,4436,78.38,,,,,,,,
2024-12-25,157.1,157.5,156.98,157.15,157.15,1475,3747,1.0401,1.0411,1.04,1.0402,128,0,78.3,,,,,,,,
2024-12-26,157.12,157.47,157.07,157.36,157.47,2736,38769,1.0399,1.0404,1.0393,1.0397,433,0,77.97,,,,,,,,
2024-12-27,157.77,157.96,157.51,157.82,157.95,4738,47655,1.0422,1.0423,1.0407,1.0422,1012,4872,78.05,,,,,,,,
2024-12-30,157.9,158.06,157.7,157.89,157.83,4672,50130,1.0431,1.043,1.0424,1.0426,575,6102,78.66,,,,,,,,
2025-01-06,157.52,157.82,157.21,157.67,157.7,4485,46492,1.0306,1.0327,1.0296,1.0328,898,3101,78.42,,,,,,,,
2025-01-07,157.74,158.41,157.46,157.5,158.2,6252,34890,1.0383,1.0421,1.0378,1.0415,1166,6702,78.26,,,,,,,,
2025-01-08,158.23,158.26,157.9,158.12,158.05,4108,53593,1.0342,1.0355,1.0329,1.0333,999,6829,78.24,,,,,,,,
2025-01-09,158.21,158.39,157.77,158.19,158.33,3721,43052,1.0314,1.0319,1.0295,1.0291,473,6568,78.36,,,,,,,,
2025-01-10,158.04,158.45,157.94,158.39,158.4,3893,59713,1.0297,1.0304,1.0283,1.0297,846,14382,78.76,,,,,,,,
2025-01-14,157.33,158.02,157.13,157.53,157.54,4165,38477,1.0264,1.0276,1.0239,1.0255,601,3446,78.5,,,,,,,,
2025-01-15,158.06,158.07,156.85,156.88,158.04,5187,46793,1.0306,1.0307,1.0289,1.0306,881,6524,79.23,,,,,,,,
2025-01-16,156.2,156.52,155.21,156.19,156.36,4894,49461,1.0295,1.03,1.0282,1.0298,717,6328,79.9,,,,,,,,
2025-01-17,155.36,155.76,154.98,155.61,155.15,4533,31822,1.0302,1.0309,1.028,1.0285,441,3001,79.33,,,,,,,,
2025-01-20,156.32,156.58,155.71,155.99,156.05,2314,28911,1.0282,1.0317,1.0277,1.0318,700,3279,79.03,,,,,,,,
2025-01-21,155.29,156.23,154.78,155.69,156.05,4964,58354,1.0421,1.0434,1.0358,1.0373,768,9733,79,,,,,,,,
2025-01-22,155.77,156.07,155.36,156.05,155.5,4252,51351,1.0406,1.0434,1.0395,1.0412,1069,5126,78.53,,,,,,,,
2025-01-23,156.44,156.74,156.29,156.61,156.4,3902,59936,1.0409,1.0414,1.0394,1.0401,569,5828,78.8,,,,,,,,
2025-01-24,156.16,156.4,154.85,155.38,156.24,5876,44481,1.0416,1.047,1.0413,1.0461,1018,7314,78.36,,,,,,,,
2025-01-27,155.74,156.25,155.3,155.88,155.55,4889,67819,1.0468,1.0479,1.0456,1.0457,584,3743,79.23,,,,,,,,
2025-01-28,154.91,155.96,154.5,155.86,155.07,5514,67217,1.0437,1.0483,1.0426,1.0435,749,4205,78.86,,,,,,,,
2025-01-29,155.58,155.79,155,155.3,155.62,4887,58496,1.0427,1.0444,1.0416,1.0417,871,3193,79.02,,,,,,,,
2025-01-30,155.19,155.25,154.29,154.54,154.75,5824,49489,1.0424,1.0428,1.0411,1.0428,790,1569,79.55,,,,,,,,
2025-01-31,154.1,154.93,153.94,154.66,154.33,7126,66614,1.0397,1.0412,1.038,1.0404,789,7266,79.23,,,,,,,,
2025-02-03,155.37,155.87,154.8,155.63,155.7,3922,71980,1.0246,1.0265,1.021,1.0225,859,7040,79.57,,,,,,,,
2025-02-04,155.27,155.4,154.8,155.33,155.28,5056,62640,1.0329,1.035,1.0273,1.0312,643,1455,79.61,,,,,,,,
2025-02-05,154.14,154.44,153.08,153.34,154,5698,60134,1.0372,1.041,1.0371,1.0403,635,5609,80.46,,,,,,,,
2025-02-06,152.65,152.72,151.82,152.58,152.56,5152,51090,1.0399,1.0404,1.0379,1.038,369,5203,81.2,,,,,,,,
2025-02-07,151.17,151.88,150.96,151.84,151.22,4931,63542,1.0385,1.0387,1.0374,1.0389,443,4745,81.38,,,,,,,,
2025-02-10,151.88,152.2,151.26,152.18,151.9,3750,64175,1.031,1.0324,1.0294,1.0314,428,9738,81.14,,,,,,,,
2025-02-12,152.75,153.8,152.4,153.7,153.2,5561,63404,1.0364,1.0378,1.0357,1.0376,448,3930,79.76,,,,,,,,
2025-02-13,154.23,154.66,153.98,154.28,154.36,5082,67586,1.0393,1.044,1.0387,1.0426,1008,8206,80.22,,,,,,,,
2025-02-14,153.01,153.15,152.39,152.74,152.8,6165,42552,1.0462,1.0471,1.0449,1.0466,860,8228,80.28,,,,,,,,
2025-02-17,152.02,152.39,151.48,151.88,151.88,3548,22460,1.0489,1.0506,1.0484,1.0483,464,2044,80.75,,,,,,,,
2025-02-18,151.44,152.21,151.24,152.06,151.63,4235,48089,1.0485,1.0485,1.0453,1.0464,624,6010,80.57,,,,,,,,
2025-02-19,151.92,152.31,151.59,151.66,152.06,4317,61861,1.0448,1.0461,1.0443,1.0452,754,8763,80.96,,,,,,,,
2025-02-20,151.21,151.45,149.95,150.17,151.04,4592,62532,1.0422,1.0437,1.0419,1.0432,765,7198,81.59,,,,,,,,
2025-02-21,149.47,150.73,149.29,150.57,149.82,5726,60575,1.0501,1.0504,1.0485,1.0492,791,11557,81.88,,,,,,,,
2025-02-25,149.92,150.3,149.19,149.28,150.19,5018,64291,1.0462,1.0479,1.046,1.0464,270,9052,81.93,,,,,,,,
2025-02-26,149.06,149.62,148.63,149.54,148.88,4924,51174,1.0521,1.0525,1.0488,1.0494,1002,9070,81.98,,,,,,,,
2025-02-27,148.89,149.42,148.76,149.27,149.16,4206,68965,1.0488,1.0492,1.0459,1.0476,791,7959,82,,,,,,,,
2025-02-28,150.09,150.56,149.11,150.44,149.62,9333,68617,1.0395,1.0404,1.0381,1.0396,781,8710,81.68,,,,,,,,
2025-03-03,150.83,151.01,150.12,150.18,150.51,3817,43715,1.0412,1.0422,1.04,1.0406,1116,3300,82.08,,,,,,,,
2025-03-04,149.33,149.62,148.6,149.35,149.22,6530,39947,1.0486,1.0496,1.0475,1.0493,597,5436,81.54,,,,,,,,
2025-03-05,149.83,150.18,149.43,149.46,149.8,3700,57372,1.0623,1.0672,1.0603,1.0674,1559,5393,81.54,,,,,,,,
2025-03-06,148.88,149.33,148.28,148.37,149.19,5681,41175,1.0795,1.0822,1.0786,1.0799,2106,4062,82.08,,,,,,,,
2025-03-07,148.15,148.16,147.4,147.68,147.95,4412,57342,1.0787,1.0839,1.0785,1.083,1389,5202,81.97,,,,,,,,
2025-03-10,147.58,147.85,147.1,147.59,147.31,4669,49524,1.0861,1.0868,1.0814,1.0823,882,4796,82.58,,,,,,,,
2025-03-11,147.07,147.4,146.55,146.92,146.63,6625,48538,1.084,1.0901,1.0837,1.089,1354,5401,81.98,,,,,,,,
2025-03-12,148.06,148.6,147.83,148.6,148.05,6204,54112,1.0914,1.0916,1.0889,1.0901,1209,5063,81.82,,,,,,,,
2025-03-13,148.29,148.38,147.58,147.82,148.23,4302,45690,1.0886,1.0896,1.086,1.0866,1015,2032,82.15,,,,,,,,
2025-03-14,147.94,149.02,147.81,148.74,148.28,5239,52407,1.0855,1.0858,1.0832,1.0839,825,2843,81.59,,,,,,,,
2025-03-17,148.6,149.1,148.48,148.87,148.87,4636,42191,1.0881,1.0893,1.0875,1.0876,577,4677,81.1,,,,,,,,
2025-03-18,149.39,149.88,149.17,149.84,149.47,4498,34860,1.0919,1.0937,1.0905,1.0935,439,3612,81.04,,,,,,,,
2025-03-19,149.44,150.02,149.15,149.28,149.58,5754,38633,1.0939,1.0943,1.0875,1.0893,706,5993,81.49,,,,,,,,
2025-03-21,148.63,149.66,148.59,149.32,148.98,3757,46238,1.0854,1.0855,1.0821,1.0839,665,5011,81.44,,,,,,,,
2025-03-24,149.67,149.95,149.38,149.64,149.8,3866,49739,1.0836,1.0848,1.0819,1.084,410,4872,80.75,,,,,,,,
2025-03-25,150.8,150.95,150.42,150.73,150.65,4847,41638,1.0803,1.0809,1.0786,1.0788,498,6646,81.15,,,,,,,,
2025-03-26,149.95,150.62,149.86,150.41,150.15,5745,47690,1.0789,1.0795,1.0779,1.0787,708,4845,80.94,,,,,,,,
2025-03-27,150.47,150.62,150.07,150.55,150.5,4093,38751,1.0742,1.0786,1.0737,1.0766,887,6784,80.57,,,,,,,,
2025-03-28,150.87,151.21,150.39,150.39,150.85,3550,35042,1.08,1.0799,1.0783,1.0787,695,7264,81.24,,,,,,,,
2025-03-31,149.62,149.69,148.71,149.14,149.48,7617,53116,1.0824,1.0845,1.0806,1.0832,588,9679,81.19,,,,,,,,
2025-04-01,149.94,150.12,149.53,149.63,149.8,4404,47421,1.0818,1.083,1.08,1.0801,1325,7742,81.5,,,,,,,,
2025-04-02,149.76,150,149.62,149.66,149.79,4088,49522,1.0795,1.0807,1.0781,1.0792,882,5550,81.57,,,,,,,,
2025-04-03,147.9,148.63,146.83,147.26,148.01,6128,46384,1.0904,1.099,1.0815,1.0971,2747,6143,83.02,,,,,,,,
2025-04-04,146.26,146.4,145.3,146.28,145.94,5085,30435,1.1046,1.1103,1.098,1.1005,917,4775,82.88,,,,,,,,
2025-04-07,145.44,146.85,144.83,145.8,145.75,4862,69948,1.0984,1.1045,1.0923,1.1002,853,7654,82.77,,,,,,,,
2025-04-08,147.77,148.12,146.98,147.4,147.73,3180,46639,1.0915,1.0991,1.0914,1.0924,1137,7852,83.74,,,,,,,,
2025-04-09,145.86,146.2,144.58,145.54,145.33,4873,56221,1.0978,1.1089,1.0968,1.1015,969,6472,82.62,,,,,,,,
2025-04-10,147.38,147.71,146.24,146.27,146.9,3703,55718,1.095,1.1027,1.0945,1.1027,919,4614,83.9,,,,,,,,
2025-04-11,143.76,144.39,142.62,142.84,143.4,6795,64637,1.1258,1.1383,1.1212,1.1364,2044,1901,83.84,,,,,,,,
2025-04-14,143.72,144.02,142.24,143.07,143.2,3880,48509,1.1343,1.1423,1.133,1.139,1349,1007,84.13,,,,,,,,
2025-04-15,143.23,143.6,142.86,143.31,143.58,3994,43611,1.1336,1.1367,1.1317,1.1358,1806,5831,84.21,,,,,,,,
2025-04-16,143.17,143.26,142.05,142.11,142.5,4182,41308,1.1293,1.139,1.1285,1.1388,1064,7029,84.62,,,,,,,,
2025-04-17,141.92,142.92,141.63,142.9,142.46,4567,68155,1.1397,1.1409,1.1346,1.1377,853,2718,84.35,,,,,,,,
2025-04-18,142.37,142.45,142.21,142.4,142.4,1610,41038,1.1372,1.1385,1.136,1.1371,457,341,84.51,,,,,,,,
2025-04-21,141.59,142.15,140.55,140.56,141.44,3773,59571,1.1449,1.1561,1.1418,1.1556,1290,957,84.94,,,,,,,,
2025-04-22,140.88,141.17,139.89,140.29,140,4863,47516,1.1514,1.1545,1.1482,1.1506,770,3421,84.82,,,,,,,,
2025-04-23,142.71,143.21,141.54,141.87,142.09,4692,49984,1.135,1.1413,1.131,1.1386,654,6347,83.82,,,,,,,,
2025-04-24,143.19,143.33,142.57,142.58,142.91,4265,47178,1.133,1.1386,1.1327,1.138,843,4091,84.17,,,,,,,,
2025-04-25,142.87,143.85,142.68,143.4,143,5026,59631,1.1372,1.1389,1.1316,1.136,857,5599,83.63,,,,,,,,
2025-04-28,143.85,143.89,143.3,143.62,143.38,3389,53887,1.1345,1.138,1.1332,1.1349,851,6565,84.42,,,,,,,,
2025-04-30,142.24,142.89,142.16,142.81,142.52,4738,50619,1.1391,1.1396,1.1356,1.1377,671,7243,83.65,,,,,,,,
2025-05-01,143.02,144.74,142.88,144.37,142.96,4260,24679,1.1322,1.1329,1.1288,1.1311,658,226,82.47,,,,,,,,
2025-05-02,145.41,145.91,145.05,145.14,145.89,4303,61184,1.1296,1.1331,1.1276,1.1328,355,14256,82.24,,,,,,,,
2025-05-07,143.09,143.33,142.49,143.19,143,3499,62265,1.134,1.1373,1.1326,1.1363,381,7184,82.61,,,,,,,,
2025-05-08,143.87,144.5,143.45,144.32,144,3256,49191,1.1304,1.1335,1.1271,1.1298,562,5398,81.71,,,,,,,,
2025-05-09,145.95,146.17,145.13,145.16,145.8,3357,47058,1.1228,1.1254,1.1198,1.1252,702,5042,81.88,,,,,,,,
2025-05-12,145.84,147.99,145.71,147.92,145.95,6708,42557,1.1229,1.124,1.11,1.1105,779,2656,80.46,,,,,,,,
2025-05-13,148.26,148.46,147.65,147.86,147.89,3495,28728,1.1096,1.1124,1.1093,1.1116,793,6409,80.8,,,,,,,,
2025-05-14,147.53,147.66,146.84,146.99,147.33,4780,34115,1.1187,1.1213,1.1182,1.1215,747,6776,81.21,,,,,,,,
2025-05-15,146.64,146.74,145.48,145.89,146.3,4394,45567,1.1181,1.1227,1.118,1.1198,463,6927,81.67,,,,,,,,
2025-05-16,145.59,145.66,144.93,145.25,145.02,3333,50233,1.1192,1.1218,1.1196,1.1208,360,8253,81.74,,,,,,,,
2025-05-19,145.24,145.43,144.67,144.85,144.88,3319,39756,1.1189,1.1244,1.1175,1.1239,815,6721,82.03,,,,,,,,
2025-05-20,144.99,145.51,144.11,144.13,145.29,4068,40986,1.1232,1.1276,1.122,1.1276,861,7470,82.15,,,,,,,,
2025-05-21,144.31,144.45,143.46,143.89,144.23,4600,37854,1.1289,1.1353,1.1284,1.1324,859,6753,82.37,,,,,,,,
2025-05-22,143.69,144.4,143,143.05,143.35,3633,44142,1.1333,1.1344,1.1298,1.1322,836,7353,82.32,,,,,,,,
2025-05-23,143.86,144.02,143.24,143.32,143.83,4502,25577,1.1283,1.1339,1.128,1.134,886,4537,82.72,,,,,,,,
2025-05-26,142.82,143.08,142.24,142.9,142.35,2836,16337,1.1375,1.1419,1.1368,1.139,580,7829,82.56,,,,,,,,
2025-05-27,142.62,143.86,142.11,143.74,143.38,5007,52931,1.1389,1.1407,1.1342,1.1341,1044,8434,81.93,,,,,,,,
2025-05-28,144.14,144.77,143.86,144.15,144.02,4801,46825,1.1338,1.1345,1.1296,1.1328,1136,5190,81.66,,,,,,,,
2025-05-29,145.75,146.29,144.81,145.27,145.7,4983,43796,1.1228,1.129,1.1211,1.1276,1031,2050,81.79,,,,,,,,
2025-05-30,143.76,144.14,143.46,144.04,143.88,6839,62617,1.1377,1.139,1.1329,1.1339,1394,11426,82.13,,,,,,,,
2025-06-02,143.8,143.97,142.83,142.91,143.57,2485,46724,1.1353,1.1432,1.1351,1.1424,1012,1927,82.66,,,,,,,,
2025-06-03,142.43,143.26,142.4,142.83,142.77,4059,35985,1.1453,1.1454,1.1415,1.1416,986,7445,82.05,,,,,,,,
2025-06-04,143.82,144.38,143.69,144.09,144.25,3078,43106,1.1384,1.1394,1.1358,1.1387,487,1264,82.54,,,,,,,,
2025-06-05,142.72,143.39,142.54,143.35,142.71,2819,52258,1.1422,1.1434,1.1407,1.1413,425,3723,82,,,,,,,,
2025-06-06,143.57,144.13,143.47,143.91,143.67,2869,44342,1.1453,1.1455,1.1423,1.1427,509,3257,81.46,,,,,,,,
2025-06-09,144.69,144.95,144.12,144.13,144.85,2567,39941,1.1407,1.1428,1.1394,1.1423,758,2917,81.47,,,,,,,,
2025-06-10,144.57,145.29,144.41,144.75,144.66,4776,49870,1.1427,1.1435,1.1377,1.1392,677,1968,81.36,,,,,,,,
2025-06-11,144.83,145.24,144.67,145.13,144.88,2596,42602,1.1438,1.1436,1.1406,1.142,558,5067,81.49,,,,,,,,
2025-06-12,144.18,144.53,143.65,143.88,144.04,2885,49447,1.151,1.1532,1.1492,1.1526,1352,2261,81.71,,,,,,,,
2025-06-13,143.1,143.87,142.8,143.8,143,4407,63138,1.1608,1.1612,1.1513,1.1535,955,1500,81.58,,,,,,,,
2025-06-16,144.57,144.71,143.98,144.19,144.2,2726,44117,1.1537,1.1585,1.1527,1.1579,1016,872,81.08,,,,,,,,
2025-06-17,144.72,145.1,144.41,144.54,145,3795,48418,1.1554,1.157,1.1544,1.1558,549,3198,81.09,,,,,,,,
2025-06-18,145.39,145.44,144.86,144.95,145.31,2971,33070,1.1482,1.1522,1.1476,1.1513,933,281,81.2,,,,,,,,
2025-06-19,144.96,145.4,144.75,145.4,145.26,2103,38894,1.1476,1.1488,1.1447,1.1462,1055,1808,81.06,,,,,,,,
2025-06-20,145.24,145.55,145.14,145.41,145.26,3228,45865,1.1511,1.1532,1.1492,1.1517,908,3398,80.62,,,,,,,,
2025-06-23,146.21,147.39,146.15,147.33,146.45,2841,43972,1.15,1.1519,1.1473,1.1499,955,3598,80.51,,,,,,,,
2025-06-24,145.9,146.11,145,145.31,145.5,3967,28282,1.1598,1.1621,1.1582,1.1591,1684,1028,80.92,,,,,,,,
2025-06-25,144.94,145.36,144.62,145.32,145,4163,44637,1.1612,1.163,1.1597,1.1599,1131,1580,80.63,,,,,,,,
2025-06-26,144.91,145.23,143.95,144.06,144.75,5025,47274,1.1684,1.1717,1.1665,1.171,2335,4217,80.93,,,,,,,,
2025-06-27,144.68,144.79,144.2,144.48,144.55,4633,65245,1.1694,1.1724,1.1681,1.1715,2490,8880,80.83,,,,,,,,
2025-06-30,144.51,144.77,143.8,144.13,144.74,5574,64341,1.1727,1.175,1.1713,1.1721,867,3881,80.97,,,,,,,,
2025-07-01,143.81,143.97,143.03,143.08,143.64,3504,49023,1.1787,1.1807,1.1768,1.1784,1659,860,81.29,,,,,,,,
2025-07-02,143.37,144.05,143.34,143.9,143.6,3003,50014,1.1805,1.1809,1.1774,1.1774,714,4628,81.15,,,,,,,,
2025-07-03,143.53,143.92,143.45,143.87,143.56,3295,28166,1.1798,1.181,1.1788,1.1801,813,0,80.5,,,,,,,,
2025-07-04,144.72,144.93,144.19,144.41,144.6,2648,23180,1.1768,1.1785,1.1757,1.177,887,1532,80.72,,,,,,,,
2025-07-07,144.5,145.2,144.23,145.2,144.34,3139,44656,1.178,1.1788,1.1746,1.1745,449,3354,80.15,,,,,,,,
2025-07-08,145.88,146.44,145.83,146.04,145.98,3714,44809,1.1737,1.1758,1.1721,1.1761,666,3539,79.81,,,,,,,,
2025-07-09,146.86,147.19,146.58,146.85,147.12,3210,41826,1.1724,1.1728,1.1704,1.1708,700,1898,80,,,,,,,,
2025-07-10,146.11,146.48,145.76,146.27,145.85,3863,49843,1.1738,1.1749,1.1724,1.1734,1078,2598,80,,,,,,,,
2025-07-11,146.28,147.19,146.17,146.86,146.58,3229,39572,1.1702,1.1707,1.1666,1.169,1040,4501,79.43,,,,,,,,
2025-07-14,147.3,147.57,146.86,147.38,147,3504,40888,1.1683,1.1697,1.1655,1.1685,630,5284,79.37,,,,,,,,
2025-07-15,147.78,147.89,147.56,147.74,147.63,2982,50258,1.1666,1.1692,1.1661,1.169,851,3549,78.91,,,,,,,,
2025-07-16,148.78,149.19,148.62,148.89,149,3849,47715,1.1608,1.1627,1.1603,1.1619,998,1708,79.36,,,,,,,,
2025-07-17,148,148.8,147.77,148.73,148.4,3762,43082,1.1636,1.1642,1.1575,1.1591,855,4232,79.13,,,,,,,,
2025-07-18,148.44,148.88,148.3,148.78,148.59,3415,36884,1.1616,1.1633,1.1605,1.1629,391,7166,78.9,,,,,,,,
2025-07-22,147.4,147.93,147.38,147.72,147.44,3425,36498,1.1696,1.1695,1.1684,1.1686,686,4632,79.77,,,,,,,,
2025-07-23,146.78,147.2,146.2,146.74,146.4,5787,44522,1.1738,1.1752,1.1731,1.1742,799,6912,79.69,,,,,,,,
2025-07-24,146.35,146.5,145.86,146.42,146.42,3318,44191,1.1773,1.1779,1.1759,1.1762,640,4460,79.49,,,,,,,,
2025-07-25,147.01,147.48,146.81,147.38,147.34,4275,36861,1.1755,1.1759,1.1734,1.1753,728,4636,79.3,,,,,,,,
2025-07-28,147.78,148.32,147.53,148.29,148,3631,29772,1.1756,1.1769,1.1672,1.1675,730,4464,79.2,,,,,,,,
2025-07-29,148.46,148.75,148.18,148.58,148.6,3360,44552,1.1596,1.1599,1.1528,1.1555,1542,3239,79.31,,,,,,,,
2025-07-30,148.43,148.51,147.81,148.09,148.21,3369,35887,1.1551,1.1572,1.1541,1.1554,668,8415,79.15,,,,,,,,
2025-07-31,149.23,149.72,148.59,149.39,149.33,6242,58608,1.1428,1.1459,1.1409,1.1449,645,9245,78.56,,,,,,,,
2025-08-01,150.81,150.91,150.44,150.54,150.67,4751,35563,1.1421,1.1435,1.1406,1.1419,751,7225,80.01,,,,,,,,
2025-08-04,147.35,148.03,147.11,147.88,147.62,3972,38947,1.1588,1.1589,1.1554,1.1564,718,7282,80.08,,,,,,,,
2025-08-05,146.78,147.47,146.62,147.37,146.94,2953,49014,1.1585,1.1587,1.1544,1.1546,689,4796,79.8,,,,,,,,
2025-08-06,147.53,147.74,147.33,147.56,147.58,2408,51889,1.1578,1.1588,1.1565,1.1582,1446,1446,79.79,,,,,,,,
2025-08-07,147.19,147.71,146.7,146.81,147.57,3661,53022,1.1663,1.169,1.1651,1.1689,1176,0,79.81,,,,,,,,
2025-08-08,146.81,147.45,146.75,147.32,147.16,3610,52055,1.1677,1.1678,1.1641,1.166,1273,1305,79.55,,,,,,,,
2025-08-12,148.16,148.45,148.13,148.27,148.4,2429,42518,1.1617,1.1629,1.161,1.1621,473,3279,79.44,,,,,,,,
2025-08-13,147.77,148.17,147.42,147.53,147.78,4203,48363,1.1678,1.171,1.1671,1.1708,871,5685,79.55,,,,,,,,
2025-08-14,147.12,147.29,146.22,146.56,146.57,3828,51362,1.1712,1.1715,1.1679,1.168,1089,5296,79.55,,,,,,,,
2025-08-15,147.7,147.86,146.96,147.01,147.59,2974,53758,1.165,1.1677,1.1648,1.1683,702,3281,79.79,,,,,,,,
2025-08-18,147.23,147.57,147.09,147.46,147.46,2427,36020,1.1707,1.1713,1.1681,1.1681,617,7418,79.49,,,,,,,,
2025-08-19,147.92,148.1,147.54,147.71,147.83,2244,43176,1.1668,1.1684,1.164,1.1684,960,16489,79.67,,,,,,,,
2025-08-20,147.74,147.81,147.15,147.63,147.6,2904,37435,1.1642,1.1648,1.1624,1.1645,653,3638,79.87,,,,,,,,
2025-08-21,147.31,147.63,147.26,147.59,147.4,2507,39645,1.1651,1.1659,1.1628,1.1658,399,4553,79.48,,,,,,,,
2025-08-22,148.39,148.76,148.29,148.61,148.44,2725,40442,1.1612,1.1615,1.1584,1.1595,788,3908,79.89,,,,,,,,
2025-08-25,147.27,147.51,146.91,147.34,147.41,2538,36304,1.1708,1.1719,1.1696,1.1698,525,5109,79.54,,,,,,,,
2025-08-26,147.82,147.9,147,147.69,147.7,3756,38033,1.1615,1.1658,1.1604,1.1622,872,3658,79.75,,,,,,,,
2025-08-27,147.49,147.97,147.41,147.76,147.52,3375,51545,1.1638,1.1643,1.1598,1.1604,680,2956,79.74,,,,,,,,
2025-08-28,147.34,147.48,147,147.17,147.3,3464,40048,1.1648,1.1654,1.1634,1.1644,420,9093,79.81,,,,,,,,
2025-08-29,146.83,147.19,146.78,147.01,146.85,3348,27060,1.1679,1.168,1.1657,1.1675,757,5250,79.78,,,,,,,,
2025-09-01,147.13,147.38,146.8,147.07,147.23,2183,27946,1.1691,1.1733,1.1686,1.1725,387,2515,79.72,,,,,,,,
2025-09-02,147.1,148.73,147.06,148.65,147.36,4830,64788,1.1715,1.1717,1.1648,1.1646,695,12366,79.25,,,,,,,,
2025-09-03,148.59,149.11,148.33,148.74,148.75,4039,47237,1.1633,1.1641,1.161,1.1636,948,2148,79.33,,,,,,,,
2025-09-04,147.97,148.41,147.8,148.38,147.99,4105,45762,1.1662,1.1663,1.1647,1.165,498,4167,79.17,,,,,,,,
2025-09-05,148.43,148.49,148.09,148.22,148.21,3675,61294,1.1657,1.1677,1.165,1.1677,824,3043,79.48,,,,,,,,
2025-09-08,148.31,148.56,147.51,147.53,148.5,2314,58554,1.1713,1.1732,1.1707,1.1733,607,4310,79.3,,,,,,,,
2025-09-09,147.38,147.45,146.83,147.23,147.33,5306,44519,1.1769,1.178,1.1749,1.1752,934,8293,79.4,,,,,,,,
2025-09-10,147.4,147.58,147.28,147.51,147.44,3521,52430,1.1703,1.1715,1.1686,1.1702,1116,5960,79.4,,,,,,,,
2025-09-11,147.36,147.82,147.28,147.78,147.45,3536,49680,1.1703,1.1705,1.1687,1.1694,1017,5604,79.43,,,,,,,,
2025-09-12,147.24,147.55,147.13,147.46,147.31,3821,40831,1.1733,1.1747,1.1721,1.1741,857,7227,79.19,,,,,,,,
2025-09-16,147.41,147.54,146.7,146.89,147.4,3185,43653,1.1763,1.18,1.1757,1.1795,618,5134,79.49,,,,,,,,
2025-09-17,146.41,146.67,146.22,146.67,146.5,2648,37525,1.1872,1.1872,1.1838,1.1841,486,6724,79.28,,,,,,,,
2025-09-18,146.88,147.53,146.79,147.12,146.9,3444,36527,1.1826,1.1838,1.1783,1.1832,766,5226,78.88,,,,,,,,
2025-09-19,147.96,148.11,147.2,147.94,147.95,4597,38934,1.1789,1.1792,1.1766,1.177,918,4707,79.06,,,,,,,,
2025-09-22,148.11,148.37,147.89,148.12,148.21,2485,39786,1.1736,1.1752,1.1727,1.1748,922,6080,79.06,,,,,,,,
2025-09-24,147.59,148.1,147.53,148.05,147.8,3271,58260,1.1816,1.1816,1.1783,1.1788,745,12306,78.74,,,,,,,,
2025-09-25,148.8,148.86,148.56,148.82,148.68,4185,62593,1.1742,1.1752,1.1734,1.1734,701,6328,78.48,,,,,,,,
2025-09-26,149.88,149.95,149.62,149.84,149.74,4119,71019,1.1662,1.1682,1.1659,1.1674,849,3961,78.57,,,,,,,,
2025-09-29,149.42,149.5,148.55,148.57,149.12,3828,57681,1.1705,1.1733,1.1707,1.1728,1528,5986,78.89,,,,,,,,
2025-09-30,148.64,148.85,147.95,148.07,148.83,6322,58084,1.1731,1.1747,1.1713,1.1744,1343,4563,79.28,,,,,,,,
2025-10-01,148.03,148.22,147.03,147.12,148.13,2820,64106,1.1735,1.1776,1.1732,1.1751,888,9188,79.69,,,,,,,,
2025-10-02,147.11,147.38,146.9,147.08,147.17,3386,58242,1.1732,1.1756,1.1725,1.1751,584,5678,79.64,,,,,,,,
2025-10-03,147.16,147.81,147.1,147.41,147.32,3434,73426,1.1724,1.1733,1.1717,1.1733,704,10880,79.45,,,,,,,,
2025-10-06,149.58,150.44,149.05,150.02,150.1,6153,49077,1.1712,1.1729,1.1664,1.1663,692,9726,78.02,,,,,,,,
2025-10-07,150.37,150.7,150.25,150.63,150.44,3504,45945,1.171,1.1712,1.1672,1.1677,862,3482,77.32,,,,,,,,
2025-10-08,152.07,152.64,151.75,152.57,152.3,4224,67539,1.1653,1.1651,1.1608,1.1631,795,5406,76.98,,,,,,,,
2025-10-09,152.73,153.2,152.41,153.07,152.66,3714,47753,1.163,1.1646,1.1607,1.1611,1113,1746,76.98,,,,,,,,
2025-10-10,153.03,153.27,152.38,152.85,153.01,4070,49891,1.1566,1.1577,1.1562,1.1578,1042,4193,77.97,,,,,,,,
2025-10-14,152.46,152.61,151.63,151.97,152.5,3460,46672,1.1566,1.1592,1.1544,1.1549,361,2306,77.64,,,,,,,,
2025-10-15,151.72,151.87,150.9,151.25,151.61,4029,44599,1.1603,1.1642,1.1603,1.1636,524,3261,77.83,,,,,,,,
2025-10-16,151,151.38,150.52,151.24,150.62,3659,45842,1.1646,1.1675,1.1646,1.1652,916,6007,78.08,,,,,,,,
2025-10-17,150.14,150.41,149.38,149.71,150.08,4438,57496,1.17,1.1727,1.1693,1.1713,645,4580,78.09,,,,,,,,
2025-10-20,150.92,151.2,150.5,150.75,150.96,3649,27976,1.1658,1.1675,1.1657,1.1663,319,933,77.96,,,,,,,,
2025-10-21,150.83,151.6,150.48,151.16,151,4722,58613,1.1645,1.1656,1.162,1.1625,818,4630,77.52,,,,,,,,
2025-10-22,151.87,151.95,151.5,151.83,151.66,3550,37135,1.1601,1.1615,1.16,1.1601,807,3191,77.49,,,,,,,,
2025-10-23,152,152.65,151.83,152.5,152.2,3796,40218,1.1607,1.1612,1.1593,1.16,758,3665,77.18,,,,,,,,
2025-10-24,152.61,153.06,152.48,152.83,152.62,4422,45469,1.1618,1.1628,1.1602,1.1619,741,7189,77.02,,,,,,,,
2025-10-27,153.08,153.25,152.66,153.03,152.96,2861,45547,1.1631,1.1647,1.1621,1.162,429,4314,76.88,,,,,,,,
2025-10-28,152.7,152.8,151.77,152.16,152.5,3745,62712,1.1651,1.1668,1.1647,1.1654,443,4314,77.16,,,,,,,,
2025-10-29,151.75,152.53,151.54,152.06,151.6,5162,60468,1.1657,1.1659,1.1625,1.1633,944,14196,76.94,,,,,,,,
2025-10-30,152.72,153.56,152.16,153.44,152.69,5559,57510,1.1604,1.1638,1.1599,1.1618,871,2080,76.38,,,,,,,,
2025-10-31,153.91,154.38,153.66,154.31,153.98,5754,69148,1.1572,1.1577,1.1556,1.1565,920,2414,76.54,,,,,,,,
2025-11-04,154.22,154.48,153.33,153.59,154.33,3545,71271,1.1519,1.1532,1.1498,1.1528,559,1659,76.97,,,,,,,,
2025-11-05,153.55,153.74,152.96,153.55,153.44,3886,68454,1.1485,1.1496,1.1481,1.1488,514,2126,76.69,,,,,,,,
2025-11-06,154.09,154.13,153.78,153.87,153.96,3096,70640,1.1496,1.1512,1.1494,1.1509,407,5750,77.12,,,,,,,,
2025-11-07,152.94,153.53,152.83,153.39,153.2,4383,60732,1.1549,1.155,1.1531,1.1533,455,3726,76.91,,,,,,,,
2025-11-10,153.83,154.12,153.43,154.05,153.85,3413,38408,1.1543,1.157,1.1543,1.1567,425,3300,76.52,,,,,,,,
2025-11-11,154.15,154.48,154.07,154.19,154.3,3782,32561,1.1557,1.1565,1.1549,1.1562,421,3762,76.47,,,,,,,,
2025-11-12,154.09,154.79,154.06,154.62,154.25,4452,57939,1.1587,1.1586,1.1574,1.1584,487,1865,76.14,,,,,,,,
2025-11-13,154.71,155.01,154.63,154.72,154.94,4617,57328,1.1592,1.1611,1.158,1.1612,852,2955,76.11,,,,,,,,
2025-11-14,154.64,154.74,154.32,154.68,154.65,5579,57215,1.163,1.1647,1.1625,1.1633,590,1771,76.11,,,,,,,,
2025-11-17,154.61,154.8,154.45,154.68,154.66,2603,47197,1.1615,1.1614,1.1595,1.1614,575,2235,75.92,,,,,,,,
2025-11-18,155.29,155.36,154.84,155,155.3,4090,47365,1.159,1.1601,1.1586,1.1591,398,2586,75.81,,,,,,,,
2025-11-19,155.52,155.58,155.22,155.52,155.45,4635,48393,1.1581,1.1595,1.1575,1.1582,471,700,75.14,,,,,,,,
2025-11-20,157.01,157.78,156.89,157.46,157.16,5931,48375,1.1539,1.1539,1.1511,1.152,409,4263,75.05,,,,,,,,
2025-11-21,157.39,157.54,156.62,156.74,157.4,5753,53512,1.1534,1.1547,1.1529,1.1541,361,8437,75.55,,,,,,,,
2025-11-25,156.91,156.97,156.53,156.63,156.83,3257,60799,1.152,1.153,1.1512,1.1524,966,4340,75.51,,,,,,,,
2025-11-26,156.18,156.46,155.67,156.38,156.35,4925,31825,1.1566,1.1595,1.1563,1.158,771,1210,75.21,,,,,,,,
2025-11-27,156.22,156.44,155.72,156.11,155.87,3842,36323,1.1602,1.1613,1.1587,1.1592,1112,1859,75.26,,,,,,,,
2025-11-28,156.3,156.58,156.1,156.32,156.25,3474,82340,1.16,1.1601,1.1582,1.1577,607,2599,75.3,,,,,,,,
2025-12-01,155.91,156.15,155.31,155.38,155.8,4551,48456,1.1601,1.1613,1.1592,1.1607,703,6891,75.62,,,,,,,,
2025-12-02,155.57,155.83,155.42,155.77,155.68,4525,50264,1.1607,1.1615,1.1604,1.1613,593,4693,75.4,,,,,,,,
2025-12-03,155.76,155.99,155.52,155.69,155.8,2936,59400,1.1629,1.1652,1.1626,1.1642,902,6038,75.54,,,,,,,,
2025-12-04,155.1,155.53,155.04,155.25,155.23,5158,60884,1.1666,1.167,1.1654,1.1666,613,4584,75.72,,,,,,,,
2025-12-05,155.13,155.23,154.34,154.63,155.06,4795,79007,1.1644,1.1669,1.1642,1.1664,735,3878,75.58,,,,,,,,
2025-12-08,155.31,155.37,154.91,155.36,155.18,2498,46250,1.1641,1.167,1.1642,1.1659,494,5978,75.32,,,,,,,,
2025-12-09,155.86,156.2,155.75,156.2,155.97,4433,58655,1.1641,1.1649,1.1637,1.164,587,874,74.83,,,,,,,,
2025-12-10,156.8,156.93,156.57,156.66,156.82,3594,49427,1.1629,1.1649,1.1623,1.1649,838,1281,75.13,,,,,,,,
2025-12-11,155.75,156.16,155.5,156.05,155.8,3945,64377,1.1702,1.1706,1.1683,1.1694,817,3579,75.24,,,,,,,,
2025-12-12,155.49,155.82,155.46,155.65,155.68,4249,59132,1.1741,1.1745,1.1733,1.1739,1036,2528,75.13,,,,,,,,
2025-12-15,155.87,155.99,154.96,155.26,155.95,4679,49774,1.1738,1.1744,1.1729,1.1729,943,3972,75.36,,,,,,,,
2025-12-16,155.03,155.18,154.7,154.89,155.08,4273,79630,1.1754,1.1756,1.1748,1.1753,1136,2997,75.6,,,,,,,,
2025-12-17,154.78,155.56,154.51,155.5,154.68,4290,50839,1.175,1.1752,1.1705,1.1714,1926,3996,75.19,,,,,,,,
2025-12-18,155.49,155.94,155.43,155.93,155.55,3283,58665,1.1742,1.1747,1.1734,1.1734,1271,5180,75.24,,,,,,,,
2025-12-19,155.58,156.8,155.52,156.74,155.73,5649,61186,1.1725,1.1728,1.1706,1.1708,1271,2059,74.21,,,,,,,,
2025-12-22,157.65,157.69,157.23,157.49,157.63,3474,46882,1.171,1.173,1.1711,1.173,792,2220,74.41,,,,,,,,
2025-12-23,156.91,157.03,155.92,156.08,156.75,5500,67288,1.1765,1.178,1.1762,1.1779,707,2440,74.69,,,,,,,,
2025-12-24,156.11,156.27,155.57,155.83,156.18,2606,37225,1.1796,1.1807,1.1787,1.179,1017,12547,74.69,,,,,,,,
2025-12-25,155.95,156.09,155.65,156,155.8,556,12643,1.1779,1.1783,1.177,1.1782,105,0,74.68,,,,,,,,
2025-12-26,156.13,156.48,155.77,156.37,156.43,3352,41958,1.1786,1.1792,1.1772,1.1773,674,250,74.32,,,,,,,,
2025-12-29,156.48,156.53,156.06,156.08,156.32,2459,55855,1.1774,1.1785,1.1755,1.1777,460,8079,74.63,,,,,,,,
2025-12-30,155.98,156.33,155.9,155.98,156.3,4315,64566,1.1772,1.1779,1.1769,1.1771,316,4582,74.45,,,,,,,,
2026-01-05,157,157.29,156.75,156.98,157.24,5053,88189,1.1706,1.172,1.1673,1.1688,550,3626,74.47,,,,,,,,
2026-01-06,156.61,156.8,156.23,156.33,156.67,4881,86572,1.1715,1.1741,1.1712,1.1729,631,3652,74.34,,,,,,,,
2026-01-07,156.66,156.8,156.3,156.49,156.61,2843,71591,1.1689,1.1701,1.1679,1.1682,805,3447,74.38,,,,,,,,
2026-01-08,156.7,156.95,156.46,156.47,156.77,3548,78367,1.1677,1.1682,1.1673,1.1678,478,5227,74.38,,,,,,,,
2026-01-09,156.87,157.55,156.83,157.49,157.06,4173,74292,1.1658,1.166,1.1642,1.1651,1239,4994,73.93,,,,,,,,
2026-01-13,158,158.98,157.93,158.95,158.24,4565,61260,1.1666,1.1668,1.1655,1.1664,645,2405,73.39,,,,,,,,
2026-01-14,159.2,159.45,159.09,159.18,159.2,5158,52013,1.1643,1.1651,1.1638,1.1647,890,2789,73.62,,,,,,,,
2026-01-15,158.44,158.73,158.2,158.59,158.5,4014,56258,1.1645,1.1647,1.1626,1.1629,1347,2098,73.57,,,,,,,,
2026-01-16,158.6,158.71,157.97,158.17,158.2,5185,33421,1.1609,1.1614,1.1603,1.1612,719,2218,73.86,,,,,,,,
2026-01-19,157.57,158.12,157.43,158.07,157.52,2827,29793,1.1623,1.1641,1.1582,1.1628,993,2338,73.74,,,,,,,,
2026-01-20,158.16,158.6,157.86,158.37,158.15,5215,61888,1.164,1.1692,1.1633,1.169,1102,3285,73.6,,,,,,,,
2026-01-21,158.21,158.26,157.86,157.92,158.21,2855,64120,1.1726,1.1733,1.1711,1.1718,979,4413,73.55,,,,,,,,
2026-01-22,158.46,158.89,158.18,158.78,158.2,3171,50777,1.1674,1.1696,1.1672,1.169,968,2296,73.35,,,,,,,,
2026-01-23,158.49,159.22,157.37,158.39,158.55,5984,56970,1.1754,1.1755,1.1735,1.1737,560,2866,74.38,,,,,,,,
2026-01-26,155.17,155.33,153.82,154.26,154.77,6201,54749,1.1858,1.1892,1.1838,1.1839,627,2550,74.99,,,,,,,,
2026-01-27,154.4,154.76,154.1,154.72,154.29,4513,70093,1.1874,1.1899,1.1863,1.1864,1317,3892,75.57,,,,,,,,
2026-01-28,152.5,153.06,152.25,152.64,152.58,3823,77621,1.2023,1.2043,1.1975,1.1992,2002,4564,75.06,,,,,,,,
2026-01-29,153.09,153.44,152.78,153.33,153.09,3616,71648,1.1979,1.1993,1.1953,1.1974,1009,4548,75.22,,,,,,,,
2026-01-30,153.14,154.1,152.88,153.8,153.6,4902,64777,1.1968,1.1973,1.1895,1.1939,1326,5709,74.77,,,,,,,,
2026-02-02,155.2,155.51,154.55,154.89,155.24,3392,81743,1.1847,1.1874,1.1842,1.1855,604,4357,74.42,,,,,,,,
2026-02-03,155.47,155.61,155.3,155.41,155.55,3071,74895,1.1799,1.1823,1.1791,1.1815,949,2771,74.24,,,,,,,,
2026-02-04,155.81,156.47,155.7,156.43,156.03,3527,66440,1.1816,1.1836,1.1809,1.1832,634,4036,73.83,,,,,,,,
2026-02-05,156.9,157.2,156.69,157.12,156.79,2322,62195,1.1802,1.1807,1.1785,1.1799,865,2976,73.86,,,,,,,,
2026-02-06,156.81,157.06,156.56,156.89,156.76,2451,49719,1.1777,1.1801,1.1768,1.1792,498,3938,73.63,,,,,,,,
2026-02-09,157.24,157.66,156.23,156.6,156.89,4625,62448,1.1826,1.1859,1.1816,1.1856,1234,1732,73.94,,,,,,,,
2026-02-10,156.13,156.3,155.1,155.57,156.1,4904,55352,1.1904,1.1916,1.1897,1.1908,1165,2797,74.67,,,,,,,,
2026-02-12,153.27,153.54,152.28,153.01,153.1,5653,52395,1.1875,1.1884,1.1855,1.1875,740,2814,75.35,,,,,,,,
2026-02-13,152.78,153.59,152.7,153.4,152.87,4101,43203,1.1869,1.1874,1.1848,1.1859,931,3888,75.4,,,,,,,,
2026-02-16,152.79,153.38,152.64,153.35,153.08,2623,39710,1.1867,1.1867,1.1861,1.1863,323,1170,75.04,,,,,,,,
2026-02-17,153.55,153.75,152.84,153.09,153.3,3626,60242,1.1851,1.185,1.183,1.1833,228,3038,75.16,,,,,,,,
2026-02-18,153.14,153.7,153.07,153.68,153.2,2836,75519,1.1851,1.1852,1.1835,1.1835,411,5897,74.58,,,,,,,,
2026-02-19,154.7,155.32,154.63,154.97,154.7,3212,60889,1.1789,1.1802,1.1787,1.1801,610,4747,74.52,,,,,,,,
2026-02-20,155.2,155.5,154.9,155.5,155.15,3837,66214,1.1769,1.1775,1.175,1.1752,666,5284,74.46,,,,,,,,
2026-02-24,154.67,156.16,154.53,156.11,154.82,5668,46582,1.1793,1.1795,1.1769,1.178,649,4651,73.91,,,,,,,,
2026-02-25,155.91,156.04,155.35,155.92,155.78,5132,73361,1.1774,1.1807,1.1774,1.1798,671,4857,73.46,,,,,,,,
2026-02-26,156.18,156.32,155.71,156.04,156.1,3356,64613,1.1816,1.1827,1.1809,1.1816,842,3003,73.57,,,,,,,,
2026-02-27,155.87,156.15,155.54,156.09,155.76,4436,75524,1.1803,1.1819,1.179,1.1816,407,8074,73.67,,,,,,,,
2026-03-02,156.65,157.04,156,156.99,156.4,4435,63901,1.1759,1.1795,1.1705,1.1716,833,2061,73.6,,,,,,,,
2026-03-03,157.28,157.59,157.16,157.42,157.41,5141,74766,1.1695,1.1707,1.1645,1.1644,2252,1602,73.72,,,,,,,,
2026-03-04,157.77,157.86,157.19,157.46,157.66,2441,75897,1.1611,1.1626,1.1576,1.1616,1692,6373,73.87,,,,,,,,
2026-03-05,156.98,157.27,156.46,157.26,156.58,3516,70630,1.1635,1.1645,1.1588,1.1605,914,3636,73.84,,,,,,,,
2026-03-06,157.55,157.91,157.38,157.54,157.4,3354,73252,1.1606,1.1621,1.1606,1.1615,777,5563,73.69,,,,,,,,
2026-03-09,158.42,158.9,158.07,158.46,158.88,3030,73912,1.1524,1.1571,1.1508,1.1564,1613,8952,73.65,,,,,,,,
2026-03-10,157.87,157.95,157.29,157.32,157.69,3346,67346,1.1616,1.1663,1.1608,1.166,815,3897,73.35,,,,,,,,
2026-03-11,158.11,158.38,157.87,158.23,158.2,3539,67975,1.1612,1.1646,1.1604,1.1618,1717,4742,73.07,,,,,,,,
2026-03-12,159.08,159.23,158.78,158.8,159,3334,69486,1.1543,1.1571,1.1533,1.1552,887,5990,73.16,,,,,,,,
2026-03-13,159.24,159.68,159.02,159.43,159.2,4578,72625,1.1521,1.1527,1.1455,1.1458,2695,6004,73.31,,,,,,,,
2026-03-16,159.56,159.68,159.18,159.29,159.41,2331,61793,1.1435,1.1455,1.1415,1.1427,833,2550,73.38,,,,,,,,
2026-03-17,159.14,159.5,159.08,159.23,159.33,2942,56567,1.1499,1.1504,1.1467,1.1495,1405,2095,73.3,,,,,,,,
2026-03-18,158.91,159.14,158.57,158.77,159.12,3319,65020,1.154,1.1549,1.1525,1.1527,868,4725,73.2,,,,,,,,
2026-03-19,159.82,159.83,159.21,159.22,159.8,3394,63910,1.1464,1.1491,1.1452,1.1453,1034,2816,73.94,,,,,,,,
2026-03-23,159.15,159.65,159.04,159.59,159.47,3804,67001,1.1563,1.1563,1.1522,1.1528,522,2774,73.53,,,,,,,,
2026-03-24,158.49,158.79,158.29,158.5,158.58,3689,80271,1.1609,1.1616,1.1578,1.1608,1511,8909,73.52,,,,,,,,
2026-03-25,158.7,159.16,158.57,159.14,158.63,3129,79202,1.1614,1.163,1.1588,1.1598,1549,3857,73.31,,,,,,,,
2026-03-26,159.4,159.53,159.29,159.5,159.43,3407,81505,1.1561,1.157,1.1553,1.1554,1136,3274,73.31,,,,,,,,
2026-03-27,159.73,159.98,159.46,159.95,159.53,4735,94427,1.1534,1.1546,1.1519,1.1518,1054,4923,73.16,,,,,,,,
2026-03-30,160.23,160.44,159.59,159.78,159.99,3172,69757,1.1493,1.152,1.1489,1.1498,657,7269,73.56,,,,,,,,
2026-03-31,159.84,159.97,159.5,159.63,159.8,6719,86427,1.1457,1.1489,1.1449,1.1473,978,3081,73.78,,,,,,,,
2026-04-01,158.59,159,158.28,158.8,158.84,3599,82908,1.1574,1.1592,1.1556,1.1582,892,10863,73.52,,,,,,,,
2026-04-02,158.72,159.73,158.56,159.57,158.66,3846,94016,1.159,1.1604,1.152,1.1533,667,8120,73.3,,,,,,,,
2026-04-03,159.49,159.71,159.44,159.6,159.63,2439,55775,1.1542,1.1546,1.1532,1.1543,463,0,73.29,,,,,,,,
2026-04-06,159.79,159.82,159.35,159.38,159.56,2142,44789,1.151,1.1568,1.1507,1.1565,688,2756,73.2,,,,,,,,
2026-04-07,159.7,159.92,159.67,159.87,159.8,1988,89720,1.1541,1.1545,1.1525,1.1542,466,7486,73.05,,,,,,,,
2026-04-08,158.71,159.72,158.06,158.21,158.65,3068,95161,1.1687,1.1709,1.1606,1.1695,1219,3087,73.1,,,,,,,,
2026-04-09,158.65,159,158.55,158.97,158.86,3047,100062,1.1659,1.1671,1.1652,1.1662,649,6196,72.82,,,,,,,,
2026-04-10,159.1,159.36,159.03,159.35,159.23,2560,107292,1.1692,1.1701,1.168,1.168,773,15903,72.67,,,,,,,,
2026-04-13,159.68,159.85,159.56,159.61,159.85,2473,58327,1.1676,1.1697,1.1667,1.1697,430,4555,72.5,,,,,,,,
2026-04-14,159.23,159.39,158.96,159.07,159.21,2659,72360,1.1767,1.1795,1.1757,1.178,643,6070,72.62,,,,,,,,
2026-04-15,158.81,159.06,158.74,158.94,158.87,2793,83268,1.1798,1.1801,1.178,1.1786,575,3805,72.55,,,,,,,,
2026-04-16,158.82,158.95,158.27,158.87,158.76,3310,79835,1.1807,1.1823,1.1793,1.1792,603,6616,72.51,,,,,,,,
2026-04-17,159.22,159.54,159.05,159.27,159.5,2664,69187,1.1781,1.1785,1.1774,1.1783,507,11275,72.68,,,,,,,,
2026-04-20,159.17,159.2,158.74,158.97,158.98,2324,72038,1.1739,1.1771,1.1732,1.176,574,5555,72.58,,,,,,,,
2026-04-21,158.84,159.06,158.79,159.02,158.98,1844,74138,1.1785,1.1788,1.1764,1.1764,675,11056,72.49,,,,,,,,
2026-04-22,159.37,159.45,159.11,159.22,159.2,3712,57992,1.1745,1.1761,1.1739,1.1756,374,3769,72.5,,,,,,,,
2026-04-23,159.49,159.7,159.3,159.6,159.31,3024,82082,1.1706,1.1714,1.1694,1.1704,547,5406,72.54,,,,,,,,
2026-04-24,159.76,159.84,159.61,159.68,159.8,3793,78930,1.1684,1.1691,1.1673,1.1691,506,4728,72.56,,,,,,,,
2026-04-27,159.58,159.6,159.15,159.24,159.53,2347,69024,1.1706,1.1743,1.1705,1.1743,707,7573,72.52,,,,,,,,
2026-04-28,159.36,159.6,158.96,159.53,159.49,4148,58545,1.1724,1.1722,1.1688,1.17,419,15045,72.53,,,,,,,,
2026-04-30,160.19,160.72,159.8,160.14,160.27,30773,57750,1.1686,1.1688,1.1655,1.168,778,8834,73.9,,,,,,,,
2026-05-01,156.98,157.32,155.5,156.62,157.17,7592,40287,1.173,1.1735,1.172,1.1735,478,7542,73.7,,,,,,,,
2026-05-07,156.53,156.52,156.02,156.27,156.35,2822,78771,1.1748,1.1768,1.1746,1.1767,351,5385,73.48,,,,,,,,
2026-05-08,156.86,156.99,156.71,156.84,156.99,3133,71148,1.1732,1.1747,1.1725,1.1743,606,2870,73.47,,,,,,,,
2026-05-11,156.86,157.17,156.82,157.12,157,2616,46779,1.1768,1.1774,1.1749,1.1772,701,3407,73.28,,,,,,,,
2026-05-12,157.25,157.75,156.76,157.51,157.69,4053,61822,1.1778,1.1787,1.1745,1.1748,697,4775,73.28,,,,,,,,
2026-05-13,157.68,157.85,157.57,157.85,157.77,3039,35580,1.1735,1.1741,1.1707,1.1707,713,6126,73.16,,,,,,,,
2026-05-14,157.86,157.99,157.53,157.93,157.85,2793,56879,1.1716,1.1721,1.1706,1.1708,495,1835,73,,,,,,,,
2026-05-15,158.39,158.66,158.33,158.45,158.5,3024,61194,1.1663,1.167,1.1632,1.1637,1136,6156,73.09,,,,,,,,
2026-05-18,158.85,159.08,158.79,158.93,158.95,2000,45481,1.1614,1.1637,1.1608,1.1632,297,5506,72.92,,,,,,,,
2026-05-19,158.88,159.13,158.79,159.04,158.99,2660,57440,1.1655,1.1661,1.1631,1.1635,684,2796,73.03,,,,,,,,
2026-05-20,159.05,159.09,158.83,159.07,159,2585,68940,1.1607,1.1611,1.1592,1.1593,314,3744,72.92,,,,,,,,
2026-05-21,158.89,159.08,158.82,159.03,158.87,2309,68416,1.1625,1.1635,1.1595,1.1608,1111,6785,72.92,,,,,,,,
2026-05-22,159.03,159.14,159,159.13,159.05,3597,57889,1.1618,1.1619,1.1603,1.1609,350,2516,72.86,,,,,,,,
2026-05-25,158.95,159.04,158.76,158.97,158.85,1743,25227,1.1642,1.1649,1.1635,1.1638,308,1596,72.78,,,,,,,,
2026-05-26,158.97,159.21,158.9,159.2,158.99,2142,55898,1.1636,1.1641,1.1627,1.1638,355,3783,72.68,,,,,,,,
2026-05-27,159.25,159.37,159.18,159.36,159.3,3368,52937,1.1637,1.1649,1.1635,1.1641,374,6116,72.54,,,,,,,,
2026-05-28,159.58,159.66,159.45,159.47,159.58,2214,63074,1.1618,1.1628,1.1587,1.1613,800,3541,72.58,,,,,,,,
2026-05-29,159.27,159.37,158.98,159.27,159.3,3254,64864,1.1653,1.1656,1.1635,1.164,545,4198,72.51,,,,,,,,
2026-06-01,159.37,159.5,159.34,159.47,159.45,2478,58970,1.1649,1.1664,1.1642,1.1658,462,2096,72.44,,,,,,,,
2026-06-02,159.65,159.74,159.63,159.69,159.72,2791,51744,1.1636,1.1652,1.1629,1.165,325,8310,72.34,,,,,,,,
2026-06-03,159.98,160,159.55,159.71,159.96,3065,63130,1.1622,1.1632,1.1613,1.1616,406,5123,72.48,,,,,,,,
2026-06-04,159.95,160.05,159.6,159.9,159.9,2523,67920,1.1609,1.1612,1.1598,1.1605,427,6090,72.47,,,,,,,,
2026-06-05,160,160.01,159.9,159.95,159.96,2407,60041,1.1612,1.1635,1.1611,1.1633,495,7204,72.66,,,,,,,,
2026-06-08,160.34,160.39,160.15,160.23,160.35,2741,54988,1.1522,1.1538,1.1512,1.1517,693,7696,72.66,,,,,,,,
2026-06-09,160.19,160.29,160.06,160.2,160.27,3566,68666,1.1528,1.1552,1.1528,1.154,749,6531,72.49,,,,,,,,
2026-06-10,160.39,160.43,160.25,160.39,160.42,2797,58890,1.1536,1.1558,1.1535,1.1554,699,6735,72.44,,,,,,,,
2026-06-11,160.53,160.59,160.43,160.51,160.54,2289,59527,1.1536,1.1555,1.1527,1.1545,1119,6746,72.55,,,,,,,,
2026-06-12,160.14,160.38,159.95,160.28,160.17,3138,45498,1.1576,1.1584,1.1559,1.1568,658,5811,72.38,,,,,,,,
