Date,MAM1NAM2M2MO,MAM1NAM3M3MO,MAM1NAM3M1MO,MAM1NAM3CCMO,MAM1NAM3DMMO,MAM1NAM3DMEP,MAM1NAM3DMPN,MAM1NAM3QMMO,MAM1NAM3QMEP,MAM1NAM3QMPN,MAM1NAM3CDMO,MAM1NAM3CDEP,MAM1NAM3CDPN,MAM1NABLBLMO,MAM1NABLPTMO,MAM1NABLITMO,MAM1NABLBDMO,MAM1NABLSBMO,MAM1NABLCPMO,MAM1NABLGSMO,MAM1NABLFBMO,MAM1XABLBLMO,MAM1XAM2M2MO,MAM1XAM3M3MO,MAM1XAM3M1MO,MAM1XAM3CCMO,MAM1XAM3DMMO,MAM1XAM3QMMO,MAM1NEM3M3MO,MAM1NEM3M1MO,MAM1NEM3CCMO,MAM1NEM3DMMO,MAM1NEM3DMEP,MAM1NEM3DMPN,MAM1NEM3QMMO,MAM1NEM3QMEP,MAM1NEM3QMPN,MAM1NEM3CDMO,MAM1NEM3CDEP,MAM1NEM3CDPN,MAM1XEM3M3MO,MAM1XEM3M1MO,MAM1YAM2M2MO,MAM1YAM3M3MO,MAM1YAM3M1MO,MAM1YAM3CCMO,MAM1YAM3DMMO,MAM1YAM3QMMO,MAM1YAM3CDMO,MAM1YABLBLMO,MAM1SAM2M2MO,MAM1SAM3M3MO,MAM1SABLBLMO,MAMS3ANM2C,MAMS3AN01,MAMS3ANC,MAMS3AND,MAMS3AND1,MAMS3AND2,MAMS3ANQ,MAMS3ANQ1,MAMS3ANQ2,MAMS3ANCD,MAMS3ANCD1,MAMS3ANCD2,MAMS3AN09NE,MAMS3ANM3,MAMS3ANLNE,MAMS3ANLNE12,MAMS3ANLNE1,MAMS3ANLN2,MAMS3ANLN3,MAMS3ANLN11,MAMS3ANLN4,MAMS3ANLN6,MAMS3ANLN9,MAMS3ANLN8,MAMS3ANLN5,MAMS3ANLN7,MAMS3ANLN10,MAMS3ANLN71,MAMS3AALNEX12,MAMS3AAM2CX12,MAMS3AA01X12,MAMS3AACX12,MAMS3AADX12,MAMS3AAQX12,MAMS3ENM2C,MAMS3EN01,MAMS3ENC,MAMS3END,MAMS3END1,MAMS3END2,MAMS3ENQ,MAMS3ENQ1,MAMS3ENQ2,MAMS3ENCD,MAMS3ENCD1,MAMS3ENCD2,MAMS3EN10NE,MAMS3ENM3,MAMS3EN18NE,MAMS3EN17NE,MAMS3EN15N,MAMS3EN16N,MAMS3EAM2CX12,MAMS3EA01X12
2000-01,,,,,,,,,,,,,,,,,,,,,,,,,,,,,,,,,,,,,,,,,,,2.6,2.5,12.6,8,14.2,-1.2,-23.4,2.8,,,,6268531,2271025,541451,1729574,723619,974936,3839105,986998,2675879,158401,151244,836,11034745,9934045,12565711,3665514,2606011,1059503,1100700,50554,407745,301949,25953,227227,260452,257086,339622,244471,12548349,6237917,2254022,523057,1730135,3817631,6202595,2228113,531584,1696529,693708,974624,3827473,982062,2673801,147009,142862,856,10961586,9862971,3660376,2606424,1053952,1098615,6246899,2286138
2000-02,,,,,,,,,,,,,,,,,,,,,,,,,,,,,,,,,,,,,,,,,,,2.1,2.2,12.2,6.8,13.9,-1.4,-27.9,2.7,,,,6204003,2224733,522304,1702429,698150,975293,3822881,981946,2669974,156389,152882,859,10966188,9868494,12535657,3664491,2609171,1055320,1097694,57274,431406,301594,16445,235865,258775,268110,340851,245207,12573311,6235997,2266293,523736,1741418,3813762,6202671,2258716,533741,1724975,695369,993393,3787737,959050,2666938,156218,152825,862,10967011,9870234,3667563,2611917,1055646,1096777,6259074,2298645
2000-03,,,,,,,,,,,,,,,,,,,,,,,,,,,,,,,,,,,,,,,,,,,1.9,2.1,10.3,7.6,11.2,-1.4,-17.8,2.7,,,,6238519,2290330,533131,1757199,735399,976995,3758910,941472,2661178,189279,183117,1065,11005830,9904893,12607324,3666374,2610550,1055824,1100937,66008,436099,301819,9161,235020,261847,291540,342316,273207,12618153,6247943,2276099,529103,1747678,3799784,6339881,2375195,558761,1816434,743477,991800,3683887,875260,2657824,280799,268759,2080,11106754,10001655,3661774,2609183,1052591,1105099,6309376,2322184
2000-04,,,,,,,,,,,,,,,,,,,,,,,,,,,,,,,,,,,,,,,,,,,2.9,2.6,11.8,9.8,12.4,-1.6,-5.6,3.1,,,,6330959,2371345,544148,1827197,769024,998304,3730691,917747,2655760,228923,219726,1062,11115414,9993409,12719956,3662450,2605957,1056493,1122005,69426,440278,301678,8588,211080,267383,306109,347780,290205,12674786,6288926,2318239,542779,1771614,3782724,6386872,2448829,558912,1889917,827357,1020844,3770029,957522,2657049,168014,163217,834,11188205,10049292,3662420,2602732,1059688,1138913,6289335,2330898
2000-05,,,,,,,,,,,,,,,,,,,,,,,,,,,,,,,,,,,,,,,,,,,2.2,2.1,9.9,7.2,10.7,-1.2,-15.7,3,,,,6304644,2364096,532352,1831744,790453,993711,3776554,964236,2656333,163994,159374,825,11099825,9962564,12732603,3657920,2598271,1059649,1137261,71024,457903,299262,2791,203593,283284,314921,352301,291296,12709918,6279282,2311535,534417,1779339,3813302,6271463,2336322,526967,1809355,748002,987235,3792763,958636,2655114,142378,137115,806,11058268,9922658,3651195,2593811,1057384,1135610,6293991,2333935
2000-06,,,,,,,,,,,,,,,,,,,,,,,,,,,,,,,,,,,,,,,,,,,1.9,1.8,8.8,6,9.6,-1.3,-11.8,3.2,,,,6292745,2327405,521579,1805826,740977,1002029,3820866,957618,2656493,144474,137074,801,11094761,9958072,12776200,3665327,2600265,1065062,1136689,70784,467288,298853,2208,223241,290515,328550,352816,309281,12761679,6284454,2311786,530708,1780999,3817776,6361902,2390292,542527,1847765,746410,1052080,3833950,940790,2663672,137660,129825,787,11180175,10042407,3680505,2606719,1073786,1137768,6316390,2345697
2000-07,,,,,,,,,,,,,,,,,,,,,,,,,,,,,,,,,,,,,,,,,,,2,1.7,7.5,5.1,8.2,-1.2,3.7,3.4,,,,6326642,2338724,532831,1805893,725997,1038447,3836872,936881,2667775,151046,140643,835,11140942,10004030,12847757,3677388,2603900,1073488,1136912,70995,472060,296779,1476,236260,296610,332635,353691,308280,12798757,6294791,2315633,532074,1784447,3813073,6316030,2333902,539096,1794806,723829,1032177,3826901,924637,2671621,155227,144561,859,11124198,9988140,3672110,2601083,1071027,1136058,6315687,2345559
2000-08,,,,,,,,,,,,,,,,,,,,,,,,,,,,,,,,,,,,,,,,,,,1.8,1.6,6.3,5,6.7,-1.4,20.7,3.4,,,,6302207,2292583,529351,1763232,701463,1025279,3832410,931050,2670944,177214,163689,864,11109023,9974622,12846913,3672415,2600995,1071420,1134401,73080,470860,292195,2929,242734,322794,333298,354568,308409,12827036,6300062,2311785,534189,1778060,3800660,6275459,2278992,533321,1745671,677416,1033300,3803836,912860,2673344,192631,177137,857,11079898,9947153,3671694,2600908,1070786,1132745,6329822,2349667
2000-09,,,,,,,,,,,,,,,,,,,,,,,,,,,,,,,,,,,,,,,,,,,2,1.6,5.2,5.9,5,-1.6,50,3.4,,,,6271285,2258497,528118,1730379,682607,1012969,3798224,920016,2672562,214564,197621,869,11067106,9936247,12806759,3664962,2595801,1069161,1130859,76125,457173,290110,3936,249398,331217,331694,356102,310720,12839637,6312214,2304289,539809,1766245,3784309,6384104,2380725,549949,1830776,776176,1019770,3795586,926998,2673609,207793,192778,912,11170441,10041465,3657361,2590694,1066667,1128976,6397617,2404302
2000-10,,,,,,,,,,,,,,,,,,,,,,,,,,,,,,,,,,,,,,,,,,,2.1,1.6,5.3,7.1,4.7,-1.4,50.6,3.3,,,,6288945,2273823,538828,1734995,684129,1020305,3798567,933525,2672312,216555,201416,893,11076587,9944755,12819972,3655810,2588089,1067721,1131832,77234,446576,289520,5629,248370,344531,331525,357214,305947,12869754,6335860,2330948,547837,1783189,3789314,6297371,2305184,555391,1749793,687880,1032997,3792666,935024,2671687,199521,187134,901,11084705,9950016,3652645,2585484,1067161,1134689,6374165,2389232
2000-11,,,,,,,,,,,,,,,,,,,,,,,,,,,,,,,,,,,,,,,,,,,1.9,1.2,4.9,8.1,3.9,-1.5,48.2,3,,,,6283843,2269451,545673,1723778,678926,1016362,3803319,945220,2673009,211073,197067,899,11055483,9922638,12804005,3638795,2572234,1066561,1132845,78650,445809,284831,3905,251749,348702,334876,358070,307536,12874328,6337847,2329462,554035,1774235,3792179,6327748,2331004,560321,1770683,699073,1018630,3790934,929074,2673620,205810,186074,895,11083082,9952079,3624331,2558984,1065347,1131003,6379751,2392749
2000-12,,,,,,,,,,,,,,,,,,,,,,,,,,,,,,,,,,,,,,,,,,,2,1.1,4.1,6.4,3.4,-0.8,39,2.8,,,,6401757,2392094,577758,1814336,695548,1077246,3796058,922032,2688115,213605,192006,922,11166956,10037606,12913172,3635849,2558331,1077518,1129350,78465,440783,279973,4723,286387,319315,336570,359461,299946,12881017,6359058,2345484,555527,1789797,3793264,6498631,2478593,619477,1859116,731094,1094604,3817629,929116,2704784,202409,182161,935,11264429,10136730,3638099,2557678,1080421,1127699,6352832,2348330
2001-01,,,,,,,,,,,,,,,,,,,,,,,,,,,,,,,,,,,,,,,,,,,2.2,1,4.4,6.1,3.9,-0.5,34.3,3,,,,6404581,2370826,574404,1796422,690929,1072101,3820987,933731,2704952,212768,192398,914,11156092,10031102,12944854,3626521,2549453,1077068,1124990,76994,442803,276586,2440,327981,321312,340646,360808,290901,12935937,6376303,2356729,556775,1798924,3798457,6376495,2356430,564941,1791489,691146,1069348,3811171,926017,2707982,208894,189870,890,11109120,9986835,3610340,2541228,1069112,1122285,6422285,2417519
2001-02,,,,,,,,,,,,,,,,,,,,,,,,,,,,,,,,,,,,,,,,,,,2.6,1,4.5,6.2,4,-0.3,45.1,3.3,,,,6363379,2324653,554614,1770039,670188,1068997,3811877,929565,2706489,226849,207617,917,11096223,9971429,12951498,3608050,2537478,1070572,1124794,77394,449090,273291,10239,346027,359845,339389,361983,292475,12990478,6395484,2363622,556603,1805899,3801951,6369684,2372860,563840,1809020,685023,1087425,3779646,909533,2705789,217178,196508,811,11101101,9973794,3604110,2533729,1070381,1127307,6424977,2410021
2001-03,,,,,,,,,,,,,,,,,,,,,,,,,,,,,,,,,,,,,,,,,,,2.5,0.8,4.8,5.1,4.8,-0.4,31.6,3.3,,,,6392524,2400834,560126,1840708,718968,1074266,3742588,890574,2700994,249102,220106,844,11115713,9983729,13024087,3591205,2522998,1068207,1131984,78791,457999,271115,26376,345016,397257,331820,363327,273959,13031249,6405925,2389747,556732,1833467,3775814,6521371,2533045,576628,1956417,800589,1089503,3655743,828153,2697535,332583,273404,962,11235598,10098936,3577565,2512268,1065297,1136662,6479033,2468947
2001-04,,,,,,,,,,,,,,,,,,,,,,,,,,,,,,,,,,,,,,,,,,,2.3,0.6,5.6,3.7,6.2,-1.4,29.8,3.2,,,,6478207,2503670,564044,1939626,773578,1103901,3677416,853936,2693241,297121,247102,963,11183552,10055942,13124016,3577735,2508286,1069449,1127610,79693,482796,269891,25286,329009,415785,338004,365959,272958,13075049,6432776,2446825,562344,1880713,3725190,6561997,2625235,590206,2035029,855439,1131020,3681882,862139,2691915,254880,213105,915,11258011,10139453,3577456,2504304,1073152,1118558,6505232,2549219
2001-05,,,,,,,,,,,,,,,,,,,,,,,,,,,,,,,,,,,,,,,,,,,2.6,0.7,6.8,5.7,7.1,-2.4,58,2.8,,,,6471650,2524794,562935,1961859,799839,1103423,3687665,866177,2690364,259191,216569,896,11155429,10036961,13092184,3565311,2492844,1072467,1118468,89528,503771,266738,17772,291240,417526,350180,368108,287197,13068194,6446240,2469200,564351,1907731,3722344,6449283,2510842,565542,1945300,762204,1104220,3685407,852819,2688252,253034,202779,836,11120186,10001804,3552521,2481384,1071137,1118382,6477773,2504676
2001-06,,,,,,,,,,,,,,,,,,,,,,,,,,,,,,,,,,,,,,,,,,,2.9,0.8,7.9,8.4,7.8,-3.2,82.9,2.4,,,,6473153,2511306,565145,1946161,756793,1123465,3697542,849758,2688853,264305,201175,835,11151244,10034850,13078475,3561697,2483183,1078514,1116394,99003,508927,264626,17529,265262,411930,359954,368776,294681,13059489,6462539,2492316,572723,1918737,3700811,6581678,2624509,601019,2023490,793677,1183251,3696561,837583,2691341,260608,189675,803,11269555,10155146,3573468,2484984,1088484,1114409,6522422,2566450
2001-07,,,,,,,,,,,,,,,,,,,,,,,,,,,,,,,,,,,,,,,,,,,3,0.6,8.6,9.2,8.4,-3.5,79.8,2.1,,,,6513749,2539001,581923,1957078,739906,1167666,3703227,836538,2698696,271521,198735,794,11182117,10068554,13113576,3554805,2467968,1086837,1113563,98691,511222,262165,14695,265492,401096,378098,369797,303254,13063776,6478632,2515696,581146,1935391,3685009,6503165,2538822,582598,1956224,744894,1162346,3698367,827871,2705098,265976,193741,881,11152160,10039441,3536276,2450953,1085323,1112719,6509184,2556843
2001-08,,,,,,,,,,,,,,,,,,,,,,,,,,,,,,,,,,,,,,,,,,,2.9,0.5,9.4,8.5,9.7,-3.4,56.7,1.9,,,,6488095,2509202,574162,1935040,730766,1158262,3701128,828866,2706001,277765,203051,957,11131722,10020423,13091296,3532328,2448464,1083864,1111299,98890,512341,259236,19980,267753,413600,387774,370865,318866,13077649,6487009,2527466,578446,1948956,3674247,6480642,2521081,579371,1941710,731111,1167598,3683749,815632,2707332,275812,203302,994,11119997,10010118,3529476,2445975,1083501,1109879,6523348,2586546
2001-09,,,,,,,,,,,,,,,,,,,,,,,,,,,,,,,,,,,,,,,,,,,3.2,0.6,11.6,8,12.7,-3.3,28.7,1.9,,,,6471349,2521547,570566,1950981,756305,1151237,3673588,816932,2703189,276214,208243,997,11100855,9992367,13050698,3521018,2439649,1081369,1108488,99262,511048,255830,19316,266775,416426,381186,372765,320378,13078764,6508082,2568448,581662,1988752,3659231,6567647,2630659,586048,2044611,841717,1162498,3659371,812571,2701319,277617,213916,998,11187611,10080514,3512867,2433324,1079543,1107097,6540749,2610867
2001-10,,,,,,,,,,,,,,,,,,,,,,,,,,,,,,,,,,,,,,,,,,,2.9,0.4,11.5,6.8,13,-3.8,29.1,1.7,,,,6470999,2535714,575284,1960430,757320,1166086,3655703,817449,2695669,279582,218039,944,11095916,9980645,13043792,3509646,2431989,1077657,1115271,99417,512894,252381,25854,268051,406543,382736,374524,315580,13088977,6517002,2593893,584755,2010338,3644827,6485176,2574808,587279,1987529,767156,1185787,3643374,812353,2692112,266994,210106,951,11116240,9992794,3507618,2430654,1076964,1123446,6557843,2655096
2001-11,,,,,,,,,,,,,,,,,,,,,,,,,,,,,,,,,,,,,,,,,,,3,0.5,12.7,6.7,14.6,-4.3,31.3,2,,,,6475465,2557691,582025,1975666,767522,1173505,3640532,814430,2688534,277242,220619,903,11092960,9970397,13061492,3494932,2419736,1075196,1122563,99062,497519,251387,22046,275528,428047,394943,375006,322903,13127889,6527526,2619007,590188,2028160,3629910,6531469,2627945,594356,2033589,794810,1179526,3620057,798303,2684882,283467,219203,926,11137133,10015450,3483981,2408817,1075164,1121683,6578067,2692282
2001-12,,,,,,,,,,,,,,,,,,,,,,,,,,,,,,,,,,,,,,,,,,,3.3,0.7,13.6,6.8,15.7,-4.8,32.4,2,,,,6613156,2717203,617259,2099944,804734,1247198,3613246,793064,2686262,282707,220787,916,11236894,10110457,13173424,3497301,2414864,1082437,1126437,98950,444585,245285,18857,280050,442969,405834,375574,318651,13145862,6576819,2677758,596882,2081115,3610315,6712768,2817996,666897,2151099,830804,1280788,3615286,792024,2690970,279486,223680,805,11352836,10221640,3508872,2420912,1087960,1131196,6629462,2748297
2002-01,,,,,,,,,,,,,,,,,,,,,,,,,,,,,,,,,,,,,,,,,,,3.5,1,15.8,8.2,18.2,-5.6,28.8,1.7,,,,6627892,2745045,621692,2123353,812408,1267810,3608831,794802,2681124,274016,219408,762,11257632,10126862,13166125,3498970,2417326,1081644,1130770,99101,407680,235643,16387,282761,450282,416639,376299,314065,13161854,6602844,2731614,604952,2126915,3590640,6590942,2748068,616907,2131161,809531,1280235,3588983,790737,2667497,253891,200949,697,11210883,10080538,3489596,2413740,1075856,1130345,6639885,2815469
2002-02,,,,,,,,,,,,,,,,,,,,,,,,,,,,,,,,,,,,,,,,,,,3.5,1.1,19.2,10.5,21.9,-6.4,9.7,1.2,,,,6587156,2770246,612877,2157369,818949,1294507,3568017,789889,2650418,248893,197787,888,11212336,10077855,13104597,3490699,2416313,1074386,1134481,90563,402506,231217,8143,295236,451691,412905,377133,309245,13145660,6620554,2810917,614926,2194922,3560789,6604835,2854353,629022,2225331,839428,1335035,3523595,772222,2631070,226887,181588,881,11236058,10097440,3492605,2418886,1073719,1138618,6664647,2898971
2002-03,,,,,,,,,,,,,,,,,,,,,,,,,,,,,,,,,,,,,,,,,,,3.7,1.2,24.2,12.2,27.9,-8.5,-11,0.6,,,,6628351,2982087,628733,2353354,920314,1356815,3424605,733839,2584592,221659,182172,907,11217565,10100843,13104844,3472492,2415374,1057118,1116722,80835,397714,223463,11438,316171,468584,389074,380647,296550,13115728,6643710,2971228,625322,2345505,3449133,6739172,3307527,649983,2657544,1077544,1427857,3236838,632861,2529123,194807,170219,894,11305367,10210540,3471368,2411862,1059506,1094827,6658634,3181012
2002-04,,,,,,,,,,,,,,,,,,,,,,,,,,,,,,,,,,,,,,,,,,,3.5,1.3,32.6,11.9,38.6,-12.8,-38.9,0.2,,,,6707326,3319157,631114,2688043,1091865,1450812,3206628,624989,2509055,181541,159727,835,11271870,10185626,13152678,3478300,2415659,1062641,1086244,79472,391858,213387,13067,302560,501201,379263,377050,289359,13105237,6662024,3245118,629520,2609881,3244427,6749189,3389249,653634,2735615,1123306,1477085,3185654,615893,2500902,174286,153458,787,11310449,10232787,3483598,2419457,1064141,1077662,6698304,3306631
2002-05,,,,,,,,,,,,,,,,,,,,,,,,,,,,,,,,,,,,,,,,,,,3.5,1.4,31.7,13.3,37,-13.5,-29.4,0,,,,6696397,3325205,637991,2687214,1093654,1457304,3188190,619390,2497531,183002,160824,832,11251183,10173625,13098619,3477228,2414048,1063180,1077558,79236,372239,208037,8902,285020,513930,380072,371032,300499,13077432,6671176,3256917,638592,2619195,3214411,6691094,3319142,640803,2678339,1054564,1459948,3186762,608621,2498003,185190,154840,902,11242791,10165335,3474241,2408640,1065601,1077456,6712909,3299569
2002-06,,,,,,,,,,,,,,,,,,,,,,,,,,,,,,,,,,,,,,,,,,,3.4,1.4,31.9,12.4,37.5,-13.8,-27.5,0.2,,,,6691878,3311912,635162,2676750,1041574,1477474,3188392,603617,2497854,191574,157868,908,11254697,10176186,13105508,3484308,2414179,1070129,1078511,80295,367596,203904,6199,303762,518306,370749,371906,299958,13083251,6680978,3287963,642096,2641697,3194099,6789555,3405591,661001,2744590,1061096,1534639,3190055,596238,2501876,193909,156001,908,11366865,10287298,3497743,2419718,1078025,1079567,6692242,3290003
2002-07,,,,,,,,,,,,,,,,,,,,,,,,,,,,,,,,,,,,,,,,,,,3.3,1.5,30.7,10.6,36.7,-13.6,-22.2,0.3,,,,6727109,3317955,643606,2674349,1012713,1513019,3198003,597409,2506086,211151,173078,917,11297463,10216559,13150881,3489450,2415039,1074411,1080904,80195,372301,199548,6724,309896,527602,357152,372234,302491,13099405,6689932,3291931,642979,2649208,3184697,6729569,3323303,647624,2675679,1025096,1505162,3198857,592431,2511944,207409,171604,926,11294403,10212160,3482591,2410360,1072231,1082243,6726201,3338860
2002-08,,,,,,,,,,,,,,,,,,,,,,,,,,,,,,,,,,,,,,,,,,,3.4,1.7,31.4,12,37.1,-13.6,-22.7,0.2,,,,6709217,3296159,642972,2653187,1008971,1502472,3198284,593606,2510312,214774,177675,930,11278221,10190251,13118110,3481034,2409390,1071644,1087970,79532,368768,194228,7963,304446,535420,349532,368415,293699,13108991,6706467,3317048,646619,2669974,3177383,6742096,3331030,650966,2680064,1036870,1517762,3197797,591322,2513253,213269,173335,934,11316387,10222687,3480591,2408420,1072171,1093700,6761350,3386816
2002-09,,,,,,,,,,,,,,,,,,,,,,,,,,,,,,,,,,,,,,,,,,,3.2,1.6,29.7,11.9,34.9,-13.1,-20.7,0.6,,,,6680939,3269555,638624,2630931,1016406,1489968,3192457,595369,2508298,218927,180617,935,11249195,10152014,13134905,3471075,2402023,1069052,1097181,84459,376651,187505,8964,337529,538907,351695,364331,291863,13153670,6711295,3322620,649117,2675272,3178630,6705529,3297186,644793,2652393,1041323,1495591,3196808,598458,2512477,211535,175959,932,11268184,10167520,3461991,2395644,1066347,1100664,6734757,3334107
2002-10,,,,,,,,,,,,,,,,,,,,,,,,,,,,,,,,,,,,,,,,,,,3.3,1.7,29,11.4,34.1,-12.7,-20.3,0.9,,,,6685645,3269950,640907,2629043,1024728,1501870,3192895,599008,2509173,222800,183990,1070,11245640,10148996,13158256,3463351,2396081,1067270,1096644,88182,377198,182410,7849,348356,546012,362609,364332,292757,13196965,6728432,3337175,650588,2689718,3182733,6698849,3307018,651174,2655844,1039652,1520208,3178955,590720,2507199,212876,174590,1061,11256945,10164319,3465470,2396520,1068950,1092626,6774034,3408281
2002-11,,,,,,,,,,,,,,,,,,,,,,,,,,,,,,,,,,,,,,,,,,,3.2,1.7,28.7,10.8,33.9,-12.7,-22,0.4,,,,6685210,3290947,644751,2646196,1046061,1502064,3178114,593837,2504001,216149,178541,1063,11238098,10143607,13115675,3458397,2390160,1068237,1094491,87744,367890,177201,7142,318006,548102,371492,364309,305779,13176002,6733563,3360842,652833,2707930,3170006,6767688,3393291,659254,2734037,1107510,1512116,3174892,589100,2503607,199505,162265,997,11316764,10220406,3452718,2383801,1068917,1096358,6797594,3449914
2002-12,,,,,,,,,,,,,,,,,,,,,,,,,,,,,,,,,,,,,,,,,,,2.2,1.1,25.2,9.2,29.9,-12.3,-34.1,0.1,,,,6756540,3401408,674161,2727247,1053748,1563466,3168737,579332,2509924,186395,149696,1006,11319584,10221704,13186632,3465164,2388951,1076213,1097880,87579,364205,173455,5957,306659,553465,375728,364279,307293,13164900,6727668,3364838,655177,2711703,3167640,6835938,3479767,713280,2766487,1079069,1588909,3172248,572733,2521601,183923,148789,1012,11411402,10311996,3476058,2394102,1081956,1099406,6772729,3423480
2003-01,,,,,,,,,,,,,,,,,,,,,,,,,,,,,,,,,,,,,,,,,,,1.9,1,23.6,8.6,28,-12,-31.2,0.2,,,,6756623,3392779,675158,2717621,1053626,1563537,3175383,577539,2521130,188461,153989,1013,11330030,10224237,13197212,3467614,2390864,1076750,1105793,86311,363224,169689,6711,299763,560787,380697,364334,320857,13197870,6737133,3377875,659450,2720762,3164104,6728016,3374687,668504,2706183,1050420,1558298,3175102,578052,2523003,178227,145673,1016,11300013,10187832,3459816,2387626,1072190,1112181,6773278,3440583
2003-02,,,,,,,,,,,,,,,,,,,,,,,,,,,,,,,,,,,,,,,,,,,1.9,1,21.3,7.7,25.1,-11.1,-26.1,0.6,,,,6714952,3359994,660244,2699750,1045041,1558641,3170915,579330,2518148,184043,151819,1010,11289796,10175017,13187393,3460065,2387164,1072901,1114779,84763,360842,165712,7028,304495,590328,384429,364217,322318,13230200,6748918,3402316,661961,2739491,3166779,6740619,3408652,675622,2733030,1052173,1579016,3163408,575039,2517126,168559,139230,1007,11319085,10201705,3461086,2386702,1074384,1117380,6793030,3452484
2003-03,,,,,,,,,,,,,,,,,,,,,,,,,,,,,,,,,,,,,,,,,,,1.7,0.9,14.4,6.2,16.6,-7.9,-20.9,1.3,,,,6740837,3412053,667573,2744480,1081777,1558938,3153467,575815,2510450,175317,145901,559,11314465,10190721,13275702,3449884,2377542,1072342,1123744,83740,362536,162272,5591,341784,617607,387707,363708,326985,13290343,6755920,3401603,664868,2736210,3171725,6819007,3496659,676660,2819999,1114310,1574304,3150266,576009,2508782,172082,140775,412,11385512,10255404,3436397,2368383,1068014,1130108,6796417,3439396
2003-04,6767067,10121694,4310580,664716,3645864,1158472,2361170,5637115,668148,4875369,173999,142445,405,12605616,1222637,341339,158215,12918,7734,423723,317356,12556315,6725641,10086266,4224819,664112,3558427,5692493,10174857,4388653,675847,3712806,1201209,2388885,5627815,663912,4872707,158389,131162,405,10127684,4276522,1.3,0.5,4.6,6.1,4.3,-1.6,-6.7,0.2,,,,6795761,3472082,669409,2802673,1104217,1584389,3154276,578324,2506869,169403,137890,405,11211142,10239938,13183376,3444177,2372225,1071952,971204,86110,359254,158217,7744,351880,612704,396325,346891,330849,13143305,6754327,3396268,667966,2725362,3186659,6846126,3545398,680830,2864568,1148128,1606811,3146543,574145,2505898,154185,126997,405,11106380,10294080,3447954,2371770,1076184,812300,6795434,3461378
2003-05,6770869,10124315,4321237,664409,3656828,1173466,2360224,5634195,669781,4870153,168883,140860,294,12492705,1098605,340680,154985,13359,8521,424631,327609,12470146,6745737,10105167,4255184,665148,3589706,5672736,10179212,4375908,670299,3705609,1208334,2358314,5637116,665571,4867905,166188,133574,396,10182706,4342469,1.6,0.7,4.8,4.9,4.7,-1.1,-10,-0.4,3.6,2.3,-7.9,6802107,3483980,669260,2814720,1120703,1583630,3153493,579332,2506322,164634,136654,294,11070502,10243262,13044952,3441155,2364136,1077019,827240,88481,349538,154988,8847,336665,627841,408090,329739,348021,13023971,6779131,3420959,669417,2752181,3174306,6859770,3542545,675019,2867526,1156141,1586646,3155285,575727,2504045,161940,129374,396,11138479,10296296,3436526,2359093,1077433,842183,6867409,3508754
2003-06,6777550,10135410,4306270,661317,3644953,1123135,2376203,5643400,660195,4866227,185740,141660,414,12534852,1123704,339854,152749,13399,9279,425199,335258,12518735,6765885,10121934,4284005,668198,3614222,5655203,10231830,4397499,677412,3720087,1144702,2438914,5650140,655436,4868096,184191,134337,588,10169348,4340593,1.8,0.8,4.6,4.9,4.6,-0.8,-5.4,0.2,3.6,2,4.8,6809617,3465303,666172,2799131,1070733,1596955,3163021,571082,2504790,181293,137263,414,11098329,10253221,13137194,3443604,2360475,1083129,845108,88106,345559,152752,9779,362794,662690,417185,327783,352769,13111383,6799144,3445349,672843,2768853,3168959,6888988,3542688,682403,2860285,1091234,1648153,3166682,565436,2506042,179618,129816,588,11196251,10348216,3459228,2367091,1092137,848035,6847491,3501319
2003-07,6813055,10182600,4331338,670448,3660890,1112506,2420320,5656631,659359,4867952,194631,144230,590,12598094,1126071,340181,152044,13940,8293,429861,345104,12550390,6774868,10133072,4305819,670097,3636766,5640043,10193000,4347469,673762,3673707,1135138,2409760,5656795,654548,4872706,188736,140373,592,10184030,4376001,1.8,0.8,4.9,4.9,4.9,-0.7,-10,0.4,1.6,1.3,3.1,6845347,3479977,675404,2804573,1059386,1631725,3175415,569444,2508086,189955,139608,590,11147589,10298486,13208645,3453139,2363223,1089916,849103,88046,342513,152045,8793,381574,658710,429375,324949,361761,13156108,6807713,3457890,674792,2783099,3164333,6860761,3501087,678682,2822405,1082004,1626767,3175786,563677,2513847,183888,135578,592,11156575,10306399,3445638,2356674,1088964,850176,6856949,3521473
2003-08,6807344,10171792,4325446,669303,3656143,1117218,2413928,5651238,654450,4868468,195108,146961,594,12613115,1134152,342621,149827,13907,8955,436797,355064,12587314,6802263,10161620,4343552,672173,3672372,5622514,10219949,4388061,679614,3708447,1147483,2438084,5646770,656096,4867750,185118,140997,594,10210836,4395420,1.9,0.9,5.4,4.9,5.5,-0.7,-11.5,0.7,5,3.4,3.6,6839739,3474532,674188,2800344,1064371,1625302,3175048,564703,2512727,190159,142065,594,11139627,10285827,13205808,3446088,2356467,1089621,853800,88516,343403,149830,9096,387255,646663,441418,321321,371470,13198027,6835334,3493222,676962,2815512,3156105,6884145,3531991,684461,2847530,1095106,1644636,3171942,566480,2512580,180212,136143,594,11189824,10332396,3448251,2357074,1091177,857428,6854354,3524023
2003-09,6768459,10125379,4305898,663799,3642099,1117362,2403380,5630439,655656,4859472,189042,147802,738,12590619,1147820,344374,149916,13555,10280,441426,357869,12605184,6789473,10147579,4362281,672749,3690757,5608936,10162072,4361178,665510,3695668,1185283,2398131,5619791,657176,4855429,181103,142137,842,10207823,4414711,1.8,0.8,5.7,4.7,5.9,-1,-16,0.7,-2.2,-1.6,1.7,6800998,3455232,668686,2786546,1064785,1614265,3161861,566432,2509250,183905,142715,738,11100639,10237589,13225041,3436591,2348993,1087598,863050,87941,350700,149918,10280,426182,654309,445072,321737,386380,13238471,6822854,3503156,677719,2826431,3147929,6845301,3515482,670436,2845046,1132633,1614608,3153861,567627,2507186,175958,137037,842,11140818,10272143,3426842,2341474,1085368,868675,6879945,3560113
2003-10,6755731,10108026,4305377,663423,3641954,1129739,2410475,5611826,659312,4847574,190823,152568,841,12583114,1159916,342613,148866,14014,10589,445752,353338,12628970,6795745,10152989,4378224,672191,3704486,5596761,10129354,4351578,674855,3676723,1147145,2430427,5598648,655813,4842842,179128,143734,855,10196013,4453329,1.5,0.7,5.5,4.3,5.8,-1.3,-16.7,0.5,1.1,0.6,2.3,6786648,3450514,668214,2782300,1075960,1617705,3150613,569301,2503600,185521,147311,841,11089726,10216643,13227216,3429995,2343450,1086545,873083,86969,349664,148870,10589,446595,655157,439646,326784,401210,13262304,6826944,3512841,677108,2839871,3140989,6803024,3490693,679512,2811181,1092226,1633379,3138592,564550,2500229,173739,138391,855,11111570,10234077,3431053,2342478,1088575,877493,6872967,3582325
2003-11,6757284,10106457,4321211,666269,3654942,1144906,2409914,5594710,658918,4836048,190536,154720,788,12586092,1170750,340738,143615,14402,8027,451739,350364,12646429,6800594,10157472,4387919,673691,3714539,5585101,10193379,4410026,679001,3731025,1195652,2418127,5591359,658326,4831589,191994,151293,759,10218553,4422564,1.5,0.7,5.3,4.1,5.5,-1.2,-14.4,0.8,0.9,0.5,1.7,6788660,3463746,671064,2792682,1090734,1615001,3139885,569658,2497167,185029,149258,788,11097321,10213502,13226972,3424842,2336625,1088217,883819,86930,341509,143618,8027,437355,675446,436766,329944,399968,13279390,6831613,3527443,678680,2848551,3132049,6876925,3553472,683933,2869539,1142080,1624424,3136703,567745,2494642,186750,146089,759,11188334,10298188,3421263,2332573,1088690,890146,6865896,3551209
2003-12,6825840,10188715,4411653,688177,3723476,1141243,2471978,5585584,651504,4833942,191478,152367,751,12674914,1178077,343000,139759,14283,7285,457854,345941,12666838,6803017,10163093,4376002,671128,3705250,5583857,10292069,4518267,719254,3799013,1192678,2506563,5589683,651242,4839144,184119,147802,764,10216685,4443204,1.5,0.7,4,2.8,4.3,-1.2,-0.3,1.1,0.4,0.7,2,6856807,3539034,693294,2845740,1085972,1662764,3131923,560943,2497573,185850,146780,751,11183374,10293068,13327396,3436261,2340361,1095900,890306,86381,341191,139763,7285,436041,699900,433461,330170,401051,13309253,6834142,3509831,676111,2834889,3132800,6947090,3634929,724556,2910373,1136332,1688241,3133557,559518,2501079,178604,142328,764,11284229,10393761,3446671,2344225,1102446,890468,6884560,3577781
2004-01,6833119,10200701,4414769,686186,3728583,1149958,2478114,5591501,655720,4837392,194431,158645,760,12693106,1180741,344567,137776,14400,8417,465761,340743,12690434,6817780,10177003,4393014,672093,3724073,5577174,10207387,4429780,683272,3746508,1177010,2474963,5584637,653116,4834737,192970,157816,747,10225389,4469667,1.6,0.8,4.2,2.4,4.7,-1.2,0.3,1,2.6,1.7,2.3,6862889,3536349,691196,2845153,1094196,1663306,3137546,564877,2500162,188994,153249,760,11195065,10301946,13335662,3439057,2340824,1098233,893119,85654,341698,137779,8417,427580,710962,428507,332664,402638,13336769,6846966,3523137,677153,2847527,3130607,6876708,3554482,687991,2866491,1122118,1663169,3134681,564633,2498682,187545,152430,747,11204184,10308414,3431706,2336936,1094770,895770,6907443,3595919
2004-02,6797767,10161554,4382169,671722,3710447,1135307,2478892,5578718,655508,4828317,200667,166731,744,12667923,1187084,344299,135448,14442,9265,476074,339757,12712134,6834078,10193165,4419945,672904,3746335,5571231,10233975,4470312,688009,3782303,1176445,2509324,5571248,654030,4826033,192415,162476,730,10242033,4444514,1.7,0.8,4.2,2.4,4.6,-1.2,6,1.1,2.9,1.9,2.1,6827466,3500607,676419,2824188,1080098,1660131,3131802,565863,2495734,195057,161155,744,11161616,10261100,13333155,3433634,2337700,1095934,900516,85472,339890,135451,9265,428725,744074,428662,334730,398888,13376371,6862780,3539270,677793,2860267,3129337,6895225,3582045,692685,2889360,1121292,1684513,3126184,564514,2494414,186996,157087,730,11237338,10332075,3436850,2338999,1097851,905263,6887778,3550669
2004-03,6825916,10178254,4427067,673620,3753447,1173381,2473067,5553071,650368,4814983,198116,167648,735,12706189,1202754,347959,134131,14352,11931,485561,331247,12722176,6844498,10202695,4422234,670095,3749706,5574275,10257019,4528660,677953,3850707,1238635,2479998,5539585,649236,4806344,188774,154270,755,10249604,4481335,1.7,0.9,4,1.6,4.6,-1.2,9.8,0.9,1.8,1.1,1,6857265,3548525,678142,2870383,1120245,1655202,3116170,562982,2489363,192570,162135,735,11189081,10277522,13397183,3420257,2325940,1094317,911559,83108,341286,134133,11931,449987,767370,420287,331484,394570,13419073,6870637,3537473,675932,2860986,3132206,6948103,3657179,682321,2974858,1187528,1667512,3107435,562081,2484670,183489,149007,755,11274457,10356601,3408498,2317205,1091293,917856,6925508,3602742
2004-04,6891883,10240449,4495727,674231,3821496,1206218,2497683,5542822,655409,4799291,201900,166451,634,12815408,1236370,351575,131732,15256,11199,495801,333026,12767043,6851876,10207003,4414017,673751,3739634,5589398,10301312,4571078,694639,3876439,1239840,2522645,5537596,654286,4796347,192638,162625,742,10254552,4468871,1.8,1.2,4.3,1.4,4.8,-1.7,16,1.7,1.3,0.5,4.3,6923308,3614409,678650,2935759,1154133,1676094,3112655,566715,2481861,196244,160830,634,11275496,10337263,13518681,3413955,2319210,1094745,938233,81759,342631,131735,11199,475775,777327,422759,347835,394377,13485558,6884649,3539086,677384,2860812,3140213,6980147,3682984,699107,2983877,1186853,1696100,3110056,566556,2480807,187107,157131,742,11355253,10396642,3416495,2318816,1097679,958611,6932476,3603756
2004-05,6903843,10247418,4509364,675236,3834128,1223190,2494314,5534280,654294,4789616,203774,173176,744,12864980,1264069,349243,127918,15822,9158,507767,343585,12838901,6880529,10231504,4453515,675438,3778245,5563122,10240410,4495526,674314,3821212,1183514,2487980,5538029,649407,4787126,206855,165572,756,10273068,4493221,2,1.2,4.4,1.6,4.8,-1.8,20.7,3,5.1,2.9,7,6935948,3627025,679772,2947253,1170854,1672921,3110560,567037,2479373,198363,167804,744,11298831,10342208,13593452,3406260,2309547,1096713,956623,82471,337840,127921,9158,489849,811974,435408,366407,395830,13571109,6914349,3570534,679481,2890435,3126920,6930119,3617205,678917,2938288,1131956,1671563,3111721,561282,2477234,201193,159955,756,11288129,10333492,3403373,2304765,1098608,954637,6952637,3609019
2004-06,6894824,10243116,4471918,667908,3804010,1163944,2509521,5542793,648042,4782794,228405,170915,754,12882478,1272134,351099,127226,15764,9018,515294,348827,12860364,6884964,10232421,4460769,675179,3785411,5550413,10341723,4577352,680673,3896679,1197505,2573626,5542491,642421,4782387,221880,158955,756,10284721,4527781,1.7,1.1,3.8,1,4.4,-1.8,23,2.8,0.8,0.1,2,6926729,3587138,672473,2914665,1111513,1686722,3117014,559722,2475221,222577,165138,754,11300397,10335015,13629198,3408286,2303956,1104330,965382,81453,335926,127229,9018,503388,830691,441096,365326,404240,13600757,6918195,3571868,679492,2889584,3121485,7008390,3678022,685200,2992822,1143779,1739094,3114579,553573,2474612,215789,152915,756,11407164,10431035,3422645,2309472,1113173,976129,6969580,3644037
2004-07,6937875,10296877,4515052,676855,3838197,1160831,2557402,5549827,649125,4781861,231998,167672,753,12959991,1276678,353400,126279,16326,8469,523715,358247,12908371,6901334,10249471,4493631,676892,3817233,5534883,10338257,4567992,684949,3883043,1213066,2554888,5547782,648016,4780707,222483,158660,755,10301287,4565411,1.8,1.1,4.2,1,4.8,-1.9,19.2,2.9,2.9,2,4.6,6969292,3619095,681305,2937790,1106712,1725838,3124236,559953,2476482,225961,161683,753,11362449,10385671,13712221,3416379,2303098,1113281,976778,81025,334213,126281,8469,509655,838443,451686,363523,409972,13656590,6933337,3600016,681138,2918905,3115349,7018067,3676479,689325,2987154,1158971,1728505,3124920,559267,2477391,216668,152891,755,11402478,10425047,3406980,2294322,1112658,977431,6996559,3673806
2004-08,6933689,10284198,4502260,676050,3826210,1162779,2547740,5545179,649718,4776048,236759,172412,758,12963958,1280019,352633,124952,16159,8675,536780,360542,12938957,6929054,10274810,4517944,678622,3840133,5520469,10284527,4520055,682328,3837727,1155601,2561489,5541596,650477,4774937,222876,164976,773,10301779,4593221,1.9,1.1,4.1,1,4.7,-1.9,21.3,2.8,4.9,3,2.9,6963747,3606099,680421,2925678,1106543,1717961,3127025,561083,2476883,230623,166323,758,11345645,10368985,13704703,3405238,2291927,1113311,976660,81495,329107,124955,8675,488658,871137,455031,358795,410826,13695881,6960098,3623694,682921,2940393,3110843,6964483,3622277,686694,2935583,1098621,1731460,3125239,561997,2477134,216967,159115,773,11341795,10365906,3401423,2288244,1113179,975889,6995557,3688742
2004-09,6907282,10242206,4488931,676568,3812363,1158751,2537209,5521769,652048,4759079,231506,178106,774,12948468,1289439,357033,125245,15670,9888,547612,361375,12958898,6921070,10257501,4536832,684221,3854245,5501125,10252964,4546753,678557,3868196,1219363,2543804,5496816,649001,4743133,209395,162498,784,10294871,4601706,2.1,1.2,4.3,1.9,4.7,-1.9,22.5,2.8,-1.4,-2,1.9,6937824,3594901,680985,2913916,1102877,1708804,3117221,563397,2472112,225702,172345,774,11306344,10324696,13711053,3386872,2274767,1112105,981648,80391,327696,125247,9888,507389,897401,456697,349862,413709,13724874,6953521,3636830,688807,2948395,3104159,6960870,3651914,683027,2968887,1166092,1712244,3105066,560191,2468231,203890,157036,784,11322565,10335157,3374287,2264543,1109744,987408,6991689,3694838
2004-10,6890506,10217592,4502668,676267,3826401,1171144,2556878,5492337,654736,4735292,222587,176222,785,12948467,1300240,357858,124439,15873,12538,559939,359988,12996032,6928992,10260725,4563831,683522,3877428,5480495,10282298,4581209,689799,3891410,1211117,2586900,5490642,659509,4732144,210447,166291,795,10315337,4599447,2,1.1,4.6,1.9,5.1,-2.1,16.6,2.9,1.4,0.4,3.5,6923164,3598380,680574,2917806,1116850,1715962,3108166,567433,2465511,216618,170295,785,11289687,10298520,13747400,3375356,2263537,1111819,991167,79550,324158,124442,12538,541363,920159,455503,343637,420366,13783353,6961324,3654960,688009,2971120,3099146,6985039,3669400,693944,2975456,1156050,1739949,3111250,574348,2464038,204389,160273,795,11356724,10361795,3376756,2261864,1114892,994929,6996139,3682639
2004-11,6894786,10214727,4504280,676608,3827672,1174689,2555491,5484913,662775,4723025,225534,180322,794,12962694,1308926,358116,122865,15864,10720,572737,358739,13024677,6933955,10260986,4564819,683190,3882013,5476707,10246073,4550945,681634,3869311,1194897,2550921,5481651,658354,4721326,213477,163145,785,10301684,4636517,2,1.1,4.2,1.6,4.7,-2,18.4,3,0.9,0,2.7,6926439,3597789,681046,2916743,1119999,1712560,3109106,574992,2461813,219544,174374,794,11290263,10290322,13771680,3363883,2251096,1112787,999941,80022,320819,122868,10720,543423,949947,453618,340318,434100,13816169,6964667,3656206,687819,2967948,3100169,6963076,3649904,686362,2963542,1140660,1714141,3105513,569867,2461092,207659,157368,785,11324037,10319082,3356006,2243059,1112947,1004955,7016502,3725315
2004-12,6960622,10286853,4602156,698750,3903406,1175672,2620194,5467276,652645,4715724,217421,167894,788,13068691,1317743,365384,122513,15575,11138,583845,365640,13064803,6941417,10263387,4571701,682928,3889670,5467830,10377140,4709108,728124,3980984,1220964,2657322,5463205,651432,4714767,204827,159936,786,10306835,4642488,2,1,4.3,1.5,4.8,-2.1,13.5,3.1,1.3,0.3,3.8,6992728,3683898,703617,2980281,1119763,1766408,3097320,563734,2461529,211510,162020,788,11367744,10358373,13868710,3365645,2245623,1120022,1009371,79440,325113,122515,11240,543786,957542,461330,335357,445825,13852131,6973245,3659851,687664,2972705,3099027,7075527,3779790,733130,3046660,1164142,1793688,3096884,561224,2464936,198853,153995,786,11458579,10444789,3369262,2243040,1126222,1013790,7018336,3729414
2005-01,6965712,10290636,4608681,695795,3912886,1189181,2623240,5464045,655830,4711579,217910,169664,787,13105440,1328644,370194,122149,15528,14133,596976,367180,13103379,6951212,10267426,4590156,682899,3907860,5455004,10262206,4590253,689719,3900534,1186695,2612512,5461124,653440,4712839,210829,163505,789,10304326,4649114,1.9,0.9,4.4,1.4,4.9,-2.3,12.1,3.2,1.7,0.5,3.6,6998192,3684148,700655,2983493,1133484,1762467,3102130,566077,2464940,211914,163703,787,11381559,10358348,13909212,3360156,2237065,1123091,1023211,78665,328518,122152,14235,549201,968902,465980,329508,449441,13909289,6983314,3672665,687765,2985837,3097208,6979403,3672051,694434,2977617,1132074,1757396,3102291,564468,2467755,205061,157773,789,11361095,10328458,3349055,2229354,1119701,1032637,7022976,3724120
2005-02,6920502,10236287,4564162,682657,3881505,1169429,2614853,5451679,653569,4705278,220446,172187,788,13080434,1343654,371618,120428,15049,16557,612521,364320,13127943,6957549,10268416,4599111,683787,3914842,5447654,10280489,4637371,695568,3941803,1189713,2642801,5442365,650574,4704214,200753,160645,784,10312386,4673731,1.8,0.7,4.2,1.6,4.6,-2.3,9.9,3.3,1.1,0.1,2.3,6953380,3640790,687239,2953551,1114846,1753732,3098641,564514,2465215,213949,165733,788,11337661,10300779,13902914,3347399,2226877,1120522,1036882,79355,327564,120432,16659,562535,989907,468801,325422,450417,13944171,6989713,3677558,688424,2988051,3097440,6994143,3706520,700017,3006503,1134491,1775604,3092926,562123,2466246,194697,154629,784,11383461,10342331,3348188,2226604,1121584,1041130,7038127,3742772
2005-03,6965119,10264527,4635976,690724,3945252,1225551,2612302,5417894,646579,4688275,210657,169673,782,13134809,1353030,378406,118226,14642,15647,627621,362710,13153322,6982947,10287699,4626427,687903,3937752,5437752,10322574,4733947,698827,4035120,1292633,2614764,5390039,638814,4673305,198588,157489,784,10317080,4695618,2,0.8,4.7,2.5,5.1,-2.4,6.3,3.4,4.5,2.3,2.3,6998948,3712053,695297,3016756,1171543,1749441,3082212,562258,2459137,204683,163740,782,11367839,10326180,13925465,3327232,2209387,1117845,1041659,77770,325818,118227,15672,558304,987975,473860,321529,448031,13952972,7010423,3700444,693326,3006897,3097717,7074960,3817825,703525,3114300,1239233,1758793,3063894,555747,2451214,193241,152168,784,11424024,10381835,3306875,2193438,1113437,1042189,7052661,3767759
2005-04,7015356,10300901,4708797,694468,4014329,1264325,2631564,5385717,642331,4660644,206387,158469,792,13193609,1363711,382461,117704,15350,15823,638930,358729,13143717,6974135,10266439,4629896,693802,3935774,5424460,10387451,4812759,715767,4096992,1326467,2667654,5379779,643982,4653513,194913,154545,788,10311499,4688541,1.8,0.6,4.7,3,5,-2.8,2.2,3,-1.5,-2.5,-0.9,7049924,3782259,699312,3082947,1210703,1765176,3067489,559190,2447264,200176,152292,792,11412561,10360562,13956357,3310638,2192248,1118390,1051999,75007,320288,117731,15973,536206,1002960,475631,327834,446952,13930929,7010806,3705722,697947,3007814,3090993,7133807,3878619,720758,3157861,1272894,1794514,3066355,560632,2445473,188833,148497,788,11508487,10446676,3312869,2190072,1122797,1061811,7070728,3778724
2005-05,7003169,10277921,4698447,692866,4005581,1268787,2626650,5374555,645172,4644413,204919,161799,787,13179903,1372763,384301,115529,15531,10905,646674,356279,13149802,6983288,10266637,4649507,693176,3956549,5396988,10268713,4696312,691296,4005016,1237235,2619672,5372966,639182,4637272,199435,152486,785,10304040,4707980,1.4,0.3,4.2,2.6,4.5,-2.9,0.6,2.4,1.6,0,0.6,7037365,3771900,697828,3074072,1214981,1761272,3066727,561822,2443685,198738,155652,787,11397722,10335779,13959530,3298414,2178106,1120308,1061943,75649,317799,115582,11055,539019,1024078,478626,336703,447256,13935527,7018622,3719911,697861,3021335,3080542,7036560,3776635,696227,3080408,1183714,1762868,3066411,554184,2441264,193514,146600,785,11385839,10323763,3287203,2166897,1120306,1062076,7069912,3789462
2005-06,7006819,10276257,4673544,686805,3986739,1216762,2643859,5372154,635086,4628429,230559,161125,757,13196697,1376703,393848,114829,15415,11450,654340,353855,13166920,6996276,10265288,4667323,694290,3973270,5376176,10371799,4779510,700137,4079373,1248148,2712704,5368529,630074,4623337,223760,147629,750,10313797,4737290,1.6,0.3,4.5,2.8,4.8,-3.1,0.9,2.4,2.3,-0.2,1.6,7038706,3745817,691613,3054204,1161554,1779999,3069207,550069,2437800,223682,154282,757,11391731,10330546,13980608,3291840,2164599,1127241,1061185,77347,324428,114888,11600,553838,1024287,482489,334680,441589,13949812,7030626,3733851,698896,3032598,3072715,7120542,3836539,704823,3131716,1191059,1837124,3066891,545802,2434845,217112,141014,750,11484788,10424490,3303948,2168469,1135479,1060298,7082604,3805736
2005-07,7050604,10326224,4716281,696254,4020027,1210189,2698521,5369497,634021,4619368,240446,162115,750,13265802,1380835,400830,114584,15910,11063,663717,352639,13213790,7017133,10283510,4696256,696552,4000169,5355628,10373949,4776305,706723,4069582,1262552,2701501,5367418,635783,4616997,230226,153041,753,10335198,4728136,1.6,0.3,4.5,2.9,4.7,-3.2,3.6,2.4,3.6,2.2,4.4,7085073,3779075,701070,3078005,1154946,1826068,3072465,550246,2434900,233533,155235,750,11443882,10381880,14040533,3296807,2160585,1136222,1062002,78017,327045,114651,11199,538555,1039237,487947,333284,438504,13986728,7052249,3760848,701252,3059407,3065879,7144040,3846959,711668,3135291,1209751,1835072,3073262,552456,2434911,223819,146665,753,11494460,10430751,3286711,2150809,1135902,1063709,7084685,3786046
2005-08,7043747,10306222,4700444,694569,4005875,1205476,2692616,5361123,638303,4608681,244655,163021,1743,13266033,1385921,406599,113548,15423,12123,674244,351953,13248561,7040807,10299154,4719607,697202,4023093,5339612,10316541,4736981,698974,4038007,1212638,2711216,5354212,637250,4606270,225348,150551,1837,10334443,4803660,1.6,0.2,4.4,2.7,4.7,-3.3,3.3,2.3,4.1,1.8,3.2,7077933,3766288,699342,3066946,1149761,1823408,3074055,555436,2432973,237590,155978,1743,11425907,10360231,14035591,3282298,2146781,1135517,1065676,78984,325763,113611,12273,546091,1039512,493450,332942,441377,14025619,7076809,3784584,702000,3082359,3061134,7085929,3797858,703576,3094282,1154001,1841085,3069576,554005,2432950,218495,143719,1837,11433583,10365937,3280008,2143605,1136403,1067646,7114866,3857544
2005-09,7046184,10294571,4715152,692970,4022182,1212518,2689577,5342692,638384,4593397,236727,157193,1805,13280312,1392013,417522,113134,14603,15689,683693,349087,13291118,7056673,10306215,4759606,699741,4060774,5322889,10306557,4786275,697833,4088442,1291290,2689686,5327055,639953,4583595,193227,130213,1811,10349429,4838757,2,0.5,5,2.4,5.5,-3.2,2.3,2.6,2.7,0.8,3.9,7076685,3780465,697521,3082944,1153740,1822787,3066603,555403,2427318,229617,150103,1805,11410050,10343748,14047314,3267063,2133193,1133870,1066302,75679,325042,113180,15839,576961,1034055,496508,333041,441947,14062972,7090097,3819062,704650,3114657,3054939,7099977,3855691,702330,3153361,1233021,1826882,3057552,557493,2422537,186734,123727,1811,11419637,10354679,3254702,2123581,1131121,1064958,7125927,3899933
2005-10,7021746,10261250,4728972,694530,4034442,1235953,2706604,5316785,644403,4571764,215493,152407,1027,13257828,1389219,424598,111883,14443,17090,690445,348900,13308616,7061786,10304157,4782413,700942,4078960,5307512,10271157,4762474,703183,4059291,1237741,2732780,5300836,642036,4562591,207847,148535,979,10329384,4844391,1.9,0.4,5,2.7,5.4,-3.2,-3.2,2.4,0.9,-0.2,1.6,7055691,3791503,699179,3092324,1179483,1833995,3055227,562528,2417351,208961,145885,1027,11376591,10312949,14031899,3257258,2124198,1133060,1063642,70947,326331,111921,17240,574221,1051696,502952,334757,439360,14072081,7094622,3844615,705813,3143013,3046134,7068639,3820818,707984,3112834,1183008,1854537,3045909,560665,2413533,201912,142609,979,11387284,10324957,3256318,2121144,1135174,1062327,7134220,3903101
2005-11,7036014,10264694,4732656,695917,4036739,1229037,2708233,5299031,645516,4552748,233007,162059,981,13277035,1393520,432541,110545,14234,14896,694829,351776,13337738,7072035,10307099,4792128,702082,4090417,5290839,10274709,4778658,702049,4076609,1252550,2708855,5279502,635447,4544812,216549,148388,986,10334034,4859766,2,0.5,5.1,2.9,5.5,-3.4,3.3,2.4,1.8,0.3,2.7,7071888,3795690,700717,3094973,1173090,1835310,3050084,563809,2410772,226114,155181,981,11385012,10317195,14067945,3245307,2110330,1134977,1067817,71296,333025,110586,15046,588363,1051536,513081,334668,436462,14101449,7105759,3853315,707041,3146087,3039055,7087290,3843454,706849,3136605,1195558,1840289,3033820,552898,2407562,210016,141872,986,11397072,10323764,3236474,2102030,1134444,1073308,7139656,3918099
2005-12,7089899,10321464,4838092,719134,4118958,1235583,2784849,5263676,631680,4536281,219696,151579,1053,13369328,1413228,447994,110969,14057,14545,698008,349063,13365599,7072765,10299186,4809134,703765,4105973,5265735,10416104,4951440,748070,4203370,1292268,2817811,5253330,630086,4530798,211334,147843,1145,10321806,4857928,1.9,0.3,5.1,2.9,5.5,-3.7,1,2.3,0.1,-0.9,2.5,7125337,3886940,724107,3162833,1177326,1900006,3025218,550180,2404623,213179,145077,1053,11448663,10372425,14147517,3247088,2106254,1140834,1076238,71500,341667,111002,14695,597653,1045859,516478,332630,435973,14128404,7106372,3865101,708673,3156839,3025900,7217822,3992001,753219,3238782,1233456,1925490,3020968,549585,2403586,204853,141374,1145,11546219,10467047,3249225,2103297,1145928,1079172,7147994,3930741
2006-01,7087795,10312859,4835801,717251,4118550,1245413,2782064,5251734,636997,4523094,225324,160000,1131,13405314,1447881,458242,109491,13852,17395,700608,344986,13399622,7072585,10289264,4817800,704765,4113341,5244614,10285891,4833778,710429,4123349,1256906,2774500,5240623,634664,4515636,211490,148736,990,10327268,4897981,1.8,0.2,4.9,3.1,5.3,-3.9,3.4,2.3,0,-1.1,3.1,7123631,3880595,722195,3158400,1186912,1892999,3024265,555907,2400906,218771,153458,1131,11445635,10363250,14144264,3239619,2097730,1141889,1082385,69450,344714,109516,17540,586717,1053742,516950,331713,440599,14142232,7107528,3870418,709637,3161406,3019020,7108805,3883181,715169,3168012,1198654,1890534,3020635,555521,2398418,204989,142245,990,11421136,10335535,3226730,2089687,1137043,1085601,7155836,3941860
2006-02,7037961,10248303,4793446,704017,4089429,1223469,2778460,5229330,636826,4504674,225527,162624,866,13406944,1510818,464174,106240,13397,17274,702794,343944,13451030,7074310,10280032,4827055,705058,4121805,5228269,10285542,4869878,714689,4155189,1248703,2806800,5212564,633509,4496140,203100,148909,852,10314117,4906418,1.7,0.1,5,3.1,5.4,-4.1,2.3,2.5,0.3,-1.1,4.7,7075584,3840851,708816,3132035,1167139,1889290,3015680,556903,2393641,219053,156161,866,11417770,10299748,14123088,3224164,2086496,1137668,1118022,61432,346708,106266,17274,612498,1042266,518874,330342,444378,14163293,7111583,3878676,709745,3167581,3015711,7116652,3912634,719546,3193088,1193960,1911942,3007094,555618,2390205,196924,142743,852,11489942,10339498,3222846,2083873,1138973,1150444,7162040,3949946
2006-03,7061195,10253653,4845297,708555,4136742,1261250,2778174,5192956,633852,4479706,215400,160076,852,13471871,1710444,474882,105792,13297,14411,555028,344364,13495697,7077513,10275654,4833409,706083,4127236,5213430,10316608,4941818,713512,4228306,1323773,2786123,5173604,631723,4466440,201186,151138,852,10315893,4899116,1.4,-0.1,4.5,2.6,4.9,-4.2,2.3,2.6,0.5,-0.5,4.1,7103071,3896889,713187,3183702,1209530,1888216,2996941,556116,2382387,209241,153924,852,11614558,10308766,14137038,3205695,2069992,1135703,1305792,54487,342046,105819,14411,636529,846386,522802,329339,447175,14173630,7114265,3883918,710888,3172661,3013019,7183713,4002787,717940,3284847,1275597,1902206,2986314,555350,2375280,194612,144561,852,11835440,10374297,3190584,2058095,1132489,1461143,7155219,3943479
2006-04,7129110,10312459,4926585,707690,4218895,1308823,2802602,5171516,635390,4458414,214358,161880,643,13648165,1965150,484765,104269,14251,11622,410948,344701,13598308,7085365,10275354,4846680,706975,4139406,5204710,10394293,5024347,725162,4299185,1368596,2834416,5169897,639091,4454325,200049,157299,548,10315313,4856372,1.6,0.1,4.6,1.9,5.1,-4,3.9,3.4,1.3,0,9.5,7171009,3975162,712153,3263009,1256980,1909706,2988565,558310,2372958,207282,154809,643,11908552,10366597,14277986,3195588,2059269,1136319,1541955,54899,349870,104294,11622,626408,695463,526878,351294,454696,14256999,7129136,3896418,710860,3185608,3009629,7248004,4062316,729680,3332636,1313225,1935305,2992169,563257,2373036,193519,150774,548,12067881,10445114,3197110,2058154,1138956,1622767,7135762,3893211
2006-05,7093181,10266187,4891293,707077,4184216,1293099,2788615,5171837,643347,4448135,203057,156851,557,13711624,2066260,490431,101640,14669,8898,419763,343776,13677986,7076463,10258291,4845746,707538,4138139,5191380,10249152,4885268,704439,4180829,1263629,2776300,5174892,638987,4443518,188992,139659,552,10284767,4899972,1.3,-0.1,4.1,2.1,4.5,-3.8,-0.9,4,-1.5,-2,7.3,7129812,3936708,711578,3225130,1236843,1897830,2996779,566511,2372607,196325,150126,557,11939606,10314115,14370023,3184303,2047855,1136448,1625491,55885,365627,101667,8898,618736,751753,527851,373250,466842,14342746,7112671,3885780,711952,3173141,3009532,7120043,3934643,708921,3225722,1206557,1892618,3003075,563290,2372153,182325,133005,552,11924018,10295799,3175756,2039317,1136439,1628219,7148307,3943004
2006-06,7085888,10256739,4851551,700193,4151358,1230882,2797622,5185541,640357,4437310,219647,141509,543,13726408,2074782,496290,100823,14486,8505,428210,346573,13687578,7071086,10242443,4844475,707473,4137033,5186964,10327468,4948175,713467,4234708,1265631,2861082,5180731,632083,4434831,198562,125610,522,10269785,4897291,1.1,-0.2,3.8,1.9,4.1,-3.5,-4.7,4,-0.9,-1.8,0.8,7122571,3896229,704645,3191584,1175034,1907321,3013961,562678,2370239,212381,134266,543,11935181,10303973,14362556,3181402,2038141,1143261,1631208,55606,369431,100846,8505,605578,752726,534683,373224,472118,14327210,7112445,3884632,711798,3170573,3016880,7184181,3981166,717890,3263276,1211292,1959228,3012243,557584,2369604,190772,117850,522,12012176,10377976,3193795,2042463,1151332,1634200,7141720,3939591
2006-07,7085186,10259062,4861000,706606,4154394,1212920,2838609,5183202,636719,4432562,214860,137351,519,13747048,2079751,500365,98629,14808,7834,438139,348460,13698123,7055374,10220963,4842647,707363,4135499,5168772,10276866,4878827,711803,4167024,1234445,2827317,5187353,641526,4432128,210686,134211,517,10270071,4909261,0.5,-0.7,3.1,1.5,3.3,-3.5,-10.6,3.6,-2.6,-2.5,0.9,7122757,3899407,711140,3188267,1158689,1941214,3016039,558842,2371793,207311,129833,519,11940676,10306288,14367283,3183531,2035106,1148425,1634388,55230,370314,98649,7834,578149,775093,541338,373444,472517,14315865,7093705,3880061,711855,3168348,3011365,7150273,3922094,716448,3205646,1179774,1935675,3025165,563188,2376431,203014,126570,517,11956627,10322050,3171777,2025322,1146455,1634577,7154440,3940500
2006-08,7073070,10232583,4813666,706515,4107151,1186742,2822390,5199201,651113,4433411,219716,140269,512,13744751,2083979,506840,96921,14402,9042,449738,351246,13735042,7072021,10227432,4836045,709149,4127533,5179163,10255875,4841086,710807,4130279,1195145,2833205,5204292,651214,4439350,210497,139185,498,10271536,4913515,0.4,-0.7,2.4,1.7,2.5,-3,-10.2,3.6,2.9,0.8,3.3,7109086,3855431,711112,3144319,1132079,1928179,3042118,571284,2383884,211537,132122,512,11911178,10277229,14390061,3168143,2020005,1148138,1633949,55005,374197,96941,9042,569779,824928,548991,374003,473881,14380254,7112426,3876237,714003,3162071,3032288,7135554,3880239,715354,3164885,1140068,1937753,3052357,572868,2392856,202958,131679,498,11934061,10300737,3165183,2015594,1149589,1633324,7173318,3948855
2006-09,7081933,10227379,4792678,703248,4089430,1183715,2799945,5207565,658514,4434897,227136,150525,517,13767178,2085357,518052,96794,13880,11062,459608,355046,13781913,7093155,10238883,4837045,709561,4127656,5187921,10273156,4868354,710761,4157593,1271639,2796658,5203659,662773,4431473,201143,141469,517,10287677,4890807,0.5,-0.7,1.6,1.5,1.7,-2.5,-4.1,3.7,3.6,1.4,4.2,7118375,3837068,707657,3129411,1127480,1909921,3062394,580149,2394621,218913,142175,517,11905316,10271807,14398924,3153432,2004261,1149171,1633509,53391,375728,96814,11062,568492,830176,557945,374349,474280,14418522,7133570,3873041,714528,3158608,3051851,7176970,3917483,715060,3202423,1214989,1912605,3065637,587049,2395112,193850,133677,517,11951576,10317879,3140909,1993739,1147170,1633697,7194096,3954742
2006-10,7059775,10193077,4774935,704472,4070463,1185806,2801306,5198234,666854,4425960,219908,157745,1022,13756272,2091107,530131,95065,13912,11152,466857,354971,13812389,7100628,10235109,4823870,710332,4111991,5190900,10227154,4823003,711603,4111400,1210043,2819571,5192932,666098,4425724,211219,151656,1059,10284673,4903225,0.5,-0.7,1,1.4,0.9,-2.2,2,3.8,1.3,-0.4,2.7,7098702,3819373,708820,3110553,1129998,1910209,3066811,590788,2395493,212518,149721,1022,11877366,10239505,14417035,3140803,1993303,1147500,1637861,53216,384832,95085,11152,569942,863867,561575,375087,476337,14460308,7138123,3870244,714972,3158616,3057026,7137399,3865643,716027,3149616,1155066,1926057,3067706,591008,2399335,204050,143587,1059,11917010,10274985,3137586,1989016,1148570,1642025,7206755,3954996
2006-11,7078251,10199453,4760117,705216,4054901,1177375,2787341,5198689,667660,4423966,240647,170806,1049,13792514,2109064,540121,92867,13868,9251,472660,355230,13851967,7113429,10240609,4817897,711065,4107150,5191930,10223348,4807184,710564,4096620,1208160,2779660,5188896,657580,4423249,227268,160595,1030,10283053,4893445,0.6,-0.6,0.6,1.3,0.4,-1.9,3.3,3.9,2.2,0.6,3.5,7118683,3809717,709719,3099998,1122702,1899980,3076223,591640,2402422,232743,161850,1049,11892959,10246869,14502476,3128186,1979807,1148379,1646090,61324,399367,92887,9251,599293,881908,565487,376560,483651,14526197,7149763,3866946,715734,3151030,3063466,7151207,3860661,715145,3145516,1153739,1897573,3070735,583378,2405183,219811,152146,1030,11920532,10270376,3119169,1972081,1147088,1650156,7208349,3945798
2006-12,7137934,10262705,4842423,726368,4116055,1174287,2848910,5191380,658838,4427426,228902,160282,1028,13892391,2125518,554520,92044,13826,7902,477014,358862,13886968,7123462,10242852,4815347,711613,4103913,5194688,10371981,4952849,761364,4191485,1223446,2881986,5199118,660809,4434109,220014,155945,1030,10278015,4815588,0.7,-0.6,0.1,1,-0.1,-1.4,4.2,3.9,1.7,0.3,3.1,7177771,3881745,731018,3150727,1118335,1952754,3074981,583194,2412070,221045,151914,1028,11963642,10309020,14588762,3131249,1976219,1155030,1654622,67549,406121,92065,7902,611982,865417,574084,377651,488510,14567907,7157832,3861640,716193,3145982,3073466,7282114,3986452,766083,3220369,1167326,1980729,3083368,584406,2419703,212294,147768,1030,12075940,10416851,3134737,1973556,1161181,1659089,7167880,3876665
2007-01,7151423,10269517,4835774,725472,4110302,1176929,2848056,5201949,666498,4432340,231794,165682,896,13929336,2131654,574174,89687,13947,8744,481279,360334,13917268,7135841,10246718,4819576,713363,4106281,5194570,10257275,4847784,717974,4129810,1205413,2839986,5193346,662549,4430588,216145,152407,838,10299245,4906633,0.9,-0.4,0,1.1,-0.2,-0.9,2.9,3.9,2.1,0.5,2.6,7190874,3876967,730077,3146890,1121797,1952391,3089403,590066,2420648,224504,157687,896,11976209,10314986,14622311,3124112,1967563,1156549,1661223,66785,420976,89709,8744,605842,872309,581737,377254,484290,14619159,7172528,3868054,717717,3150705,3082318,7191368,3896458,722464,3173994,1151122,1951438,3084917,587354,2421287,209993,145250,838,11965985,10302625,3111257,1959559,1151698,1663360,7229835,3940264
2007-02,7108923,10214947,4796733,714536,4082197,1151047,2848703,5187834,665407,4424339,230380,166338,827,13898143,2142011,590795,88625,13814,8128,486561,353262,13932700,7142715,10244939,4827532,715360,4112007,5188197,10270180,4893227,725811,4167416,1191218,2880771,5173278,662575,4417606,203675,148170,829,10297207,4920760,1,-0.3,0.1,1.5,-0.2,-0.8,2.2,3.7,1.2,-0.2,1.3,7149406,3841394,718988,3122406,1097353,1954644,3084720,589980,2419856,223292,158313,827,11931723,10261136,14628503,3111730,1957977,1153753,1670587,66697,437195,88648,8128,627530,890314,578268,377069,482043,14668075,7184253,3878873,719608,3157691,3085824,7205634,3931177,730203,3200974,1137719,1980527,3076795,588430,2417753,197662,140999,829,11994970,10317153,3111519,1956430,1155089,1677817,7241146,3947218
2007-03,7138415,10229372,4842888,718643,4124245,1183649,2844750,5164430,662891,4410904,222054,164420,708,13934796,2154573,603222,87756,13549,6848,491528,347948,13962392,7153712,10250775,4828995,716282,4112765,5186502,10327102,4971477,724987,4246490,1271027,2845077,5154473,659118,4408069,201152,156656,642,10300446,4898613,1.1,-0.2,0,1.4,-0.3,-0.5,3.1,3.4,1.9,0.7,2.6,7178824,3886866,723048,3163818,1129668,1949958,3076687,589046,2418854,215271,156310,708,11956040,10275277,14659176,3096453,1942889,1153564,1680763,66753,432270,87792,6848,652239,881973,575261,378124,486198,14704936,7190814,3873408,720356,3152557,3094960,7290351,4020673,729403,3291270,1216499,1956070,3074696,586490,2421894,194982,149322,642,12055552,10371839,3081488,1931078,1150410,1683713,7247376,3940957
2007-04,7210967,10295409,4905360,718161,4187199,1221553,2860222,5176374,674653,4409455,213675,160552,626,14063006,2198478,614305,86214,13402,8731,497848,348619,14015328,7167046,10257938,4829191,717531,4111929,5206688,10396215,5021326,739169,4282157,1299249,2891012,5188474,682179,4414263,186415,145310,631,10345175,4932933,1.1,-0.2,-0.4,1.5,-0.8,0.1,-0.3,3,2.3,0.8,4.6,7250297,3944771,722602,3222169,1165689,1962308,3098803,600874,2426618,206723,152003,626,12053503,10339801,14767949,3089504,1933952,1155552,1713702,67255,440648,86238,8719,642200,888063,581323,386539,489616,14750957,7206035,3866037,721225,3144979,3119527,7345543,4052873,743629,3309244,1242310,1987036,3112982,609473,2432721,179688,136962,631,12183427,10439734,3094191,1934853,1159338,1743693,7286376,3959208
2007-05,7195192,10269955,4871488,716039,4155449,1218369,2835766,5195256,684578,4415626,203211,157216,623,14102769,2245294,629549,84834,13639,10168,501435,347895,14067794,7179896,10263296,4827719,716868,4110806,5214459,10275018,4885109,715330,4169779,1203475,2825105,5195776,676449,4416173,194133,142249,629,10303718,4906730,1.4,0,-0.4,1.3,-0.7,0.5,0.1,2.9,2.2,0.6,4.6,7233933,3916032,720502,3195530,1162146,1944177,3121830,611248,2438818,196071,148149,623,12062304,10313056,14827827,3079123,1921074,1158049,1749248,69368,468320,84860,10166,635297,910486,587026,393628,487104,14797238,7217698,3866234,721448,3144804,3134341,7245622,3936131,719729,3216402,1148134,1941414,3123191,602640,2442869,186300,132593,629,12070886,10316083,3070461,1912107,1158354,1754803,7278093,3949304
2007-06,7216367,10291129,4843916,712402,4131514,1167653,2846227,5214927,674297,4419168,232286,154649,634,14155250,2257212,649509,84708,14182,9452,500364,348694,14115316,7194437,10270141,4831868,719177,4112734,5214963,10409728,4987802,729153,4258649,1243906,2916706,5216244,665288,4421863,205682,138385,634,10320471,4902626,1.8,0.3,-0.2,1.7,-0.5,0.6,5.8,3.1,2.5,0.8,4.1,7255130,3890810,717028,3173782,1112303,1957426,3140648,599934,2446401,223672,144638,634,12091861,10333791,14900425,3078661,1911835,1166826,1758070,71153,485738,84731,10142,667812,895129,593859,392935,484563,14858962,7241321,3877879,723806,3152370,3143610,7361789,4023370,733761,3289609,1188733,2018123,3141388,592436,2449133,197031,128512,634,12213797,10452456,3090667,1914899,1175768,1761341,7301547,3956564
2007-07,7228811,10305992,4845973,718607,4127366,1150783,2877961,5233623,675019,4427603,226396,152381,631,14197132,2266623,665864,84762,14688,9039,508164,342000,14151688,7201019,10270160,4830551,719500,4111149,5217185,10317467,4863301,721686,4141615,1181660,2858515,5239899,676325,4432547,214267,142057,617,10315255,4904595,2,0.5,-0.3,1.7,-0.7,1,5.4,3.3,1.1,0,3.1,7268632,3893975,723215,3170760,1096619,1989777,3157563,601537,2454525,217094,142152,631,12112567,10349228,14950804,3080596,1906916,1173680,1763339,70639,497546,84781,10003,678000,907482,589786,393125,486512,14901254,7241694,3873642,724131,3149817,3153907,7292035,3922223,726355,3195868,1128164,1981251,3164099,602889,2459787,205713,132506,617,12125582,10360244,3068209,1897155,1171054,1765338,7305690,3952813
2007-08,7198156,10263032,4787946,716555,4071391,1124240,2851176,5241606,676780,4433676,233480,157610,612,14172698,2289092,671581,83440,14466,6506,516773,327808,14166582,7196038,10256305,4811326,719160,4092798,5219832,10287068,4826789,720662,4106127,1145982,2859262,5241514,676874,4437205,218765,148855,609,10304476,4893991,1.8,0.3,-0.5,1.4,-0.9,0.8,6.3,3.1,-0.8,-1.6,1.3,7237192,3845178,721370,3123808,1070817,1971021,3167810,602178,2463537,224204,147414,612,12070841,10304883,14957705,3067691,1895378,1172313,1765958,70793,499513,83452,7071,688993,962133,574909,393291,488814,14946692,7243219,3867769,724562,3143213,3159572,7264962,3882163,725497,3156666,1092411,1978214,3172322,603771,2469852,210477,139645,609,12094930,10328351,3063389,1890566,1172823,1766579,7304734,3948589
2007-09,7201921,10253260,4775824,714211,4061613,1133218,2826408,5243551,680015,4435197,233885,159946,549,14184298,2310918,675605,81759,13880,8719,517279,322878,14204902,7215918,10266777,4821413,720231,4100627,5224202,10315559,4868673,726037,4142636,1221264,2833633,5238841,681918,4432010,208045,154801,526,10328476,4844112,1.7,0.3,-0.4,1.6,-0.7,0.7,3,3,3.4,1.2,3.3,7241613,3838335,718890,3119445,1080175,1950983,3178501,606326,2471342,224777,149816,549,12064864,10295446,14961680,3053833,1881878,1171955,1769418,69882,495731,81762,9118,699719,968236,572368,393320,494486,14983522,7260427,3874163,725798,3148432,3168711,7316167,3932148,730728,3201420,1168892,1958789,3182607,610212,2474351,201412,145964,526,12132098,10359840,3043673,1874701,1168972,1772258,7294117,3920314
2007-10,7193436,10252662,4788071,714559,4073512,1131420,2860851,5234760,692800,4422727,229831,174407,563,14208373,2329596,681163,78371,13987,9338,519988,323268,14266921,7234653,10293735,4834490,720283,4113652,5229175,10302627,4856119,721355,4134764,1174133,2879064,5234240,698960,4419052,212268,161345,596,10360956,4928057,1.9,0.6,0.3,1.4,0.1,0.7,4.5,3.3,3.2,3.2,5.4,7235210,3821875,721002,3100873,1077105,1955271,3191307,619317,2478366,222028,164557,563,12072602,10295909,14986480,3060699,,,1776693,68801,502987,80018,10695,678157,995810,577410,390305,501992,15030993,7276387,3873171,727085,3148039,3181445,7295705,3887762,727901,3159861,1118727,1972615,3202131,626312,2484311,205812,152729,596,12126802,10345671,3049966,,,1781131,7358361,3964828
2007-11,7220662,10262895,4780228,715421,4064807,1129256,2848665,5243086,700385,4420114,239581,176286,593,14244488,2350744,685430,77495,14077,9920,522518,321409,14302465,7256869,10304860,4835748,721064,4114945,5238757,10293813,4836420,722307,4114113,1169315,2836977,5235273,690034,4421735,222120,160519,588,10357756,4916930,2,0.6,0.4,1.4,0.2,0.9,-0.4,3.3,3.7,1.3,3,7260911,3819170,722153,3097017,1074301,1948576,3210976,626149,2488265,230765,166040,593,12091004,10304707,15050322,3043796,,,1786297,69324,518163,79063,12482,669163,1034089,577034,385530,512927,15068546,7291814,3877611,728033,3149393,3196758,7303820,3882477,729046,3153431,1115324,1944862,3207256,617692,2493272,214087,151148,588,12127199,10335734,3031914,,,1791465,7359064,3968183
2007-12,7285588,10331481,4867839,736177,4131662,1134174,2906377,5239200,686275,4431663,224442,157376,655,14334825,2371293,690575,76795,13862,8790,520844,321185,14328125,7275077,10316165,4843096,721944,4121068,5244513,10451892,4986840,773746,4213094,1187490,2941297,5251792,685893,4445379,213260,151365,654,10389936,4927580,2.1,0.7,0.5,1.4,0.4,0.9,-1.9,3.2,3.1,1.3,2.2,7326547,3896542,742967,3153575,1079110,1996535,3213859,612679,2506346,216146,148096,655,12172318,10373097,15115523,3046550,,,1799221,69896,524746,77635,11006,670135,1009775,580012,376274,519262,15093334,7304739,3876774,728355,3149312,3210212,7444103,4010278,780755,3229523,1132751,2026027,3228142,612801,2520751,205683,143051,654,12301722,10494743,3050640,,,1806979,7386418,3989404
2008-01,7304457,10343418,4851690,733762,4117928,1131802,2900770,5263798,694857,4449432,227930,163105,658,14366643,2390533,693827,75970,14057,9234,521371,318233,14350777,7290230,10323341,4837543,722066,4115393,5255900,10343488,4855606,725586,4130020,1164456,2879930,5272856,697922,4455852,215026,152596,660,10385103,4923566,2.1,0.7,0.3,1.1,0.2,1.2,-1.7,3.1,2.5,0.8,1.9,7345348,3881429,740441,3140988,1077384,1990765,3243630,620720,2528847,220289,154429,658,12194262,10384717,15146862,3039369,,,1809545,69557,530242,76051,10205,675672,1013683,577190,367387,525562,15144592,7325056,3873139,728026,3145523,3234355,7361478,3895259,731895,3163364,1110539,1980146,3258566,625017,2539599,207653,144018,660,12196571,10384458,3022980,,,1812113,7400900,3937854
2008-02,7276617,10301876,4797076,720801,4076275,1108363,2884882,5269252,698279,4455168,235548,170256,667,14338176,2406046,693719,74833,14066,9773,523226,314637,14359970,7308854,10330911,4826837,721488,4105281,5268917,10361183,4878032,731761,4146271,1147091,2904724,5267031,699634,4457700,216120,157202,665,10386355,4904986,2.4,0.9,0,0.9,-0.1,1.6,2.2,3.2,3.1,0.9,0.8,7316715,3829954,726931,3103023,1054441,1977455,3259398,624792,2542998,227363,161177,667,12157923,10342695,15117584,3025980,,,1815228,70313,532700,74914,9801,669389,1031843,570701,366091,541104,15159693,7351229,3866566,727331,3137546,3260641,7379192,3909951,737915,3172036,1093389,1996760,3261160,627070,2547767,208081,148556,665,12220310,10401965,3022773,,,1818345,7414095,3918138
2008-03,7299474,10309911,4829330,723247,4106083,1141973,2870662,5255021,700442,4451686,225560,167142,657,14355300,2419398,691584,74085,13717,10770,523575,312260,14387248,7315824,10332923,4816508,720908,4095537,5278255,10361892,4923956,725741,4198215,1208687,2875505,5240956,699101,4447929,196980,149546,653,10362452,4878510,2.3,0.8,-0.3,0.6,-0.4,1.8,1.6,3,1.2,0.2,2.3,7340702,3866059,729451,3136608,1090193,1964309,3258560,628585,2549359,216083,157033,658,12173453,10352161,15144709,3011459,,,1821292,72128,515373,75580,10144,706418,1025490,566123,366765,556002,15199106,7353852,3851815,726562,3124839,3279005,7410146,3966059,731838,3234221,1158312,1972877,3254351,627972,2553116,189736,141664,653,12230907,10406665,2996519,,,1824242,7380510,3899274
2008-04,7345919,10347836,4864131,720968,4143163,1158883,2888556,5255081,706226,4451838,228624,172395,672,14360198,2384194,691220,72204,13976,11319,523620,315829,14315633,7302127,10310505,4790424,720315,4070547,5284528,10422722,4960343,732139,4228204,1230579,2906091,5260946,705047,4460486,201433,157722,737,10374263,4874813,1.9,0.5,-0.8,0.4,-1.1,1.5,7,2.1,-2.2,-2.6,-5.8,7385144,3896527,727753,3168774,,,3269513,,,219104,,,12164499,10386796,15184268,3001652,,,1777703,73260,512765,75258,10178,758837,1022010,567461,375180,558051,15168531,7339186,3818888,726350,3092800,3291133,,,,,,,,,,,,,,,,,,,,
2008-05,7342982,10338815,4840418,720222,4120196,1163971,2863726,5273340,709914,4465994,225057,174290,720,14325237,2348242,694691,71636,14239,10286,520904,326424,14289602,7326816,10331014,4795895,721124,4074997,5293439,10405825,4905232,723076,4182156,1218614,2855141,5279489,704845,4469353,221104,168596,743,10401383,4889152,2.1,0.7,-0.6,0.6,-0.8,1.5,10.8,1.6,4.1,2.4,-2.2,,,,,,,,,,,,,,,,,,,,,,,,,,,,,,,,,,,,,,,,,,,,,,,,,,,,,,
2008-06,7378298,10380818,4828036,715288,4112748,1129262,2871821,5304071,702388,4473646,248711,168684,718,14376794,2354761,696248,71869,14347,10111,517449,331191,14339065,7349505,10352950,4811047,721618,4089394,5302600,10474679,4952299,726831,4225468,1197647,2927801,5314527,694545,4480695,207853,139052,746,10407407,4891953,2.2,0.9,-0.3,0.4,-0.5,1.7,7.1,1.6,3.8,2.6,4.2,,,,,,,,,,,,,,,,,,,,,,,,,,,,,,,,,,,,,,,,,,,,,,,,,,,,,,
2008-07,7381435,10383576,4809246,721159,4088087,1099914,2896750,5335722,704395,4489447,238608,162749,742,14386704,2358121,696358,71796,14393,10946,517451,334063,14346786,7354589,10347807,4796123,722042,4074143,5317065,10408462,4840642,724932,4115710,1145859,2875475,5343877,702039,4499923,223943,150818,743,10408015,4887441,2.1,0.8,-0.8,0.4,-1,2,5.4,1.3,0.8,-0.6,0.6,,,,,,,,,,,,,,,,,,,,,,,,,,,,,,,,,,,,,,,,,,,,,,,,,,,,,,
2008-08,7371732,10366872,4775265,720924,4054341,1090672,2874424,5346902,702116,4503367,244705,167468,734,14368584,2359279,696425,70423,14375,10438,516831,333941,14359551,7367372,10356612,4797633,723309,4074760,5322162,10433261,4858702,729338,4129364,1145875,2897529,5348973,702509,4508438,225586,153449,744,10419274,4848745,2.4,1,-0.3,0.6,-0.4,2,4.8,1.4,2.1,1,1.1,,,,,,,,,,,,,,,,,,,,,,,,,,,,,,,,,,,,,,,,,,,,,,,,,,,,,,
2008-09,7358569,10347253,4752361,715732,4036629,1085499,2853676,5348363,704696,4508332,246529,167313,652,14326577,2353317,693862,70199,14408,9863,513667,324008,14348429,7372810,10360671,4797130,721744,4074805,5328843,10356690,4815114,718792,4096322,1162763,2848993,5337601,702724,4508796,203975,147875,616,10400778,4871772,2.2,0.9,-0.5,0.2,-0.6,2,5.4,1,0.9,0.5,-0.9,,,,,,,,,,,,,,,,,,,,,,,,,,,,,,,,,,,,,,,,,,,,,,,,,,,,,,
2008-10,7325322,10308665,4737539,719273,4018266,1089581,2851320,5341055,707786,4509799,230071,171464,601,14262712,2358942,686196,70510,14381,8325,512224,303469,14320570,7364000,10347536,4781856,724752,4056808,5337011,10359759,4804785,729640,4075145,1141650,2859180,5344124,707122,4515455,210850,158128,567,10416743,4873691,1.8,0.5,-1.1,0.7,-1.4,2,0.1,0.4,-1.4,-1.5,-2.3,,,,,,,,,,,,,,,,,,,,,,,,,,,,,,,,,,,,,,,,,,,,,,,,,,,,,,
2008-11,7349960,10329259,4744740,721230,4023510,1116051,2824335,5352004,704319,4519063,232515,169759,566,14274540,2375473,679226,69146,14090,7040,513069,287237,14330377,7387930,10372639,4797061,726667,4070793,5350784,10411940,4837398,732260,4105138,1195721,2824002,5355242,699282,4523344,219300,158901,562,10446059,4839970,1.8,0.6,-0.7,0.8,-1,2.1,-2.9,0.2,4,3,0.8,,,,,,,,,,,,,,,,,,,,,,,,,,,,,,,,,,,,,,,,,,,,,,,,,,,,,,
2008-12,7417325,10406445,4817550,738887,4078663,1118336,2873228,5362533,693156,4539636,226362,161176,410,14344970,2380730,675214,68858,13961,7494,511907,280361,14339841,7411587,10396538,4797803,725498,4072053,5369712,10531530,4939245,765870,4173375,1195385,2898404,5384644,695369,4561731,207641,150152,295,10476155,4883684,1.8,0.7,-1,0.4,-1.3,2.4,0.9,0.1,3.9,2.8,0.8,,,,,,,,,,,,,,,,,,,,,,,,,,,,,,,,,,,,,,,,,,,,,,,,,,,,,,
2009-01,7447359,10437570,4812656,736545,4076111,1132371,2862455,5393552,700949,4565855,231362,169915,295,14367795,2383616,672025,68039,13952,6673,511213,274707,14354172,7436788,10422382,4802493,725500,4076598,5385678,10472422,4848801,733723,4115078,1190237,2849314,5398803,699630,4573956,224818,165013,294,10490983,4885699,2,0.9,-0.8,0.4,-1,2.5,1.5,0,4.2,3,1.2,,,,,,,,,,,,,,,,,,,,,,,,,,,,,,,,,,,,,,,,,,,,,,,,,,,,,,
2009-02,7432345,10421260,4782966,724979,4057987,1120864,2855855,5400282,701383,4575217,238012,176157,289,14359251,2386878,669219,67017,13695,6277,513419,281486,14376503,7466174,10452877,4813896,725578,4088176,5398861,10523567,4912971,739694,4173277,1201928,2887989,5394048,698084,4576771,216548,162203,287,10521136,4914420,2.1,1.2,-0.3,0.6,-0.4,2.5,1,0.1,4.8,3.6,1.9,,,,,,,,,,,,,,,,,,,,,,,,,,,,,,,,,,,,,,,,,,,,,,,,,,,,,,
2009-03,7462845,10445322,4830179,728573,4101606,1156379,2849520,5388121,700578,4575147,227022,171491,285,14410868,2407130,666461,67037,13812,5010,514853,291243,14443988,7482599,10471999,4819111,726121,4092796,5412333,10526426,4951921,729049,4222872,1247342,2851860,5381483,704804,4574650,193022,142931,288,10527189,4908065,2.2,1.3,0,0.7,-0.1,2.5,0.6,0.4,2.7,2.2,5.8,,,,,,,,,,,,,,,,,,,,,,,,,,,,,,,,,,,,,,,,,,,,,,,,,,,,,,
2009-04,7542195,10523923,4890494,726630,4163864,1182219,2871295,5398030,711786,4578722,235399,175549,319,14427091,2343541,665999,66214,14199,4503,515295,293417,14380176,7496908,10485075,4816825,725672,4091448,5427339,10588904,4975400,738702,4236698,1244812,2886844,5404377,707410,4588056,209127,160078,285,10537149,4894386,2.7,1.7,0.5,0.8,0.5,2.7,3,0.5,2.3,1.5,-5.2,,,,,,,,,,,,,,,,,,,,,,,,,,,,,,,,,,,,,,,,,,,,,,,,,,,,,,
2009-05,7539544,10520476,4877091,727697,4149394,1188925,2854586,5414525,709674,4593095,228860,174700,284,14345539,2260049,668161,65094,14261,5096,515827,296575,14309995,7520257,10509756,4828838,728494,4100950,5435149,10574191,4933779,731208,4202571,1235449,2847826,5422771,708363,4597460,217641,163049,283,10560544,4865559,2.7,1.8,0.8,1,0.7,2.7,1.7,0.1,3.8,2.9,-5.7,,,,,,,,,,,,,,,,,,,,,,,,,,,,,,,,,,,,,,,,,,,,,,,,,,,,,,
2009-06,7564651,10555491,4853623,721880,4131743,1156343,2859204,5454653,709010,4605457,247215,173531,299,14378827,2256442,669326,65127,14843,5373,513610,298615,14344094,7531290,10521856,4832319,727922,4104392,5452119,10657584,4976960,730733,4246227,1231878,2908964,5466497,702630,4615997,214127,149705,304,10588136,4920610,2.5,1.7,0.5,0.9,0.5,2.8,-0.6,0,1.8,1.4,2.9,,,,,,,,,,,,,,,,,,,,,,,,,,,,,,,,,,,,,,,,,,,,,,,,,,,,,,
2009-07,7581721,10581550,4838206,727305,4110901,1132842,2880159,5494842,717287,4626484,248502,178631,315,14407256,2255742,670955,65190,15799,4860,513224,299936,14369347,7554000,10543758,4825856,727975,4097921,5474702,10602169,4854906,731745,4123161,1171129,2852238,5513703,720047,4641104,233560,168600,308,10604769,4900295,2.7,1.9,0.6,0.9,0.6,3,4.1,0.1,3.7,2.5,2.1,,,,,,,,,,,,,,,,,,,,,,,,,,,,,,,,,,,,,,,,,,,,,,,,,,,,,,
2009-08,7579114,10576771,4810780,726192,4084588,1129119,2860267,5515232,723795,4641031,250759,182332,307,14404952,2253035,675016,63952,15699,5356,516094,299029,14394378,7573046,10563553,4833138,728586,4104802,5487918,10608085,4859558,728589,4130969,1159011,2872558,5514578,726355,4644587,233949,169785,308,10623611,4924407,2.8,2,0.7,0.7,0.7,3.1,2.5,0.3,3.1,2.3,2.1,,,,,,,,,,,,,,,,,,,,,,,,,,,,,,,,,,,,,,,,,,,,,,,,,,,,,,
2009-09,7577582,10564571,4793777,723565,4070212,1126712,2839684,5514116,734758,4638895,256678,182456,300,14388338,2248270,677417,63199,15355,5981,518177,295368,14409638,7591309,10577612,4837754,729682,4107736,5493942,10585047,4860506,723874,4136632,1216779,2829701,5503030,734716,4638083,221511,165311,348,10630505,4912867,3,2.1,0.9,1.1,0.8,3.1,4.1,0.4,2.9,1.6,1.3,,,,,,,,,,,,,,,,,,,,,,,,,,,,,,,,,,,,,,,,,,,,,,,,,,,,,,
2009-10,7574488,10557680,4791813,723618,4068195,1135978,2846380,5511154,746621,4636290,254713,197093,345,14384175,2247103,678629,62554,15328,5895,520310,296676,14435447,7610222,10594500,4834760,729037,4105590,5507069,10626342,4875708,733333,4142375,1193243,2871196,5510904,748258,4635457,239730,185092,337,10654648,4914490,3.4,2.4,1.1,0.6,1.2,3.2,10.7,0.9,3,1.9,2.2,,,,,,,,,,,,,,,,,,,,,,,,,,,,,,,,,,,,,,,,,,,,,,,,,,,,,,
2009-11,7592868,10574794,4797026,724068,4072958,1142415,2837343,5512685,749647,4631233,265083,198554,336,14400880,2246670,679187,61566,15312,6443,519916,296992,14453250,7629979,10617068,4847902,729419,4118821,5512933,10610722,4850795,729926,4120869,1187990,2825546,5507343,741257,4632147,252584,186300,336,10675701,4928476,3.3,2.4,1.1,0.4,1.2,3,14,0.9,3.2,2.6,1.5,,,,,,,,,,,,,,,,,,,,,,,,,,,,,,,,,,,,,,,,,,,,,,,,,,,,,,
2009-12,7644352,10635184,4866683,741834,4124849,1144419,2886935,5511622,737531,4644076,256879,188026,325,14495073,2278773,680793,61825,15012,6068,518920,298498,14493736,7642205,10629246,4850012,729158,4120738,5521034,10742620,4985742,767274,4218468,1215717,2913588,5520747,733370,4660078,236131,172262,297,10687250,4936331,3.1,2.2,1,0.4,1.1,2.8,13.5,1,1.9,1.4,3.4,,,,,,,,,,,,,,,,,,,,,,,,,,,,,,,,,,,,,,,,,,,,,,,,,,,,,,
2010-01,7668556,10662085,4866638,740248,4126390,1155170,2880312,5536800,745931,4664424,258647,191700,303,14561405,2311685,684621,60972,14587,6431,521517,299507,14555390,7662641,10652008,4859483,729692,4129153,5530112,10687083,4892871,740845,4152026,1199629,2866549,5545039,747206,4672788,249173,186309,309,10707847,4886884,3,2.2,1.1,0.5,1.2,2.7,11.8,1.3,3.3,2.6,5.2,,,,,,,,,,,,,,,,,,,,,,,,,,,,,,,,,,,,,,,,,,,,,,,,,,,,,,
2010-02,7635656,10628685,4825172,731093,4094079,1133484,2871479,5537891,747633,4668099,265622,199867,310,14527319,2307138,686962,59850,14622,7162,527439,295461,14551660,7674925,10666601,4859709,731658,4127878,5535694,10730530,4955985,747325,4208660,1191455,2925702,5527770,744043,4666741,246775,185431,310,10728563,4913632,2.7,2,0.9,0.8,0.9,2.5,11.6,1.2,1.9,1.7,-0.3,,,,,,,,,,,,,,,,,,,,,,,,,,,,,,,,,,,,,,,,,,,,,,,,,,,,,,
2010-03,7662193,10648782,4878014,735484,4142530,1163887,2872452,5509778,741360,4659384,260990,198232,294,14522275,2275784,688356,58886,14710,7485,530924,297348,14557585,7685472,10679458,4869648,732862,4136454,5534502,10744813,5010818,737720,4273098,1253467,2879547,5497816,742787,4652640,236179,171097,290,10742712,4956414,2.7,1.9,1,0.9,1,2.3,15,0.8,1.7,1.5,0.5,,,,,,,,,,,,,,,,,,,,,,,,,,,,,,,,,,,,,,,,,,,,,,,,,,,,,,
2010-04,7759675,10749117,4964280,736947,4227333,1194039,2909689,5505848,754690,4648042,278989,203797,283,14652303,2297232,692884,58232,14725,7957,531779,300377,14600145,7710683,10706231,4887007,735428,4151914,5535313,10830090,5057915,754632,4303283,1254938,2930322,5513549,758297,4652940,258626,195238,280,10779076,4971006,2.9,2.1,1.5,1.4,1.5,2,18.5,1.6,4,3.1,3.6,,,,,,,,,,,,,,,,,,,,,,,,,,,,,,,,,,,,,,,,,,,,,,,,,,,,,,
2010-05,7773641,10763798,4971991,736778,4235213,1218441,2895369,5517701,760261,4650367,274106,208800,274,14710869,2343368,695701,57146,14477,7373,531515,297491,14673356,7751865,10750882,4920667,737470,4183906,5537965,10788158,4988116,734340,4253776,1219881,2879660,5528996,757379,4650899,271046,198840,272,10800337,4992500,3.1,2.3,1.9,1.2,2.1,1.9,19.8,2.5,6.6,5.1,6.2,,,,,,,,,,,,,,,,,,,,,,,,,,,,,,,,,,,,,,,,,,,,,,,,,,,,,,
2010-06,7784280,10784515,4935095,730676,4204419,1169125,2904385,5544149,751428,4653207,305271,206128,318,14711538,2332279,695565,56528,14017,6491,529581,292562,14670917,7747705,10747115,4911772,736621,4175208,5541004,10880342,5065104,740245,4324859,1249365,2959887,5542831,737005,4660079,272407,182428,294,10810955,5003557,2.9,2.2,1.7,1.2,1.8,1.6,23.5,2.3,-0.6,-0.4,-0.2,,,,,,,,,,,,,,,,,,,,,,,,,,,,,,,,,,,,,,,,,,,,,,,,,,,,,,
2010-07,7788079,10799075,4937696,737462,4200234,1149656,2940624,5554968,745304,4662729,306411,210901,315,14713578,2322353,696204,55933,13889,6150,526968,293006,14674950,7759189,10759359,4924755,737987,4186838,5534440,10855861,4994566,743274,4251292,1215098,2931108,5553603,741075,4665579,307692,215384,356,10828863,5012630,2.7,2.1,2.1,1.4,2.2,1.1,23.3,2.1,1.8,1.4,0.3,,,,,,,,,,,,,,,,,,,,,,,,,,,,,,,,,,,,,,,,,,,,,,,,,,,,,,
2010-08,7789657,10797344,4916443,736554,4179889,1143701,2928603,5559333,748086,4663904,321568,225881,338,14706326,2318598,697894,54868,13886,5850,523863,294023,14695818,7784096,10784117,4939562,738948,4200691,5531906,10829626,4968791,737879,4230912,1181844,2937037,5557886,747419,4665597,302949,214812,334,10848786,5039592,2.8,2.1,2.2,1.4,2.3,0.8,28.2,2.1,3.9,2.8,1.7,,,,,,,,,,,,,,,,,,,,,,,,,,,,,,,,,,,,,,,,,,,,,,,,,,,,,,
2010-09,7788638,10789465,4908660,733044,4175616,1148482,2909673,5550687,745509,4660296,330118,233245,351,14695820,2313749,701299,54443,13592,6044,520774,296454,14714080,7801408,10801546,4952410,739553,4212794,5529622,10830920,5010915,735470,4275445,1263236,2903964,5524703,732521,4656601,295302,220898,333,10871995,5069179,2.8,2.1,2.4,1.3,2.6,0.7,28.6,2.1,2.7,2,1.5,,,,,,,,,,,,,,,,,,,,,,,,,,,,,,,,,,,,,,,,,,,,,,,,,,,,,,
2010-10,7784699,10784091,4933890,736735,4197155,1172871,2924653,5526785,744810,4650039,323416,245100,331,14690788,2309741,704095,53749,13371,5880,519607,300254,14736177,7818405,10819511,4975422,742240,4233172,5522283,10857728,5027374,748596,4278778,1233169,2954645,5522168,745823,4647255,308186,232108,330,10882990,5018223,2.8,2.1,3,1.8,3.2,0.3,27,2.1,2.6,2,1.8,,,,,,,,,,,,,,,,,,,,,,,,,,,,,,,,,,,,,,,,,,,,,,,,,,,,,,
2010-11,7788978,10786221,4935395,738432,4196963,1166046,2924362,5519229,744858,4639584,331597,244187,328,14698596,2309758,706965,53075,13551,5972,519570,303484,14748064,7824056,10826322,4987341,743812,4243752,5519822,10822293,5006979,743562,4263417,1226791,2916228,5509099,735199,4637809,306215,223321,327,10888066,5092514,2.6,2,2.9,2,3,0.1,25.1,2.1,0.9,0.8,1,,,,,,,,,,,,,,,,,,,,,,,,,,,,,,,,,,,,,,,,,,,,,,,,,,,,,,
2010-12,7822875,10829365,5014790,757566,4257224,1162972,2986768,5505290,730740,4641626,309285,223483,318,14739020,2304707,710274,52729,13625,5773,518387,304160,14741005,7821425,10823816,4999366,745103,4254234,5514911,10950244,5153085,784042,4369043,1244309,3019045,5509029,725520,4651836,288130,207963,287,10898810,5098021,2.3,1.8,3,2.1,3.2,-0.1,20.4,1.7,-0.4,-0.3,-0.6,,,,,,,,,,,,,,,,,,,,,,,,,,,,,,,,,,,,,,,,,,,,,,,,,,,,,,
2011-01,7843991,10852541,5023680,756209,4267471,1171973,2990398,5516138,734794,4650719,312723,229239,288,14751740,2296725,714215,52007,13868,6035,512387,303962,14753105,7842102,10846147,5018879,745625,4272375,5510814,10865352,5045050,751740,4293310,1206283,2980483,5518648,738880,4651809,301654,222201,290,10919101,5119610,2.3,1.8,3.2,2.2,3.4,-0.4,20.9,1.3,3.2,2.5,1,,,,,,,,,,,,,,,,,,,,,,,,,,,,,,,,,,,,,,,,,,,,,,,,,,,,,,
2011-02,7818290,10822493,4996971,749295,4247676,1148420,2996417,5512827,741887,4646302,312695,232058,289,14720096,2292475,718084,51553,14299,5819,509390,305983,14761101,7862687,10866173,5034220,749734,4284364,5511565,10898366,5114881,759662,4355219,1214353,3027029,5505237,741514,4645437,278248,203208,285,10931362,5155010,2.4,1.8,3.6,2.5,3.8,-0.5,17.7,1.3,3.2,2.2,0.7,,,,,,,,,,,,,,,,,,,,,,,,,,,,,,,,,,,,,,,,,,,,,,,,,,,,,,
2011-03,7860811,10857475,5082649,756415,4326234,1203015,3000129,5488671,739685,4638810,286155,210082,288,14755441,2290161,717256,51369,14088,5333,511968,307791,14794563,7885093,10889252,5074922,753588,4320912,5513309,10994763,5285588,759427,4526161,1364486,3010921,5465335,729794,4632402,243840,177335,293,10985127,5228947,2.6,2,4.2,2.8,4.4,-0.4,9.6,1.6,3.5,2.6,2.8,,,,,,,,,,,,,,,,,,,,,,,,,,,,,,,,,,,,,,,,,,,,,,,,,,,,,,
2011-04,7970763,10976124,5217948,756240,4461708,1284084,3043901,5481142,741526,4631790,277034,202468,289,14857174,2279891,715894,49978,13495,4276,507761,309755,14799575,7918610,10929994,5136195,754436,4381956,5509532,11099768,5340887,771834,4569053,1361733,3082100,5500328,748062,4643414,258553,195837,290,11016711,5217538,2.7,2.1,5.1,2.6,5.5,-0.4,-0.7,1.4,5.2,4.6,0.4,,,,,,,,,,,,,,,,,,,,,,,,,,,,,,,,,,,,,,,,,,,,,,,,,,,,,,
2011-05,7983201,10994798,5212867,753266,4459601,1288391,3040082,5502684,746050,4644080,279247,211219,285,14850578,2265704,719680,42416,13098,5080,501350,308452,14809192,7960055,10980944,5158195,753996,4404785,5521553,11032975,5243782,750515,4493267,1295052,3029302,5508977,739733,4645947,280216,205990,279,11045338,5252117,2.7,2.1,4.8,2.2,5.3,-0.3,1.9,0.9,6.5,5.7,0.8,,,,,,,,,,,,,,,,,,,,,,,,,,,,,,,,,,,,,,,,,,,,,,,,,,,,,,
2011-06,8005162,11027795,5180261,748649,4431612,1229509,3058649,5530933,739825,4650047,316601,213021,278,14872738,2257591,722989,41768,13112,5372,496951,307160,14825361,7966285,10988525,5155051,754543,4400459,5528323,11142351,5320837,758068,4562769,1316758,3117260,5535195,728604,4657866,286319,189941,283,11071735,5265341,2.8,2.3,5,2.5,5.4,-0.2,3.7,1.1,0.9,0.8,1.3,,,,,,,,,,,,,,,,,,,,,,,,,,,,,,,,,,,,,,,,,,,,,,,,,,,,,,
2011-07,8017214,11055295,5194483,755522,4438961,1212197,3106365,5543274,732889,4659211,317538,215055,282,14881318,2250560,723764,41433,13235,5400,487570,304061,14837196,7986921,11014368,5181106,756121,4424995,5522972,11108083,5252431,762887,4489544,1276867,3102185,5551166,736898,4663256,304486,204156,282,11078327,5220968,2.9,2.4,5.2,2.4,5.7,-0.2,3.6,1.1,3.2,2.9,1,,,,,,,,,,,,,,,,,,,,,,,,,,,,,,,,,,,,,,,,,,,,,,,,,,,,,,
2011-08,7997234,11034139,5163885,754277,4409608,1200638,3094255,5551060,737074,4661784,319194,215861,227,14839303,2243394,721401,40875,13276,5529,479374,301315,14831281,7995134,11024677,5189878,756787,4433138,5524793,11070915,5227773,756510,4471263,1243584,3107839,5549827,736552,4663028,293315,199975,225,11095756,5295460,2.7,2.2,5,2.4,5.5,-0.1,-0.7,0.9,1.2,1.1,-0.5,,,,,,,,,,,,,,,,,,,,,,,,,,,,,,,,,,,,,,,,,,,,,,,,,,,,,,
2011-09,8000077,11033800,5164725,751875,4412850,1203893,3083387,5550877,742719,4657492,318198,215707,219,14822160,2237279,715912,38354,13298,5326,477247,300944,14839719,8015135,11047993,5209901,758634,4451408,5530231,11077731,5257301,754660,4502641,1312765,3074518,5537922,742018,4654005,282508,199632,207,11116954,5312848,2.7,2.3,5.2,2.6,5.7,0,-3.6,0.9,3,2.6,0.7,,,,,,,,,,,,,,,,,,,,,,,,,,,,,,,,,,,,,,,,,,,,,,,,,,,,,,
2011-10,8002828,11036569,5185731,754144,4431587,1225198,3099207,5539865,750336,4650458,310973,226383,207,14810539,2231809,710875,35975,13251,4978,472455,304627,14850631,8037224,11072364,5227896,759948,4468003,5534325,11092155,5256899,760971,4495928,1269993,3124272,5535689,750195,4649241,299567,218537,206,11148503,5328481,2.8,2.3,5.1,2.4,5.6,0.2,-3.8,0.8,3.4,2.7,0.9,,,,,,,,,,,,,,,,,,,,,,,,,,,,,,,,,,,,,,,,,,,,,,,,,,,,,,
2011-11,8024423,11057260,5190333,755578,4434755,1224062,3098609,5537266,750653,4644767,329661,235717,212,14812618,2224762,704356,35341,13050,5088,466172,306589,14859408,8056593,11094197,5244655,760954,4483807,5537480,11096354,5263771,760387,4503384,1288509,3088497,5524508,741013,4641842,308075,218081,208,11160471,5348749,3,2.5,5.2,2.3,5.7,0.3,-0.6,0.8,2.9,2.4,0.7,,,,,,,,,,,,,,,,,,,,,,,,,,,,,,,,,,,,,,,,,,,,,,,,,,,,,,
2011-12,8069214,11114608,5280186,775298,4504888,1231066,3159299,5527042,737851,4650403,307380,215026,216,14847727,2220159,697357,35088,12809,4772,461994,300940,14848162,8064879,11105400,5261485,762533,4499142,5535773,11235070,5414034,799726,4614308,1319533,3184527,5532540,733672,4661783,288496,198365,207,11153815,5323337,3.1,2.6,5.3,2.3,5.8,0.4,-0.6,0.7,1.2,1.2,-0.9,,,,,,,,,,,,,,,,,,,,,,,,,,,,,,,,,,,,,,,,,,,,,,,,,,,,,,
2012-01,8082743,11132822,5279252,773110,4506142,1240608,3155250,5544661,745379,4662564,308909,215959,205,14849175,2218128,693282,34340,12559,4652,455597,297795,14852551,8080965,11125500,5273741,762223,4510685,5539724,11131311,5291818,767513,4524305,1265631,3146420,5544180,746403,4663993,295313,205066,205,11187348,5376823,3,2.6,5.1,2.2,5.6,0.5,-1.2,0.7,2.4,2.2,0.4,,,,,,,,,,,,,,,,,,,,,,,,,,,,,,,,,,,,,,,,,,,,,,,,,,,,,,
2012-02,8047690,11095882,5242851,764877,4477974,1209541,3160498,5543102,751803,4661689,309929,219298,204,14809833,2220877,690744,33823,12387,4543,448854,302723,14865178,8093618,11140761,5282330,765178,4517139,5541994,11166563,5341856,772714,4569142,1265246,3186539,5531489,748806,4661483,293218,207104,204,11207419,5385763,2.9,2.5,4.9,2.1,5.4,0.5,-0.9,0.6,1.9,1.7,1,,,,,,,,,,,,,,,,,,,,,,,,,,,,,,,,,,,,,,,,,,,,,,,,,,,,,,
2012-03,8092707,11135445,5306402,770479,4535923,1249712,3162462,5523610,751545,4657997,305433,219210,204,14849906,2224555,688739,33463,12362,3866,443600,307876,14898347,8115877,11166473,5298097,767637,4530325,5548448,11289917,5506310,775385,4730925,1395597,3164325,5507264,747159,4657437,276343,192496,212,11246987,5406317,3,2.6,4.4,1.9,4.8,0.6,6.7,0.6,3.4,2.8,2.7,,,,,,,,,,,,,,,,,,,,,,,,,,,,,,,,,,,,,,,,,,,,,,,,,,,,,,
2012-04,8178578,11228021,5394377,771609,4622768,1294693,3192132,5521463,756088,4657200,312181,222026,206,14941274,2231219,687869,33357,12168,3989,437379,307272,14884230,8125630,11181170,5311673,769846,4541904,5549181,11335024,5520929,789334,4731595,1382604,3225820,5528421,757947,4660289,285674,206238,205,11280031,5427011,2.6,2.3,3.4,2,3.6,0.7,12.7,0.6,1.5,1.6,-1.1,,,,,,,,,,,,,,,,,,,,,,,,,,,,,,,,,,,,,,,,,,,,,,,,,,,,,,
2012-05,8157056,11204900,5366404,769753,4596651,1292895,3174004,5529479,758497,4656970,309017,227451,207,14911241,2236333,686087,32990,12000,4283,432712,301936,14865180,8134537,11192150,5312667,770759,4542370,5548218,11242031,5407468,767558,4639910,1311733,3156770,5536075,758511,4655019,298488,214664,207,11254043,5415583,2.2,1.9,2.9,2.2,3.1,0.5,10.7,0.4,1.3,1.2,-1.5,,,,,,,,,,,,,,,,,,,,,,,,,,,,,,,,,,,,,,,,,,,,,,,,,,,,,,
2012-06,8185426,11242070,5350671,767277,4583394,1255159,3183945,5551837,752471,4660522,339562,226830,207,14929440,2226843,682684,32812,12071,4246,429390,299324,14875396,8145755,11203440,5324376,773167,4551267,5550305,11374206,5506882,781555,4725327,1357398,3246675,5564039,748163,4667410,303285,194130,207,11276825,5414757,2.3,1.9,3.3,2.5,3.4,0.4,7.3,0.4,1.7,1.2,0.8,,,,,,,,,,,,,,,,,,,,,,,,,,,,,,,,,,,,,,,,,,,,,,,,,,,,,,
2012-07,8199760,11269945,5352006,774355,4577651,1236436,3220818,5576929,753718,4671959,341010,225708,210,14938972,2217604,680526,32505,11706,4478,422433,299775,14891705,8171265,11231649,5340775,775274,4565548,5556850,11298125,5391836,776338,4615498,1288284,3205249,5582819,753362,4677186,323470,211538,214,11301720,5450218,2.3,1.9,3,2.5,3.1,0.6,7.4,0.4,3.8,3.1,1.3,,,,,,,,,,,,,,,,,,,,,,,,,,,,,,,,,,,,,,,,,,,,,,,,,,,,,,
2012-08,8191274,11261725,5337947,774778,4563169,1233551,3214653,5585313,756599,4676326,338465,223949,214,14923840,2215322,679999,32367,11263,4743,417473,300948,14916572,8193283,11257041,5365389,777184,4588221,5560444,11300771,5394690,778587,4616103,1264353,3230789,5587141,759098,4678154,318940,211829,213,11329539,5464976,2.4,2.1,3.4,2.7,3.5,0.6,6,0.6,3.3,2.7,2,,,,,,,,,,,,,,,,,,,,,,,,,,,,,,,,,,,,,,,,,,,,,,,,,,,,,,
2012-09,8192726,11261178,5349706,771818,4577888,1250543,3203439,5583254,761322,4674617,328218,220811,212,14919897,2210934,679039,32701,11267,4642,417289,302847,14936309,8211236,11278710,5395459,778779,4616861,5563963,11351679,5486340,778857,4707483,1387973,3204831,5571055,758609,4670194,294284,201020,212,11355100,5455113,2.4,2.1,3.6,2.7,3.7,0.6,3.1,0.7,2.7,2.3,1.6,,,,,,,,,,,,,,,,,,,,,,,,,,,,,,,,,,,,,,,,,,,,,,,,,,,,,,
2012-10,8183764,11253832,5354644,774143,4580501,1256036,3218904,5572159,766384,4667148,327029,230767,204,14905222,2205328,678688,32319,11053,5205,414078,304719,14944275,8220645,11291289,5397393,780209,4617222,5566128,11304300,5426354,779783,4646571,1299208,3244477,5565461,765478,4664922,312485,220966,200,11363033,5500417,2.3,2,3.3,2.7,3.4,0.6,5.2,0.6,1.4,1.3,0.6,,,,,,,,,,,,,,,,,,,,,,,,,,,,,,,,,,,,,,,,,,,,,,,,,,,,,,
2012-11,8193913,11262758,5354750,776833,4577917,1248970,3219813,5568071,766037,4664556,339937,238542,199,14911877,2201709,679216,31936,10920,5662,409557,310119,14955509,8222991,11295976,5408130,782003,4626195,5567724,11321715,5424590,783645,4640945,1300650,3209801,5562617,758409,4662955,334508,226387,198,11378876,5511843,2.1,1.9,3.2,2.8,3.2,0.6,3.1,0.7,0.3,0.5,0.9,,,,,,,,,,,,,,,,,,,,,,,,,,,,,,,,,,,,,,,,,,,,,,,,,,,,,,
2012-12,8276923,11358541,5456691,797374,4659317,1266780,3277094,5572761,758372,4674938,329089,220062,197,15014724,2203626,679526,31801,11024,6850,406105,317251,15007667,8266480,11342412,5434403,784092,4650337,5578753,11485546,5602192,830702,4771490,1350987,3311467,5578056,753359,4685231,305298,201884,198,11432517,5540467,2.6,2.2,3.3,2.8,3.4,0.8,7.1,1.1,6.5,5,4.3,,,,,,,,,,,,,,,,,,,,,,,,,,,,,,,,,,,,,,,,,,,,,,,,,,,,,,
2013-01,8299554,11385130,5467312,797297,4670015,1273799,3283779,5589820,764196,4687845,327998,222582,205,15047856,2203576,682824,31233,11161,6313,403413,324206,15047950,8294428,11373311,5461048,785892,4674355,5583832,11394652,5481117,790238,4690879,1302080,3272688,5588371,764191,4688600,325164,220373,206,11448162,5567229,2.7,2.3,3.6,3.1,3.6,0.8,6.2,1.3,4.1,3.3,3.3,,,,,,,,,,,,,,,,,,,,,,,,,,,,,,,,,,,,,,,,,,,,,,,,,,,,,,
2013-02,8282805,11365785,5444604,787715,4656889,1256501,3287928,5587456,768633,4686125,333725,230298,201,15027739,2199470,690195,30916,11204,5612,402225,322332,15095170,8326771,11407922,5484084,787790,4696237,5585552,11434516,5539692,796089,4743603,1299732,3318136,5583042,773385,4682444,311782,215007,203,11475889,5590455,2.9,2.4,3.8,3,4,0.8,7.7,1.5,4.8,3.7,3.8,,,,,,,,,,,,,,,,,,,,,,,,,,,,,,,,,,,,,,,,,,,,,,,,,,,,,,
2013-03,8338735,11414268,5520683,791802,4728881,1306461,3289534,5569671,774330,4674916,323914,226526,201,15080708,2206460,699877,30196,11586,5579,399925,312817,15142607,8362190,11445446,5512276,789136,4723299,5595198,11570772,5716669,798547,4918122,1447708,3291011,5556054,775682,4666344,298049,204503,198,11523127,5558850,3,2.5,4,2.8,4.3,0.8,6.1,1.6,5.2,4,3.8,,,,,,,,,,,,,,,,,,,,,,,,,,,,,,,,,,,,,,,,,,,,,,,,,,,,,,
2013-04,8437335,11516195,5608485,792893,4815592,1344396,3321354,5575952,788160,4667297,331758,230202,189,15259834,2279346,711100,29303,11756,5464,398010,308660,15208596,8386799,11472541,5528874,791539,4737107,5603824,11599740,5718346,803239,4915107,1423295,3348484,5582668,790762,4670745,298726,208303,188,11548291,5632636,3.2,2.6,4,2.8,4.2,1,6.3,2.1,3.6,2.9,5.4,,,,,,,,,,,,,,,,,,,,,,,,,,,,,,,,,,,,,,,,,,,,,,,,,,,,,,
2013-05,8440305,11518374,5603539,792934,4810605,1352606,3315254,5592494,795800,4671801,322341,227212,188,15337035,2343168,723123,27219,11408,5273,399298,309172,15283793,8416459,11505388,5548308,794175,4754522,5611994,11573084,5662913,792967,4869946,1381691,3303860,5598775,793970,4671265,311396,216490,187,11588076,5665553,3.5,2.8,4.4,3,4.7,1.1,4.3,2.9,4.3,3.5,6.1,,,,,,,,,,,,,,,,,,,,,,,,,,,,,,,,,,,,,,,,,,,,,,,,,,,,,,
2013-06,8496379,11585000,5627126,790808,4836318,1342604,3334759,5618752,793591,4675525,339122,215391,183,15401609,2339627,726734,26936,11557,5575,402068,304112,15341689,8456367,11547516,5598296,796825,4801482,5618639,11711134,5781256,805581,4975675,1440173,3396035,5625713,785008,4682460,304165,183234,179,11612918,5633079,3.8,3.1,5.2,3.1,5.5,1.2,-0.1,3.2,5.8,4.5,4.6,,,,,,,,,,,,,,,,,,,,,,,,,,,,,,,,,,,,,,,,,,,,,,,,,,,,,,
2013-07,8505401,11608340,5633167,797065,4836102,1322935,3376084,5640292,791677,4686984,334881,205654,182,15415274,2337984,727437,26189,11790,5655,401370,296509,15364775,8479972,11574150,5624260,798423,4825879,5621361,11641341,5670818,799174,4871644,1374433,3362241,5645845,789428,4692614,324678,198110,183,11647302,5725010,3.7,3,5.3,2.9,5.6,1.1,-1.8,3.2,3.4,2.8,1.8,,,,,,,,,,,,,,,,,,,,,,,,,,,,,,,,,,,,,,,,,,,,,,,,,,,,,,
2013-08,8498909,11602679,5615221,798493,4816728,1315237,3373695,5649746,793942,4693597,337712,208147,184,15405023,2335686,730664,25646,11659,5820,399773,293096,15397004,8505424,11602223,5643703,800744,4842921,5625875,11674932,5703522,803749,4899773,1375961,3396660,5648840,793667,4694639,322570,200737,199,11674585,5742023,3.8,3,5.2,3.1,5.6,1.2,-0.2,3.2,3.7,2.9,2.5,,,,,,,,,,,,,,,,,,,,,,,,,,,,,,,,,,,,,,,,,,,,,,,,,,,,,,
2013-09,8507913,11610682,5624546,795957,4828589,1327106,3362548,5645445,796732,4689640,340691,208043,200,15413268,2332319,734081,25637,12034,5888,401637,290990,15432855,8531345,11633207,5671653,802888,4868935,5627793,11675294,5736691,797776,4938915,1449662,3358687,5634149,794284,4685437,304454,186831,212,11711167,5792935,3.8,3.1,5.1,3.1,5.5,1.1,3.8,3.3,3.7,3.3,2.8,,,,,,,,,,,,,,,,,,,,,,,,,,,,,,,,,,,,,,,,,,,,,,,,,,,,,,
2013-10,8520882,11625774,5649505,798884,4850621,1347532,3383021,5639117,808520,4679976,337152,220161,211,15436274,2334878,737577,25720,12557,6447,401813,291508,15476597,8559753,11664560,5694302,805097,4889272,5632668,11678325,5723340,806465,4916875,1392440,3410617,5627456,805276,4675727,327529,218479,207,11734369,5804764,4.1,3.3,5.5,3.2,5.9,1.2,3.1,3.6,4.1,3.3,3.5,,,,,,,,,,,,,,,,,,,,,,,,,,,,,,,,,,,,,,,,,,,,,,,,,,,,,,
2013-11,8550157,11655386,5664121,802912,4861209,1349266,3387801,5632210,809676,4671904,359055,236630,219,15477583,2338089,739767,25427,12413,5765,399451,301285,15515444,8575677,11684193,5714623,807793,4906949,5630657,11746085,5773641,812196,4961445,1441685,3393497,5621492,800924,4670243,350952,225820,262,11763268,5827023,4.3,3.5,5.8,3.4,6.2,1.2,5.6,3.8,2.3,2,3.1,,,,,,,,,,,,,,,,,,,,,,,,,,,,,,,,,,,,,,,,,,,,,,,,,,,,,,
2013-12,8627674,11745546,5769353,824527,4944826,1363887,3457185,5629294,800157,4681499,346899,218792,248,15582503,2337827,745150,25486,12171,5916,397539,312868,15566121,8610274,11721992,5743925,810775,4933287,5632470,11874502,5918722,852707,5066015,1451236,3493765,5632158,791566,4693533,323622,195780,207,11822341,5864062,4.2,3.4,5.7,3.4,6.1,1,5.4,3.8,5,4,4,,,,,,,,,,,,,,,,,,,,,,,,,,,,,,,,,,,,,,,,,,,,,,,,,,,,,,
2014-01,8658882,11778517,5789015,825006,4964009,1377714,3463057,5640501,801575,4693092,349001,217444,211,15618742,2336776,748254,25273,11935,5924,397131,314932,15612049,8647720,11759874,5783441,813247,4969633,5632208,11770595,5786029,818897,4967132,1401321,3442915,5645456,808231,4693029,339110,212781,212,11824086,5868435,4.3,3.5,5.9,3.5,6.3,0.9,6.4,3.8,5.3,3.9,3.6,,,,,,,,,,,,,,,,,,,,,,,,,,,,,,,,,,,,,,,,,,,,,,,,,,,,,,
2014-02,8611077,11726815,5739022,815234,4923788,1350413,3453862,5640324,812650,4687933,347469,223039,202,15565768,2334741,747097,25275,11937,5616,399257,315030,15639837,8653512,11766522,5781317,815119,4966106,5636081,11790187,5837957,826992,5010965,1396650,3479812,5624224,806500,4685433,328006,209286,201,11835337,5882417,4,3.2,5.4,3.5,5.7,0.9,4.1,3.6,0.8,0.7,2.2,,,,,,,,,,,,,,,,,,,,,,,,,,,,,,,,,,,,,,,,,,,,,,,,,,,,,,
2014-03,8634439,11739845,5798442,821584,4976858,1387812,3446315,5608028,806305,4676675,333375,216289,235,15586642,2335169,745809,24940,11297,6524,404368,318690,15662211,8662714,11775734,5792719,819046,4974187,5633780,11859277,5973017,822490,5150527,1521513,3445043,5589285,801534,4669637,296975,186155,358,11846282,5902618,3.5,2.9,5,3.8,5.2,0.7,2.9,3.4,1.3,0.9,1.7,,,,,,,,,,,,,,,,,,,,,,,,,,,,,,,,,,,,,,,,,,,,,,,,,,,,,,
2014-04,8728308,11835518,5888099,818789,5069310,1435586,3473453,5610107,818528,4667506,337312,218132,391,15745550,2394114,746351,24483,10350,6210,403478,325046,15704259,8681039,11795886,5809295,817723,4990896,5639885,11913194,5995853,827979,5167874,1520238,3496426,5608786,817459,4667664,308555,201997,400,11866009,5907552,3.4,2.8,5,3.3,5.3,0.6,1.7,3.2,2.6,2.1,3.3,,,,,,,,,,,,,,,,,,,,,,,,,,,,,,,,,,,,,,,,,,,,,,,,,,,,,,
2014-05,8716091,11823445,5869597,819825,5049772,1439728,3460457,5618149,823300,4666004,335699,222566,399,15795039,2450868,748323,24440,10029,6045,399452,332437,15738429,8688552,11807685,5810725,821297,4989799,5639103,11899074,5953371,821729,5131642,1505352,3451055,5623560,821733,4663746,322143,209756,393,11882805,5919287,3.3,2.6,4.7,3.4,5,0.5,4.1,3,1,1.2,2.6,,,,,,,,,,,,,,,,,,,,,,,,,,,,,,,,,,,,,,,,,,,,,,,,,,,,,,
2014-06,8753539,11872062,5868525,817541,5050984,1407292,3475764,5641247,816283,4669444,362290,217873,392,15850064,2451787,750758,24692,10063,6713,398892,335097,15786996,8715247,11837184,5837569,823887,5013766,5642932,11976445,6006215,827316,5178899,1498783,3530554,5641480,800172,4677403,328750,188248,393,11913462,5945632,3,2.5,4.3,3.4,4.4,0.4,6.8,2.9,3.7,3,3.8,,,,,,,,,,,,,,,,,,,,,,,,,,,,,,,,,,,,,,,,,,,,,,,,,,,,,,
2014-07,8757077,11891727,5859524,824324,5035200,1377620,3517567,5665531,814047,4682797,366672,216445,395,15872888,2450583,755475,24923,10283,7190,392526,340181,15823832,8735259,11861612,5851476,825938,5025624,5648842,11914221,5896889,827296,5069593,1432668,3500991,5665072,807187,4687057,352260,201806,395,11917365,5958218,3,2.4,4,3.4,4.1,0.4,9.5,3,2.8,2.5,2.8,,,,,,,,,,,,,,,,,,,,,,,,,,,,,,,,,,,,,,,,,,,,,,,,,,,,,,
2014-08,8751629,11887733,5851045,826856,5024189,1380410,3510497,5670855,814371,4687062,365833,214105,396,15875115,2449576,760215,24437,10301,8031,387214,347608,15864863,8760234,11888596,5877913,828918,5048851,5648079,11964721,5949135,834469,5114666,1450054,3535628,5672367,816782,4688675,343219,199570,395,11961316,5929282,3,2.5,4.2,3.6,4.3,0.4,8.3,3.1,3.5,2.8,3.2,,,,,,,,,,,,,,,,,,,,,,,,,,,,,,,,,,,,,,,,,,,,,,,,,,,,,,
2014-09,8767152,11901050,5860154,824379,5035775,1392649,3503125,5669171,821918,4682146,371725,215853,396,15905074,2452106,765626,23930,10319,8009,387314,356720,15926638,8793814,11927053,5909048,831297,5077968,5652094,11974456,5987629,825801,5161828,1530896,3498962,5651512,813917,4678884,335315,196568,400,12015211,6052960,3,2.5,4.2,3.6,4.3,0.4,9.1,3.2,4.7,4,4.8,,,,,,,,,,,,,,,,,,,,,,,,,,,,,,,,,,,,,,,,,,,,,,,,,,,,,,
2014-10,8788034,11927419,5889989,827933,5062056,1419502,3519731,5667198,839573,4672419,370232,229290,402,15938479,2453576,770535,24177,10943,7568,378021,366240,15979996,8827776,11966859,5935444,834072,5101465,5661038,11982146,5962695,837419,5125276,1464764,3543001,5660374,839997,4668481,359077,222094,400,12036922,6038580,3.1,2.6,4.3,3.6,4.4,0.5,9.8,3.3,4.7,4.1,4.1,,,,,,,,,,,,,,,,,,,,,,,,,,,,,,,,,,,,,,,,,,,,,,,,,,,,,,
2014-11,8854000,11993459,5936954,833008,5103946,1444164,3530684,5670592,847889,4665901,385913,235830,400,16012056,2456003,773747,23996,12159,7692,365256,379744,16040606,8873588,12015957,5982484,837705,5144883,5666282,12092560,6055046,843266,5211780,1534311,3541818,5664630,841721,4664807,372884,219906,399,12097159,6044528,3.6,2.9,4.8,3.7,5,0.7,7.5,3.5,6.4,5,4.6,,,,,,,,,,,,,,,,,,,,,,,,,,,,,,,,,,,,,,,,,,,,,,,,,,,,,,
2014-12,8931353,12085313,6036426,854089,5182337,1444293,3601416,5669951,836658,4677502,378936,221977,400,16111292,2457407,778705,23586,13040,7581,357390,388270,16086303,8909094,12057009,6011766,840209,5171669,5670095,12201819,6177807,881610,5296197,1536042,3634071,5670887,825752,4691338,353125,202956,402,12153358,6121251,3.5,2.9,4.6,3.6,4.8,0.7,9.2,3.4,4.9,4.2,3.5,,,,,,,,,,,,,,,,,,,,,,,,,,,,,,,,,,,,,,,,,,,,,,,,,,,,,,
2015-01,8946578,12104783,6042467,855102,5187365,1452759,3604882,5682848,839380,4691192,379468,224231,403,16116055,2456487,785797,23489,13240,7155,347175,377929,16103744,8931135,12081435,6039454,843259,5195785,5672077,12129188,6082872,851426,5231446,1512925,3593887,5681499,839927,4691785,364817,214201,404,12146972,6128393,3.3,2.8,4.4,3.6,4.5,0.8,8.7,3.2,3,2.5,1.3,,,,,,,,,,,,,,,,,,,,,,,,,,,,,,,,,,,,,,,,,,,,,,,,,,,,,,
2015-02,8908583,12065566,6018812,846570,5172242,1438313,3606397,5681060,849818,4685902,365694,219913,402,16059983,2446790,793963,23443,13362,6576,340195,370088,16137592,8952434,12106435,6064903,846184,5218503,5675104,12167990,6158706,859668,5299038,1520947,3645490,5668194,846619,4681662,341090,201612,402,12181863,6166728,3.5,2.9,4.9,3.8,5,0.7,5.2,3.2,2.9,2.5,2.6,,,,,,,,,,,,,,,,,,,,,,,,,,,,,,,,,,,,,,,,,,,,,,,,,,,,,,
2015-03,8943131,12093214,6085831,851957,5233874,1479827,3607226,5655007,851513,4671382,352376,215625,387,16089141,2440824,803131,23838,13139,7431,338322,369242,16173000,8978269,12135849,6085238,849472,5236189,5680581,12204522,6262034,853540,5408494,1607916,3612193,5639270,850559,4663737,303218,183945,396,12199633,6203256,3.6,3,5,3.7,5.2,0.8,5.7,3.2,3.5,3,2.7,,,,,,,,,,,,,,,,,,,,,,,,,,,,,,,,,,,,,,,,,,,,,,,,,,,,,,
2015-04,9040704,12191441,6178161,853669,5324492,1522869,3639977,5662442,870284,4662762,350838,219428,387,16296585,2547521,813920,24533,12312,8874,330614,367370,16267118,8998167,12156816,6100577,852809,5247174,5696190,12270503,6288606,865392,5423214,1608102,3665057,5656781,862116,4664811,325116,208347,385,12219922,6208347,3.6,3,4.9,4.3,5,0.9,4,3.5,2.7,2.1,7.2,,,,,,,,,,,,,,,,,,,,,,,,,,,,,,,,,,,,,,,,,,,,,,,,,,,,,,
2015-05,9070027,12215160,6201155,857156,5343999,1553860,3633398,5666861,867688,4663943,347144,226778,383,16432260,2652405,824924,24214,12016,9569,322653,371319,16374805,9036174,12193606,6135103,858652,5276858,5689363,12278548,6291910,860768,5431142,1613175,3632079,5666929,861098,4660532,319709,211074,394,12259447,6193493,4.1,3.3,5.6,4.6,5.8,0.9,3.4,4,5.2,3.7,8.2,,,,,,,,,,,,,,,,,,,,,,,,,,,,,,,,,,,,,,,,,,,,,,,,,,,,,,
2015-06,9090087,12244585,6185020,856243,5328777,1500967,3653237,5688065,857816,4664505,371500,216122,394,16474853,2656701,833094,24318,12105,9686,320163,374201,16412404,9052936,12211322,6151827,862979,5289021,5691571,12347603,6326091,866593,5459498,1597297,3710531,5682282,835253,4671601,339230,191422,394,12288236,6272837,3.8,3.1,5.4,4.7,5.5,0.8,2.5,3.9,2.2,1.8,2.8,,,,,,,,,,,,,,,,,,,,,,,,,,,,,,,,,,,,,,,,,,,,,,,,,,,,,,
2015-07,9102447,12271255,6185561,866576,5318985,1478919,3695314,5707854,854685,4673917,377840,219949,399,16504693,2663573,835705,24612,11799,9729,313971,374049,16456034,9081269,12242049,6174606,868267,5306495,5694092,12319249,6231294,872544,5358750,1536286,3679122,5719538,859920,4676883,368417,207920,397,12323872,6287168,3.9,3.2,5.6,5.1,5.6,0.7,3,4,3.8,3.1,3.2,,,,,,,,,,,,,,,,,,,,,,,,,,,,,,,,,,,,,,,,,,,,,,,,,,,,,,
2015-08,9112081,12281934,6181187,870557,5310630,1485255,3686816,5721021,862543,4676775,379726,220556,395,16516710,2672661,835963,25040,11528,9115,309123,371346,16502387,9120702,12281760,6206441,872554,5333646,5698143,12312558,6234229,874236,5359993,1518656,3696207,5722571,864208,4678841,355758,209796,394,12341556,6304834,4.1,3.3,5.6,5.3,5.7,0.9,3.8,4,5.3,4,3.4,,,,,,,,,,,,,,,,,,,,,,,,,,,,,,,,,,,,,,,,,,,,,,,,,,,,,,
2015-09,9096904,12263554,6170147,872119,5298028,1481108,3664525,5714018,863439,4670401,379389,222607,394,16492154,2674991,835841,25732,11522,9052,308631,362831,16514970,9124822,12290689,6220683,879092,5341855,5696318,12308646,6285965,874238,5411727,1609593,3657047,5686470,848147,4664557,336211,201060,404,12354126,6350484,3.8,3,5.3,5.8,5.2,0.8,2.1,3.7,0.5,0.9,0.9,,,,,,,,,,,,,,,,,,,,,,,,,,,,,,,,,,,,,,,,,,,,,,,,,,,,,,
2015-10,9105777,12273462,6202103,878248,5323855,1509268,3682952,5695163,868528,4657049,376196,236980,399,16500737,2680900,835855,25522,12011,9138,304208,359641,16540928,9143432,12311092,6246142,884314,5361938,5688727,12361255,6306119,889758,5416361,1582784,3714648,5687144,869663,4651066,367992,231837,398,12377265,6340869,3.6,2.9,5.3,6.1,5.2,0.5,1.6,3.5,2.5,2,1.9,,,,,,,,,,,,,,,,,,,,,,,,,,,,,,,,,,,,,,,,,,,,,,,,,,,,,,
2015-11,9145928,12313182,6221647,884439,5337208,1520356,3681530,5696700,878236,4646606,394835,245853,394,16541757,2684883,836401,25386,12561,8001,299597,361746,16561697,9160369,12330906,6263225,889293,5373985,5688509,12365284,6305015,891500,5413515,1580941,3674735,5682697,866607,4644289,377572,225954,391,12396175,6383455,3.3,2.7,4.8,6.2,4.6,0.5,2.3,3.3,2.2,1.9,1.5,,,,,,,,,,,,,,,,,,,,,,,,,,,,,,,,,,,,,,,,,,,,,,,,,,,,,,
2015-12,9206476,12386000,6305980,907862,5398118,1516325,3743643,5688621,863774,4654468,391399,238743,392,16610228,2681390,837507,25539,12641,8627,297250,361274,16582207,9183286,12356571,6285152,893818,5391072,5686282,12510086,6449094,935586,5513508,1603596,3776528,5693053,857091,4666230,367939,226872,375,12462273,6406155,3.1,2.5,4.5,6.3,4.2,0.3,3.3,3.1,3,2.5,1.5,,,,,,,,,,,,,,,,,,,,,,,,,,,,,,,,,,,,,,,,,,,,,,,,,,,,,,
2016-01,9226554,12411437,6311912,910020,5401892,1526248,3740695,5706947,872075,4666252,392578,247639,375,16629251,2681255,837171,25990,12393,8846,289970,362189,16612712,9210345,12387263,6312048,898098,5413161,5694716,12434650,6357801,909453,5448348,1587145,3731643,5709457,876293,4666004,367392,227516,375,12449275,6341959,3.1,2.5,4.5,6.4,4.1,0.4,3.5,3.2,3.6,3,2.2,,,,,,,,,,,,,,,,,,,,,,,,,,,,,,,,,,,,,,,,,,,,,,,,,,,,,,
2016-02,9183408,12367839,6304091,902929,5401162,1533274,3733288,5698975,876047,4660594,364773,231948,374,16559324,2675925,831838,25708,12021,8976,280745,356272,16637002,9231549,12413167,6356126,902257,5453244,5692060,12431649,6433247,912002,5521245,1611368,3756184,5682139,870183,4656047,316263,197365,371,12479657,6479837,3.1,2.5,4.7,6.7,4.4,0.3,-0.3,3.1,2.8,2.5,1.8,,,,,,,,,,,,,,,,,,,,,,,,,,,,,,,,,,,,,,,,,,,,,,,,,,,,,,
2016-03,9214352,12393702,6413357,908995,5504362,1611024,3731575,5655753,869089,4641173,324592,207691,362,16557317,2667962,825954,25678,11968,6514,273926,351613,16645554,9257464,12444443,6420194,906333,5514021,5681253,12521931,6631688,911334,5720354,1770341,3741011,5616645,852995,4629444,273598,178857,360,12524905,6580227,3,2.5,5.4,6.7,5.2,0,-7.9,2.9,3.4,3.1,0.6,,,,,,,,,,,,,,,,,,,,,,,,,,,,,,,,,,,,,,,,,,,,,,,,,,,,,,
2016-04,9337483,12520875,6591042,911885,5679157,1728525,3764363,5629458,864340,4625467,300375,198072,353,16668551,2667581,820520,26144,11652,4491,266068,351220,16647528,9297964,12489134,6511246,910957,5599969,5667126,12628227,6709410,927768,5781642,1822381,3801094,5635378,868630,4624276,283439,187119,292,12541141,6581466,3.3,2.7,6.7,6.8,6.7,-0.6,-14.4,2.3,5.4,4.4,0.1,,,,,,,,,,,,,,,,,,,,,,,,,,,,,,,,,,,,,,,,,,,,,,,,,,,,,,
2016-05,9368340,12555159,6620864,911632,5709232,1778354,3754846,5635979,868775,4619695,298316,201025,286,16691668,2667593,815431,26463,11272,3664,258462,353624,16638063,9329198,12527743,6547690,913256,5635196,5660358,12582421,6660000,908726,5751274,1775459,3744468,5636039,862615,4616239,286382,194459,278,12599586,6664044,3.3,2.8,6.8,6.4,6.8,-0.5,-14.1,1.6,4.1,3.8,-0.7,,,,,,,,,,,,,,,,,,,,,,,,,,,,,,,,,,,,,,,,,,,,,,,,,,,,,,
2016-06,9394599,12594721,6623091,908758,5714333,1730047,3777106,5644905,856942,4613754,326725,196726,278,16710477,2661114,810035,26598,11216,3296,252013,351484,16654143,9357014,12561068,6586115,915750,5670637,5650013,12679994,6750845,917737,5833108,1806535,3841760,5633772,838844,4612119,295377,171109,278,12620434,6697940,3.3,2.9,7.1,6.1,7.2,-0.8,-12.1,1.4,3.6,3.2,1.2,,,,,,,,,,,,,,,,,,,,,,,,,,,,,,,,,,,,,,,,,,,,,,,,,,,,,,
2016-07,9404959,12623788,6651193,917462,5733731,1727030,3829994,5649970,848860,4616135,322625,190917,275,16717349,2657499,804538,26866,10750,2695,246221,344992,16670592,9382155,12592573,6634909,919033,5715976,5638780,12687623,6719331,926520,5792811,1794850,3831836,5653807,850129,4617609,314485,181565,271,12651679,6667020,3.3,2.9,7.5,5.9,7.8,-1,-14.6,1.3,3.3,3.1,1.2,,,,,,,,,,,,,,,,,,,,,,,,,,,,,,,,,,,,,,,,,,,,,,,,,,,,,,
2016-08,9399942,12621687,6647099,919504,5727595,1726441,3833164,5652986,854729,4612248,321602,189006,271,16716155,2659476,800463,26916,10211,4314,243977,349111,16699214,9407115,12620439,6671583,921456,5749923,5630367,12655949,6701799,921082,5780717,1759914,3852750,5651045,856477,4610279,303105,178932,270,12685915,6772231,3.2,2.8,7.5,5.6,7.9,-1.2,-15.3,1.2,3.2,2.7,2.1,,,,,,,,,,,,,,,,,,,,,,,,,,,,,,,,,,,,,,,,,,,,,,,,,,,,,,
2016-09,9407430,12625523,6656996,917500,5739496,1738071,3829640,5644117,858170,4601763,324410,189211,269,16714760,2657875,800270,27112,9937,4531,242680,346832,16732092,9432948,12650203,6707555,924402,5783463,5625496,12658468,6740076,920668,5819408,1837744,3823493,5623817,847960,4595697,294575,176659,270,12706457,6810630,3.4,3,7.9,5.2,8.3,-1.2,-14.5,1.3,3.3,2.9,2.4,,,,,,,,,,,,,,,,,,,,,,,,,,,,,,,,,,,,,,,,,,,,,,,,,,,,,,
2016-10,9429381,12649217,6713560,921598,5791962,1791090,3850322,5623086,858665,4588261,312571,193488,271,16733266,2655245,799528,27669,9541,5220,239056,347790,16767788,9463883,12683962,6756786,927530,5829329,5614841,12706555,6786882,928408,5858474,1830206,3880879,5616117,859585,4583261,303556,187043,271,12746783,6855494,3.6,3.1,8.2,4.9,8.8,-1.3,-16.9,1.4,4,3.2,2.6,,,,,,,,,,,,,,,,,,,,,,,,,,,,,,,,,,,,,,,,,,,,,,,,,,,,,,
2016-11,9494509,12716022,6764869,924857,5840012,1817223,3860106,5622412,866041,4577738,328741,196603,270,16812519,2658121,797024,27635,9450,5335,236697,362235,16825921,9504362,12730104,6805879,929970,5875900,5610098,12767598,6848027,930440,5917587,1874824,3859976,5605654,853369,4572704,313917,183128,270,12799158,6925637,3.8,3.3,8.7,4.6,9.4,-1.3,-16.7,1.6,5.3,4.5,4.2,,,,,,,,,,,,,,,,,,,,,,,,,,,,,,,,,,,,,,,,,,,,,,,,,,,,,,
2016-12,9563427,12800804,6878435,948062,5930373,1813537,3950558,5605814,851660,4577760,316555,183040,267,16923225,2675901,799277,27541,9721,6036,234890,369055,16894997,9542266,12773270,6862423,934318,5928066,5600453,12907266,7012352,973009,6039343,1887651,3994747,5597573,838084,4584298,297341,168492,265,12830476,6927747,3.9,3.3,9.1,4.4,9.9,-1.5,-19.1,1.9,4.9,4.1,5,,,,,,,,,,,,,,,,,,,,,,,,,,,,,,,,,,,,,,,,,,,,,,,,,,,,,,
2017-01,9590487,12833922,6912194,949567,5962627,1832927,3968639,5605139,851689,4580782,316589,184589,265,16965105,2694327,799140,28110,9436,6047,233034,361089,16950332,9577999,12813375,6914745,937955,5976508,5593015,12821810,6913018,944139,5968879,1843457,3964748,5600538,854330,4577080,308254,179768,263,12877088,7011632,3.9,3.4,9.5,4.3,10.4,-1.8,-19.4,2,4.6,3.8,4,,,,,,,,,,,,,,,,,,,,,,,,,,,,,,,,,,,,,,,,,,,,,,,,,,,,,,
2017-02,9561292,12803148,6900633,943034,5957599,1820186,3982308,5591193,857373,4569401,311322,185617,263,16924637,2697454,795680,28437,9223,5563,233921,351211,17005152,9616478,12855497,6960567,942163,6017972,5585055,12862559,6996959,952042,6044917,1861447,4014269,5574683,852376,4564875,290917,173823,265,12919814,7063318,4.1,3.5,9.5,4.4,10.3,-1.9,-14.7,2.2,4.9,4,4,,,,,,,,,,,,,,,,,,,,,,,,,,,,,,,,,,,,,,,,,,,,,,,,,,,,,,
2017-03,9597629,12832462,6972738,949163,6023575,1860254,3989920,5553848,853405,4551613,305876,189662,265,16948784,2696076,790507,28916,9553,5298,237106,348866,17041432,9648024,12890448,6988754,946483,6042144,5580165,12926098,7127030,951732,6175298,1966000,3997092,5516828,837051,4540112,282240,180723,267,12939625,7079828,4.2,3.5,8.7,4.4,9.4,-1.8,-5.8,2.4,4,3.3,2.6,,,,,,,,,,,,,,,,,,,,,,,,,,,,,,,,,,,,,,,,,,,,,,,,,,,,,,
2017-04,9702896,12938605,7101689,950455,6151234,1937114,4022860,5532890,855502,4535775,304026,193259,267,17098572,2739776,785214,29647,9417,3942,238164,353807,17081424,9665655,12908552,7019888,949432,6070422,5573689,13034816,7205839,964428,6241411,2018742,4059757,5542364,863002,4535599,286613,184459,266,12936040,6999599,3.9,3.3,7.7,4.2,8.3,-1.7,1.2,2.6,2.2,1.7,2.9,,,,,,,,,,,,,,,,,,,,,,,,,,,,,,,,,,,,,,,,,,,,,,,,,,,,,,
2017-05,9723663,12961343,7124084,952054,6172030,1968727,4020139,5544299,864723,4531062,292960,191024,266,17176718,2790198,783211,29995,9025,5925,236705,360316,17125581,9679469,12927790,7043791,953662,6091059,5571586,12972196,7146160,949832,6196328,1953451,4011540,5547140,862107,4527036,278896,178275,267,12989291,7139249,3.8,3.2,7.6,4.4,8.1,-1.6,-1.8,2.9,1.7,1.8,3.1,,,,,,,,,,,,,,,,,,,,,,,,,,,,,,,,,,,,,,,,,,,,,,,,,,,,,,
2017-06,9763583,13013826,7129497,950478,6179019,1916426,4049519,5561526,860994,4528632,322803,189673,275,17231646,2790124,781303,29881,9150,4341,236483,366538,17178977,9723474,12977305,7087661,957397,6130347,5568154,13100050,7244496,960600,6283896,1978943,4119301,5553140,839471,4532686,302414,172058,282,13041205,7186864,3.9,3.3,7.6,4.6,8.1,-1.5,-1.2,3.1,5.6,4.7,3.8,,,,,,,,,,,,,,,,,,,,,,,,,,,,,,,,,,,,,,,,,,,,,,,,,,,,,,
2017-07,9781486,13047848,7150693,959053,6191640,1901308,4109025,5573861,859160,4531041,323294,186415,279,17286175,2804432,780458,30291,9200,8106,236227,369613,17236426,9755634,13013329,7129722,960549,6169139,5563321,13061984,7165579,962745,6202834,1920627,4102525,5581092,864263,4530989,315313,178318,270,13058442,7211841,4,3.4,7.5,4.5,8,-1.3,0.2,3.4,4,3.4,4.1,,,,,,,,,,,,,,,,,,,,,,,,,,,,,,,,,,,,,,,,,,,,,,,,,,,,,,
2017-08,9776216,13045399,7142856,962492,6180364,1888730,4118257,5582229,870197,4526198,320314,183785,266,17302118,2821309,781093,30528,9024,4105,236757,373903,17281912,9780706,13042414,7165728,964223,6201372,5558629,13076646,7201288,963681,6237607,1914834,4140353,5574755,868037,4523695,300603,176280,265,13099282,7272836,4,3.4,7.5,4.7,7.9,-1.3,-0.4,3.5,3.1,2.7,3.2,,,,,,,,,,,,,,,,,,,,,,,,,,,,,,,,,,,,,,,,,,,,,,,,,,,,,,
2017-09,9788225,13057024,7166146,960605,6205541,1906880,4116547,5568566,869621,4516396,322312,186459,266,17316818,2818151,779964,30563,8992,3672,238005,380447,17327035,9808584,13076818,7212008,967198,6244998,5549147,13111925,7273670,966287,6307383,2019616,4122611,5541754,851616,4509597,296501,174745,267,13126281,7307323,4,3.4,7.6,4.7,8.1,-1.3,-0.6,3.6,3.5,3.2,3.2,,,,,,,,,,,,,,,,,,,,,,,,,,,,,,,,,,,,,,,,,,,,,,,,,,,,,,
2017-10,9813059,13083945,7217045,965326,6251719,1947075,4145087,5555250,874734,4503505,311650,189541,267,17348700,2819366,780723,30752,8282,3683,238149,383800,17375284,9842978,13114873,7258550,971240,6287319,5543495,13142674,7288368,971424,6316944,1985847,4176307,5549355,877481,4498025,304951,184939,268,13179390,7362963,4.1,3.4,7.5,4.7,7.9,-1.2,-0.3,3.7,4.3,3.5,3.4,,,,,,,,,,,,,,,,,,,,,,,,,,,,,,,,,,,,,,,,,,,,,,,,,,,,,,
2017-11,9874847,13145797,7263113,969636,6293477,1972123,4153292,5552948,882209,4492753,329736,194585,268,17411838,2821914,780627,30785,7688,4204,238043,382780,17420056,9881787,13158332,7303346,974944,6328322,5536996,13171584,7319851,974050,6345801,2011700,4147945,5536579,870028,4487678,315154,183171,267,13201620,7401912,4,3.4,7.4,4.8,7.8,-1.2,0.3,3.6,4.8,4,3.1,,,,,,,,,,,,,,,,,,,,,,,,,,,,,,,,,,,,,,,,,,,,,,,,,,,,,,
2017-12,9905721,13192095,7345538,990889,6354649,1950362,4234445,5530437,865435,4490423,316120,183587,268,17457349,2822870,781409,30779,7828,3773,238160,380435,17433337,9888548,13168588,7335033,977526,6357350,5523050,13285779,7470931,1018633,6452298,2013487,4279804,5513836,844916,4496081,301012,173286,268,13209408,7319565,3.6,3.1,6.8,4.5,7.2,-1.3,-0.1,3.2,0.8,0.9,0.9,,,,,,,,,,,,,,,,,,,,,,,,,,,,,,,,,,,,,,,,,,,,,,,,,,,,,,
2018-01,9917009,13206997,7371927,992386,6379541,1964277,4249087,5521380,858476,4491974,313690,183703,266,17476274,2821446,787107,30780,7631,9734,238326,374253,17468340,9911560,13194082,7379607,980951,6398300,5510066,13187252,7365486,986174,6379312,1975775,4238428,5519163,862600,4487496,302603,177897,262,13251185,7464874,3.4,2.9,6.7,4.5,7,-1.5,-0.9,3,2.8,2.3,2.4,,,,,,,,,,,,,,,,,,,,,,,,,,,,,,,,,,,,,,,,,,,,,,,,,,,,,,
2018-02,9865773,13152045,7337047,985695,6351352,1940746,4251283,5510316,866960,4479543,304682,182368,260,17397540,2814372,788949,30657,7331,2014,238829,363343,17485180,9929923,13213017,7405602,984921,6420308,5504896,13198027,7424441,991867,6432574,1976694,4278279,5489399,858720,4472992,284187,171053,259,13265743,7497112,3.2,2.7,6.3,4.5,6.6,-1.4,-2.1,2.8,2.2,1.7,1.2,,,,,,,,,,,,,,,,,,,,,,,,,,,,,,,,,,,,,,,,,,,,,,,,,,,,,,
2018-03,9890903,13169126,7406615,989655,6416960,1980799,4254625,5471292,861862,4460046,291219,178804,259,17397442,2804392,787597,30675,7255,1599,238689,358109,17496533,9950156,13235131,7433523,987202,6446038,5499063,13303802,7593032,993609,6599423,2103032,4264174,5441228,852304,4449244,269542,170635,262,13287319,7509564,3.1,2.6,6.2,4.3,6.5,-1.5,-4.8,2.6,2.5,2,0.8,,,,,,,,,,,,,,,,,,,,,,,,,,,,,,,,,,,,,,,,,,,,,,,,,,,,,,
2018-04,10010867,13292729,7545588,991187,6554401,2055464,4292779,5454473,867741,4444015,292668,185879,258,17578969,2859759,786503,30855,7135,1604,237698,362686,17562343,9971868,13259766,7463411,990095,6473343,5498167,13413126,7677682,1006210,6671472,2163601,4328793,5457506,870755,4441531,277938,175840,255,13341855,7573106,3.2,2.7,6.3,4.3,6.6,-1.4,-3.7,2.8,2.7,2.3,4.6,,,,,,,,,,,,,,,,,,,,,,,,,,,,,,,,,,,,,,,,,,,,,,,,,,,,,,
2018-05,10031511,13312552,7565323,990460,6574863,2085442,4283524,5465651,878658,4436130,281578,183066,255,17654304,2917226,785926,30996,7073,1477,236831,362223,17603805,9982647,13272849,7478081,992101,6487511,5497154,13328748,7603721,988614,6615107,2085500,4275124,5460861,870513,4430171,264166,169956,255,13338279,7599970,3.2,2.7,6.2,4,6.5,-1.4,-3.9,2.8,1.3,1.2,2.9,,,,,,,,,,,,,,,,,,,,,,,,,,,,,,,,,,,,,,,,,,,,,,,,,,,,,,
2018-06,10066296,13360470,7593071,989995,6603076,2052004,4313748,5467789,865288,4428282,299610,171964,250,17693880,2913617,786501,30720,7032,1610,236195,357735,17640819,10022103,13317990,7544008,996842,6547222,5476015,13453753,7717972,1002332,6715640,2118693,4392856,5455758,841430,4429758,280023,154948,242,13354834,7615227,3.1,2.7,6.5,4.2,6.9,-1.7,-7.2,2.7,4.8,4.2,2.6,,,,,,,,,,,,,,,,,,,,,,,,,,,,,,,,,,,,,,,,,,,,,,,,,,,,,,
2018-07,10068028,13379294,7603904,997324,6606580,2026289,4375739,5470036,854182,4427142,305354,177694,238,17721014,2920546,785968,30662,6827,1938,235888,359891,17666953,10039372,13341742,7578892,998607,6580216,5458869,13394947,7625603,999298,6626305,2051756,4370358,5470898,854991,4425554,298446,170492,232,13389553,7675481,2.9,2.5,6.3,4,6.7,-1.9,-5.5,2.5,2.1,2.2,1.8,,,,,,,,,,,,,,,,,,,,,,,,,,,,,,,,,,,,,,,,,,,,,,,,,,,,,,
2018-08,10056582,13370132,7591960,999273,6592687,2009944,4385101,5471531,860747,4420523,306641,178628,230,17719895,2929714,784839,30819,6684,1761,236095,359851,17695209,10056408,13363712,7609383,1000588,6608534,5447415,13396072,7638544,1002206,6636338,2026266,4408469,5464950,858667,4417570,292578,172079,235,13415515,7695712,2.9,2.5,6.3,3.8,6.7,-2,-4.3,2.4,2.1,2,1.9,,,,,,,,,,,,,,,,,,,,,,,,,,,,,,,,,,,,,,,,,,,,,,,,,,,,,,
2018-09,10065900,13378670,7610156,997874,6612282,2022025,4386585,5459371,861386,4409158,309143,179788,234,17730594,2930096,784482,30639,6706,2095,236872,361034,17731638,10079474,13392097,7648010,1003911,6644392,5438242,13445561,7723237,1003387,6719850,2140084,4391479,5441491,850836,4402747,280833,163402,234,13457974,7681777,2.8,2.5,6.2,3.9,6.6,-2,-4.1,2.4,2.8,2.6,2.5,,,,,,,,,,,,,,,,,,,,,,,,,,,,,,,,,,,,,,,,,,,,,,,,,,,,,,
2018-10,10074396,13388535,7639033,1000641,6638392,2048644,4409461,5445620,868251,4393591,303882,186798,234,17739245,2927520,784287,30476,6612,2258,237798,361759,17758672,10101262,13418868,7681261,1006421,6674664,5429406,13434605,7699410,1005133,6694277,2084665,4435755,5436867,869474,4386444,298328,183989,234,13469359,7765609,2.7,2.3,5.8,3.7,6.2,-2,-2.5,2.3,2.6,2.4,1.8,,,,,,,,,,,,,,,,,,,,,,,,,,,,,,,,,,,,,,,,,,,,,,,,,,,,,,
2018-11,10105049,13419958,7664868,1003606,6661262,2059741,4414164,5436262,872247,4379613,318828,192478,235,17767547,2924911,783833,30568,6486,2098,239977,359716,17772720,10110035,13432466,7705893,1008944,6696717,5417992,13457707,7722608,1009229,6713379,2100397,4407179,5433909,874404,4373800,301190,176926,237,13494697,7796577,2.3,2.1,5.5,3.5,5.8,-2.1,-3.3,2,1,1.2,1,,,,,,,,,,,,,,,,,,,,,,,,,,,,,,,,,,,,,,,,,,,,,,,,,,,,,,
2018-12,10142429,13469683,7742591,1024489,6718102,2042233,4486961,5426880,870879,4373535,300212,175127,236,17813983,2926078,780886,31027,6428,1836,242174,355871,17796212,10131420,13452253,7738499,1011690,6726585,5418413,13573365,7873558,1055457,6818101,2108069,4532800,5417343,861047,4375995,282464,161186,236,13540745,7843522,2.4,2.1,5.4,3.4,5.7,-1.9,-5,2,2.6,1.8,1.6,,,,,,,,,,,,,,,,,,,,,,,,,,,,,,,,,,,,,,,,,,,,,,,,,,,,,,
2019-01,10147973,13477055,7754561,1024662,6729899,2045615,4501833,5425301,875064,4371676,297193,176699,237,17814050,2927317,777596,31189,6329,1642,242228,350694,17818272,10151624,13474607,7769292,1013438,6755232,5414811,13450791,7753192,1016721,6736471,2058088,4493775,5408163,865599,4367045,289436,174698,238,13516997,7866907,2.3,2,5.2,3.3,5.5,-1.7,-5.3,1.9,2.4,2,1.5,,,,,,,,,,,,,,,,,,,,,,,,,,,,,,,,,,,,,,,,,,,,,,,,,,,,,,
2019-02,10097697,13423539,7730901,1016323,6714578,2028521,4509824,5400523,870068,4358892,292115,179069,238,17760816,2924110,776616,31187,6199,3513,241925,353727,17855822,10170429,13492867,7805803,1015846,6789671,5396401,13471479,7820190,1023464,6796726,2062362,4545422,5378266,861498,4351770,273023,166386,238,13545188,7915857,2.4,2.1,5.4,3.1,5.7,-2,-4.1,2.1,2.2,1.6,2.6,,,,,,,,,,,,,,,,,,,,,,,,,,,,,,,,,,,,,,,,,,,,,,,,,,,,,,
2019-03,10125050,13440891,7813445,1020662,6792783,2068872,4521479,5355613,862847,4338135,271833,174649,240,17787438,2930921,774529,31203,5733,1843,243235,359083,17892265,10191778,13512874,7850140,1018637,6831022,5384447,13565529,7990671,1026408,6964263,2194564,4534909,5325171,853884,4328127,249687,158982,240,13549060,7836464,2.4,2.1,5.5,3.1,5.9,-2.1,-6.7,2.2,2.5,1.8,2.5,,,,,,,,,,,,,,,,,,,,,,,,,,,,,,,,,,,,,,,,,,,,,,,,,,,,,,
2019-04,10252191,13567501,7974190,1025999,6948191,2162055,4567083,5328218,858926,4321861,265093,171848,241,17942217,2963891,770411,31275,5579,1843,243694,358023,17925476,10209391,13528692,7891727,1025076,6866725,5373791,13705392,8125665,1053518,7072147,2257425,4632286,5322319,854456,4318248,257408,164067,245,13628001,8024262,2.4,2.1,5.7,3.5,6,-2.3,-9.4,2.1,2.1,1.4,2.3,,,,,,,,,,,,,,,,,,,,,,,,,,,,,,,,,,,,,,,,,,,,,,,,,,,,,,
2019-05,10286310,13602690,8012372,1025168,6987204,2218941,4563051,5328284,863351,4312980,262034,170442,245,17990018,2985685,768484,31146,5719,2015,241681,352598,17938836,10231390,13556414,7916278,1026752,6891883,5363572,13588989,7995077,1017055,6978022,2180153,4544626,5334488,865663,4307785,259424,165732,244,13593317,7979197,2.5,2.2,5.9,3.5,6.3,-2.5,-6.9,1.9,2.6,2.5,0.9,,,,,,,,,,,,,,,,,,,,,,,,,,,,,,,,,,,,,,,,,,,,,,,,,,,,,,
2019-06,10289611,13616152,7975402,1015404,6959998,2137448,4583335,5346721,865325,4306545,294029,167980,244,18003811,2986515,769243,30879,5597,1850,239683,353892,17946700,10241156,13566872,7920647,1022170,6898349,5356464,13703065,8086583,1028757,7057826,2187680,4663335,5339513,846195,4308750,276969,151684,243,13596910,7906926,2.2,1.9,5,2.6,5.4,-2.2,-1.9,1.8,1.2,0.9,0.5,,,,,,,,,,,,,,,,,,,,,,,,,,,,,,,,,,,,,,,,,,,,,,,,,,,,,,
2019-07,10290435,13631830,7970276,1021075,6949201,2092491,4648784,5363852,869096,4306992,297702,168366,242,18028340,2991999,768510,30778,5498,1718,237682,360325,17968010,10258751,13590862,7942816,1022112,6920678,5351213,13662499,8009664,1022722,6986942,2135900,4641756,5365020,871986,4304218,287815,158826,241,13655140,8046590,2.2,1.9,4.8,2.4,5.2,-1.9,-2.5,1.7,2.1,2.1,1.4,,,,,,,,,,,,,,,,,,,,,,,,,,,,,,,,,,,,,,,,,,,,,,,,,,,,,,
2019-08,10284205,13626135,7970276,1023296,6946980,2088784,4656868,5363416,875125,4300360,292443,164877,240,18020342,2994282,766653,30495,5401,1911,235454,360011,17988646,10277874,13613743,7979740,1024143,6955121,5338604,13696752,8060714,1026654,7034060,2152772,4683373,5354450,870081,4298309,281588,160690,239,13672715,8058268,2.3,1.9,5,2.4,5.4,-2,-4.6,1.7,2.3,2,1.4,,,,,,,,,,,,,,,,,,,,,,,,,,,,,,,,,,,,,,,,,,,,,,,,,,,,,,
2019-09,10295668,13634939,7993063,1019891,6973172,2114441,4650348,5344090,868391,4289376,297786,169565,242,18027797,2996197,766641,30218,5366,1819,233696,358921,18022657,10304483,13643914,8024598,1025339,6999713,5320632,13658870,8065762,1021681,7044081,2203372,4647555,5315849,850192,4282622,277259,161073,243,13711721,8147093,2.3,1.9,5,2.2,5.5,-2.1,-3.7,1.7,3.2,2.7,2.3,,,,,,,,,,,,,,,,,,,,,,,,,,,,,,,,,,,,,,,,,,,,,,,,,,,,,,
2019-10,10304091,13643724,8023157,1020134,7003023,2145813,4675431,5327923,874036,4275338,292644,176341,243,18043693,2999992,766706,30164,4862,1868,233197,363180,18059313,10329887,13676137,8067688,1025603,7041758,5308131,13730065,8124043,1025639,7098404,2209082,4712560,5319674,875478,4268348,286348,172800,243,13761332,8200537,2.3,1.9,5,1.9,5.5,-2.2,-3.7,1.7,3,2.9,2.5,,,,,,,,,,,,,,,,,,,,,,,,,,,,,,,,,,,,,,,,,,,,,,,,,,,,,,
2019-11,10365381,13706709,8082871,1022669,7060202,2175842,4694575,5317317,876588,4262559,306521,182124,242,18110869,3001264,766369,30085,4412,2053,232879,367098,18115268,10370332,13721211,8125112,1027708,7097119,5297158,13777135,8179312,1030314,7148998,2247915,4706887,5299803,864390,4256623,298020,174344,243,13780818,8203081,2.6,2.1,5.5,1.9,6,-2.2,-3.9,1.9,4.8,4,3.8,,,,,,,,,,,,,,,,,,,,,,,,,,,,,,,,,,,,,,,,,,,,,,,,,,,,,,
2019-12,10404214,13762321,8180068,1042840,7137228,2151985,4793909,5287726,856008,4256926,294527,168673,241,18171274,3007154,767646,30112,4489,1884,233033,364635,18161507,10400858,13751480,8182978,1030750,7152204,5280310,13847608,8295062,1069628,7225434,2197182,4848440,5269910,838085,4258913,282636,160491,240,13823586,8283350,2.6,2.2,5.7,1.8,6.2,-2.6,-1.9,2,3.6,2.7,3.1,,,,,,,,,,,,,,,,,,,,,,,,,,,,,,,,,,,,,,,,,,,,,,,,,,,,,,
2020-01,10416148,13775113,8205470,1044918,7160552,2156222,4819344,5280465,855373,4254405,289178,168622,239,18188418,3014385,768016,30278,4502,1634,235301,359189,18204356,10429215,13783960,8227095,1033911,7192456,5271458,13783519,8225721,1038277,7187444,2189813,4812940,5272367,855202,4249282,285431,170026,239,13857983,8338264,2.6,2.2,5.8,2,6.4,-2.7,-2.7,2.1,3.3,2.9,2.9,,,,,,,,,,,,,,,,,,,,,,,,,,,,,,,,,,,,,,,,,,,,,,,,,,,,,,
2020-02,10384810,13740459,8191377,1035723,7155654,2147427,4830925,5260924,855783,4242066,288158,175878,239,18154791,3012723,767397,30091,4416,1659,237844,360202,18255293,10465057,13817857,8270237,1035492,7234715,5258701,13833423,8315694,1044530,7271164,2220381,4868104,5241889,850877,4234998,275840,168170,239,13877986,8362775,2.8,2.4,6,1.9,6.6,-2.6,-1.4,2.2,4.2,3,3.4,,,,,,,,,,,,,,,,,,,,,,,,,,,,,,,,,,,,,,,,,,,,,,,,,,,,,,
2020-03,10442899,13790749,8295745,1038010,7257735,2230959,4831093,5218845,848770,4221857,276159,170606,240,18204129,3011585,765181,29827,4319,1781,238783,361904,18314263,10516461,13868406,8339434,1036393,7302776,5247927,13895485,8474302,1041030,7433272,2344188,4846798,5170635,824174,4208985,250548,153944,240,13920912,8453828,3.1,2.6,6.2,1.7,6.8,-2.6,1.6,2.3,6.1,4.5,3.9,,,,,,,,,,,,,,,,,,,,,,,,,,,,,,,,,,,,,,,,,,,,,,,,,,,,,,
2020-04,10630037,13978017,8539371,1043803,7495568,2379534,4888064,5173841,834265,4199573,264805,166001,240,18355395,2984905,761360,29591,4256,1743,239512,356011,18338659,10579309,13929536,8455428,1043209,7411512,5219635,14134754,8719280,1055094,7664186,2514716,4941421,5166273,832643,4194760,249201,159061,239,14050288,8617322,3.7,3,7.1,1.7,7.9,-2.9,-0.1,2.3,7.4,5.4,1.6,,,,,,,,,,,,,,,,,,,,,,,,,,,,,,,,,,,,,,,,,,,,,,,,,,,,,,
2020-05,10812699,14170023,8750740,1050824,7699916,2507714,4923227,5176519,843192,4190445,242764,158149,238,18510942,2955104,759777,29254,4204,2633,239366,350581,18457051,10751193,14117768,8644705,1052547,7594499,5212891,14388910,8962017,1057639,7904378,2618681,4941713,5195538,858131,4185509,231355,148632,236,14340926,8798702,5.1,4.2,9.2,2.5,10.2,-2.8,-7.4,2.9,21.3,17.5,8,,,,,,,,,,,,,,,,,,,,,,,,,,,,,,,,,,,,,,,,,,,,,,,,,,,,,,
2020-06,11036494,14425302,8958961,1062279,7896682,2562332,5026143,5201174,854944,4184687,265167,157655,236,18765750,2950654,762668,28977,4206,5708,237569,350666,18700635,10979942,14365843,8894258,1069124,7824317,5210825,14569472,9075904,1077092,7998812,2603139,5141213,5233325,878052,4186573,260243,150468,236,14498158,9029761,7.3,5.9,12.3,4.6,13.5,-2.7,-9.8,4.2,28.7,23.2,17,,,,,,,,,,,,,,,,,,,,,,,,,,,,,,,,,,,,,,,,,,,,,,,,,,,,,,
2020-07,11102775,14524277,9019974,1077484,7942490,2547478,5162350,5223311,867745,4185008,280992,164863,236,18854306,2945877,766218,29064,4229,3223,235130,346288,18785634,11065004,14476911,8986518,1078211,7908210,5209961,14594103,9085356,1080779,8004577,2611162,5165210,5232923,875714,4184761,275824,163726,236,14580176,9123013,7.9,6.5,13.2,5.5,14.3,-2.6,-5.6,4.6,9.7,9.7,5.6,,,,,,,,,,,,,,,,,,,,,,,,,,,,,,,,,,,,,,,,,,,,,,,,,,,,,,
2020-08,11168053,14599821,9089419,1079153,8010266,2592962,5192392,5231786,877313,4181642,278616,167059,242,18927173,2947416,767693,28719,4177,3061,232248,344038,18886145,11154496,14579672,9091941,1079921,8011242,5207507,14658293,9162835,1081155,8081680,2625858,5223390,5223311,871717,4179591,272147,166506,240,14664056,9203127,8.6,7.1,14,5.5,15.3,-2.5,-4.7,5,10.1,8.9,6.6,,,,,,,,,,,,,,,,,,,,,,,,,,,,,,,,,,,,,,,,,,,,,,,,,,,,,,
2020-09,11219593,14652371,9134814,1077732,8057082,2616410,5199838,5230131,882693,4175154,287426,173276,239,18984207,2952571,769958,28126,4110,2931,229019,345121,18975292,11227442,14659868,9167624,1083044,8085386,5205014,14660309,9166036,1080047,8085989,2667706,5192003,5222454,881033,4173639,271819,168806,240,14726510,9258497,9,7.5,14.3,5.7,15.5,-2.1,-3.5,5.3,8.1,6.8,5.8,,,,,,,,,,,,,,,,,,,,,,,,,,,,,,,,,,,,,,,,,,,,,,,,,,,,,,
2020-10,11232567,14671488,9152514,1081594,8070920,2634688,5224472,5220158,888311,4166511,298816,193666,240,19000982,2957036,771564,27708,3370,2757,227374,339685,19017399,11262308,14710097,9206243,1086805,8119061,5197739,14782051,9259817,1089692,8170125,2711479,5262478,5210412,885748,4160869,311822,206444,240,14776980,9280239,9,7.5,14.1,6,15.2,-2,2.1,5.3,3.8,4.2,2.7,,,,,,,,,,,,,,,,,,,,,,,,,,,,,,,,,,,,,,,,,,,,,,,,,,,,,,
2020-11,11306001,14747880,9217980,1084236,8133744,2677173,5237756,5205559,886491,4154103,324341,210989,240,19074804,2957147,772303,27579,2756,2606,228701,335832,19081921,11313615,14766478,9266875,1089103,8177527,5184867,14776505,9288408,1088422,8199986,2726464,5242527,5186206,875472,4148255,301891,192049,239,14821537,9368336,9.1,7.6,14,6,15.2,-2.1,5.8,5.3,5.6,4.7,4.1,,,,,,,,,,,,,,,,,,,,,,,,,,,,,,,,,,,,,,,,,,,,,,,,,,,,,,
2020-12,11359680,14813455,9314014,1102279,8211735,2644823,5342450,5177415,872094,4143797,322026,211196,238,19150522,2964412,775842,27498,2871,2815,230029,333600,19149972,11365848,14809662,9325682,1090289,8236223,5170752,14910627,9439435,1123893,8315542,2691870,5404087,5162986,859597,4142091,308206,203859,239,14891440,9439931,9.2,7.6,13.9,5.7,15.1,-2.1,9.3,5.4,5.7,3.6,4.4,,,,,,,,,,,,,,,,,,,,,,,,,,,,,,,,,,,,,,,,,,,,,,,,,,,,,,
2021-01,11400194,14860492,9379439,1104297,8275142,2666489,5384640,5165150,867978,4136655,315903,214429,246,19211348,2975872,781681,27420,2554,2798,229706,330825,19237147,11421911,14879006,9405066,1093038,8311797,5157864,14897677,9431228,1103112,8328116,2717765,5390766,5150838,861001,4131079,315611,220721,271,14933842,9401944,9.4,7.9,14.3,5.7,15.6,-2.2,9.2,5.6,6.1,5.8,5.6,,,,,,,,,,,,,,,,,,,,,,,,,,,,,,,,,,,,,,,,,,,,,,,,,,,,,,
2021-02,11384748,14846612,9388262,1099087,8289175,2658073,5412604,5147810,870322,4123559,310540,219787,271,19205814,2980356,787674,27193,2210,3182,228374,330213,19312925,11474444,14933726,9471590,1098640,8372920,5148376,14951367,9532440,1109645,8422795,2704239,5497867,5118771,854153,4117533,300156,220657,270,14998315,9490517,9.6,8.1,14.6,6.1,15.8,-2.2,7.8,5.8,5.7,4.5,4.8,,,,,,,,,,,,,,,,,,,,,,,,,,,,,,,,,,,,,,,,,,,,,,,,,,,,,,
2021-03,11436375,14895043,9467804,1102217,8365587,2693607,5438679,5107553,863200,4105623,319686,241827,288,19257491,2976523,794277,26971,2565,3073,227198,331841,19373815,11517171,14979671,9515514,1100728,8414737,5137839,15028224,9651436,1102859,8548577,2812414,5458057,5080285,857130,4095194,296503,222897,294,15056344,9620067,9.5,8,14.1,6.2,15.3,-2.1,15.8,5.8,4.6,3.8,3.8,,,,,,,,,,,,,,,,,,,,,,,,,,,,,,,,,,,,,,,,,,,,,,,,,,,,,,
2021-04,11617797,15082268,9661557,1103518,8558039,2799667,5499102,5082346,864242,4088579,338365,259084,277,19635215,3161530,798130,27125,2982,3117,227237,332826,19615376,11555467,15022553,9566283,1103173,8461995,5127287,15191450,9791736,1114847,8676889,2900279,5545153,5074285,859423,4085177,325429,248643,274,15102955,9679984,9.3,7.9,13.1,5.7,14.2,-1.8,27.8,7,4.1,3.5,16,,,,,,,,,,,,,,,,,,,,,,,,,,,,,,,,,,,,,,,,,,,,,,,,,,,,,,
2021-05,11675413,15145502,9747587,1104096,8643491,2873356,5514756,5074752,862385,4079335,323163,252904,274,19890449,3350178,799792,27266,3037,3020,228597,333057,19829453,11605180,15086637,9631366,1106091,8527407,5110344,15155978,9751519,1103071,8648448,2851499,5498282,5075912,860923,4073856,328547,253627,274,15139959,9719172,8,6.9,11.4,5.1,12.3,-2,33.1,7.5,5.3,5.2,13.9,,,,,,,,,,,,,,,,,,,,,,,,,,,,,,,,,,,,,,,,,,,,,,,,,,,,,,
2021-06,11690901,15176271,9728780,1103314,8625466,2790160,5544699,5081393,860613,4069819,366098,253431,283,19924248,3351233,803479,27196,2795,2835,230030,330409,19850531,11627800,15110065,9661470,1110158,8550333,5089385,15243228,9813315,1112576,8700739,2808656,5626887,5075403,847790,4068127,354510,242476,282,15172448,9758368,5.9,5.2,8.6,3.9,9.2,-2.3,38.1,6.2,2.4,1.9,1.3,,,,,,,,,,,,,,,,,,,,,,,,,,,,,,,,,,,,,,,,,,,,,,,,,,,,,,
2021-07,11690056,15195437,9744263,1112590,8631673,2746398,5632656,5085130,858177,4063831,366044,246971,283,19949763,3358429,807367,27034,2759,2450,229638,326649,19871642,11646183,15141394,9710069,1113410,8596468,5069905,15261676,9809972,1116417,8693555,2817417,5637971,5076898,851079,4059343,374806,251913,285,15200356,9787065,5.3,4.6,8,3.3,8.7,-2.6,30.3,5.8,1.9,2.5,1.3,,,,,,,,,,,,,,,,,,,,,,,,,,,,,,,,,,,,,,,,,,,,,,,,,,,,,,
2021-08,11688405,15198803,9752890,1114050,8638840,2745444,5652045,5079977,860461,4052743,365936,247733,284,19955453,3360609,810336,27156,3294,1945,228281,325029,19907080,11670146,15173405,9753829,1115168,8638119,5056165,15245159,9812077,1116131,8695946,2771629,5679118,5077432,863573,4047221,355650,246580,281,15250036,9860467,4.7,4.1,7.3,3.2,7.8,-2.9,31.3,5.4,2.5,2.6,2.2,,,,,,,,,,,,,,,,,,,,,,,,,,,,,,,,,,,,,,,,,,,,,,,,,,,,,,
2021-09,11691501,15200540,9769516,1112936,8656580,2736402,5661866,5074634,869768,4039367,356390,243838,283,19965551,3363698,815783,27202,3633,1711,227509,325475,19956640,11702009,15210486,9807064,1118265,8689511,5050336,15216319,9821603,1114404,8707199,2808174,5662784,5053118,859990,4032246,341598,236891,282,15287539,9931068,4.2,3.7,6.9,3.3,7.4,-3,24,5.2,3.3,3,3,,,,,,,,,,,,,,,,,,,,,,,,,,,,,,,,,,,,,,,,,,,,,,,,,,,,,,
2021-10,11705647,15218135,9814220,1116689,8697531,2778331,5694561,5053388,871341,4022850,350527,245122,282,19988034,3365500,820314,28139,3443,769,226485,325249,20008808,11740865,15260263,9874844,1121702,8753061,5030122,15316224,9927136,1126380,8800756,2855807,5738174,5039702,867225,4015060,349386,245613,282,15308060,9854092,4.2,3.7,7.2,3.2,7.8,-3.2,17.3,5.2,4.1,4,3.2,,,,,,,,,,,,,,,,,,,,,,,,,,,,,,,,,,,,,,,,,,,,,,,,,,,,,,
2021-11,11756672,15269876,9870813,1120366,8750447,2801631,5714092,5040406,873528,4006573,358657,248430,288,20038117,3365016,824352,28090,3253,768,225322,321440,20048018,11767376,15290212,9921971,1124962,8797090,5019485,15302341,9930996,1124183,8806813,2852551,5707414,5023562,864402,3998383,347783,241850,289,15352073,10027826,4,3.5,7.1,3.3,7.6,-3.2,10.6,5.1,2.7,2.4,2.4,,,,,,,,,,,,,,,,,,,,,,,,,,,,,,,,,,,,,,,,,,,,,,,,,,,,,,
2021-12,11782086,15309517,9951946,1138999,8812947,2775616,5802215,5015461,863420,3993037,342110,238075,285,20091245,3372627,834026,27798,3250,800,224279,318948,20098728,11796253,15312573,9968590,1126909,8842535,5009978,15402858,10069431,1161908,8907523,2807103,5867637,5003206,854945,3989594,330221,230850,283,15390560,10075245,3.7,3.3,6.8,3.3,7.3,-3.1,6.2,4.9,3,1.8,3.1,,,,,,,,,,,,,,,,,,,,,,,,,,,,,,,,,,,,,,,,,,,,,,,,,,,,,,
2022-01,11813179,15344038,9996112,1140374,8855738,2780051,5838859,5006136,864933,3983079,341790,239882,283,20103212,3345850,842524,27656,3226,719,223194,316005,20136012,11839071,15366550,10019512,1128838,8890717,5000476,15367702,10026957,1133933,8893024,2821977,5829999,4994147,861612,3976370,346598,242836,282,15445857,10141499,3.6,3.3,6.6,3.3,7,-3.1,8.2,4.6,4.4,4.3,2.2,,,,,,,,,,,,,,,,,,,,,,,,,,,,,,,,,,,,,,,,,,,,,,,,,,,,,,
2022-02,11789009,15318344,9986690,1132597,8854093,2770173,5850276,4988837,866441,3969011,342817,239079,282,20041798,3311004,845953,27402,3213,677,222783,312422,20154294,11880903,15409099,10065644,1131666,8932596,4992840,15385669,10086706,1139668,8947038,2812399,5886538,4971507,860336,3962938,327456,233495,281,15473920,10185141,3.6,3.2,6.4,3,6.8,-3.1,10.4,4.4,4.3,3.4,1.1,,,,,,,,,,,,,,,,,,,,,,,,,,,,,,,,,,,,,,,,,,,,,,,,,,,,,,
2022-03,11833171,15359322,10059651,1137532,8922119,2802359,5868583,4959186,866450,3949512,340485,246475,281,20111046,3329889,849874,27086,3261,548,223107,317959,20229178,11912052,15443749,10100915,1135980,8964914,4991394,15499342,10254395,1138412,9115983,2907178,5892254,4931883,857554,3936919,313064,224425,275,15522135,10227566,3.5,3.1,6.3,3.2,6.7,-2.9,6.5,4.4,3.2,2.7,4.6,,,,,,,,,,,,,,,,,,,,,,,,,,,,,,,,,,,,,,,,,,,,,,,,,,,,,,
2022-04,12018499,15551700,10241465,1139880,9101585,2879714,5930896,4950481,878032,3931304,359754,265449,275,20464251,3475655,852929,27045,3359,574,224726,328263,20437901,11946878,15484394,10137950,1139543,8997517,4994076,15676530,10392242,1153273,9238969,3005344,5978232,4933550,864760,3926673,350738,263333,275,15545341,10227360,3.4,3.1,6,3.3,6.4,-2.6,6.3,4.2,3.6,3.2,13.1,,,,,,,,,,,,,,,,,,,,,,,,,,,,,,,,,,,,,,,,,,,,,,,,,,,,,,
2022-05,12042833,15578980,10283414,1139688,9143726,2930084,5934332,4945905,877536,3922033,349661,266298,275,20616440,3592282,855377,27076,3388,876,228475,329986,20550523,11970025,15518047,10168033,1141938,9027667,4979727,15609839,10305302,1136375,9168927,2928411,5926090,4949269,874233,3917026,355268,265571,275,15592979,10282571,3.1,2.9,5.5,3.2,5.8,-2.5,8.2,3.6,2.3,2.6,6.8,,,,,,,,,,,,,,,,,,,,,,,,,,,,,,,,,,,,,,,,,,,,,,,,,,,,,,
2022-06,12078178,15623264,10275588,1137506,9138082,2852475,5968535,4963924,879797,3914454,383752,263351,279,20673799,3589584,862417,26911,3054,1002,232183,335384,20595973,12014032,15557828,10209699,1144510,9064968,4969039,15693986,10353821,1145353,9208468,2873301,6048689,4967154,875127,3914856,373011,251698,279,15622771,10308916,3.3,2.9,5.6,3.1,5.9,-2.3,4.8,3.8,4.5,3.1,2.7,,,,,,,,,,,,,,,,,,,,,,,,,,,,,,,,,,,,,,,,,,,,,,,,,,,,,,
2022-07,12088016,15648341,10287868,1144796,9143072,2815436,6048250,4975962,884806,3910120,384511,258115,278,20721265,3606099,868418,27117,2787,819,233809,333875,20636284,12040164,15591211,10258375,1146145,9112069,4956433,15725475,10364340,1150197,9214143,2889882,6056933,4973302,882155,3906509,387833,263335,277,15656561,10241788,3.4,3,5.6,2.9,5.9,-2.1,5,3.9,2.6,2.6,2.4,,,,,,,,,,,,,,,,,,,,,,,,,,,,,,,,,,,,,,,,,,,,,,,,,,,,,,
2022-08,12088202,15649767,10293335,1146599,9146736,2814577,6064422,4975705,889889,3900113,380727,259662,276,20729252,3613730,871698,26996,2733,787,235209,328332,20676593,12067341,15621980,10295819,1148262,9147392,4952231,15690400,10358600,1147678,9210922,2856607,6089263,4961476,882034,3894369,370324,256849,274,15697344,10399823,3.4,3,5.5,2.9,5.9,-2.1,4,3.9,2.7,2.4,2.4,,,,,,,,,,,,,,,,,,,,,,,,,,,,,,,,,,,,,,,,,,,,,,,,,,,,,,
2022-09,12075500,15632476,10289398,1145554,9143844,2800757,6067431,4964472,892608,3886979,378606,260269,273,20717229,3607023,875393,27644,2958,889,237204,333642,20710917,12090145,15645907,10332769,1150980,9182431,4943361,15625557,10318078,1147124,9170954,2858252,6058042,4942973,883272,3880505,364506,260324,272,15705300,10421441,3.3,2.8,5.3,2.9,5.6,-2.2,6.2,3.8,2.3,1.9,2,,,,,,,,,,,,,,,,,,,,,,,,,,,,,,,,,,,,,,,,,,,,,,,,,,,,,,
2022-10,12064408,15619677,10300549,1147612,9152937,2831127,6083834,4951774,901022,3872539,367354,260463,272,20718796,3606677,879660,28558,3190,884,238072,342078,20746766,12106778,15665297,10369980,1152606,9217666,4927104,15711250,10397521,1152683,9244838,2894208,6112058,4951659,904350,3866205,362070,256056,272,15746796,10481974,3.1,2.6,5,2.8,5.2,-2,4.8,3.7,1.7,1.5,2.1,,,,,,,,,,,,,,,,,,,,,,,,,,,,,,,,,,,,,,,,,,,,,,,,,,,,,,
2022-11,12124935,15677345,10363893,1149828,9214065,2856211,6087966,4959027,913441,3857438,354425,247868,270,20780710,3610502,884907,28374,3234,829,238882,336637,20793065,12138112,15696606,10417206,1154457,9263218,4937602,15724246,10435197,1152432,9282765,2920013,6081807,4956180,914145,3849397,332869,231727,264,15774543,10532026,3.1,2.7,5,2.6,5.3,-1.6,-1.2,3.7,3.2,2.4,2.7,,,,,,,,,,,,,,,,,,,,,,,,,,,,,,,,,,,,,,,,,,,,,,,,,,,,,,
2022-12,12128301,15693481,10425610,1168296,9257314,2809860,6178213,4944164,909808,3842050,323707,224477,264,20789083,3619580,892270,27979,3198,652,238756,313167,20802100,12146426,15699845,10442347,1155910,9287203,4938995,15754937,10508346,1190475,9317871,2840733,6226501,4936955,899114,3837331,309636,215175,265,15701997,10459425,2.9,2.5,4.8,2.6,5,-1.4,-5.4,3.5,0.8,0.2,0.5,,,,,,,,,,,,,,,,,,,,,,,,,,,,,,,,,,,,,,,,,,,,,,,,,,,,,,
2023-01,12132455,15696317,10448504,1169255,9279249,2829179,6192945,4938565,911964,3830841,309248,217076,266,20796288,3630038,899486,27764,2893,659,236682,302449,20830069,12156166,15714823,10465478,1157207,9308531,4933532,15705626,10471433,1161312,9310121,2861778,6186356,4925067,913438,3824739,309126,220737,266,15780650,10589675,2.7,2.3,4.5,2.5,4.8,-1.3,-9.5,3.4,1,1.2,1.6,,,,,,,,,,,,,,,,,,,,,,,,,,,,,,,,,,,,,,,,,,,,,,,,,,,,,,
2023-02,12091386,15648243,10420143,1158650,9261493,2813263,6199658,4921351,919704,3816813,306749,220619,267,20758896,3636554,902674,27631,2421,580,235629,305164,20873143,12181279,15737178,10491067,1156882,9331221,4928718,15717676,10523404,1162925,9360479,2872971,6231085,4897623,909514,3810195,296649,213351,267,15802796,10621118,2.6,2.2,4.3,2.3,4.6,-1.4,-10.5,3.6,2.5,1.7,2.5,,,,,,,,,,,,,,,,,,,,,,,,,,,,,,,,,,,,,,,,,,,,,,,,,,,,,,
2023-03,12134406,15681922,10505299,1158138,9347161,2873020,6199601,4878626,916784,3797095,297997,219880,144,20800288,3645001,902650,28495,1912,533,236112,303663,20915865,12207503,15762239,10534432,1156392,9377630,4914452,15809867,10690095,1158203,9531892,2993206,6207628,4844453,913164,3785137,275319,195077,65,15833475,10647735,2.5,2.1,4.4,1.8,4.8,-1.6,-12.5,3.4,2.6,1.9,2.5,,,,,,,,,,,,,,,,,,,,,,,,,,,,,,,,,,,,,,,,,,,,,,,,,,,,,,
2023-04,12326939,15873481,10696137,1157015,9539122,2982211,6237298,4858902,931382,3777958,318442,235573,65,21014123,3670433,902340,28633,1757,658,235621,301200,20981383,12250351,15804191,10584395,1156672,9426814,4902268,16015521,10845202,1167733,9677469,3123872,6273293,4852094,927631,3772153,318225,240411,65,15883685,10584559,2.6,2.1,4.4,1.5,4.8,-1.8,-11.5,2.7,4.3,3.2,3.8,,,,,,,,,,,,,,,,,,,,,,,,,,,,,,,,,,,,,,,,,,,,,,,,,,,,,,
2023-05,12360428,15904516,10734206,1154957,9579249,3046597,6232865,4860004,939200,3765417,310306,232848,65,21071688,3692413,905165,28362,1306,1375,234371,304180,21003858,12287784,15845524,10621351,1157399,9465198,4894263,15942001,10758396,1149291,9609105,3070109,6227212,4869392,938793,3758000,314213,230858,65,15930064,10727598,2.6,2.1,4.4,1.3,4.8,-1.7,-11.3,2.2,3.7,3.2,1.3,,,,,,,,,,,,,,,,,,,,,,,,,,,,,,,,,,,,,,,,,,,,,,,,,,,,,,
2023-06,12392324,15942425,10719688,1150142,9569546,2976961,6273893,4891467,944095,3754975,331270,228171,65,21131729,3706251,913401,28356,768,369,233392,306767,21056737,12332274,15885280,10658140,1157350,9500972,4895201,16011596,10778211,1157714,9620497,2979451,6356287,4904764,940898,3753134,328621,229902,64,15951283,10722156,2.6,2,4.3,1.1,4.7,-1.5,-13.7,2.2,4.4,3.1,3.1,,,,,,,,,,,,,,,,,,,,,,,,,,,,,,,,,,,,,,,,,,,,,,,,,,,,,,
2023-07,12388936,15949800,10713085,1155383,9557702,2932173,6345527,4910436,946089,3748850,326279,227927,64,21158198,3724647,921645,28539,458,386,232800,299923,21072347,12341802,15894509,10694677,1157490,9536980,4885099,15999956,10761972,1156598,9605374,2989426,6342293,4911269,945266,3745065,326715,231824,64,15975498,10803928,2.5,1.9,4.1,0.9,4.5,-1.3,-15.1,2.1,0.9,0.7,0.9,,,,,,,,,,,,,,,,,,,,,,,,,,,,,,,,,,,,,,,,,,,,,,,,,,,,,,
2023-08,12385266,15943646,10725889,1155804,9570085,2944617,6360760,4902275,943408,3737524,315482,220076,64,21154294,3720965,927699,28242,257,2115,234296,297074,21101383,12364603,15916935,10733080,1157731,9575654,4877490,15985192,10793544,1155662,9637882,2985869,6385511,4884413,937433,3730119,307235,216814,65,15990468,10854895,2.5,1.9,4.2,0.8,4.6,-1.5,-17.1,2.1,2.2,1.7,1.7,,,,,,,,,,,,,,,,,,,,,,,,,,,,,,,,,,,,,,,,,,,,,,,,,,,,,,
2023-09,12363619,15918249,10722400,1152002,9570398,2939010,6358309,4884965,945376,3722067,310884,212732,64,21129773,3711889,935774,28195,334,228,237743,297361,21125698,12381713,15934498,10771965,1157476,9615050,4865027,15945303,10770236,1153925,9616311,3004613,6357242,4876248,946622,3714354,298819,209688,63,15982765,10807476,2.4,1.8,4.2,0.6,4.7,-1.6,-17.9,2,1.7,1.3,1.4,,,,,,,,,,,,,,,,,,,,,,,,,,,,,,,,,,,,,,,,,,,,,,,,,,,,,,
2023-10,12353137,15905213,10723802,1152143,9571659,2955356,6371030,4883181,964565,3704913,298230,211865,63,21119838,3705775,942313,28123,495,108,239082,298729,21153624,12400548,15951759,10801397,1157210,9645000,4856633,15979239,10800604,1154349,9646255,3012551,6394068,4876053,967515,3695762,302582,217904,62,16016047,10899822,2.4,1.8,4.1,0.4,4.6,-1.4,-18.8,1.9,1.8,1.3,1.6,,,,,,,,,,,,,,,,,,,,,,,,,,,,,,,,,,,,,,,,,,,,,,,,,,,,,,
2023-11,12399055,15943279,10762053,1151588,9610465,2981895,6367589,4872603,969776,3687542,308623,215413,62,21167786,3710230,943829,27963,562,42,239389,302492,21180775,12413270,15959330,10817717,1156279,9662443,4849855,15980579,10871562,1153465,9718097,3084511,6360665,4843793,953419,3679445,265224,175078,60,16020890,10991233,2.3,1.7,3.8,0.2,4.3,-1.7,-12.9,1.9,1.2,0.6,1.6,,,,,,,,,,,,,,,,,,,,,,,,,,,,,,,,,,,,,,,,,,,,,,,,,,,,,,
2023-12,12409742,15962439,10826276,1167685,9658591,2945233,6457670,4844472,955082,3673495,291691,201548,60,21193892,3725433,943839,27906,427,82,240754,293012,21206129,12426622,15966233,10838477,1155231,9684351,4840676,16037953,10920573,1189338,9731235,2976809,6514011,4839797,953403,3669839,277583,189384,59,15979330,10768567,2.3,1.7,3.8,-0.1,4.3,-2,-9.9,1.9,1.3,0.5,1.4,,,,,,,,,,,,,,,,,,,,,,,,,,,,,,,,,,,,,,,,,,,,,,,,,,,,,,
2024-01,12430886,15981678,10858690,1165574,9693116,2956743,6486277,4845426,967341,3664614,277562,193506,59,21230547,3737762,951782,27787,397,72,241147,289922,21261278,12448727,15991169,10867178,1153332,9714689,4840818,15989704,10877026,1156587,9720439,2995101,6477409,4834965,965071,3658822,277713,198974,58,16060689,10978213,2.5,1.8,3.9,-0.3,4.5,-1.9,-10.2,2.1,2.2,1.9,3.2,,,,,,,,,,,,,,,,,,,,,,,,,,,,,,,,,,,,,,,,,,,,,,,,,,,,,,
2024-02,12387111,15928651,10831498,1154491,9677007,2943563,6496405,4829906,972966,3651418,267247,191072,54,21210407,3751470,964987,27622,521,26,240380,296750,21321832,12472195,16012252,10892051,1151994,9736652,4840680,16002833,10923980,1156168,9767812,2998352,6519945,4809648,970312,3643333,269205,195296,50,16078369,11009447,2.4,1.8,3.9,-0.4,4.5,-1.9,-12.9,2.2,2.3,1.6,3.5,,,,,,,,,,,,,,,,,,,,,,,,,,,,,,,,,,,,,,,,,,,,,,,,,,,,,,
2024-03,12443081,15972247,10926868,1151705,9775163,3017901,6491784,4784262,968480,3631537,261117,191279,50,21273628,3761438,974664,27708,669,74,239053,297775,21385634,12509167,16046842,10943114,1149669,9791999,4824053,16126910,11145327,1152956,9992371,3157971,6507929,4758188,972220,3620669,223395,160189,50,16102074,10918247,2.5,1.9,4,-0.6,4.6,-1.9,-12.4,2.3,3.6,2.6,3.7,,,,,,,,,,,,,,,,,,,,,,,,,,,,,,,,,,,,,,,,,,,,,,,,,,,,,,
2024-04,12599890,16125694,11085392,1147757,9937635,3106894,6527248,4808037,1018624,3615037,232265,162449,47,21667203,3980636,982987,27634,691,67,246833,302661,21630282,12523085,16059081,10970867,1147438,9820785,4851987,16218601,11161893,1151655,10010238,3203727,6537454,4839439,1051013,3611912,217269,147975,46,16140822,11089536,2.2,1.6,3.6,-0.8,4.2,-1,-27.1,3.1,1.3,0.9,14.6,,,,,,,,,,,,,,,,,,,,,,,,,,,,,,,,,,,,,,,,,,,,,,,,,,,,,,
2024-05,12588866,16105945,11034367,1141369,9892998,3110097,6496585,4843954,1061286,3606318,227624,157875,45,21894842,4194941,991775,27494,667,30,265359,308631,21829152,12521714,16054650,10927354,1143980,9784732,4879536,16108055,11053453,1136869,9916584,3126859,6484498,4833047,1050794,3599769,221555,142365,40,16101061,11028099,1.8,1.3,2.8,-1.2,3.3,-0.3,-26.6,3.9,-0.1,-0.3,11.6,,,,,,,,,,,,,,,,,,,,,,,,,,,,,,,,,,,,,,,,,,,,,,,,,,,,,,
2024-06,12574420,16094805,10988661,1132935,9855726,3015423,6530913,4863786,1057941,3597514,242358,142781,40,21939752,4208757,1003588,27535,1115,30,287765,316157,21869685,12520954,16049364,10930823,1140197,9791277,4868429,16206611,11103605,1139041,9964564,3069477,6628182,4875266,1048399,3597862,227740,132680,40,16108256,10871479,1.5,1,2.5,-1.5,3,-0.6,-26.8,3.8,-0.1,-0.4,2.3,,,,,,,,,,,,,,,,,,,,,,,,,,,,,,,,,,,,,,,,,,,,,,,,,,,,,,
2024-07,12569139,16101589,10969025,1132948,9836077,2963734,6610261,4890988,1060374,3596277,241576,143989,40,21991133,4220568,1016311,27658,1850,183,305896,317078,21907010,12526704,16052217,10961833,1135657,9826089,4860226,16147993,11025984,1131912,9894072,3047942,6592574,4886428,1058147,3593088,235581,138971,40,16131380,11075230,1.5,1,2.4,-1.9,2.9,-0.4,-26,3.9,0.6,0.2,2.1,,,,,,,,,,,,,,,,,,,,,,,,,,,,,,,,,,,,,,,,,,,,,,,,,,,,,,
2024-08,12548351,16074101,10961652,1131842,9829810,2979033,6603161,4872525,1053380,3586843,239924,144073,41,21985409,4226429,1025697,27383,2194,26,321576,308003,21932635,12529040,16049706,10972536,1133708,9839531,4845786,16143653,11058528,1132250,9926278,3057073,6625820,4857008,1049328,3583221,228117,138406,42,16109512,11055094,1.3,0.8,2.2,-2.1,2.7,-0.6,-24,3.9,0.2,-0.2,1.4,,,,,,,,,,,,,,,,,,,,,,,,,,,,,,,,,,,,,,,,,,,,,,,,,,,,,,
2024-09,12517047,16034743,10920864,1126191,9794673,2956212,6577052,4866356,1058348,3579118,247523,149125,42,21971257,4235099,1033732,27018,2164,27,333667,304807,21967474,12536021,16050893,10974996,1131495,9844445,4845048,16057260,10983016,1124512,9858504,3049297,6562223,4843067,1041219,3575210,231177,141672,39,16133290,11076839,1.2,0.7,1.9,-2.2,2.3,-0.4,-20.4,4,0.7,0.1,1.9,,,,,,,,,,,,,,,,,,,,,,,,,,,,,,,,,,,,,,,,,,,,,,,,,,,,,,
2024-10,12500641,16013877,10884697,1123840,9760857,2949200,6581256,4890701,1090553,3572575,238479,151087,56,21968135,4240117,1040053,27291,2225,77,335536,308959,22004965,12549670,16059801,10969075,1128777,9841612,4861622,16107238,10986973,1125165,9861808,3038810,6606150,4887803,1089210,3570412,232462,148279,92,16139588,11085445,1.2,0.7,1.5,-2.5,2,0.2,-20,4,1.3,0.7,2.1,,,,,,,,,,,,,,,,,,,,,,,,,,,,,,,,,,,,,,,,,,,,,,,,,,,,,,
2024-11,12549271,16058938,10913656,1121340,9792316,2974917,6574529,4898989,1096762,3569541,246293,151655,135,22035348,4253637,1045471,27632,2327,69,338092,309182,22046137,12562235,16069987,10970244,1125920,9845798,4874791,16154922,11025340,1125253,9900087,3082356,6570511,4892018,1089238,3568133,237564,142100,194,16145282,11078548,1.2,0.7,1.4,-2.6,1.9,0.5,-20.2,4.1,1.2,0.8,2.3,,,,,,,,,,,,,,,,,,,,,,,,,,,,,,,,,,,,,,,,,,,,,,,,,,,,,,
2024-12,12576036,16097395,10969519,1136303,9833216,2936426,6655425,4892053,1081431,3573227,235823,143798,216,22086830,4260283,1053141,27473,2276,28,338979,307255,22095706,12588535,16093658,10975516,1124428,9852583,4889000,16198531,11075874,1156166,9919708,2987021,6706900,4897229,1077781,3580808,225428,138027,239,16185251,11103843,1.3,0.8,1.3,-2.7,1.8,1,-19.2,4.2,2.5,1.8,2.7,,,,,,,,,,,,,,,,,,,,,,,,,,,,,,,,,,,,,,,,,,,,,,,,,,,,,,
2025-01,12594584,16107730,10973524,1135095,9838429,2943742,6659421,4904289,1088455,3579464,229917,144955,238,22111218,4259335,1065213,27637,2331,97,341048,307827,22135551,12604833,16106922,10972574,1123032,9850080,4899702,16123944,11003305,1126903,9876402,3015705,6634106,4904758,1094876,3577682,215881,134095,237,16186300,11100324,1.3,0.8,1.1,-2.6,1.5,1.2,-17.2,4.1,1.6,1,2.2,,,,,,,,,,,,,,,,,,,,,,,,,,,,,,,,,,,,,,,,,,,,,,,,,,,,,,
2025-02,12532312,16033407,10919164,1123968,9795196,2934711,6635342,4896038,1100155,3572641,218205,140482,237,22053515,4259943,1077218,27381,2404,87,347799,305276,22162867,12610822,16109552,10967624,1120884,9844355,4909215,16120396,11029115,1128768,9900347,3012768,6655072,4879420,1098999,3568071,211861,138760,236,16190000,11096942,1.2,0.7,0.8,-2.6,1.2,1.4,-18.4,4,0.6,0.2,1.5,,,,,,,,,,,,,,,,,,,,,,,,,,,,,,,,,,,,,,,,,,,,,,,,,,,,,,
2025-03,12546125,16028951,10941288,1122103,9819185,2961058,6608287,4873709,1112216,3564223,213954,142100,233,22065519,4254076,1087526,27265,2311,47,355301,310042,22179307,12607960,16100840,10948242,1119889,9824647,4918618,16159451,11114194,1119764,9994430,3072792,6609871,4839920,1092150,3563143,205337,139812,233,16180463,11053398,0.8,0.4,0.1,-2.6,0.5,1.9,-18.1,3.7,-0.3,-0.6,0.9,,,,,,,,,,,,,,,,,,,,,,,,,,,,,,,,,,,,,,,,,,,,,,,,,,,,,,
2025-04,12661783,16140771,11016430,1117879,9898551,2994499,6617183,4904506,1152032,3564107,219835,153653,148,22237220,4288841,1099284,27306,2164,125,365819,312910,22201244,12590305,16082582,10907136,1117789,9784570,4950424,16223984,11109212,1121585,9987627,3113148,6624420,4909450,1155508,3565810,205322,142947,36,16157284,11027838,0.5,0.1,-0.6,-2.6,-0.4,2,-5.4,2.6,-1.7,-1.4,1.2,,,,,,,,,,,,,,,,,,,,,,,,,,,,,,,,,,,,,,,,,,,,,,,,,,,,,,
2025-05,12670430,16141609,10999562,1114052,9885510,3041528,6577780,4928039,1171449,3568702,214008,149605,34,22293623,4327833,1106827,26788,2083,90,379039,309354,22233125,12610287,16099897,10899995,1116851,9785846,4966160,16232577,11095533,1111967,9983566,3144501,6557106,4930061,1163811,3571755,206983,138063,34,16188165,11007906,0.6,0.2,-0.3,-2.4,-0.1,1.7,-6,1.8,1.9,1.3,1.7,,,,,,,,,,,,,,,,,,,,,,,,,,,,,,,,,,,,,,,,,,,,,,,,,,,,,,
2025-06,12681276,16155376,10956687,1109404,9847283,2965103,6584141,4970015,1171353,3578308,228674,141787,33,22334299,4338024,1112751,26664,2168,35,389372,309909,22271165,12633197,16119335,10903353,1116475,9788047,4977869,16249842,11099947,1115006,9984941,3073040,6658396,4933326,1105441,3585647,216569,134728,33,16206702,11036811,0.8,0.4,-0.3,-2.1,-0.1,2.2,-5.6,1.8,2.2,1.5,2.1,,,,,,,,,,,,,,,,,,,,,,,,,,,,,,,,,,,,,,,,,,,,,,,,,,,,,,
2025-07,12696115,16190668,10894655,1112682,9781973,2888374,6642404,5070479,1229778,3594615,225534,145970,33,22408316,4360451,1119185,26642,1822,132,395660,313756,22330038,12659280,16147332,10895652,1115818,9780357,5036106,16243400,10938995,1113062,9825933,2955838,6625507,5078502,1233015,3600820,225903,145861,33,16226804,11001461,1,0.6,-0.7,-1.8,-0.6,3.7,-6.6,1.9,2.5,2.1,3.2,,,,,,,,,,,,,,,,,,,,,,,,,,,,,,,,,,,,,,,,,,,,,,,,,,,,,,
2025-08,12712303,16202081,10882194,1113894,9768300,2883685,6637999,5088027,1241993,3605860,231860,154685,32,22452783,4385209,1126373,26621,1347,108,401555,309489,22400257,12693980,16179175,10896371,1115510,9782199,5056522,16300798,10971621,1116152,9855469,2967740,6656451,5108658,1250726,3613392,220519,150098,31,16264744,10874980,1.3,0.8,-0.7,-1.6,-0.6,4.4,-3.4,2.1,3.3,2.4,3.8,,,,,,,,,,,,,,,,,,,,,,,,,,,,,,,,,,,,,,,,,,,,,,,,,,,,,,
2025-09,12708455,16194256,10838397,1108760,9729637,2864671,6613178,5115145,1259315,3613460,240714,160680,30,22471128,4398477,1136208,27375,1290,40,405913,307569,22464577,12725964,16207697,10895205,1113894,9782813,5087813,16227323,10927905,1106934,9820971,2996900,6596939,5075294,1221474,3614715,224124,152321,30,16301952,11023607,1.5,1,-0.8,-1.5,-0.7,5.1,-2.8,2.3,3.1,2.1,3.5,,,,,,,,,,,,,,,,,,,,,,,,,,,,,,,,,,,,,,,,,,,,,,,,,,,,,,
2025-10,12701975,16184820,10814821,1108277,9706544,2881095,6610387,5133035,1284311,3611479,236964,167029,29,22486029,4400557,1145935,27794,1284,2,409909,315728,22520587,12749808,16227379,10900266,1113051,9788731,5101151,16277990,10916965,1112393,9804572,2973128,6632998,5128534,1287085,3609085,232491,163147,43,16309556,11005783,1.6,1.1,-0.6,-1.4,-0.6,5,-0.6,2.4,2.3,1.5,3,,,,,,,,,,,,,,,,,,,,,,,,,,,,,,,,,,,,,,,,,,,,,,,,,,,,,,
2025-11,12766866,16244145,10850471,1108352,9742119,2922871,6596183,5142185,1295990,3609008,251489,171761,42,22573560,4409844,1154495,27847,1189,167,412750,323123,22579726,12777292,16249950,10905644,1112655,9794660,5116677,16357663,10977403,1112391,9865012,3045329,6592297,5146037,1296738,3609230,234223,152523,42,16336726,10930310,1.7,1.2,-0.6,-1.2,-0.5,5,2.1,2.4,2.6,1.7,3.2,,,,,,,,,,,,,,,,,,,,,,,,,,,,,,,,,,,,,,,,,,,,,,,,,,,,,,
2025-12,12789115,16274455,10908948,1123507,9785441,2876173,6682671,5131292,1280915,3611983,234215,154477,45,22629448,4420231,1164550,27776,1044,315,414429,326648,22635140,12798258,16264430,10910454,1112203,9799419,5129612,16350780,11020383,1142790,9877593,2927274,6742703,5106005,1255839,3614965,224392,148570,45,16337348,11031634,1.7,1.1,-0.6,-1.1,-0.5,4.9,-0.7,2.5,2,1.1,3,,,,,,,,,,,,,,,,,,,,,,,,,,,,,,,,,,,,,,,,,,,,,,,,,,,,,,
2026-01,12790601,16272715,10924942,1122937,9802005,2883381,6704738,5115138,1268381,3611005,232635,160493,50,22655739,4427315,1182870,27550,1329,305,416899,326756,22676882,12796401,16266040,10917208,1111123,9805734,5110422,16312718,10992755,1116820,9875935,2989943,6679475,5096733,1259912,3609446,223230,156915,83,16324375,11023115,1.6,1,-0.4,-1.1,-0.4,4.3,1.2,2.5,-0.2,0.1,2.2,,,,,,,,,,,,,,,,,,,,,,,,,,,,,,,,,,,,,,,,,,,,,,,,,,,,,,
2026-02,12747378,16220831,10867556,1112946,9754610,2876122,6674682,5120221,1290422,3611100,233054,164018,62,22623853,4428565,1201545,27237,1692,302,422060,321621,22733095,12822730,16293723,10907325,1109489,9796063,5134616,16365220,11026957,1117673,9909284,3008627,6698040,5118911,1296284,3614937,219352,153801,36,16383173,11025451,1.7,1.2,-0.5,-1,-0.4,4.6,6.8,2.6,2.5,2.1,3,,,,,,,,,,,,,,,,,,,,,,,,,,,,,,,,,,,,,,,,,,,,,,,,,,,,,,
2026-03,12795094,16251733,10895777,1109716,9786061,2919389,6635179,5128388,1318155,3614132,227568,162468,36,22674529,4426863,1214990,28164,1697,255,429422,321405,22792228,12856293,16325026,10898170,1107442,9784569,5178828,16409916,11137039,1105368,10031671,3098315,6636858,5081062,1280274,3613226,191815,137868,36,16435223,11083377,2,1.4,-0.4,-1.1,-0.3,5.2,6.4,2.8,3.2,2.3,3.2,,,,,,,,,,,,,,,,,,,,,,,,,,,,,,,,,,,,,,,,,,,,,,,,,,,,,,
2026-04,12956190,16409079,11034675,1105629,9929046,3008714,6652436,5153284,1349129,3614967,221120,158824,35,23084976,4656482,1227410,28313,2038,554,436917,324183,23049878,12888663,16357628,10929856,1105677,9817863,5202327,16534238,11162743,1110895,10051848,3156925,6656269,5172184,1363134,3618701,199311,142537,33,16469613,11088417,2.3,1.7,0.2,-1.1,0.3,5.1,0.6,3.8,3.1,2.4,14.4,,,,,,,,,,,,,,,,,,,,,,,,,,,,,,,,,,,,,,,,,,,,,,,,,,,,,,
2026-05,12980932,16424045,11029351,1101813,9927538,,,5176641,,,218053,,,23344569,4885929,1238353,28203,2402,536,444243,320858,23286104,12924507,16387797,10934084,1104730,9833454,5216667,,,,,,,,,,,,,,,2.5,1.7,0.3,-1.1,0.4,5,1.9,4.7,3.4,2.2,13,,,,,,,,,,,,,,,,,,,,,,,,,,,,,,,,,,,,,,,,,,,,,,,,,,,,,,
